#pragma once
/*
    #version:1# (machine generated, don't edit!)

    Generated by sokol-shdc (https://github.com/floooh/sokol-tools)

    Cmdline:
        sokol-shdc -i src/void3d/shader3d.glsl -o src/void3d/shader3d.glsl.h -l metal_macos:metal_ios:metal_sim:glsl300es:wgsl:hlsl5 -f sokol

    Overview:
    =========
    Shader program: 'billboard':
        Get shader desc: billboard_shader_desc(sg_query_backend());
        Vertex Shader: billboardVs
        Fragment Shader: billboardFs
        Attributes:
            ATTR_billboard_corner => 0
            ATTR_billboard_position => 1
            ATTR_billboard_size => 2
            ATTR_billboard_tile => 3
            ATTR_billboard_color => 4
    Shader program: 'copy':
        Get shader desc: copy_shader_desc(sg_query_backend());
        Vertex Shader: fullscreenVs
        Fragment Shader: copyFs
        Attributes:
            ATTR_copy_position => 0
    Shader program: 'lit':
        Get shader desc: lit_shader_desc(sg_query_backend());
        Vertex Shader: litVs
        Fragment Shader: litFs
        Attributes:
            ATTR_lit_position => 0
            ATTR_lit_normal => 1
            ATTR_lit_color => 2
    Shader program: 'particle':
        Get shader desc: particle_shader_desc(sg_query_backend());
        Vertex Shader: particleVs
        Fragment Shader: particleFs
        Attributes:
            ATTR_particle_corner => 0
            ATTR_particle_root => 1
            ATTR_particle_color => 2
    Bindings:
        Uniform block 'vertexParams':
            C struct: vertexParams_t
            Bind slot: UB_vertexParams => 0
        Uniform block 'lightParams':
            C struct: lightParams_t
            Bind slot: UB_lightParams => 1
        Uniform block 'billboardParams':
            C struct: billboardParams_t
            Bind slot: UB_billboardParams => 2
        Uniform block 'modelParams':
            C struct: modelParams_t
            Bind slot: UB_modelParams => 4
        Uniform block 'materialParams':
            C struct: materialParams_t
            Bind slot: UB_materialParams => 3
        Texture 'billboardTexture':
            Image type: SG_IMAGETYPE_2D
            Sample type: SG_IMAGESAMPLETYPE_FLOAT
            Multisampled: false
            Bind slot: VIEW_billboardTexture => 0
        Texture 'sourceTexture':
            Image type: SG_IMAGETYPE_2D
            Sample type: SG_IMAGESAMPLETYPE_FLOAT
            Multisampled: false
            Bind slot: VIEW_sourceTexture => 0
        Sampler 'billboardSampler':
            Type: SG_SAMPLERTYPE_FILTERING
            Bind slot: SMP_billboardSampler => 0
        Sampler 'pointSampler':
            Type: SG_SAMPLERTYPE_FILTERING
            Bind slot: SMP_pointSampler => 0
*/
#if !defined(SOKOL_GFX_INCLUDED)
#error "Please include sokol_gfx.h before shader3d.glsl.h"
#endif
#if !defined(SOKOL_SHDC_ALIGN)
#if defined(_MSC_VER)
#define SOKOL_SHDC_ALIGN(a) __declspec(align(a))
#else
#define SOKOL_SHDC_ALIGN(a) __attribute__((aligned(a)))
#endif
#endif
#define ATTR_billboard_corner (0)
#define ATTR_billboard_position (1)
#define ATTR_billboard_size (2)
#define ATTR_billboard_tile (3)
#define ATTR_billboard_color (4)
#define ATTR_copy_position (0)
#define ATTR_lit_position (0)
#define ATTR_lit_normal (1)
#define ATTR_lit_color (2)
#define ATTR_particle_corner (0)
#define ATTR_particle_root (1)
#define ATTR_particle_color (2)
#define UB_vertexParams (0)
#define UB_lightParams (1)
#define UB_billboardParams (2)
#define UB_modelParams (4)
#define UB_materialParams (3)
#define VIEW_billboardTexture (0)
#define VIEW_sourceTexture (0)
#define SMP_billboardSampler (0)
#define SMP_pointSampler (0)
#pragma pack(push,1)
SOKOL_SHDC_ALIGN(16) typedef struct vertexParams_t {
    float viewProj[16];
    float cameraRight[4];
    float cameraUp[4];
} vertexParams_t;
#pragma pack(pop)
#pragma pack(push,1)
SOKOL_SHDC_ALIGN(16) typedef struct lightParams_t {
    float ambient[4];
    float dirLight[4];
    float dirColor[4];
    float pointLight[4][4];
    float pointColor[4][4];
} lightParams_t;
#pragma pack(pop)
#pragma pack(push,1)
SOKOL_SHDC_ALIGN(16) typedef struct billboardParams_t {
    float billboardColor[4];
    float billboard[4];
} billboardParams_t;
#pragma pack(pop)
#pragma pack(push,1)
SOKOL_SHDC_ALIGN(16) typedef struct modelParams_t {
    float model[16];
    float normalModel[16];
} modelParams_t;
#pragma pack(pop)
#pragma pack(push,1)
SOKOL_SHDC_ALIGN(16) typedef struct materialParams_t {
    float material[4];
} materialParams_t;
#pragma pack(pop)
/*
    #version 300 es

    uniform vec4 modelParams[8];
    uniform vec4 vertexParams[6];
    layout(location = 0) in vec3 position;
    out vec3 worldPosition;
    out vec3 worldNormal;
    layout(location = 1) in vec3 normal;
    out vec4 baseColor;
    layout(location = 2) in vec4 color;

    void main()
    {
        vec4 _28 = mat4(modelParams[0], modelParams[1], modelParams[2], modelParams[3]) * vec4(position, 1.0);
        worldPosition = _28.xyz;
        mat4 _36 = mat4(modelParams[4], modelParams[5], modelParams[6], modelParams[7]);
        worldNormal = mat3(_36[0].xyz, _36[1].xyz, _36[2].xyz) * normal;
        baseColor = color;
        gl_Position = mat4(vertexParams[0], vertexParams[1], vertexParams[2], vertexParams[3]) * _28;
    }

*/
static const uint8_t litVs_source_glsl300es[684] = {
    0x23,0x76,0x65,0x72,0x73,0x69,0x6f,0x6e,0x20,0x33,0x30,0x30,0x20,0x65,0x73,0x0a,
    0x0a,0x75,0x6e,0x69,0x66,0x6f,0x72,0x6d,0x20,0x76,0x65,0x63,0x34,0x20,0x6d,0x6f,
    0x64,0x65,0x6c,0x50,0x61,0x72,0x61,0x6d,0x73,0x5b,0x38,0x5d,0x3b,0x0a,0x75,0x6e,
    0x69,0x66,0x6f,0x72,0x6d,0x20,0x76,0x65,0x63,0x34,0x20,0x76,0x65,0x72,0x74,0x65,
    0x78,0x50,0x61,0x72,0x61,0x6d,0x73,0x5b,0x36,0x5d,0x3b,0x0a,0x6c,0x61,0x79,0x6f,
    0x75,0x74,0x28,0x6c,0x6f,0x63,0x61,0x74,0x69,0x6f,0x6e,0x20,0x3d,0x20,0x30,0x29,
    0x20,0x69,0x6e,0x20,0x76,0x65,0x63,0x33,0x20,0x70,0x6f,0x73,0x69,0x74,0x69,0x6f,
    0x6e,0x3b,0x0a,0x6f,0x75,0x74,0x20,0x76,0x65,0x63,0x33,0x20,0x77,0x6f,0x72,0x6c,
    0x64,0x50,0x6f,0x73,0x69,0x74,0x69,0x6f,0x6e,0x3b,0x0a,0x6f,0x75,0x74,0x20,0x76,
    0x65,0x63,0x33,0x20,0x77,0x6f,0x72,0x6c,0x64,0x4e,0x6f,0x72,0x6d,0x61,0x6c,0x3b,
    0x0a,0x6c,0x61,0x79,0x6f,0x75,0x74,0x28,0x6c,0x6f,0x63,0x61,0x74,0x69,0x6f,0x6e,
    0x20,0x3d,0x20,0x31,0x29,0x20,0x69,0x6e,0x20,0x76,0x65,0x63,0x33,0x20,0x6e,0x6f,
    0x72,0x6d,0x61,0x6c,0x3b,0x0a,0x6f,0x75,0x74,0x20,0x76,0x65,0x63,0x34,0x20,0x62,
    0x61,0x73,0x65,0x43,0x6f,0x6c,0x6f,0x72,0x3b,0x0a,0x6c,0x61,0x79,0x6f,0x75,0x74,
    0x28,0x6c,0x6f,0x63,0x61,0x74,0x69,0x6f,0x6e,0x20,0x3d,0x20,0x32,0x29,0x20,0x69,
    0x6e,0x20,0x76,0x65,0x63,0x34,0x20,0x63,0x6f,0x6c,0x6f,0x72,0x3b,0x0a,0x0a,0x76,
    0x6f,0x69,0x64,0x20,0x6d,0x61,0x69,0x6e,0x28,0x29,0x0a,0x7b,0x0a,0x20,0x20,0x20,
    0x20,0x76,0x65,0x63,0x34,0x20,0x5f,0x32,0x38,0x20,0x3d,0x20,0x6d,0x61,0x74,0x34,
    0x28,0x6d,0x6f,0x64,0x65,0x6c,0x50,0x61,0x72,0x61,0x6d,0x73,0x5b,0x30,0x5d,0x2c,
    0x20,0x6d,0x6f,0x64,0x65,0x6c,0x50,0x61,0x72,0x61,0x6d,0x73,0x5b,0x31,0x5d,0x2c,
    0x20,0x6d,0x6f,0x64,0x65,0x6c,0x50,0x61,0x72,0x61,0x6d,0x73,0x5b,0x32,0x5d,0x2c,
    0x20,0x6d,0x6f,0x64,0x65,0x6c,0x50,0x61,0x72,0x61,0x6d,0x73,0x5b,0x33,0x5d,0x29,
    0x20,0x2a,0x20,0x76,0x65,0x63,0x34,0x28,0x70,0x6f,0x73,0x69,0x74,0x69,0x6f,0x6e,
    0x2c,0x20,0x31,0x2e,0x30,0x29,0x3b,0x0a,0x20,0x20,0x20,0x20,0x77,0x6f,0x72,0x6c,
    0x64,0x50,0x6f,0x73,0x69,0x74,0x69,0x6f,0x6e,0x20,0x3d,0x20,0x5f,0x32,0x38,0x2e,
    0x78,0x79,0x7a,0x3b,0x0a,0x20,0x20,0x20,0x20,0x6d,0x61,0x74,0x34,0x20,0x5f,0x33,
    0x36,0x20,0x3d,0x20,0x6d,0x61,0x74,0x34,0x28,0x6d,0x6f,0x64,0x65,0x6c,0x50,0x61,
    0x72,0x61,0x6d,0x73,0x5b,0x34,0x5d,0x2c,0x20,0x6d,0x6f,0x64,0x65,0x6c,0x50,0x61,
    0x72,0x61,0x6d,0x73,0x5b,0x35,0x5d,0x2c,0x20,0x6d,0x6f,0x64,0x65,0x6c,0x50,0x61,
    0x72,0x61,0x6d,0x73,0x5b,0x36,0x5d,0x2c,0x20,0x6d,0x6f,0x64,0x65,0x6c,0x50,0x61,
    0x72,0x61,0x6d,0x73,0x5b,0x37,0x5d,0x29,0x3b,0x0a,0x20,0x20,0x20,0x20,0x77,0x6f,
    0x72,0x6c,0x64,0x4e,0x6f,0x72,0x6d,0x61,0x6c,0x20,0x3d,0x20,0x6d,0x61,0x74,0x33,
    0x28,0x5f,0x33,0x36,0x5b,0x30,0x5d,0x2e,0x78,0x79,0x7a,0x2c,0x20,0x5f,0x33,0x36,
    0x5b,0x31,0x5d,0x2e,0x78,0x79,0x7a,0x2c,0x20,0x5f,0x33,0x36,0x5b,0x32,0x5d,0x2e,
    0x78,0x79,0x7a,0x29,0x20,0x2a,0x20,0x6e,0x6f,0x72,0x6d,0x61,0x6c,0x3b,0x0a,0x20,
    0x20,0x20,0x20,0x62,0x61,0x73,0x65,0x43,0x6f,0x6c,0x6f,0x72,0x20,0x3d,0x20,0x63,
    0x6f,0x6c,0x6f,0x72,0x3b,0x0a,0x20,0x20,0x20,0x20,0x67,0x6c,0x5f,0x50,0x6f,0x73,
    0x69,0x74,0x69,0x6f,0x6e,0x20,0x3d,0x20,0x6d,0x61,0x74,0x34,0x28,0x76,0x65,0x72,
    0x74,0x65,0x78,0x50,0x61,0x72,0x61,0x6d,0x73,0x5b,0x30,0x5d,0x2c,0x20,0x76,0x65,
    0x72,0x74,0x65,0x78,0x50,0x61,0x72,0x61,0x6d,0x73,0x5b,0x31,0x5d,0x2c,0x20,0x76,
    0x65,0x72,0x74,0x65,0x78,0x50,0x61,0x72,0x61,0x6d,0x73,0x5b,0x32,0x5d,0x2c,0x20,
    0x76,0x65,0x72,0x74,0x65,0x78,0x50,0x61,0x72,0x61,0x6d,0x73,0x5b,0x33,0x5d,0x29,
    0x20,0x2a,0x20,0x5f,0x32,0x38,0x3b,0x0a,0x7d,0x0a,0x0a,0x00,
};
/*
    #version 300 es
    precision mediump float;
    precision highp int;

    uniform highp vec4 lightParams[11];
    uniform highp vec4 materialParams[1];
    in highp vec3 worldNormal;
    in highp vec3 worldPosition;
    layout(location = 0) out highp vec4 fragColor;
    in highp vec4 baseColor;

    highp vec3 pointLightAt(int i, highp vec3 position, highp vec3 normal)
    {
        highp vec3 _39 = lightParams[i * 1 + 3].xyz - position;
        highp float _42 = length(_39);
        highp float _55 = clamp(1.0 - (_42 / lightParams[i * 1 + 7].w), 0.0, 1.0);
        return lightParams[i * 1 + 7].xyz * (((_55 * _55) * max(dot(normal, _39 / vec3(max(_42, 9.9999997473787516355514526367188e-05))), 0.0)) * lightParams[i * 1 + 3].w);
    }

    highp vec3 saturated(highp vec3 rgb, highp float amount)
    {
        if (amount == 0.0)
        {
            return rgb;
        }
        return (rgb * (amount + 1.0)) + vec3(dot(rgb, vec3(0.21267099678516387939453125, 0.71516001224517822265625, 0.072168998420238494873046875)) * (-amount));
    }

    void main()
    {
        highp vec3 _114 = normalize(worldNormal);
        highp vec3 light = lightParams[0].xyz + (lightParams[2].xyz * (max(dot(_114, lightParams[1].xyz), 0.0) * lightParams[1].w));
        for (int i = 0; i < int(lightParams[0].w + 0.5); i++)
        {
            int param = i;
            highp vec3 param_1 = worldPosition;
            highp vec3 param_2 = _114;
            light += pointLightAt(param, param_1, param_2);
        }
        highp vec3 param_3 = baseColor.xyz;
        highp float param_4 = materialParams[0].y;
        fragColor = vec4(saturated(param_3, param_4) * light, baseColor.w);
    }

*/
static const uint8_t litFs_source_glsl300es[1540] = {
    0x23,0x76,0x65,0x72,0x73,0x69,0x6f,0x6e,0x20,0x33,0x30,0x30,0x20,0x65,0x73,0x0a,
    0x70,0x72,0x65,0x63,0x69,0x73,0x69,0x6f,0x6e,0x20,0x6d,0x65,0x64,0x69,0x75,0x6d,
    0x70,0x20,0x66,0x6c,0x6f,0x61,0x74,0x3b,0x0a,0x70,0x72,0x65,0x63,0x69,0x73,0x69,
    0x6f,0x6e,0x20,0x68,0x69,0x67,0x68,0x70,0x20,0x69,0x6e,0x74,0x3b,0x0a,0x0a,0x75,
    0x6e,0x69,0x66,0x6f,0x72,0x6d,0x20,0x68,0x69,0x67,0x68,0x70,0x20,0x76,0x65,0x63,
    0x34,0x20,0x6c,0x69,0x67,0x68,0x74,0x50,0x61,0x72,0x61,0x6d,0x73,0x5b,0x31,0x31,
    0x5d,0x3b,0x0a,0x75,0x6e,0x69,0x66,0x6f,0x72,0x6d,0x20,0x68,0x69,0x67,0x68,0x70,
    0x20,0x76,0x65,0x63,0x34,0x20,0x6d,0x61,0x74,0x65,0x72,0x69,0x61,0x6c,0x50,0x61,
    0x72,0x61,0x6d,0x73,0x5b,0x31,0x5d,0x3b,0x0a,0x69,0x6e,0x20,0x68,0x69,0x67,0x68,
    0x70,0x20,0x76,0x65,0x63,0x33,0x20,0x77,0x6f,0x72,0x6c,0x64,0x4e,0x6f,0x72,0x6d,
    0x61,0x6c,0x3b,0x0a,0x69,0x6e,0x20,0x68,0x69,0x67,0x68,0x70,0x20,0x76,0x65,0x63,
    0x33,0x20,0x77,0x6f,0x72,0x6c,0x64,0x50,0x6f,0x73,0x69,0x74,0x69,0x6f,0x6e,0x3b,
    0x0a,0x6c,0x61,0x79,0x6f,0x75,0x74,0x28,0x6c,0x6f,0x63,0x61,0x74,0x69,0x6f,0x6e,
    0x20,0x3d,0x20,0x30,0x29,0x20,0x6f,0x75,0x74,0x20,0x68,0x69,0x67,0x68,0x70,0x20,
    0x76,0x65,0x63,0x34,0x20,0x66,0x72,0x61,0x67,0x43,0x6f,0x6c,0x6f,0x72,0x3b,0x0a,
    0x69,0x6e,0x20,0x68,0x69,0x67,0x68,0x70,0x20,0x76,0x65,0x63,0x34,0x20,0x62,0x61,
    0x73,0x65,0x43,0x6f,0x6c,0x6f,0x72,0x3b,0x0a,0x0a,0x68,0x69,0x67,0x68,0x70,0x20,
    0x76,0x65,0x63,0x33,0x20,0x70,0x6f,0x69,0x6e,0x74,0x4c,0x69,0x67,0x68,0x74,0x41,
    0x74,0x28,0x69,0x6e,0x74,0x20,0x69,0x2c,0x20,0x68,0x69,0x67,0x68,0x70,0x20,0x76,
    0x65,0x63,0x33,0x20,0x70,0x6f,0x73,0x69,0x74,0x69,0x6f,0x6e,0x2c,0x20,0x68,0x69,
    0x67,0x68,0x70,0x20,0x76,0x65,0x63,0x33,0x20,0x6e,0x6f,0x72,0x6d,0x61,0x6c,0x29,
    0x0a,0x7b,0x0a,0x20,0x20,0x20,0x20,0x68,0x69,0x67,0x68,0x70,0x20,0x76,0x65,0x63,
    0x33,0x20,0x5f,0x33,0x39,0x20,0x3d,0x20,0x6c,0x69,0x67,0x68,0x74,0x50,0x61,0x72,
    0x61,0x6d,0x73,0x5b,0x69,0x20,0x2a,0x20,0x31,0x20,0x2b,0x20,0x33,0x5d,0x2e,0x78,
    0x79,0x7a,0x20,0x2d,0x20,0x70,0x6f,0x73,0x69,0x74,0x69,0x6f,0x6e,0x3b,0x0a,0x20,
    0x20,0x20,0x20,0x68,0x69,0x67,0x68,0x70,0x20,0x66,0x6c,0x6f,0x61,0x74,0x20,0x5f,
    0x34,0x32,0x20,0x3d,0x20,0x6c,0x65,0x6e,0x67,0x74,0x68,0x28,0x5f,0x33,0x39,0x29,
    0x3b,0x0a,0x20,0x20,0x20,0x20,0x68,0x69,0x67,0x68,0x70,0x20,0x66,0x6c,0x6f,0x61,
    0x74,0x20,0x5f,0x35,0x35,0x20,0x3d,0x20,0x63,0x6c,0x61,0x6d,0x70,0x28,0x31,0x2e,
    0x30,0x20,0x2d,0x20,0x28,0x5f,0x34,0x32,0x20,0x2f,0x20,0x6c,0x69,0x67,0x68,0x74,
    0x50,0x61,0x72,0x61,0x6d,0x73,0x5b,0x69,0x20,0x2a,0x20,0x31,0x20,0x2b,0x20,0x37,
    0x5d,0x2e,0x77,0x29,0x2c,0x20,0x30,0x2e,0x30,0x2c,0x20,0x31,0x2e,0x30,0x29,0x3b,
    0x0a,0x20,0x20,0x20,0x20,0x72,0x65,0x74,0x75,0x72,0x6e,0x20,0x6c,0x69,0x67,0x68,
    0x74,0x50,0x61,0x72,0x61,0x6d,0x73,0x5b,0x69,0x20,0x2a,0x20,0x31,0x20,0x2b,0x20,
    0x37,0x5d,0x2e,0x78,0x79,0x7a,0x20,0x2a,0x20,0x28,0x28,0x28,0x5f,0x35,0x35,0x20,
    0x2a,0x20,0x5f,0x35,0x35,0x29,0x20,0x2a,0x20,0x6d,0x61,0x78,0x28,0x64,0x6f,0x74,
    0x28,0x6e,0x6f,0x72,0x6d,0x61,0x6c,0x2c,0x20,0x5f,0x33,0x39,0x20,0x2f,0x20,0x76,
    0x65,0x63,0x33,0x28,0x6d,0x61,0x78,0x28,0x5f,0x34,0x32,0x2c,0x20,0x39,0x2e,0x39,
    0x39,0x39,0x39,0x39,0x39,0x37,0x34,0x37,0x33,0x37,0x38,0x37,0x35,0x31,0x36,0x33,
    0x35,0x35,0x35,0x31,0x34,0x35,0x32,0x36,0x33,0x36,0x37,0x31,0x38,0x38,0x65,0x2d,
    0x30,0x35,0x29,0x29,0x29,0x2c,0x20,0x30,0x2e,0x30,0x29,0x29,0x20,0x2a,0x20,0x6c,
    0x69,0x67,0x68,0x74,0x50,0x61,0x72,0x61,0x6d,0x73,0x5b,0x69,0x20,0x2a,0x20,0x31,
    0x20,0x2b,0x20,0x33,0x5d,0x2e,0x77,0x29,0x3b,0x0a,0x7d,0x0a,0x0a,0x68,0x69,0x67,
    0x68,0x70,0x20,0x76,0x65,0x63,0x33,0x20,0x73,0x61,0x74,0x75,0x72,0x61,0x74,0x65,
    0x64,0x28,0x68,0x69,0x67,0x68,0x70,0x20,0x76,0x65,0x63,0x33,0x20,0x72,0x67,0x62,
    0x2c,0x20,0x68,0x69,0x67,0x68,0x70,0x20,0x66,0x6c,0x6f,0x61,0x74,0x20,0x61,0x6d,
    0x6f,0x75,0x6e,0x74,0x29,0x0a,0x7b,0x0a,0x20,0x20,0x20,0x20,0x69,0x66,0x20,0x28,
    0x61,0x6d,0x6f,0x75,0x6e,0x74,0x20,0x3d,0x3d,0x20,0x30,0x2e,0x30,0x29,0x0a,0x20,
    0x20,0x20,0x20,0x7b,0x0a,0x20,0x20,0x20,0x20,0x20,0x20,0x20,0x20,0x72,0x65,0x74,
    0x75,0x72,0x6e,0x20,0x72,0x67,0x62,0x3b,0x0a,0x20,0x20,0x20,0x20,0x7d,0x0a,0x20,
    0x20,0x20,0x20,0x72,0x65,0x74,0x75,0x72,0x6e,0x20,0x28,0x72,0x67,0x62,0x20,0x2a,
    0x20,0x28,0x61,0x6d,0x6f,0x75,0x6e,0x74,0x20,0x2b,0x20,0x31,0x2e,0x30,0x29,0x29,
    0x20,0x2b,0x20,0x76,0x65,0x63,0x33,0x28,0x64,0x6f,0x74,0x28,0x72,0x67,0x62,0x2c,
    0x20,0x76,0x65,0x63,0x33,0x28,0x30,0x2e,0x32,0x31,0x32,0x36,0x37,0x30,0x39,0x39,
    0x36,0x37,0x38,0x35,0x31,0x36,0x33,0x38,0x37,0x39,0x33,0x39,0x34,0x35,0x33,0x31,
    0x32,0x35,0x2c,0x20,0x30,0x2e,0x37,0x31,0x35,0x31,0x36,0x30,0x30,0x31,0x32,0x32,
    0x34,0x35,0x31,0x37,0x38,0x32,0x32,0x32,0x36,0x35,0x36,0x32,0x35,0x2c,0x20,0x30,
    0x2e,0x30,0x37,0x32,0x31,0x36,0x38,0x39,0x39,0x38,0x34,0x32,0x30,0x32,0x33,0x38,
    0x34,0x39,0x34,0x38,0x37,0x33,0x30,0x34,0x36,0x38,0x37,0x35,0x29,0x29,0x20,0x2a,
    0x20,0x28,0x2d,0x61,0x6d,0x6f,0x75,0x6e,0x74,0x29,0x29,0x3b,0x0a,0x7d,0x0a,0x0a,
    0x76,0x6f,0x69,0x64,0x20,0x6d,0x61,0x69,0x6e,0x28,0x29,0x0a,0x7b,0x0a,0x20,0x20,
    0x20,0x20,0x68,0x69,0x67,0x68,0x70,0x20,0x76,0x65,0x63,0x33,0x20,0x5f,0x31,0x31,
    0x34,0x20,0x3d,0x20,0x6e,0x6f,0x72,0x6d,0x61,0x6c,0x69,0x7a,0x65,0x28,0x77,0x6f,
    0x72,0x6c,0x64,0x4e,0x6f,0x72,0x6d,0x61,0x6c,0x29,0x3b,0x0a,0x20,0x20,0x20,0x20,
    0x68,0x69,0x67,0x68,0x70,0x20,0x76,0x65,0x63,0x33,0x20,0x6c,0x69,0x67,0x68,0x74,
    0x20,0x3d,0x20,0x6c,0x69,0x67,0x68,0x74,0x50,0x61,0x72,0x61,0x6d,0x73,0x5b,0x30,
    0x5d,0x2e,0x78,0x79,0x7a,0x20,0x2b,0x20,0x28,0x6c,0x69,0x67,0x68,0x74,0x50,0x61,
    0x72,0x61,0x6d,0x73,0x5b,0x32,0x5d,0x2e,0x78,0x79,0x7a,0x20,0x2a,0x20,0x28,0x6d,
    0x61,0x78,0x28,0x64,0x6f,0x74,0x28,0x5f,0x31,0x31,0x34,0x2c,0x20,0x6c,0x69,0x67,
    0x68,0x74,0x50,0x61,0x72,0x61,0x6d,0x73,0x5b,0x31,0x5d,0x2e,0x78,0x79,0x7a,0x29,
    0x2c,0x20,0x30,0x2e,0x30,0x29,0x20,0x2a,0x20,0x6c,0x69,0x67,0x68,0x74,0x50,0x61,
    0x72,0x61,0x6d,0x73,0x5b,0x31,0x5d,0x2e,0x77,0x29,0x29,0x3b,0x0a,0x20,0x20,0x20,
    0x20,0x66,0x6f,0x72,0x20,0x28,0x69,0x6e,0x74,0x20,0x69,0x20,0x3d,0x20,0x30,0x3b,
    0x20,0x69,0x20,0x3c,0x20,0x69,0x6e,0x74,0x28,0x6c,0x69,0x67,0x68,0x74,0x50,0x61,
    0x72,0x61,0x6d,0x73,0x5b,0x30,0x5d,0x2e,0x77,0x20,0x2b,0x20,0x30,0x2e,0x35,0x29,
    0x3b,0x20,0x69,0x2b,0x2b,0x29,0x0a,0x20,0x20,0x20,0x20,0x7b,0x0a,0x20,0x20,0x20,
    0x20,0x20,0x20,0x20,0x20,0x69,0x6e,0x74,0x20,0x70,0x61,0x72,0x61,0x6d,0x20,0x3d,
    0x20,0x69,0x3b,0x0a,0x20,0x20,0x20,0x20,0x20,0x20,0x20,0x20,0x68,0x69,0x67,0x68,
    0x70,0x20,0x76,0x65,0x63,0x33,0x20,0x70,0x61,0x72,0x61,0x6d,0x5f,0x31,0x20,0x3d,
    0x20,0x77,0x6f,0x72,0x6c,0x64,0x50,0x6f,0x73,0x69,0x74,0x69,0x6f,0x6e,0x3b,0x0a,
    0x20,0x20,0x20,0x20,0x20,0x20,0x20,0x20,0x68,0x69,0x67,0x68,0x70,0x20,0x76,0x65,
    0x63,0x33,0x20,0x70,0x61,0x72,0x61,0x6d,0x5f,0x32,0x20,0x3d,0x20,0x5f,0x31,0x31,
    0x34,0x3b,0x0a,0x20,0x20,0x20,0x20,0x20,0x20,0x20,0x20,0x6c,0x69,0x67,0x68,0x74,
    0x20,0x2b,0x3d,0x20,0x70,0x6f,0x69,0x6e,0x74,0x4c,0x69,0x67,0x68,0x74,0x41,0x74,
    0x28,0x70,0x61,0x72,0x61,0x6d,0x2c,0x20,0x70,0x61,0x72,0x61,0x6d,0x5f,0x31,0x2c,
    0x20,0x70,0x61,0x72,0x61,0x6d,0x5f,0x32,0x29,0x3b,0x0a,0x20,0x20,0x20,0x20,0x7d,
    0x0a,0x20,0x20,0x20,0x20,0x68,0x69,0x67,0x68,0x70,0x20,0x76,0x65,0x63,0x33,0x20,
    0x70,0x61,0x72,0x61,0x6d,0x5f,0x33,0x20,0x3d,0x20,0x62,0x61,0x73,0x65,0x43,0x6f,
    0x6c,0x6f,0x72,0x2e,0x78,0x79,0x7a,0x3b,0x0a,0x20,0x20,0x20,0x20,0x68,0x69,0x67,
    0x68,0x70,0x20,0x66,0x6c,0x6f,0x61,0x74,0x20,0x70,0x61,0x72,0x61,0x6d,0x5f,0x34,
    0x20,0x3d,0x20,0x6d,0x61,0x74,0x65,0x72,0x69,0x61,0x6c,0x50,0x61,0x72,0x61,0x6d,
    0x73,0x5b,0x30,0x5d,0x2e,0x79,0x3b,0x0a,0x20,0x20,0x20,0x20,0x66,0x72,0x61,0x67,
    0x43,0x6f,0x6c,0x6f,0x72,0x20,0x3d,0x20,0x76,0x65,0x63,0x34,0x28,0x73,0x61,0x74,
    0x75,0x72,0x61,0x74,0x65,0x64,0x28,0x70,0x61,0x72,0x61,0x6d,0x5f,0x33,0x2c,0x20,
    0x70,0x61,0x72,0x61,0x6d,0x5f,0x34,0x29,0x20,0x2a,0x20,0x6c,0x69,0x67,0x68,0x74,
    0x2c,0x20,0x62,0x61,0x73,0x65,0x43,0x6f,0x6c,0x6f,0x72,0x2e,0x77,0x29,0x3b,0x0a,
    0x7d,0x0a,0x0a,0x00,
};
/*
    #version 300 es

    uniform vec4 vertexParams[6];
    layout(location = 1) in vec4 root;
    layout(location = 0) in vec2 corner;
    out vec4 particleColor;
    layout(location = 2) in vec4 color;

    void main()
    {
        gl_Position = mat4(vertexParams[0], vertexParams[1], vertexParams[2], vertexParams[3]) * vec4((root.xyz + (vertexParams[4].xyz * (corner.x * root.w))) + (vertexParams[5].xyz * (corner.y * root.w)), 1.0);
        particleColor = color;
    }

*/
static const uint8_t particleVs_source_glsl300es[433] = {
    0x23,0x76,0x65,0x72,0x73,0x69,0x6f,0x6e,0x20,0x33,0x30,0x30,0x20,0x65,0x73,0x0a,
    0x0a,0x75,0x6e,0x69,0x66,0x6f,0x72,0x6d,0x20,0x76,0x65,0x63,0x34,0x20,0x76,0x65,
    0x72,0x74,0x65,0x78,0x50,0x61,0x72,0x61,0x6d,0x73,0x5b,0x36,0x5d,0x3b,0x0a,0x6c,
    0x61,0x79,0x6f,0x75,0x74,0x28,0x6c,0x6f,0x63,0x61,0x74,0x69,0x6f,0x6e,0x20,0x3d,
    0x20,0x31,0x29,0x20,0x69,0x6e,0x20,0x76,0x65,0x63,0x34,0x20,0x72,0x6f,0x6f,0x74,
    0x3b,0x0a,0x6c,0x61,0x79,0x6f,0x75,0x74,0x28,0x6c,0x6f,0x63,0x61,0x74,0x69,0x6f,
    0x6e,0x20,0x3d,0x20,0x30,0x29,0x20,0x69,0x6e,0x20,0x76,0x65,0x63,0x32,0x20,0x63,
    0x6f,0x72,0x6e,0x65,0x72,0x3b,0x0a,0x6f,0x75,0x74,0x20,0x76,0x65,0x63,0x34,0x20,
    0x70,0x61,0x72,0x74,0x69,0x63,0x6c,0x65,0x43,0x6f,0x6c,0x6f,0x72,0x3b,0x0a,0x6c,
    0x61,0x79,0x6f,0x75,0x74,0x28,0x6c,0x6f,0x63,0x61,0x74,0x69,0x6f,0x6e,0x20,0x3d,
    0x20,0x32,0x29,0x20,0x69,0x6e,0x20,0x76,0x65,0x63,0x34,0x20,0x63,0x6f,0x6c,0x6f,
    0x72,0x3b,0x0a,0x0a,0x76,0x6f,0x69,0x64,0x20,0x6d,0x61,0x69,0x6e,0x28,0x29,0x0a,
    0x7b,0x0a,0x20,0x20,0x20,0x20,0x67,0x6c,0x5f,0x50,0x6f,0x73,0x69,0x74,0x69,0x6f,
    0x6e,0x20,0x3d,0x20,0x6d,0x61,0x74,0x34,0x28,0x76,0x65,0x72,0x74,0x65,0x78,0x50,
    0x61,0x72,0x61,0x6d,0x73,0x5b,0x30,0x5d,0x2c,0x20,0x76,0x65,0x72,0x74,0x65,0x78,
    0x50,0x61,0x72,0x61,0x6d,0x73,0x5b,0x31,0x5d,0x2c,0x20,0x76,0x65,0x72,0x74,0x65,
    0x78,0x50,0x61,0x72,0x61,0x6d,0x73,0x5b,0x32,0x5d,0x2c,0x20,0x76,0x65,0x72,0x74,
    0x65,0x78,0x50,0x61,0x72,0x61,0x6d,0x73,0x5b,0x33,0x5d,0x29,0x20,0x2a,0x20,0x76,
    0x65,0x63,0x34,0x28,0x28,0x72,0x6f,0x6f,0x74,0x2e,0x78,0x79,0x7a,0x20,0x2b,0x20,
    0x28,0x76,0x65,0x72,0x74,0x65,0x78,0x50,0x61,0x72,0x61,0x6d,0x73,0x5b,0x34,0x5d,
    0x2e,0x78,0x79,0x7a,0x20,0x2a,0x20,0x28,0x63,0x6f,0x72,0x6e,0x65,0x72,0x2e,0x78,
    0x20,0x2a,0x20,0x72,0x6f,0x6f,0x74,0x2e,0x77,0x29,0x29,0x29,0x20,0x2b,0x20,0x28,
    0x76,0x65,0x72,0x74,0x65,0x78,0x50,0x61,0x72,0x61,0x6d,0x73,0x5b,0x35,0x5d,0x2e,
    0x78,0x79,0x7a,0x20,0x2a,0x20,0x28,0x63,0x6f,0x72,0x6e,0x65,0x72,0x2e,0x79,0x20,
    0x2a,0x20,0x72,0x6f,0x6f,0x74,0x2e,0x77,0x29,0x29,0x2c,0x20,0x31,0x2e,0x30,0x29,
    0x3b,0x0a,0x20,0x20,0x20,0x20,0x70,0x61,0x72,0x74,0x69,0x63,0x6c,0x65,0x43,0x6f,
    0x6c,0x6f,0x72,0x20,0x3d,0x20,0x63,0x6f,0x6c,0x6f,0x72,0x3b,0x0a,0x7d,0x0a,0x0a,
    0x00,
};
/*
    #version 300 es
    precision mediump float;
    precision highp int;

    in highp vec4 particleColor;
    layout(location = 0) out highp vec4 fragColor;

    void main()
    {
        if (particleColor.w < 0.5)
        {
            discard;
        }
        fragColor = particleColor;
    }

*/
static const uint8_t particleFs_source_glsl300es[249] = {
    0x23,0x76,0x65,0x72,0x73,0x69,0x6f,0x6e,0x20,0x33,0x30,0x30,0x20,0x65,0x73,0x0a,
    0x70,0x72,0x65,0x63,0x69,0x73,0x69,0x6f,0x6e,0x20,0x6d,0x65,0x64,0x69,0x75,0x6d,
    0x70,0x20,0x66,0x6c,0x6f,0x61,0x74,0x3b,0x0a,0x70,0x72,0x65,0x63,0x69,0x73,0x69,
    0x6f,0x6e,0x20,0x68,0x69,0x67,0x68,0x70,0x20,0x69,0x6e,0x74,0x3b,0x0a,0x0a,0x69,
    0x6e,0x20,0x68,0x69,0x67,0x68,0x70,0x20,0x76,0x65,0x63,0x34,0x20,0x70,0x61,0x72,
    0x74,0x69,0x63,0x6c,0x65,0x43,0x6f,0x6c,0x6f,0x72,0x3b,0x0a,0x6c,0x61,0x79,0x6f,
    0x75,0x74,0x28,0x6c,0x6f,0x63,0x61,0x74,0x69,0x6f,0x6e,0x20,0x3d,0x20,0x30,0x29,
    0x20,0x6f,0x75,0x74,0x20,0x68,0x69,0x67,0x68,0x70,0x20,0x76,0x65,0x63,0x34,0x20,
    0x66,0x72,0x61,0x67,0x43,0x6f,0x6c,0x6f,0x72,0x3b,0x0a,0x0a,0x76,0x6f,0x69,0x64,
    0x20,0x6d,0x61,0x69,0x6e,0x28,0x29,0x0a,0x7b,0x0a,0x20,0x20,0x20,0x20,0x69,0x66,
    0x20,0x28,0x70,0x61,0x72,0x74,0x69,0x63,0x6c,0x65,0x43,0x6f,0x6c,0x6f,0x72,0x2e,
    0x77,0x20,0x3c,0x20,0x30,0x2e,0x35,0x29,0x0a,0x20,0x20,0x20,0x20,0x7b,0x0a,0x20,
    0x20,0x20,0x20,0x20,0x20,0x20,0x20,0x64,0x69,0x73,0x63,0x61,0x72,0x64,0x3b,0x0a,
    0x20,0x20,0x20,0x20,0x7d,0x0a,0x20,0x20,0x20,0x20,0x66,0x72,0x61,0x67,0x43,0x6f,
    0x6c,0x6f,0x72,0x20,0x3d,0x20,0x70,0x61,0x72,0x74,0x69,0x63,0x6c,0x65,0x43,0x6f,
    0x6c,0x6f,0x72,0x3b,0x0a,0x7d,0x0a,0x0a,0x00,
};
/*
    #version 300 es

    uniform vec4 vertexParams[6];
    layout(location = 1) in vec3 position;
    layout(location = 0) in vec2 corner;
    layout(location = 2) in vec2 size;
    out vec3 worldPosition;
    out vec3 towardCamera;
    out vec2 uv;
    layout(location = 3) in vec4 tile;
    out vec4 instanceColor;
    layout(location = 4) in vec4 color;

    void main()
    {
        vec3 _49 = (position + (vertexParams[4].xyz * (corner.x * size.x))) + (vertexParams[5].xyz * (corner.y * size.y));
        worldPosition = _49;
        towardCamera = cross(vertexParams[4].xyz, vertexParams[5].xyz);
        gl_Position = mat4(vertexParams[0], vertexParams[1], vertexParams[2], vertexParams[3]) * vec4(_49, 1.0);
        float _86;
        if (corner.x > 0.0)
        {
            _86 = tile.z;
        }
        else
        {
            _86 = tile.x;
        }
        float _101;
        if (corner.y > 0.0)
        {
            _101 = tile.y;
        }
        else
        {
            _101 = tile.w;
        }
        uv = vec2(_86, _101);
        instanceColor = color;
    }

*/
static const uint8_t billboardVs_source_glsl300es[941] = {
    0x23,0x76,0x65,0x72,0x73,0x69,0x6f,0x6e,0x20,0x33,0x30,0x30,0x20,0x65,0x73,0x0a,
    0x0a,0x75,0x6e,0x69,0x66,0x6f,0x72,0x6d,0x20,0x76,0x65,0x63,0x34,0x20,0x76,0x65,
    0x72,0x74,0x65,0x78,0x50,0x61,0x72,0x61,0x6d,0x73,0x5b,0x36,0x5d,0x3b,0x0a,0x6c,
    0x61,0x79,0x6f,0x75,0x74,0x28,0x6c,0x6f,0x63,0x61,0x74,0x69,0x6f,0x6e,0x20,0x3d,
    0x20,0x31,0x29,0x20,0x69,0x6e,0x20,0x76,0x65,0x63,0x33,0x20,0x70,0x6f,0x73,0x69,
    0x74,0x69,0x6f,0x6e,0x3b,0x0a,0x6c,0x61,0x79,0x6f,0x75,0x74,0x28,0x6c,0x6f,0x63,
    0x61,0x74,0x69,0x6f,0x6e,0x20,0x3d,0x20,0x30,0x29,0x20,0x69,0x6e,0x20,0x76,0x65,
    0x63,0x32,0x20,0x63,0x6f,0x72,0x6e,0x65,0x72,0x3b,0x0a,0x6c,0x61,0x79,0x6f,0x75,
    0x74,0x28,0x6c,0x6f,0x63,0x61,0x74,0x69,0x6f,0x6e,0x20,0x3d,0x20,0x32,0x29,0x20,
    0x69,0x6e,0x20,0x76,0x65,0x63,0x32,0x20,0x73,0x69,0x7a,0x65,0x3b,0x0a,0x6f,0x75,
    0x74,0x20,0x76,0x65,0x63,0x33,0x20,0x77,0x6f,0x72,0x6c,0x64,0x50,0x6f,0x73,0x69,
    0x74,0x69,0x6f,0x6e,0x3b,0x0a,0x6f,0x75,0x74,0x20,0x76,0x65,0x63,0x33,0x20,0x74,
    0x6f,0x77,0x61,0x72,0x64,0x43,0x61,0x6d,0x65,0x72,0x61,0x3b,0x0a,0x6f,0x75,0x74,
    0x20,0x76,0x65,0x63,0x32,0x20,0x75,0x76,0x3b,0x0a,0x6c,0x61,0x79,0x6f,0x75,0x74,
    0x28,0x6c,0x6f,0x63,0x61,0x74,0x69,0x6f,0x6e,0x20,0x3d,0x20,0x33,0x29,0x20,0x69,
    0x6e,0x20,0x76,0x65,0x63,0x34,0x20,0x74,0x69,0x6c,0x65,0x3b,0x0a,0x6f,0x75,0x74,
    0x20,0x76,0x65,0x63,0x34,0x20,0x69,0x6e,0x73,0x74,0x61,0x6e,0x63,0x65,0x43,0x6f,
    0x6c,0x6f,0x72,0x3b,0x0a,0x6c,0x61,0x79,0x6f,0x75,0x74,0x28,0x6c,0x6f,0x63,0x61,
    0x74,0x69,0x6f,0x6e,0x20,0x3d,0x20,0x34,0x29,0x20,0x69,0x6e,0x20,0x76,0x65,0x63,
    0x34,0x20,0x63,0x6f,0x6c,0x6f,0x72,0x3b,0x0a,0x0a,0x76,0x6f,0x69,0x64,0x20,0x6d,
    0x61,0x69,0x6e,0x28,0x29,0x0a,0x7b,0x0a,0x20,0x20,0x20,0x20,0x76,0x65,0x63,0x33,
    0x20,0x5f,0x34,0x39,0x20,0x3d,0x20,0x28,0x70,0x6f,0x73,0x69,0x74,0x69,0x6f,0x6e,
    0x20,0x2b,0x20,0x28,0x76,0x65,0x72,0x74,0x65,0x78,0x50,0x61,0x72,0x61,0x6d,0x73,
    0x5b,0x34,0x5d,0x2e,0x78,0x79,0x7a,0x20,0x2a,0x20,0x28,0x63,0x6f,0x72,0x6e,0x65,
    0x72,0x2e,0x78,0x20,0x2a,0x20,0x73,0x69,0x7a,0x65,0x2e,0x78,0x29,0x29,0x29,0x20,
    0x2b,0x20,0x28,0x76,0x65,0x72,0x74,0x65,0x78,0x50,0x61,0x72,0x61,0x6d,0x73,0x5b,
    0x35,0x5d,0x2e,0x78,0x79,0x7a,0x20,0x2a,0x20,0x28,0x63,0x6f,0x72,0x6e,0x65,0x72,
    0x2e,0x79,0x20,0x2a,0x20,0x73,0x69,0x7a,0x65,0x2e,0x79,0x29,0x29,0x3b,0x0a,0x20,
    0x20,0x20,0x20,0x77,0x6f,0x72,0x6c,0x64,0x50,0x6f,0x73,0x69,0x74,0x69,0x6f,0x6e,
    0x20,0x3d,0x20,0x5f,0x34,0x39,0x3b,0x0a,0x20,0x20,0x20,0x20,0x74,0x6f,0x77,0x61,
    0x72,0x64,0x43,0x61,0x6d,0x65,0x72,0x61,0x20,0x3d,0x20,0x63,0x72,0x6f,0x73,0x73,
    0x28,0x76,0x65,0x72,0x74,0x65,0x78,0x50,0x61,0x72,0x61,0x6d,0x73,0x5b,0x34,0x5d,
    0x2e,0x78,0x79,0x7a,0x2c,0x20,0x76,0x65,0x72,0x74,0x65,0x78,0x50,0x61,0x72,0x61,
    0x6d,0x73,0x5b,0x35,0x5d,0x2e,0x78,0x79,0x7a,0x29,0x3b,0x0a,0x20,0x20,0x20,0x20,
    0x67,0x6c,0x5f,0x50,0x6f,0x73,0x69,0x74,0x69,0x6f,0x6e,0x20,0x3d,0x20,0x6d,0x61,
    0x74,0x34,0x28,0x76,0x65,0x72,0x74,0x65,0x78,0x50,0x61,0x72,0x61,0x6d,0x73,0x5b,
    0x30,0x5d,0x2c,0x20,0x76,0x65,0x72,0x74,0x65,0x78,0x50,0x61,0x72,0x61,0x6d,0x73,
    0x5b,0x31,0x5d,0x2c,0x20,0x76,0x65,0x72,0x74,0x65,0x78,0x50,0x61,0x72,0x61,0x6d,
    0x73,0x5b,0x32,0x5d,0x2c,0x20,0x76,0x65,0x72,0x74,0x65,0x78,0x50,0x61,0x72,0x61,
    0x6d,0x73,0x5b,0x33,0x5d,0x29,0x20,0x2a,0x20,0x76,0x65,0x63,0x34,0x28,0x5f,0x34,
    0x39,0x2c,0x20,0x31,0x2e,0x30,0x29,0x3b,0x0a,0x20,0x20,0x20,0x20,0x66,0x6c,0x6f,
    0x61,0x74,0x20,0x5f,0x38,0x36,0x3b,0x0a,0x20,0x20,0x20,0x20,0x69,0x66,0x20,0x28,
    0x63,0x6f,0x72,0x6e,0x65,0x72,0x2e,0x78,0x20,0x3e,0x20,0x30,0x2e,0x30,0x29,0x0a,
    0x20,0x20,0x20,0x20,0x7b,0x0a,0x20,0x20,0x20,0x20,0x20,0x20,0x20,0x20,0x5f,0x38,
    0x36,0x20,0x3d,0x20,0x74,0x69,0x6c,0x65,0x2e,0x7a,0x3b,0x0a,0x20,0x20,0x20,0x20,
    0x7d,0x0a,0x20,0x20,0x20,0x20,0x65,0x6c,0x73,0x65,0x0a,0x20,0x20,0x20,0x20,0x7b,
    0x0a,0x20,0x20,0x20,0x20,0x20,0x20,0x20,0x20,0x5f,0x38,0x36,0x20,0x3d,0x20,0x74,
    0x69,0x6c,0x65,0x2e,0x78,0x3b,0x0a,0x20,0x20,0x20,0x20,0x7d,0x0a,0x20,0x20,0x20,
    0x20,0x66,0x6c,0x6f,0x61,0x74,0x20,0x5f,0x31,0x30,0x31,0x3b,0x0a,0x20,0x20,0x20,
    0x20,0x69,0x66,0x20,0x28,0x63,0x6f,0x72,0x6e,0x65,0x72,0x2e,0x79,0x20,0x3e,0x20,
    0x30,0x2e,0x30,0x29,0x0a,0x20,0x20,0x20,0x20,0x7b,0x0a,0x20,0x20,0x20,0x20,0x20,
    0x20,0x20,0x20,0x5f,0x31,0x30,0x31,0x20,0x3d,0x20,0x74,0x69,0x6c,0x65,0x2e,0x79,
    0x3b,0x0a,0x20,0x20,0x20,0x20,0x7d,0x0a,0x20,0x20,0x20,0x20,0x65,0x6c,0x73,0x65,
    0x0a,0x20,0x20,0x20,0x20,0x7b,0x0a,0x20,0x20,0x20,0x20,0x20,0x20,0x20,0x20,0x5f,
    0x31,0x30,0x31,0x20,0x3d,0x20,0x74,0x69,0x6c,0x65,0x2e,0x77,0x3b,0x0a,0x20,0x20,
    0x20,0x20,0x7d,0x0a,0x20,0x20,0x20,0x20,0x75,0x76,0x20,0x3d,0x20,0x76,0x65,0x63,
    0x32,0x28,0x5f,0x38,0x36,0x2c,0x20,0x5f,0x31,0x30,0x31,0x29,0x3b,0x0a,0x20,0x20,
    0x20,0x20,0x69,0x6e,0x73,0x74,0x61,0x6e,0x63,0x65,0x43,0x6f,0x6c,0x6f,0x72,0x20,
    0x3d,0x20,0x63,0x6f,0x6c,0x6f,0x72,0x3b,0x0a,0x7d,0x0a,0x0a,0x00,
};
/*
    #version 300 es
    precision mediump float;
    precision highp int;

    uniform highp vec4 lightParams[11];
    uniform highp vec4 billboardParams[2];
    uniform highp sampler2D billboardTexture_billboardSampler;

    in highp vec2 uv;
    in highp vec4 instanceColor;
    in highp vec3 towardCamera;
    in highp vec3 worldPosition;
    layout(location = 0) out highp vec4 fragColor;

    highp vec3 pointLightAt(int i, highp vec3 position, highp vec3 normal)
    {
        highp vec3 _33 = lightParams[i * 1 + 3].xyz - position;
        highp float _37 = length(_33);
        highp float _50 = clamp(1.0 - (_37 / lightParams[i * 1 + 7].w), 0.0, 1.0);
        return lightParams[i * 1 + 7].xyz * (((_50 * _50) * max(dot(normal, _33 / vec3(max(_37, 9.9999997473787516355514526367188e-05))), 0.0)) * lightParams[i * 1 + 3].w);
    }

    void main()
    {
        highp vec4 _106 = (billboardParams[0] * texture(billboardTexture_billboardSampler, uv)) * instanceColor;
        highp vec4 pixel = _106;
        if (_106.w < 0.5)
        {
            discard;
        }
        if (billboardParams[1].y != 0.0)
        {
            highp vec3 _126 = normalize(towardCamera);
            highp vec3 light = lightParams[0].xyz + (lightParams[2].xyz * (max(dot(_126, lightParams[1].xyz), 0.0) * lightParams[1].w));
            for (int i = 0; i < int(lightParams[0].w + 0.5); i++)
            {
                int param = i;
                highp vec3 param_1 = worldPosition;
                highp vec3 param_2 = _126;
                light += pointLightAt(param, param_1, param_2);
            }
            highp vec4 _173 = pixel;
            highp vec3 _175 = _173.xyz * light;
            highp vec4 _189 = _173;
            _189.x = _175.x;
            _189.y = _175.y;
            _189.z = _175.z;
            pixel = _189;
        }
        fragColor = pixel;
    }

*/
static const uint8_t billboardFs_source_glsl300es[1694] = {
    0x23,0x76,0x65,0x72,0x73,0x69,0x6f,0x6e,0x20,0x33,0x30,0x30,0x20,0x65,0x73,0x0a,
    0x70,0x72,0x65,0x63,0x69,0x73,0x69,0x6f,0x6e,0x20,0x6d,0x65,0x64,0x69,0x75,0x6d,
    0x70,0x20,0x66,0x6c,0x6f,0x61,0x74,0x3b,0x0a,0x70,0x72,0x65,0x63,0x69,0x73,0x69,
    0x6f,0x6e,0x20,0x68,0x69,0x67,0x68,0x70,0x20,0x69,0x6e,0x74,0x3b,0x0a,0x0a,0x75,
    0x6e,0x69,0x66,0x6f,0x72,0x6d,0x20,0x68,0x69,0x67,0x68,0x70,0x20,0x76,0x65,0x63,
    0x34,0x20,0x6c,0x69,0x67,0x68,0x74,0x50,0x61,0x72,0x61,0x6d,0x73,0x5b,0x31,0x31,
    0x5d,0x3b,0x0a,0x75,0x6e,0x69,0x66,0x6f,0x72,0x6d,0x20,0x68,0x69,0x67,0x68,0x70,
    0x20,0x76,0x65,0x63,0x34,0x20,0x62,0x69,0x6c,0x6c,0x62,0x6f,0x61,0x72,0x64,0x50,
    0x61,0x72,0x61,0x6d,0x73,0x5b,0x32,0x5d,0x3b,0x0a,0x75,0x6e,0x69,0x66,0x6f,0x72,
    0x6d,0x20,0x68,0x69,0x67,0x68,0x70,0x20,0x73,0x61,0x6d,0x70,0x6c,0x65,0x72,0x32,
    0x44,0x20,0x62,0x69,0x6c,0x6c,0x62,0x6f,0x61,0x72,0x64,0x54,0x65,0x78,0x74,0x75,
    0x72,0x65,0x5f,0x62,0x69,0x6c,0x6c,0x62,0x6f,0x61,0x72,0x64,0x53,0x61,0x6d,0x70,
    0x6c,0x65,0x72,0x3b,0x0a,0x0a,0x69,0x6e,0x20,0x68,0x69,0x67,0x68,0x70,0x20,0x76,
    0x65,0x63,0x32,0x20,0x75,0x76,0x3b,0x0a,0x69,0x6e,0x20,0x68,0x69,0x67,0x68,0x70,
    0x20,0x76,0x65,0x63,0x34,0x20,0x69,0x6e,0x73,0x74,0x61,0x6e,0x63,0x65,0x43,0x6f,
    0x6c,0x6f,0x72,0x3b,0x0a,0x69,0x6e,0x20,0x68,0x69,0x67,0x68,0x70,0x20,0x76,0x65,
    0x63,0x33,0x20,0x74,0x6f,0x77,0x61,0x72,0x64,0x43,0x61,0x6d,0x65,0x72,0x61,0x3b,
    0x0a,0x69,0x6e,0x20,0x68,0x69,0x67,0x68,0x70,0x20,0x76,0x65,0x63,0x33,0x20,0x77,
    0x6f,0x72,0x6c,0x64,0x50,0x6f,0x73,0x69,0x74,0x69,0x6f,0x6e,0x3b,0x0a,0x6c,0x61,
    0x79,0x6f,0x75,0x74,0x28,0x6c,0x6f,0x63,0x61,0x74,0x69,0x6f,0x6e,0x20,0x3d,0x20,
    0x30,0x29,0x20,0x6f,0x75,0x74,0x20,0x68,0x69,0x67,0x68,0x70,0x20,0x76,0x65,0x63,
    0x34,0x20,0x66,0x72,0x61,0x67,0x43,0x6f,0x6c,0x6f,0x72,0x3b,0x0a,0x0a,0x68,0x69,
    0x67,0x68,0x70,0x20,0x76,0x65,0x63,0x33,0x20,0x70,0x6f,0x69,0x6e,0x74,0x4c,0x69,
    0x67,0x68,0x74,0x41,0x74,0x28,0x69,0x6e,0x74,0x20,0x69,0x2c,0x20,0x68,0x69,0x67,
    0x68,0x70,0x20,0x76,0x65,0x63,0x33,0x20,0x70,0x6f,0x73,0x69,0x74,0x69,0x6f,0x6e,
    0x2c,0x20,0x68,0x69,0x67,0x68,0x70,0x20,0x76,0x65,0x63,0x33,0x20,0x6e,0x6f,0x72,
    0x6d,0x61,0x6c,0x29,0x0a,0x7b,0x0a,0x20,0x20,0x20,0x20,0x68,0x69,0x67,0x68,0x70,
    0x20,0x76,0x65,0x63,0x33,0x20,0x5f,0x33,0x33,0x20,0x3d,0x20,0x6c,0x69,0x67,0x68,
    0x74,0x50,0x61,0x72,0x61,0x6d,0x73,0x5b,0x69,0x20,0x2a,0x20,0x31,0x20,0x2b,0x20,
    0x33,0x5d,0x2e,0x78,0x79,0x7a,0x20,0x2d,0x20,0x70,0x6f,0x73,0x69,0x74,0x69,0x6f,
    0x6e,0x3b,0x0a,0x20,0x20,0x20,0x20,0x68,0x69,0x67,0x68,0x70,0x20,0x66,0x6c,0x6f,
    0x61,0x74,0x20,0x5f,0x33,0x37,0x20,0x3d,0x20,0x6c,0x65,0x6e,0x67,0x74,0x68,0x28,
    0x5f,0x33,0x33,0x29,0x3b,0x0a,0x20,0x20,0x20,0x20,0x68,0x69,0x67,0x68,0x70,0x20,
    0x66,0x6c,0x6f,0x61,0x74,0x20,0x5f,0x35,0x30,0x20,0x3d,0x20,0x63,0x6c,0x61,0x6d,
    0x70,0x28,0x31,0x2e,0x30,0x20,0x2d,0x20,0x28,0x5f,0x33,0x37,0x20,0x2f,0x20,0x6c,
    0x69,0x67,0x68,0x74,0x50,0x61,0x72,0x61,0x6d,0x73,0x5b,0x69,0x20,0x2a,0x20,0x31,
    0x20,0x2b,0x20,0x37,0x5d,0x2e,0x77,0x29,0x2c,0x20,0x30,0x2e,0x30,0x2c,0x20,0x31,
    0x2e,0x30,0x29,0x3b,0x0a,0x20,0x20,0x20,0x20,0x72,0x65,0x74,0x75,0x72,0x6e,0x20,
    0x6c,0x69,0x67,0x68,0x74,0x50,0x61,0x72,0x61,0x6d,0x73,0x5b,0x69,0x20,0x2a,0x20,
    0x31,0x20,0x2b,0x20,0x37,0x5d,0x2e,0x78,0x79,0x7a,0x20,0x2a,0x20,0x28,0x28,0x28,
    0x5f,0x35,0x30,0x20,0x2a,0x20,0x5f,0x35,0x30,0x29,0x20,0x2a,0x20,0x6d,0x61,0x78,
    0x28,0x64,0x6f,0x74,0x28,0x6e,0x6f,0x72,0x6d,0x61,0x6c,0x2c,0x20,0x5f,0x33,0x33,
    0x20,0x2f,0x20,0x76,0x65,0x63,0x33,0x28,0x6d,0x61,0x78,0x28,0x5f,0x33,0x37,0x2c,
    0x20,0x39,0x2e,0x39,0x39,0x39,0x39,0x39,0x39,0x37,0x34,0x37,0x33,0x37,0x38,0x37,
    0x35,0x31,0x36,0x33,0x35,0x35,0x35,0x31,0x34,0x35,0x32,0x36,0x33,0x36,0x37,0x31,
    0x38,0x38,0x65,0x2d,0x30,0x35,0x29,0x29,0x29,0x2c,0x20,0x30,0x2e,0x30,0x29,0x29,
    0x20,0x2a,0x20,0x6c,0x69,0x67,0x68,0x74,0x50,0x61,0x72,0x61,0x6d,0x73,0x5b,0x69,
    0x20,0x2a,0x20,0x31,0x20,0x2b,0x20,0x33,0x5d,0x2e,0x77,0x29,0x3b,0x0a,0x7d,0x0a,
    0x0a,0x76,0x6f,0x69,0x64,0x20,0x6d,0x61,0x69,0x6e,0x28,0x29,0x0a,0x7b,0x0a,0x20,
    0x20,0x20,0x20,0x68,0x69,0x67,0x68,0x70,0x20,0x76,0x65,0x63,0x34,0x20,0x5f,0x31,
    0x30,0x36,0x20,0x3d,0x20,0x28,0x62,0x69,0x6c,0x6c,0x62,0x6f,0x61,0x72,0x64,0x50,
    0x61,0x72,0x61,0x6d,0x73,0x5b,0x30,0x5d,0x20,0x2a,0x20,0x74,0x65,0x78,0x74,0x75,
    0x72,0x65,0x28,0x62,0x69,0x6c,0x6c,0x62,0x6f,0x61,0x72,0x64,0x54,0x65,0x78,0x74,
    0x75,0x72,0x65,0x5f,0x62,0x69,0x6c,0x6c,0x62,0x6f,0x61,0x72,0x64,0x53,0x61,0x6d,
    0x70,0x6c,0x65,0x72,0x2c,0x20,0x75,0x76,0x29,0x29,0x20,0x2a,0x20,0x69,0x6e,0x73,
    0x74,0x61,0x6e,0x63,0x65,0x43,0x6f,0x6c,0x6f,0x72,0x3b,0x0a,0x20,0x20,0x20,0x20,
    0x68,0x69,0x67,0x68,0x70,0x20,0x76,0x65,0x63,0x34,0x20,0x70,0x69,0x78,0x65,0x6c,
    0x20,0x3d,0x20,0x5f,0x31,0x30,0x36,0x3b,0x0a,0x20,0x20,0x20,0x20,0x69,0x66,0x20,
    0x28,0x5f,0x31,0x30,0x36,0x2e,0x77,0x20,0x3c,0x20,0x30,0x2e,0x35,0x29,0x0a,0x20,
    0x20,0x20,0x20,0x7b,0x0a,0x20,0x20,0x20,0x20,0x20,0x20,0x20,0x20,0x64,0x69,0x73,
    0x63,0x61,0x72,0x64,0x3b,0x0a,0x20,0x20,0x20,0x20,0x7d,0x0a,0x20,0x20,0x20,0x20,
    0x69,0x66,0x20,0x28,0x62,0x69,0x6c,0x6c,0x62,0x6f,0x61,0x72,0x64,0x50,0x61,0x72,
    0x61,0x6d,0x73,0x5b,0x31,0x5d,0x2e,0x79,0x20,0x21,0x3d,0x20,0x30,0x2e,0x30,0x29,
    0x0a,0x20,0x20,0x20,0x20,0x7b,0x0a,0x20,0x20,0x20,0x20,0x20,0x20,0x20,0x20,0x68,
    0x69,0x67,0x68,0x70,0x20,0x76,0x65,0x63,0x33,0x20,0x5f,0x31,0x32,0x36,0x20,0x3d,
    0x20,0x6e,0x6f,0x72,0x6d,0x61,0x6c,0x69,0x7a,0x65,0x28,0x74,0x6f,0x77,0x61,0x72,
    0x64,0x43,0x61,0x6d,0x65,0x72,0x61,0x29,0x3b,0x0a,0x20,0x20,0x20,0x20,0x20,0x20,
    0x20,0x20,0x68,0x69,0x67,0x68,0x70,0x20,0x76,0x65,0x63,0x33,0x20,0x6c,0x69,0x67,
    0x68,0x74,0x20,0x3d,0x20,0x6c,0x69,0x67,0x68,0x74,0x50,0x61,0x72,0x61,0x6d,0x73,
    0x5b,0x30,0x5d,0x2e,0x78,0x79,0x7a,0x20,0x2b,0x20,0x28,0x6c,0x69,0x67,0x68,0x74,
    0x50,0x61,0x72,0x61,0x6d,0x73,0x5b,0x32,0x5d,0x2e,0x78,0x79,0x7a,0x20,0x2a,0x20,
    0x28,0x6d,0x61,0x78,0x28,0x64,0x6f,0x74,0x28,0x5f,0x31,0x32,0x36,0x2c,0x20,0x6c,
    0x69,0x67,0x68,0x74,0x50,0x61,0x72,0x61,0x6d,0x73,0x5b,0x31,0x5d,0x2e,0x78,0x79,
    0x7a,0x29,0x2c,0x20,0x30,0x2e,0x30,0x29,0x20,0x2a,0x20,0x6c,0x69,0x67,0x68,0x74,
    0x50,0x61,0x72,0x61,0x6d,0x73,0x5b,0x31,0x5d,0x2e,0x77,0x29,0x29,0x3b,0x0a,0x20,
    0x20,0x20,0x20,0x20,0x20,0x20,0x20,0x66,0x6f,0x72,0x20,0x28,0x69,0x6e,0x74,0x20,
    0x69,0x20,0x3d,0x20,0x30,0x3b,0x20,0x69,0x20,0x3c,0x20,0x69,0x6e,0x74,0x28,0x6c,
    0x69,0x67,0x68,0x74,0x50,0x61,0x72,0x61,0x6d,0x73,0x5b,0x30,0x5d,0x2e,0x77,0x20,
    0x2b,0x20,0x30,0x2e,0x35,0x29,0x3b,0x20,0x69,0x2b,0x2b,0x29,0x0a,0x20,0x20,0x20,
    0x20,0x20,0x20,0x20,0x20,0x7b,0x0a,0x20,0x20,0x20,0x20,0x20,0x20,0x20,0x20,0x20,
    0x20,0x20,0x20,0x69,0x6e,0x74,0x20,0x70,0x61,0x72,0x61,0x6d,0x20,0x3d,0x20,0x69,
    0x3b,0x0a,0x20,0x20,0x20,0x20,0x20,0x20,0x20,0x20,0x20,0x20,0x20,0x20,0x68,0x69,
    0x67,0x68,0x70,0x20,0x76,0x65,0x63,0x33,0x20,0x70,0x61,0x72,0x61,0x6d,0x5f,0x31,
    0x20,0x3d,0x20,0x77,0x6f,0x72,0x6c,0x64,0x50,0x6f,0x73,0x69,0x74,0x69,0x6f,0x6e,
    0x3b,0x0a,0x20,0x20,0x20,0x20,0x20,0x20,0x20,0x20,0x20,0x20,0x20,0x20,0x68,0x69,
    0x67,0x68,0x70,0x20,0x76,0x65,0x63,0x33,0x20,0x70,0x61,0x72,0x61,0x6d,0x5f,0x32,
    0x20,0x3d,0x20,0x5f,0x31,0x32,0x36,0x3b,0x0a,0x20,0x20,0x20,0x20,0x20,0x20,0x20,
    0x20,0x20,0x20,0x20,0x20,0x6c,0x69,0x67,0x68,0x74,0x20,0x2b,0x3d,0x20,0x70,0x6f,
    0x69,0x6e,0x74,0x4c,0x69,0x67,0x68,0x74,0x41,0x74,0x28,0x70,0x61,0x72,0x61,0x6d,
    0x2c,0x20,0x70,0x61,0x72,0x61,0x6d,0x5f,0x31,0x2c,0x20,0x70,0x61,0x72,0x61,0x6d,
    0x5f,0x32,0x29,0x3b,0x0a,0x20,0x20,0x20,0x20,0x20,0x20,0x20,0x20,0x7d,0x0a,0x20,
    0x20,0x20,0x20,0x20,0x20,0x20,0x20,0x68,0x69,0x67,0x68,0x70,0x20,0x76,0x65,0x63,
    0x34,0x20,0x5f,0x31,0x37,0x33,0x20,0x3d,0x20,0x70,0x69,0x78,0x65,0x6c,0x3b,0x0a,
    0x20,0x20,0x20,0x20,0x20,0x20,0x20,0x20,0x68,0x69,0x67,0x68,0x70,0x20,0x76,0x65,
    0x63,0x33,0x20,0x5f,0x31,0x37,0x35,0x20,0x3d,0x20,0x5f,0x31,0x37,0x33,0x2e,0x78,
    0x79,0x7a,0x20,0x2a,0x20,0x6c,0x69,0x67,0x68,0x74,0x3b,0x0a,0x20,0x20,0x20,0x20,
    0x20,0x20,0x20,0x20,0x68,0x69,0x67,0x68,0x70,0x20,0x76,0x65,0x63,0x34,0x20,0x5f,
    0x31,0x38,0x39,0x20,0x3d,0x20,0x5f,0x31,0x37,0x33,0x3b,0x0a,0x20,0x20,0x20,0x20,
    0x20,0x20,0x20,0x20,0x5f,0x31,0x38,0x39,0x2e,0x78,0x20,0x3d,0x20,0x5f,0x31,0x37,
    0x35,0x2e,0x78,0x3b,0x0a,0x20,0x20,0x20,0x20,0x20,0x20,0x20,0x20,0x5f,0x31,0x38,
    0x39,0x2e,0x79,0x20,0x3d,0x20,0x5f,0x31,0x37,0x35,0x2e,0x79,0x3b,0x0a,0x20,0x20,
    0x20,0x20,0x20,0x20,0x20,0x20,0x5f,0x31,0x38,0x39,0x2e,0x7a,0x20,0x3d,0x20,0x5f,
    0x31,0x37,0x35,0x2e,0x7a,0x3b,0x0a,0x20,0x20,0x20,0x20,0x20,0x20,0x20,0x20,0x70,
    0x69,0x78,0x65,0x6c,0x20,0x3d,0x20,0x5f,0x31,0x38,0x39,0x3b,0x0a,0x20,0x20,0x20,
    0x20,0x7d,0x0a,0x20,0x20,0x20,0x20,0x66,0x72,0x61,0x67,0x43,0x6f,0x6c,0x6f,0x72,
    0x20,0x3d,0x20,0x70,0x69,0x78,0x65,0x6c,0x3b,0x0a,0x7d,0x0a,0x0a,0x00,
};
/*
    #version 300 es

    layout(location = 0) in vec2 position;

    void main()
    {
        gl_Position = vec4(position, 0.5, 1.0);
    }

*/
static const uint8_t fullscreenVs_source_glsl300es[119] = {
    0x23,0x76,0x65,0x72,0x73,0x69,0x6f,0x6e,0x20,0x33,0x30,0x30,0x20,0x65,0x73,0x0a,
    0x0a,0x6c,0x61,0x79,0x6f,0x75,0x74,0x28,0x6c,0x6f,0x63,0x61,0x74,0x69,0x6f,0x6e,
    0x20,0x3d,0x20,0x30,0x29,0x20,0x69,0x6e,0x20,0x76,0x65,0x63,0x32,0x20,0x70,0x6f,
    0x73,0x69,0x74,0x69,0x6f,0x6e,0x3b,0x0a,0x0a,0x76,0x6f,0x69,0x64,0x20,0x6d,0x61,
    0x69,0x6e,0x28,0x29,0x0a,0x7b,0x0a,0x20,0x20,0x20,0x20,0x67,0x6c,0x5f,0x50,0x6f,
    0x73,0x69,0x74,0x69,0x6f,0x6e,0x20,0x3d,0x20,0x76,0x65,0x63,0x34,0x28,0x70,0x6f,
    0x73,0x69,0x74,0x69,0x6f,0x6e,0x2c,0x20,0x30,0x2e,0x35,0x2c,0x20,0x31,0x2e,0x30,
    0x29,0x3b,0x0a,0x7d,0x0a,0x0a,0x00,
};
/*
    #version 300 es
    precision mediump float;
    precision highp int;

    uniform highp sampler2D sourceTexture_pointSampler;

    layout(location = 0) out highp vec4 fragColor;

    void main()
    {
        fragColor = vec4(texelFetch(sourceTexture_pointSampler, clamp(ivec2(gl_FragCoord.xy), ivec2(0), textureSize(sourceTexture_pointSampler, 0) - ivec2(1)), 0).xyz, 1.0);
    }

*/
static const uint8_t copyFs_source_glsl300es[352] = {
    0x23,0x76,0x65,0x72,0x73,0x69,0x6f,0x6e,0x20,0x33,0x30,0x30,0x20,0x65,0x73,0x0a,
    0x70,0x72,0x65,0x63,0x69,0x73,0x69,0x6f,0x6e,0x20,0x6d,0x65,0x64,0x69,0x75,0x6d,
    0x70,0x20,0x66,0x6c,0x6f,0x61,0x74,0x3b,0x0a,0x70,0x72,0x65,0x63,0x69,0x73,0x69,
    0x6f,0x6e,0x20,0x68,0x69,0x67,0x68,0x70,0x20,0x69,0x6e,0x74,0x3b,0x0a,0x0a,0x75,
    0x6e,0x69,0x66,0x6f,0x72,0x6d,0x20,0x68,0x69,0x67,0x68,0x70,0x20,0x73,0x61,0x6d,
    0x70,0x6c,0x65,0x72,0x32,0x44,0x20,0x73,0x6f,0x75,0x72,0x63,0x65,0x54,0x65,0x78,
    0x74,0x75,0x72,0x65,0x5f,0x70,0x6f,0x69,0x6e,0x74,0x53,0x61,0x6d,0x70,0x6c,0x65,
    0x72,0x3b,0x0a,0x0a,0x6c,0x61,0x79,0x6f,0x75,0x74,0x28,0x6c,0x6f,0x63,0x61,0x74,
    0x69,0x6f,0x6e,0x20,0x3d,0x20,0x30,0x29,0x20,0x6f,0x75,0x74,0x20,0x68,0x69,0x67,
    0x68,0x70,0x20,0x76,0x65,0x63,0x34,0x20,0x66,0x72,0x61,0x67,0x43,0x6f,0x6c,0x6f,
    0x72,0x3b,0x0a,0x0a,0x76,0x6f,0x69,0x64,0x20,0x6d,0x61,0x69,0x6e,0x28,0x29,0x0a,
    0x7b,0x0a,0x20,0x20,0x20,0x20,0x66,0x72,0x61,0x67,0x43,0x6f,0x6c,0x6f,0x72,0x20,
    0x3d,0x20,0x76,0x65,0x63,0x34,0x28,0x74,0x65,0x78,0x65,0x6c,0x46,0x65,0x74,0x63,
    0x68,0x28,0x73,0x6f,0x75,0x72,0x63,0x65,0x54,0x65,0x78,0x74,0x75,0x72,0x65,0x5f,
    0x70,0x6f,0x69,0x6e,0x74,0x53,0x61,0x6d,0x70,0x6c,0x65,0x72,0x2c,0x20,0x63,0x6c,
    0x61,0x6d,0x70,0x28,0x69,0x76,0x65,0x63,0x32,0x28,0x67,0x6c,0x5f,0x46,0x72,0x61,
    0x67,0x43,0x6f,0x6f,0x72,0x64,0x2e,0x78,0x79,0x29,0x2c,0x20,0x69,0x76,0x65,0x63,
    0x32,0x28,0x30,0x29,0x2c,0x20,0x74,0x65,0x78,0x74,0x75,0x72,0x65,0x53,0x69,0x7a,
    0x65,0x28,0x73,0x6f,0x75,0x72,0x63,0x65,0x54,0x65,0x78,0x74,0x75,0x72,0x65,0x5f,
    0x70,0x6f,0x69,0x6e,0x74,0x53,0x61,0x6d,0x70,0x6c,0x65,0x72,0x2c,0x20,0x30,0x29,
    0x20,0x2d,0x20,0x69,0x76,0x65,0x63,0x32,0x28,0x31,0x29,0x29,0x2c,0x20,0x30,0x29,
    0x2e,0x78,0x79,0x7a,0x2c,0x20,0x31,0x2e,0x30,0x29,0x3b,0x0a,0x7d,0x0a,0x0a,0x00,

};
/*
    cbuffer modelParams : register(b4)
    {
        row_major float4x4 _13_model : packoffset(c0);
        row_major float4x4 _13_normalModel : packoffset(c4);
    };

    cbuffer vertexParams : register(b0)
    {
        row_major float4x4 _61_viewProj : packoffset(c0);
        float4 _61_cameraRight : packoffset(c4);
        float4 _61_cameraUp : packoffset(c5);
    };


    static float4 gl_Position;
    static float3 position;
    static float3 worldPosition;
    static float3 worldNormal;
    static float3 normal;
    static float4 baseColor;
    static float4 color;

    struct SPIRV_Cross_Input
    {
        float3 position : TEXCOORD0;
        float3 normal : TEXCOORD1;
        float4 color : TEXCOORD2;
    };

    struct SPIRV_Cross_Output
    {
        float3 worldPosition : TEXCOORD0;
        float3 worldNormal : TEXCOORD1;
        float4 baseColor : TEXCOORD2;
        float4 gl_Position : SV_Position;
    };

    void vert_main()
    {
        float4 _28 = mul(float4(position, 1.0f), _13_model);
        worldPosition = _28.xyz;
        worldNormal = mul(normal, float3x3(_13_normalModel[0].xyz, _13_normalModel[1].xyz, _13_normalModel[2].xyz));
        baseColor = color;
        gl_Position = mul(_28, _61_viewProj);
    }

    SPIRV_Cross_Output main(SPIRV_Cross_Input stage_input)
    {
        position = stage_input.position;
        normal = stage_input.normal;
        color = stage_input.color;
        vert_main();
        SPIRV_Cross_Output stage_output;
        stage_output.gl_Position = gl_Position;
        stage_output.worldPosition = worldPosition;
        stage_output.worldNormal = worldNormal;
        stage_output.baseColor = baseColor;
        return stage_output;
    }
*/
static const uint8_t litVs_source_hlsl5[1514] = {
    0x63,0x62,0x75,0x66,0x66,0x65,0x72,0x20,0x6d,0x6f,0x64,0x65,0x6c,0x50,0x61,0x72,
    0x61,0x6d,0x73,0x20,0x3a,0x20,0x72,0x65,0x67,0x69,0x73,0x74,0x65,0x72,0x28,0x62,
    0x34,0x29,0x0a,0x7b,0x0a,0x20,0x20,0x20,0x20,0x72,0x6f,0x77,0x5f,0x6d,0x61,0x6a,
    0x6f,0x72,0x20,0x66,0x6c,0x6f,0x61,0x74,0x34,0x78,0x34,0x20,0x5f,0x31,0x33,0x5f,
    0x6d,0x6f,0x64,0x65,0x6c,0x20,0x3a,0x20,0x70,0x61,0x63,0x6b,0x6f,0x66,0x66,0x73,
    0x65,0x74,0x28,0x63,0x30,0x29,0x3b,0x0a,0x20,0x20,0x20,0x20,0x72,0x6f,0x77,0x5f,
    0x6d,0x61,0x6a,0x6f,0x72,0x20,0x66,0x6c,0x6f,0x61,0x74,0x34,0x78,0x34,0x20,0x5f,
    0x31,0x33,0x5f,0x6e,0x6f,0x72,0x6d,0x61,0x6c,0x4d,0x6f,0x64,0x65,0x6c,0x20,0x3a,
    0x20,0x70,0x61,0x63,0x6b,0x6f,0x66,0x66,0x73,0x65,0x74,0x28,0x63,0x34,0x29,0x3b,
    0x0a,0x7d,0x3b,0x0a,0x0a,0x63,0x62,0x75,0x66,0x66,0x65,0x72,0x20,0x76,0x65,0x72,
    0x74,0x65,0x78,0x50,0x61,0x72,0x61,0x6d,0x73,0x20,0x3a,0x20,0x72,0x65,0x67,0x69,
    0x73,0x74,0x65,0x72,0x28,0x62,0x30,0x29,0x0a,0x7b,0x0a,0x20,0x20,0x20,0x20,0x72,
    0x6f,0x77,0x5f,0x6d,0x61,0x6a,0x6f,0x72,0x20,0x66,0x6c,0x6f,0x61,0x74,0x34,0x78,
    0x34,0x20,0x5f,0x36,0x31,0x5f,0x76,0x69,0x65,0x77,0x50,0x72,0x6f,0x6a,0x20,0x3a,
    0x20,0x70,0x61,0x63,0x6b,0x6f,0x66,0x66,0x73,0x65,0x74,0x28,0x63,0x30,0x29,0x3b,
    0x0a,0x20,0x20,0x20,0x20,0x66,0x6c,0x6f,0x61,0x74,0x34,0x20,0x5f,0x36,0x31,0x5f,
    0x63,0x61,0x6d,0x65,0x72,0x61,0x52,0x69,0x67,0x68,0x74,0x20,0x3a,0x20,0x70,0x61,
    0x63,0x6b,0x6f,0x66,0x66,0x73,0x65,0x74,0x28,0x63,0x34,0x29,0x3b,0x0a,0x20,0x20,
    0x20,0x20,0x66,0x6c,0x6f,0x61,0x74,0x34,0x20,0x5f,0x36,0x31,0x5f,0x63,0x61,0x6d,
    0x65,0x72,0x61,0x55,0x70,0x20,0x3a,0x20,0x70,0x61,0x63,0x6b,0x6f,0x66,0x66,0x73,
    0x65,0x74,0x28,0x63,0x35,0x29,0x3b,0x0a,0x7d,0x3b,0x0a,0x0a,0x0a,0x73,0x74,0x61,
    0x74,0x69,0x63,0x20,0x66,0x6c,0x6f,0x61,0x74,0x34,0x20,0x67,0x6c,0x5f,0x50,0x6f,
    0x73,0x69,0x74,0x69,0x6f,0x6e,0x3b,0x0a,0x73,0x74,0x61,0x74,0x69,0x63,0x20,0x66,
    0x6c,0x6f,0x61,0x74,0x33,0x20,0x70,0x6f,0x73,0x69,0x74,0x69,0x6f,0x6e,0x3b,0x0a,
    0x73,0x74,0x61,0x74,0x69,0x63,0x20,0x66,0x6c,0x6f,0x61,0x74,0x33,0x20,0x77,0x6f,
    0x72,0x6c,0x64,0x50,0x6f,0x73,0x69,0x74,0x69,0x6f,0x6e,0x3b,0x0a,0x73,0x74,0x61,
    0x74,0x69,0x63,0x20,0x66,0x6c,0x6f,0x61,0x74,0x33,0x20,0x77,0x6f,0x72,0x6c,0x64,
    0x4e,0x6f,0x72,0x6d,0x61,0x6c,0x3b,0x0a,0x73,0x74,0x61,0x74,0x69,0x63,0x20,0x66,
    0x6c,0x6f,0x61,0x74,0x33,0x20,0x6e,0x6f,0x72,0x6d,0x61,0x6c,0x3b,0x0a,0x73,0x74,
    0x61,0x74,0x69,0x63,0x20,0x66,0x6c,0x6f,0x61,0x74,0x34,0x20,0x62,0x61,0x73,0x65,
    0x43,0x6f,0x6c,0x6f,0x72,0x3b,0x0a,0x73,0x74,0x61,0x74,0x69,0x63,0x20,0x66,0x6c,
    0x6f,0x61,0x74,0x34,0x20,0x63,0x6f,0x6c,0x6f,0x72,0x3b,0x0a,0x0a,0x73,0x74,0x72,
    0x75,0x63,0x74,0x20,0x53,0x50,0x49,0x52,0x56,0x5f,0x43,0x72,0x6f,0x73,0x73,0x5f,
    0x49,0x6e,0x70,0x75,0x74,0x0a,0x7b,0x0a,0x20,0x20,0x20,0x20,0x66,0x6c,0x6f,0x61,
    0x74,0x33,0x20,0x70,0x6f,0x73,0x69,0x74,0x69,0x6f,0x6e,0x20,0x3a,0x20,0x54,0x45,
    0x58,0x43,0x4f,0x4f,0x52,0x44,0x30,0x3b,0x0a,0x20,0x20,0x20,0x20,0x66,0x6c,0x6f,
    0x61,0x74,0x33,0x20,0x6e,0x6f,0x72,0x6d,0x61,0x6c,0x20,0x3a,0x20,0x54,0x45,0x58,
    0x43,0x4f,0x4f,0x52,0x44,0x31,0x3b,0x0a,0x20,0x20,0x20,0x20,0x66,0x6c,0x6f,0x61,
    0x74,0x34,0x20,0x63,0x6f,0x6c,0x6f,0x72,0x20,0x3a,0x20,0x54,0x45,0x58,0x43,0x4f,
    0x4f,0x52,0x44,0x32,0x3b,0x0a,0x7d,0x3b,0x0a,0x0a,0x73,0x74,0x72,0x75,0x63,0x74,
    0x20,0x53,0x50,0x49,0x52,0x56,0x5f,0x43,0x72,0x6f,0x73,0x73,0x5f,0x4f,0x75,0x74,
    0x70,0x75,0x74,0x0a,0x7b,0x0a,0x20,0x20,0x20,0x20,0x66,0x6c,0x6f,0x61,0x74,0x33,
    0x20,0x77,0x6f,0x72,0x6c,0x64,0x50,0x6f,0x73,0x69,0x74,0x69,0x6f,0x6e,0x20,0x3a,
    0x20,0x54,0x45,0x58,0x43,0x4f,0x4f,0x52,0x44,0x30,0x3b,0x0a,0x20,0x20,0x20,0x20,
    0x66,0x6c,0x6f,0x61,0x74,0x33,0x20,0x77,0x6f,0x72,0x6c,0x64,0x4e,0x6f,0x72,0x6d,
    0x61,0x6c,0x20,0x3a,0x20,0x54,0x45,0x58,0x43,0x4f,0x4f,0x52,0x44,0x31,0x3b,0x0a,
    0x20,0x20,0x20,0x20,0x66,0x6c,0x6f,0x61,0x74,0x34,0x20,0x62,0x61,0x73,0x65,0x43,
    0x6f,0x6c,0x6f,0x72,0x20,0x3a,0x20,0x54,0x45,0x58,0x43,0x4f,0x4f,0x52,0x44,0x32,
    0x3b,0x0a,0x20,0x20,0x20,0x20,0x66,0x6c,0x6f,0x61,0x74,0x34,0x20,0x67,0x6c,0x5f,
    0x50,0x6f,0x73,0x69,0x74,0x69,0x6f,0x6e,0x20,0x3a,0x20,0x53,0x56,0x5f,0x50,0x6f,
    0x73,0x69,0x74,0x69,0x6f,0x6e,0x3b,0x0a,0x7d,0x3b,0x0a,0x0a,0x76,0x6f,0x69,0x64,
    0x20,0x76,0x65,0x72,0x74,0x5f,0x6d,0x61,0x69,0x6e,0x28,0x29,0x0a,0x7b,0x0a,0x20,
    0x20,0x20,0x20,0x66,0x6c,0x6f,0x61,0x74,0x34,0x20,0x5f,0x32,0x38,0x20,0x3d,0x20,
    0x6d,0x75,0x6c,0x28,0x66,0x6c,0x6f,0x61,0x74,0x34,0x28,0x70,0x6f,0x73,0x69,0x74,
    0x69,0x6f,0x6e,0x2c,0x20,0x31,0x2e,0x30,0x66,0x29,0x2c,0x20,0x5f,0x31,0x33,0x5f,
    0x6d,0x6f,0x64,0x65,0x6c,0x29,0x3b,0x0a,0x20,0x20,0x20,0x20,0x77,0x6f,0x72,0x6c,
    0x64,0x50,0x6f,0x73,0x69,0x74,0x69,0x6f,0x6e,0x20,0x3d,0x20,0x5f,0x32,0x38,0x2e,
    0x78,0x79,0x7a,0x3b,0x0a,0x20,0x20,0x20,0x20,0x77,0x6f,0x72,0x6c,0x64,0x4e,0x6f,
    0x72,0x6d,0x61,0x6c,0x20,0x3d,0x20,0x6d,0x75,0x6c,0x28,0x6e,0x6f,0x72,0x6d,0x61,
    0x6c,0x2c,0x20,0x66,0x6c,0x6f,0x61,0x74,0x33,0x78,0x33,0x28,0x5f,0x31,0x33,0x5f,
    0x6e,0x6f,0x72,0x6d,0x61,0x6c,0x4d,0x6f,0x64,0x65,0x6c,0x5b,0x30,0x5d,0x2e,0x78,
    0x79,0x7a,0x2c,0x20,0x5f,0x31,0x33,0x5f,0x6e,0x6f,0x72,0x6d,0x61,0x6c,0x4d,0x6f,
    0x64,0x65,0x6c,0x5b,0x31,0x5d,0x2e,0x78,0x79,0x7a,0x2c,0x20,0x5f,0x31,0x33,0x5f,
    0x6e,0x6f,0x72,0x6d,0x61,0x6c,0x4d,0x6f,0x64,0x65,0x6c,0x5b,0x32,0x5d,0x2e,0x78,
    0x79,0x7a,0x29,0x29,0x3b,0x0a,0x20,0x20,0x20,0x20,0x62,0x61,0x73,0x65,0x43,0x6f,
    0x6c,0x6f,0x72,0x20,0x3d,0x20,0x63,0x6f,0x6c,0x6f,0x72,0x3b,0x0a,0x20,0x20,0x20,
    0x20,0x67,0x6c,0x5f,0x50,0x6f,0x73,0x69,0x74,0x69,0x6f,0x6e,0x20,0x3d,0x20,0x6d,
    0x75,0x6c,0x28,0x5f,0x32,0x38,0x2c,0x20,0x5f,0x36,0x31,0x5f,0x76,0x69,0x65,0x77,
    0x50,0x72,0x6f,0x6a,0x29,0x3b,0x0a,0x7d,0x0a,0x0a,0x53,0x50,0x49,0x52,0x56,0x5f,
    0x43,0x72,0x6f,0x73,0x73,0x5f,0x4f,0x75,0x74,0x70,0x75,0x74,0x20,0x6d,0x61,0x69,
    0x6e,0x28,0x53,0x50,0x49,0x52,0x56,0x5f,0x43,0x72,0x6f,0x73,0x73,0x5f,0x49,0x6e,
    0x70,0x75,0x74,0x20,0x73,0x74,0x61,0x67,0x65,0x5f,0x69,0x6e,0x70,0x75,0x74,0x29,
    0x0a,0x7b,0x0a,0x20,0x20,0x20,0x20,0x70,0x6f,0x73,0x69,0x74,0x69,0x6f,0x6e,0x20,
    0x3d,0x20,0x73,0x74,0x61,0x67,0x65,0x5f,0x69,0x6e,0x70,0x75,0x74,0x2e,0x70,0x6f,
    0x73,0x69,0x74,0x69,0x6f,0x6e,0x3b,0x0a,0x20,0x20,0x20,0x20,0x6e,0x6f,0x72,0x6d,
    0x61,0x6c,0x20,0x3d,0x20,0x73,0x74,0x61,0x67,0x65,0x5f,0x69,0x6e,0x70,0x75,0x74,
    0x2e,0x6e,0x6f,0x72,0x6d,0x61,0x6c,0x3b,0x0a,0x20,0x20,0x20,0x20,0x63,0x6f,0x6c,
    0x6f,0x72,0x20,0x3d,0x20,0x73,0x74,0x61,0x67,0x65,0x5f,0x69,0x6e,0x70,0x75,0x74,
    0x2e,0x63,0x6f,0x6c,0x6f,0x72,0x3b,0x0a,0x20,0x20,0x20,0x20,0x76,0x65,0x72,0x74,
    0x5f,0x6d,0x61,0x69,0x6e,0x28,0x29,0x3b,0x0a,0x20,0x20,0x20,0x20,0x53,0x50,0x49,
    0x52,0x56,0x5f,0x43,0x72,0x6f,0x73,0x73,0x5f,0x4f,0x75,0x74,0x70,0x75,0x74,0x20,
    0x73,0x74,0x61,0x67,0x65,0x5f,0x6f,0x75,0x74,0x70,0x75,0x74,0x3b,0x0a,0x20,0x20,
    0x20,0x20,0x73,0x74,0x61,0x67,0x65,0x5f,0x6f,0x75,0x74,0x70,0x75,0x74,0x2e,0x67,
    0x6c,0x5f,0x50,0x6f,0x73,0x69,0x74,0x69,0x6f,0x6e,0x20,0x3d,0x20,0x67,0x6c,0x5f,
    0x50,0x6f,0x73,0x69,0x74,0x69,0x6f,0x6e,0x3b,0x0a,0x20,0x20,0x20,0x20,0x73,0x74,
    0x61,0x67,0x65,0x5f,0x6f,0x75,0x74,0x70,0x75,0x74,0x2e,0x77,0x6f,0x72,0x6c,0x64,
    0x50,0x6f,0x73,0x69,0x74,0x69,0x6f,0x6e,0x20,0x3d,0x20,0x77,0x6f,0x72,0x6c,0x64,
    0x50,0x6f,0x73,0x69,0x74,0x69,0x6f,0x6e,0x3b,0x0a,0x20,0x20,0x20,0x20,0x73,0x74,
    0x61,0x67,0x65,0x5f,0x6f,0x75,0x74,0x70,0x75,0x74,0x2e,0x77,0x6f,0x72,0x6c,0x64,
    0x4e,0x6f,0x72,0x6d,0x61,0x6c,0x20,0x3d,0x20,0x77,0x6f,0x72,0x6c,0x64,0x4e,0x6f,
    0x72,0x6d,0x61,0x6c,0x3b,0x0a,0x20,0x20,0x20,0x20,0x73,0x74,0x61,0x67,0x65,0x5f,
    0x6f,0x75,0x74,0x70,0x75,0x74,0x2e,0x62,0x61,0x73,0x65,0x43,0x6f,0x6c,0x6f,0x72,
    0x20,0x3d,0x20,0x62,0x61,0x73,0x65,0x43,0x6f,0x6c,0x6f,0x72,0x3b,0x0a,0x20,0x20,
    0x20,0x20,0x72,0x65,0x74,0x75,0x72,0x6e,0x20,0x73,0x74,0x61,0x67,0x65,0x5f,0x6f,
    0x75,0x74,0x70,0x75,0x74,0x3b,0x0a,0x7d,0x0a,0x00,
};
/*
    cbuffer lightParams : register(b1)
    {
        float4 _31_ambient : packoffset(c0);
        float4 _31_dirLight : packoffset(c1);
        float4 _31_dirColor : packoffset(c2);
        float4 _31_pointLight[4] : packoffset(c3);
        float4 _31_pointColor[4] : packoffset(c7);
    };

    cbuffer materialParams : register(b3)
    {
        float4 _169_material : packoffset(c0);
    };


    static float3 worldNormal;
    static float3 worldPosition;
    static float4 fragColor;
    static float4 baseColor;

    struct SPIRV_Cross_Input
    {
        float3 worldPosition : TEXCOORD0;
        float3 worldNormal : TEXCOORD1;
        float4 baseColor : TEXCOORD2;
    };

    struct SPIRV_Cross_Output
    {
        float4 fragColor : SV_Target0;
    };

    float3 pointLightAt(int i, float3 position, float3 normal)
    {
        float3 _39 = _31_pointLight[i].xyz - position;
        float _42 = length(_39);
        float _55 = clamp(1.0f - (_42 / _31_pointColor[i].w), 0.0f, 1.0f);
        return _31_pointColor[i].xyz * (((_55 * _55) * max(dot(normal, _39 / max(_42, 9.9999997473787516355514526367188e-05f).xxx), 0.0f)) * _31_pointLight[i].w);
    }

    float3 saturated(float3 rgb, float amount)
    {
        if (amount == 0.0f)
        {
            return rgb;
        }
        return (rgb * (amount + 1.0f)) + (dot(rgb, float3(0.21267099678516387939453125f, 0.71516001224517822265625f, 0.072168998420238494873046875f)) * (-amount)).xxx;
    }

    void frag_main()
    {
        float3 _114 = normalize(worldNormal);
        float3 light = _31_ambient.xyz + (_31_dirColor.xyz * (max(dot(_114, _31_dirLight.xyz), 0.0f) * _31_dirLight.w));
        for (int i = 0; i < int(_31_ambient.w + 0.5f); i++)
        {
            int param = i;
            float3 param_1 = worldPosition;
            float3 param_2 = _114;
            light += pointLightAt(param, param_1, param_2);
        }
        float3 param_3 = baseColor.xyz;
        float param_4 = _169_material.y;
        fragColor = float4(saturated(param_3, param_4) * light, baseColor.w);
    }

    SPIRV_Cross_Output main(SPIRV_Cross_Input stage_input)
    {
        worldNormal = stage_input.worldNormal;
        worldPosition = stage_input.worldPosition;
        baseColor = stage_input.baseColor;
        frag_main();
        SPIRV_Cross_Output stage_output;
        stage_output.fragColor = fragColor;
        return stage_output;
    }
*/
static const uint8_t litFs_source_hlsl5[2157] = {
    0x63,0x62,0x75,0x66,0x66,0x65,0x72,0x20,0x6c,0x69,0x67,0x68,0x74,0x50,0x61,0x72,
    0x61,0x6d,0x73,0x20,0x3a,0x20,0x72,0x65,0x67,0x69,0x73,0x74,0x65,0x72,0x28,0x62,
    0x31,0x29,0x0a,0x7b,0x0a,0x20,0x20,0x20,0x20,0x66,0x6c,0x6f,0x61,0x74,0x34,0x20,
    0x5f,0x33,0x31,0x5f,0x61,0x6d,0x62,0x69,0x65,0x6e,0x74,0x20,0x3a,0x20,0x70,0x61,
    0x63,0x6b,0x6f,0x66,0x66,0x73,0x65,0x74,0x28,0x63,0x30,0x29,0x3b,0x0a,0x20,0x20,
    0x20,0x20,0x66,0x6c,0x6f,0x61,0x74,0x34,0x20,0x5f,0x33,0x31,0x5f,0x64,0x69,0x72,
    0x4c,0x69,0x67,0x68,0x74,0x20,0x3a,0x20,0x70,0x61,0x63,0x6b,0x6f,0x66,0x66,0x73,
    0x65,0x74,0x28,0x63,0x31,0x29,0x3b,0x0a,0x20,0x20,0x20,0x20,0x66,0x6c,0x6f,0x61,
    0x74,0x34,0x20,0x5f,0x33,0x31,0x5f,0x64,0x69,0x72,0x43,0x6f,0x6c,0x6f,0x72,0x20,
    0x3a,0x20,0x70,0x61,0x63,0x6b,0x6f,0x66,0x66,0x73,0x65,0x74,0x28,0x63,0x32,0x29,
    0x3b,0x0a,0x20,0x20,0x20,0x20,0x66,0x6c,0x6f,0x61,0x74,0x34,0x20,0x5f,0x33,0x31,
    0x5f,0x70,0x6f,0x69,0x6e,0x74,0x4c,0x69,0x67,0x68,0x74,0x5b,0x34,0x5d,0x20,0x3a,
    0x20,0x70,0x61,0x63,0x6b,0x6f,0x66,0x66,0x73,0x65,0x74,0x28,0x63,0x33,0x29,0x3b,
    0x0a,0x20,0x20,0x20,0x20,0x66,0x6c,0x6f,0x61,0x74,0x34,0x20,0x5f,0x33,0x31,0x5f,
    0x70,0x6f,0x69,0x6e,0x74,0x43,0x6f,0x6c,0x6f,0x72,0x5b,0x34,0x5d,0x20,0x3a,0x20,
    0x70,0x61,0x63,0x6b,0x6f,0x66,0x66,0x73,0x65,0x74,0x28,0x63,0x37,0x29,0x3b,0x0a,
    0x7d,0x3b,0x0a,0x0a,0x63,0x62,0x75,0x66,0x66,0x65,0x72,0x20,0x6d,0x61,0x74,0x65,
    0x72,0x69,0x61,0x6c,0x50,0x61,0x72,0x61,0x6d,0x73,0x20,0x3a,0x20,0x72,0x65,0x67,
    0x69,0x73,0x74,0x65,0x72,0x28,0x62,0x33,0x29,0x0a,0x7b,0x0a,0x20,0x20,0x20,0x20,
    0x66,0x6c,0x6f,0x61,0x74,0x34,0x20,0x5f,0x31,0x36,0x39,0x5f,0x6d,0x61,0x74,0x65,
    0x72,0x69,0x61,0x6c,0x20,0x3a,0x20,0x70,0x61,0x63,0x6b,0x6f,0x66,0x66,0x73,0x65,
    0x74,0x28,0x63,0x30,0x29,0x3b,0x0a,0x7d,0x3b,0x0a,0x0a,0x0a,0x73,0x74,0x61,0x74,
    0x69,0x63,0x20,0x66,0x6c,0x6f,0x61,0x74,0x33,0x20,0x77,0x6f,0x72,0x6c,0x64,0x4e,
    0x6f,0x72,0x6d,0x61,0x6c,0x3b,0x0a,0x73,0x74,0x61,0x74,0x69,0x63,0x20,0x66,0x6c,
    0x6f,0x61,0x74,0x33,0x20,0x77,0x6f,0x72,0x6c,0x64,0x50,0x6f,0x73,0x69,0x74,0x69,
    0x6f,0x6e,0x3b,0x0a,0x73,0x74,0x61,0x74,0x69,0x63,0x20,0x66,0x6c,0x6f,0x61,0x74,
    0x34,0x20,0x66,0x72,0x61,0x67,0x43,0x6f,0x6c,0x6f,0x72,0x3b,0x0a,0x73,0x74,0x61,
    0x74,0x69,0x63,0x20,0x66,0x6c,0x6f,0x61,0x74,0x34,0x20,0x62,0x61,0x73,0x65,0x43,
    0x6f,0x6c,0x6f,0x72,0x3b,0x0a,0x0a,0x73,0x74,0x72,0x75,0x63,0x74,0x20,0x53,0x50,
    0x49,0x52,0x56,0x5f,0x43,0x72,0x6f,0x73,0x73,0x5f,0x49,0x6e,0x70,0x75,0x74,0x0a,
    0x7b,0x0a,0x20,0x20,0x20,0x20,0x66,0x6c,0x6f,0x61,0x74,0x33,0x20,0x77,0x6f,0x72,
    0x6c,0x64,0x50,0x6f,0x73,0x69,0x74,0x69,0x6f,0x6e,0x20,0x3a,0x20,0x54,0x45,0x58,
    0x43,0x4f,0x4f,0x52,0x44,0x30,0x3b,0x0a,0x20,0x20,0x20,0x20,0x66,0x6c,0x6f,0x61,
    0x74,0x33,0x20,0x77,0x6f,0x72,0x6c,0x64,0x4e,0x6f,0x72,0x6d,0x61,0x6c,0x20,0x3a,
    0x20,0x54,0x45,0x58,0x43,0x4f,0x4f,0x52,0x44,0x31,0x3b,0x0a,0x20,0x20,0x20,0x20,
    0x66,0x6c,0x6f,0x61,0x74,0x34,0x20,0x62,0x61,0x73,0x65,0x43,0x6f,0x6c,0x6f,0x72,
    0x20,0x3a,0x20,0x54,0x45,0x58,0x43,0x4f,0x4f,0x52,0x44,0x32,0x3b,0x0a,0x7d,0x3b,
    0x0a,0x0a,0x73,0x74,0x72,0x75,0x63,0x74,0x20,0x53,0x50,0x49,0x52,0x56,0x5f,0x43,
    0x72,0x6f,0x73,0x73,0x5f,0x4f,0x75,0x74,0x70,0x75,0x74,0x0a,0x7b,0x0a,0x20,0x20,
    0x20,0x20,0x66,0x6c,0x6f,0x61,0x74,0x34,0x20,0x66,0x72,0x61,0x67,0x43,0x6f,0x6c,
    0x6f,0x72,0x20,0x3a,0x20,0x53,0x56,0x5f,0x54,0x61,0x72,0x67,0x65,0x74,0x30,0x3b,
    0x0a,0x7d,0x3b,0x0a,0x0a,0x66,0x6c,0x6f,0x61,0x74,0x33,0x20,0x70,0x6f,0x69,0x6e,
    0x74,0x4c,0x69,0x67,0x68,0x74,0x41,0x74,0x28,0x69,0x6e,0x74,0x20,0x69,0x2c,0x20,
    0x66,0x6c,0x6f,0x61,0x74,0x33,0x20,0x70,0x6f,0x73,0x69,0x74,0x69,0x6f,0x6e,0x2c,
    0x20,0x66,0x6c,0x6f,0x61,0x74,0x33,0x20,0x6e,0x6f,0x72,0x6d,0x61,0x6c,0x29,0x0a,
    0x7b,0x0a,0x20,0x20,0x20,0x20,0x66,0x6c,0x6f,0x61,0x74,0x33,0x20,0x5f,0x33,0x39,
    0x20,0x3d,0x20,0x5f,0x33,0x31,0x5f,0x70,0x6f,0x69,0x6e,0x74,0x4c,0x69,0x67,0x68,
    0x74,0x5b,0x69,0x5d,0x2e,0x78,0x79,0x7a,0x20,0x2d,0x20,0x70,0x6f,0x73,0x69,0x74,
    0x69,0x6f,0x6e,0x3b,0x0a,0x20,0x20,0x20,0x20,0x66,0x6c,0x6f,0x61,0x74,0x20,0x5f,
    0x34,0x32,0x20,0x3d,0x20,0x6c,0x65,0x6e,0x67,0x74,0x68,0x28,0x5f,0x33,0x39,0x29,
    0x3b,0x0a,0x20,0x20,0x20,0x20,0x66,0x6c,0x6f,0x61,0x74,0x20,0x5f,0x35,0x35,0x20,
    0x3d,0x20,0x63,0x6c,0x61,0x6d,0x70,0x28,0x31,0x2e,0x30,0x66,0x20,0x2d,0x20,0x28,
    0x5f,0x34,0x32,0x20,0x2f,0x20,0x5f,0x33,0x31,0x5f,0x70,0x6f,0x69,0x6e,0x74,0x43,
    0x6f,0x6c,0x6f,0x72,0x5b,0x69,0x5d,0x2e,0x77,0x29,0x2c,0x20,0x30,0x2e,0x30,0x66,
    0x2c,0x20,0x31,0x2e,0x30,0x66,0x29,0x3b,0x0a,0x20,0x20,0x20,0x20,0x72,0x65,0x74,
    0x75,0x72,0x6e,0x20,0x5f,0x33,0x31,0x5f,0x70,0x6f,0x69,0x6e,0x74,0x43,0x6f,0x6c,
    0x6f,0x72,0x5b,0x69,0x5d,0x2e,0x78,0x79,0x7a,0x20,0x2a,0x20,0x28,0x28,0x28,0x5f,
    0x35,0x35,0x20,0x2a,0x20,0x5f,0x35,0x35,0x29,0x20,0x2a,0x20,0x6d,0x61,0x78,0x28,
    0x64,0x6f,0x74,0x28,0x6e,0x6f,0x72,0x6d,0x61,0x6c,0x2c,0x20,0x5f,0x33,0x39,0x20,
    0x2f,0x20,0x6d,0x61,0x78,0x28,0x5f,0x34,0x32,0x2c,0x20,0x39,0x2e,0x39,0x39,0x39,
    0x39,0x39,0x39,0x37,0x34,0x37,0x33,0x37,0x38,0x37,0x35,0x31,0x36,0x33,0x35,0x35,
    0x35,0x31,0x34,0x35,0x32,0x36,0x33,0x36,0x37,0x31,0x38,0x38,0x65,0x2d,0x30,0x35,
    0x66,0x29,0x2e,0x78,0x78,0x78,0x29,0x2c,0x20,0x30,0x2e,0x30,0x66,0x29,0x29,0x20,
    0x2a,0x20,0x5f,0x33,0x31,0x5f,0x70,0x6f,0x69,0x6e,0x74,0x4c,0x69,0x67,0x68,0x74,
    0x5b,0x69,0x5d,0x2e,0x77,0x29,0x3b,0x0a,0x7d,0x0a,0x0a,0x66,0x6c,0x6f,0x61,0x74,
    0x33,0x20,0x73,0x61,0x74,0x75,0x72,0x61,0x74,0x65,0x64,0x28,0x66,0x6c,0x6f,0x61,
    0x74,0x33,0x20,0x72,0x67,0x62,0x2c,0x20,0x66,0x6c,0x6f,0x61,0x74,0x20,0x61,0x6d,
    0x6f,0x75,0x6e,0x74,0x29,0x0a,0x7b,0x0a,0x20,0x20,0x20,0x20,0x69,0x66,0x20,0x28,
    0x61,0x6d,0x6f,0x75,0x6e,0x74,0x20,0x3d,0x3d,0x20,0x30,0x2e,0x30,0x66,0x29,0x0a,
    0x20,0x20,0x20,0x20,0x7b,0x0a,0x20,0x20,0x20,0x20,0x20,0x20,0x20,0x20,0x72,0x65,
    0x74,0x75,0x72,0x6e,0x20,0x72,0x67,0x62,0x3b,0x0a,0x20,0x20,0x20,0x20,0x7d,0x0a,
    0x20,0x20,0x20,0x20,0x72,0x65,0x74,0x75,0x72,0x6e,0x20,0x28,0x72,0x67,0x62,0x20,
    0x2a,0x20,0x28,0x61,0x6d,0x6f,0x75,0x6e,0x74,0x20,0x2b,0x20,0x31,0x2e,0x30,0x66,
    0x29,0x29,0x20,0x2b,0x20,0x28,0x64,0x6f,0x74,0x28,0x72,0x67,0x62,0x2c,0x20,0x66,
    0x6c,0x6f,0x61,0x74,0x33,0x28,0x30,0x2e,0x32,0x31,0x32,0x36,0x37,0x30,0x39,0x39,
    0x36,0x37,0x38,0x35,0x31,0x36,0x33,0x38,0x37,0x39,0x33,0x39,0x34,0x35,0x33,0x31,
    0x32,0x35,0x66,0x2c,0x20,0x30,0x2e,0x37,0x31,0x35,0x31,0x36,0x30,0x30,0x31,0x32,
    0x32,0x34,0x35,0x31,0x37,0x38,0x32,0x32,0x32,0x36,0x35,0x36,0x32,0x35,0x66,0x2c,
    0x20,0x30,0x2e,0x30,0x37,0x32,0x31,0x36,0x38,0x39,0x39,0x38,0x34,0x32,0x30,0x32,
    0x33,0x38,0x34,0x39,0x34,0x38,0x37,0x33,0x30,0x34,0x36,0x38,0x37,0x35,0x66,0x29,
    0x29,0x20,0x2a,0x20,0x28,0x2d,0x61,0x6d,0x6f,0x75,0x6e,0x74,0x29,0x29,0x2e,0x78,
    0x78,0x78,0x3b,0x0a,0x7d,0x0a,0x0a,0x76,0x6f,0x69,0x64,0x20,0x66,0x72,0x61,0x67,
    0x5f,0x6d,0x61,0x69,0x6e,0x28,0x29,0x0a,0x7b,0x0a,0x20,0x20,0x20,0x20,0x66,0x6c,
    0x6f,0x61,0x74,0x33,0x20,0x5f,0x31,0x31,0x34,0x20,0x3d,0x20,0x6e,0x6f,0x72,0x6d,
    0x61,0x6c,0x69,0x7a,0x65,0x28,0x77,0x6f,0x72,0x6c,0x64,0x4e,0x6f,0x72,0x6d,0x61,
    0x6c,0x29,0x3b,0x0a,0x20,0x20,0x20,0x20,0x66,0x6c,0x6f,0x61,0x74,0x33,0x20,0x6c,
    0x69,0x67,0x68,0x74,0x20,0x3d,0x20,0x5f,0x33,0x31,0x5f,0x61,0x6d,0x62,0x69,0x65,
    0x6e,0x74,0x2e,0x78,0x79,0x7a,0x20,0x2b,0x20,0x28,0x5f,0x33,0x31,0x5f,0x64,0x69,
    0x72,0x43,0x6f,0x6c,0x6f,0x72,0x2e,0x78,0x79,0x7a,0x20,0x2a,0x20,0x28,0x6d,0x61,
    0x78,0x28,0x64,0x6f,0x74,0x28,0x5f,0x31,0x31,0x34,0x2c,0x20,0x5f,0x33,0x31,0x5f,
    0x64,0x69,0x72,0x4c,0x69,0x67,0x68,0x74,0x2e,0x78,0x79,0x7a,0x29,0x2c,0x20,0x30,
    0x2e,0x30,0x66,0x29,0x20,0x2a,0x20,0x5f,0x33,0x31,0x5f,0x64,0x69,0x72,0x4c,0x69,
    0x67,0x68,0x74,0x2e,0x77,0x29,0x29,0x3b,0x0a,0x20,0x20,0x20,0x20,0x66,0x6f,0x72,
    0x20,0x28,0x69,0x6e,0x74,0x20,0x69,0x20,0x3d,0x20,0x30,0x3b,0x20,0x69,0x20,0x3c,
    0x20,0x69,0x6e,0x74,0x28,0x5f,0x33,0x31,0x5f,0x61,0x6d,0x62,0x69,0x65,0x6e,0x74,
    0x2e,0x77,0x20,0x2b,0x20,0x30,0x2e,0x35,0x66,0x29,0x3b,0x20,0x69,0x2b,0x2b,0x29,
    0x0a,0x20,0x20,0x20,0x20,0x7b,0x0a,0x20,0x20,0x20,0x20,0x20,0x20,0x20,0x20,0x69,
    0x6e,0x74,0x20,0x70,0x61,0x72,0x61,0x6d,0x20,0x3d,0x20,0x69,0x3b,0x0a,0x20,0x20,
    0x20,0x20,0x20,0x20,0x20,0x20,0x66,0x6c,0x6f,0x61,0x74,0x33,0x20,0x70,0x61,0x72,
    0x61,0x6d,0x5f,0x31,0x20,0x3d,0x20,0x77,0x6f,0x72,0x6c,0x64,0x50,0x6f,0x73,0x69,
    0x74,0x69,0x6f,0x6e,0x3b,0x0a,0x20,0x20,0x20,0x20,0x20,0x20,0x20,0x20,0x66,0x6c,
    0x6f,0x61,0x74,0x33,0x20,0x70,0x61,0x72,0x61,0x6d,0x5f,0x32,0x20,0x3d,0x20,0x5f,
    0x31,0x31,0x34,0x3b,0x0a,0x20,0x20,0x20,0x20,0x20,0x20,0x20,0x20,0x6c,0x69,0x67,
    0x68,0x74,0x20,0x2b,0x3d,0x20,0x70,0x6f,0x69,0x6e,0x74,0x4c,0x69,0x67,0x68,0x74,
    0x41,0x74,0x28,0x70,0x61,0x72,0x61,0x6d,0x2c,0x20,0x70,0x61,0x72,0x61,0x6d,0x5f,
    0x31,0x2c,0x20,0x70,0x61,0x72,0x61,0x6d,0x5f,0x32,0x29,0x3b,0x0a,0x20,0x20,0x20,
    0x20,0x7d,0x0a,0x20,0x20,0x20,0x20,0x66,0x6c,0x6f,0x61,0x74,0x33,0x20,0x70,0x61,
    0x72,0x61,0x6d,0x5f,0x33,0x20,0x3d,0x20,0x62,0x61,0x73,0x65,0x43,0x6f,0x6c,0x6f,
    0x72,0x2e,0x78,0x79,0x7a,0x3b,0x0a,0x20,0x20,0x20,0x20,0x66,0x6c,0x6f,0x61,0x74,
    0x20,0x70,0x61,0x72,0x61,0x6d,0x5f,0x34,0x20,0x3d,0x20,0x5f,0x31,0x36,0x39,0x5f,
    0x6d,0x61,0x74,0x65,0x72,0x69,0x61,0x6c,0x2e,0x79,0x3b,0x0a,0x20,0x20,0x20,0x20,
    0x66,0x72,0x61,0x67,0x43,0x6f,0x6c,0x6f,0x72,0x20,0x3d,0x20,0x66,0x6c,0x6f,0x61,
    0x74,0x34,0x28,0x73,0x61,0x74,0x75,0x72,0x61,0x74,0x65,0x64,0x28,0x70,0x61,0x72,
    0x61,0x6d,0x5f,0x33,0x2c,0x20,0x70,0x61,0x72,0x61,0x6d,0x5f,0x34,0x29,0x20,0x2a,
    0x20,0x6c,0x69,0x67,0x68,0x74,0x2c,0x20,0x62,0x61,0x73,0x65,0x43,0x6f,0x6c,0x6f,
    0x72,0x2e,0x77,0x29,0x3b,0x0a,0x7d,0x0a,0x0a,0x53,0x50,0x49,0x52,0x56,0x5f,0x43,
    0x72,0x6f,0x73,0x73,0x5f,0x4f,0x75,0x74,0x70,0x75,0x74,0x20,0x6d,0x61,0x69,0x6e,
    0x28,0x53,0x50,0x49,0x52,0x56,0x5f,0x43,0x72,0x6f,0x73,0x73,0x5f,0x49,0x6e,0x70,
    0x75,0x74,0x20,0x73,0x74,0x61,0x67,0x65,0x5f,0x69,0x6e,0x70,0x75,0x74,0x29,0x0a,
    0x7b,0x0a,0x20,0x20,0x20,0x20,0x77,0x6f,0x72,0x6c,0x64,0x4e,0x6f,0x72,0x6d,0x61,
    0x6c,0x20,0x3d,0x20,0x73,0x74,0x61,0x67,0x65,0x5f,0x69,0x6e,0x70,0x75,0x74,0x2e,
    0x77,0x6f,0x72,0x6c,0x64,0x4e,0x6f,0x72,0x6d,0x61,0x6c,0x3b,0x0a,0x20,0x20,0x20,
    0x20,0x77,0x6f,0x72,0x6c,0x64,0x50,0x6f,0x73,0x69,0x74,0x69,0x6f,0x6e,0x20,0x3d,
    0x20,0x73,0x74,0x61,0x67,0x65,0x5f,0x69,0x6e,0x70,0x75,0x74,0x2e,0x77,0x6f,0x72,
    0x6c,0x64,0x50,0x6f,0x73,0x69,0x74,0x69,0x6f,0x6e,0x3b,0x0a,0x20,0x20,0x20,0x20,
    0x62,0x61,0x73,0x65,0x43,0x6f,0x6c,0x6f,0x72,0x20,0x3d,0x20,0x73,0x74,0x61,0x67,
    0x65,0x5f,0x69,0x6e,0x70,0x75,0x74,0x2e,0x62,0x61,0x73,0x65,0x43,0x6f,0x6c,0x6f,
    0x72,0x3b,0x0a,0x20,0x20,0x20,0x20,0x66,0x72,0x61,0x67,0x5f,0x6d,0x61,0x69,0x6e,
    0x28,0x29,0x3b,0x0a,0x20,0x20,0x20,0x20,0x53,0x50,0x49,0x52,0x56,0x5f,0x43,0x72,
    0x6f,0x73,0x73,0x5f,0x4f,0x75,0x74,0x70,0x75,0x74,0x20,0x73,0x74,0x61,0x67,0x65,
    0x5f,0x6f,0x75,0x74,0x70,0x75,0x74,0x3b,0x0a,0x20,0x20,0x20,0x20,0x73,0x74,0x61,
    0x67,0x65,0x5f,0x6f,0x75,0x74,0x70,0x75,0x74,0x2e,0x66,0x72,0x61,0x67,0x43,0x6f,
    0x6c,0x6f,0x72,0x20,0x3d,0x20,0x66,0x72,0x61,0x67,0x43,0x6f,0x6c,0x6f,0x72,0x3b,
    0x0a,0x20,0x20,0x20,0x20,0x72,0x65,0x74,0x75,0x72,0x6e,0x20,0x73,0x74,0x61,0x67,
    0x65,0x5f,0x6f,0x75,0x74,0x70,0x75,0x74,0x3b,0x0a,0x7d,0x0a,0x00,
};
/*
    cbuffer vertexParams : register(b0)
    {
        row_major float4x4 _18_viewProj : packoffset(c0);
        float4 _18_cameraRight : packoffset(c4);
        float4 _18_cameraUp : packoffset(c5);
    };


    static float4 gl_Position;
    static float4 root;
    static float2 corner;
    static float4 particleColor;
    static float4 color;

    struct SPIRV_Cross_Input
    {
        float2 corner : TEXCOORD0;
        float4 root : TEXCOORD1;
        float4 color : TEXCOORD2;
    };

    struct SPIRV_Cross_Output
    {
        float4 particleColor : TEXCOORD0;
        float4 gl_Position : SV_Position;
    };

    void vert_main()
    {
        gl_Position = mul(float4((root.xyz + (_18_cameraRight.xyz * (corner.x * root.w))) + (_18_cameraUp.xyz * (corner.y * root.w)), 1.0f), _18_viewProj);
        particleColor = color;
    }

    SPIRV_Cross_Output main(SPIRV_Cross_Input stage_input)
    {
        root = stage_input.root;
        corner = stage_input.corner;
        color = stage_input.color;
        vert_main();
        SPIRV_Cross_Output stage_output;
        stage_output.gl_Position = gl_Position;
        stage_output.particleColor = particleColor;
        return stage_output;
    }
*/
static const uint8_t particleVs_source_hlsl5[1058] = {
    0x63,0x62,0x75,0x66,0x66,0x65,0x72,0x20,0x76,0x65,0x72,0x74,0x65,0x78,0x50,0x61,
    0x72,0x61,0x6d,0x73,0x20,0x3a,0x20,0x72,0x65,0x67,0x69,0x73,0x74,0x65,0x72,0x28,
    0x62,0x30,0x29,0x0a,0x7b,0x0a,0x20,0x20,0x20,0x20,0x72,0x6f,0x77,0x5f,0x6d,0x61,
    0x6a,0x6f,0x72,0x20,0x66,0x6c,0x6f,0x61,0x74,0x34,0x78,0x34,0x20,0x5f,0x31,0x38,
    0x5f,0x76,0x69,0x65,0x77,0x50,0x72,0x6f,0x6a,0x20,0x3a,0x20,0x70,0x61,0x63,0x6b,
    0x6f,0x66,0x66,0x73,0x65,0x74,0x28,0x63,0x30,0x29,0x3b,0x0a,0x20,0x20,0x20,0x20,
    0x66,0x6c,0x6f,0x61,0x74,0x34,0x20,0x5f,0x31,0x38,0x5f,0x63,0x61,0x6d,0x65,0x72,
    0x61,0x52,0x69,0x67,0x68,0x74,0x20,0x3a,0x20,0x70,0x61,0x63,0x6b,0x6f,0x66,0x66,
    0x73,0x65,0x74,0x28,0x63,0x34,0x29,0x3b,0x0a,0x20,0x20,0x20,0x20,0x66,0x6c,0x6f,
    0x61,0x74,0x34,0x20,0x5f,0x31,0x38,0x5f,0x63,0x61,0x6d,0x65,0x72,0x61,0x55,0x70,
    0x20,0x3a,0x20,0x70,0x61,0x63,0x6b,0x6f,0x66,0x66,0x73,0x65,0x74,0x28,0x63,0x35,
    0x29,0x3b,0x0a,0x7d,0x3b,0x0a,0x0a,0x0a,0x73,0x74,0x61,0x74,0x69,0x63,0x20,0x66,
    0x6c,0x6f,0x61,0x74,0x34,0x20,0x67,0x6c,0x5f,0x50,0x6f,0x73,0x69,0x74,0x69,0x6f,
    0x6e,0x3b,0x0a,0x73,0x74,0x61,0x74,0x69,0x63,0x20,0x66,0x6c,0x6f,0x61,0x74,0x34,
    0x20,0x72,0x6f,0x6f,0x74,0x3b,0x0a,0x73,0x74,0x61,0x74,0x69,0x63,0x20,0x66,0x6c,
    0x6f,0x61,0x74,0x32,0x20,0x63,0x6f,0x72,0x6e,0x65,0x72,0x3b,0x0a,0x73,0x74,0x61,
    0x74,0x69,0x63,0x20,0x66,0x6c,0x6f,0x61,0x74,0x34,0x20,0x70,0x61,0x72,0x74,0x69,
    0x63,0x6c,0x65,0x43,0x6f,0x6c,0x6f,0x72,0x3b,0x0a,0x73,0x74,0x61,0x74,0x69,0x63,
    0x20,0x66,0x6c,0x6f,0x61,0x74,0x34,0x20,0x63,0x6f,0x6c,0x6f,0x72,0x3b,0x0a,0x0a,
    0x73,0x74,0x72,0x75,0x63,0x74,0x20,0x53,0x50,0x49,0x52,0x56,0x5f,0x43,0x72,0x6f,
    0x73,0x73,0x5f,0x49,0x6e,0x70,0x75,0x74,0x0a,0x7b,0x0a,0x20,0x20,0x20,0x20,0x66,
    0x6c,0x6f,0x61,0x74,0x32,0x20,0x63,0x6f,0x72,0x6e,0x65,0x72,0x20,0x3a,0x20,0x54,
    0x45,0x58,0x43,0x4f,0x4f,0x52,0x44,0x30,0x3b,0x0a,0x20,0x20,0x20,0x20,0x66,0x6c,
    0x6f,0x61,0x74,0x34,0x20,0x72,0x6f,0x6f,0x74,0x20,0x3a,0x20,0x54,0x45,0x58,0x43,
    0x4f,0x4f,0x52,0x44,0x31,0x3b,0x0a,0x20,0x20,0x20,0x20,0x66,0x6c,0x6f,0x61,0x74,
    0x34,0x20,0x63,0x6f,0x6c,0x6f,0x72,0x20,0x3a,0x20,0x54,0x45,0x58,0x43,0x4f,0x4f,
    0x52,0x44,0x32,0x3b,0x0a,0x7d,0x3b,0x0a,0x0a,0x73,0x74,0x72,0x75,0x63,0x74,0x20,
    0x53,0x50,0x49,0x52,0x56,0x5f,0x43,0x72,0x6f,0x73,0x73,0x5f,0x4f,0x75,0x74,0x70,
    0x75,0x74,0x0a,0x7b,0x0a,0x20,0x20,0x20,0x20,0x66,0x6c,0x6f,0x61,0x74,0x34,0x20,
    0x70,0x61,0x72,0x74,0x69,0x63,0x6c,0x65,0x43,0x6f,0x6c,0x6f,0x72,0x20,0x3a,0x20,
    0x54,0x45,0x58,0x43,0x4f,0x4f,0x52,0x44,0x30,0x3b,0x0a,0x20,0x20,0x20,0x20,0x66,
    0x6c,0x6f,0x61,0x74,0x34,0x20,0x67,0x6c,0x5f,0x50,0x6f,0x73,0x69,0x74,0x69,0x6f,
    0x6e,0x20,0x3a,0x20,0x53,0x56,0x5f,0x50,0x6f,0x73,0x69,0x74,0x69,0x6f,0x6e,0x3b,
    0x0a,0x7d,0x3b,0x0a,0x0a,0x76,0x6f,0x69,0x64,0x20,0x76,0x65,0x72,0x74,0x5f,0x6d,
    0x61,0x69,0x6e,0x28,0x29,0x0a,0x7b,0x0a,0x20,0x20,0x20,0x20,0x67,0x6c,0x5f,0x50,
    0x6f,0x73,0x69,0x74,0x69,0x6f,0x6e,0x20,0x3d,0x20,0x6d,0x75,0x6c,0x28,0x66,0x6c,
    0x6f,0x61,0x74,0x34,0x28,0x28,0x72,0x6f,0x6f,0x74,0x2e,0x78,0x79,0x7a,0x20,0x2b,
    0x20,0x28,0x5f,0x31,0x38,0x5f,0x63,0x61,0x6d,0x65,0x72,0x61,0x52,0x69,0x67,0x68,
    0x74,0x2e,0x78,0x79,0x7a,0x20,0x2a,0x20,0x28,0x63,0x6f,0x72,0x6e,0x65,0x72,0x2e,
    0x78,0x20,0x2a,0x20,0x72,0x6f,0x6f,0x74,0x2e,0x77,0x29,0x29,0x29,0x20,0x2b,0x20,
    0x28,0x5f,0x31,0x38,0x5f,0x63,0x61,0x6d,0x65,0x72,0x61,0x55,0x70,0x2e,0x78,0x79,
    0x7a,0x20,0x2a,0x20,0x28,0x63,0x6f,0x72,0x6e,0x65,0x72,0x2e,0x79,0x20,0x2a,0x20,
    0x72,0x6f,0x6f,0x74,0x2e,0x77,0x29,0x29,0x2c,0x20,0x31,0x2e,0x30,0x66,0x29,0x2c,
    0x20,0x5f,0x31,0x38,0x5f,0x76,0x69,0x65,0x77,0x50,0x72,0x6f,0x6a,0x29,0x3b,0x0a,
    0x20,0x20,0x20,0x20,0x70,0x61,0x72,0x74,0x69,0x63,0x6c,0x65,0x43,0x6f,0x6c,0x6f,
    0x72,0x20,0x3d,0x20,0x63,0x6f,0x6c,0x6f,0x72,0x3b,0x0a,0x7d,0x0a,0x0a,0x53,0x50,
    0x49,0x52,0x56,0x5f,0x43,0x72,0x6f,0x73,0x73,0x5f,0x4f,0x75,0x74,0x70,0x75,0x74,
    0x20,0x6d,0x61,0x69,0x6e,0x28,0x53,0x50,0x49,0x52,0x56,0x5f,0x43,0x72,0x6f,0x73,
    0x73,0x5f,0x49,0x6e,0x70,0x75,0x74,0x20,0x73,0x74,0x61,0x67,0x65,0x5f,0x69,0x6e,
    0x70,0x75,0x74,0x29,0x0a,0x7b,0x0a,0x20,0x20,0x20,0x20,0x72,0x6f,0x6f,0x74,0x20,
    0x3d,0x20,0x73,0x74,0x61,0x67,0x65,0x5f,0x69,0x6e,0x70,0x75,0x74,0x2e,0x72,0x6f,
    0x6f,0x74,0x3b,0x0a,0x20,0x20,0x20,0x20,0x63,0x6f,0x72,0x6e,0x65,0x72,0x20,0x3d,
    0x20,0x73,0x74,0x61,0x67,0x65,0x5f,0x69,0x6e,0x70,0x75,0x74,0x2e,0x63,0x6f,0x72,
    0x6e,0x65,0x72,0x3b,0x0a,0x20,0x20,0x20,0x20,0x63,0x6f,0x6c,0x6f,0x72,0x20,0x3d,
    0x20,0x73,0x74,0x61,0x67,0x65,0x5f,0x69,0x6e,0x70,0x75,0x74,0x2e,0x63,0x6f,0x6c,
    0x6f,0x72,0x3b,0x0a,0x20,0x20,0x20,0x20,0x76,0x65,0x72,0x74,0x5f,0x6d,0x61,0x69,
    0x6e,0x28,0x29,0x3b,0x0a,0x20,0x20,0x20,0x20,0x53,0x50,0x49,0x52,0x56,0x5f,0x43,
    0x72,0x6f,0x73,0x73,0x5f,0x4f,0x75,0x74,0x70,0x75,0x74,0x20,0x73,0x74,0x61,0x67,
    0x65,0x5f,0x6f,0x75,0x74,0x70,0x75,0x74,0x3b,0x0a,0x20,0x20,0x20,0x20,0x73,0x74,
    0x61,0x67,0x65,0x5f,0x6f,0x75,0x74,0x70,0x75,0x74,0x2e,0x67,0x6c,0x5f,0x50,0x6f,
    0x73,0x69,0x74,0x69,0x6f,0x6e,0x20,0x3d,0x20,0x67,0x6c,0x5f,0x50,0x6f,0x73,0x69,
    0x74,0x69,0x6f,0x6e,0x3b,0x0a,0x20,0x20,0x20,0x20,0x73,0x74,0x61,0x67,0x65,0x5f,
    0x6f,0x75,0x74,0x70,0x75,0x74,0x2e,0x70,0x61,0x72,0x74,0x69,0x63,0x6c,0x65,0x43,
    0x6f,0x6c,0x6f,0x72,0x20,0x3d,0x20,0x70,0x61,0x72,0x74,0x69,0x63,0x6c,0x65,0x43,
    0x6f,0x6c,0x6f,0x72,0x3b,0x0a,0x20,0x20,0x20,0x20,0x72,0x65,0x74,0x75,0x72,0x6e,
    0x20,0x73,0x74,0x61,0x67,0x65,0x5f,0x6f,0x75,0x74,0x70,0x75,0x74,0x3b,0x0a,0x7d,
    0x0a,0x00,
};
/*
    static float4 particleColor;
    static float4 fragColor;

    struct SPIRV_Cross_Input
    {
        float4 particleColor : TEXCOORD0;
    };

    struct SPIRV_Cross_Output
    {
        float4 fragColor : SV_Target0;
    };

    void frag_main()
    {
        if (particleColor.w < 0.5f)
        {
            discard;
        }
        fragColor = particleColor;
    }

    SPIRV_Cross_Output main(SPIRV_Cross_Input stage_input)
    {
        particleColor = stage_input.particleColor;
        frag_main();
        SPIRV_Cross_Output stage_output;
        stage_output.fragColor = fragColor;
        return stage_output;
    }
*/
static const uint8_t particleFs_source_hlsl5[531] = {
    0x73,0x74,0x61,0x74,0x69,0x63,0x20,0x66,0x6c,0x6f,0x61,0x74,0x34,0x20,0x70,0x61,
    0x72,0x74,0x69,0x63,0x6c,0x65,0x43,0x6f,0x6c,0x6f,0x72,0x3b,0x0a,0x73,0x74,0x61,
    0x74,0x69,0x63,0x20,0x66,0x6c,0x6f,0x61,0x74,0x34,0x20,0x66,0x72,0x61,0x67,0x43,
    0x6f,0x6c,0x6f,0x72,0x3b,0x0a,0x0a,0x73,0x74,0x72,0x75,0x63,0x74,0x20,0x53,0x50,
    0x49,0x52,0x56,0x5f,0x43,0x72,0x6f,0x73,0x73,0x5f,0x49,0x6e,0x70,0x75,0x74,0x0a,
    0x7b,0x0a,0x20,0x20,0x20,0x20,0x66,0x6c,0x6f,0x61,0x74,0x34,0x20,0x70,0x61,0x72,
    0x74,0x69,0x63,0x6c,0x65,0x43,0x6f,0x6c,0x6f,0x72,0x20,0x3a,0x20,0x54,0x45,0x58,
    0x43,0x4f,0x4f,0x52,0x44,0x30,0x3b,0x0a,0x7d,0x3b,0x0a,0x0a,0x73,0x74,0x72,0x75,
    0x63,0x74,0x20,0x53,0x50,0x49,0x52,0x56,0x5f,0x43,0x72,0x6f,0x73,0x73,0x5f,0x4f,
    0x75,0x74,0x70,0x75,0x74,0x0a,0x7b,0x0a,0x20,0x20,0x20,0x20,0x66,0x6c,0x6f,0x61,
    0x74,0x34,0x20,0x66,0x72,0x61,0x67,0x43,0x6f,0x6c,0x6f,0x72,0x20,0x3a,0x20,0x53,
    0x56,0x5f,0x54,0x61,0x72,0x67,0x65,0x74,0x30,0x3b,0x0a,0x7d,0x3b,0x0a,0x0a,0x76,
    0x6f,0x69,0x64,0x20,0x66,0x72,0x61,0x67,0x5f,0x6d,0x61,0x69,0x6e,0x28,0x29,0x0a,
    0x7b,0x0a,0x20,0x20,0x20,0x20,0x69,0x66,0x20,0x28,0x70,0x61,0x72,0x74,0x69,0x63,
    0x6c,0x65,0x43,0x6f,0x6c,0x6f,0x72,0x2e,0x77,0x20,0x3c,0x20,0x30,0x2e,0x35,0x66,
    0x29,0x0a,0x20,0x20,0x20,0x20,0x7b,0x0a,0x20,0x20,0x20,0x20,0x20,0x20,0x20,0x20,
    0x64,0x69,0x73,0x63,0x61,0x72,0x64,0x3b,0x0a,0x20,0x20,0x20,0x20,0x7d,0x0a,0x20,
    0x20,0x20,0x20,0x66,0x72,0x61,0x67,0x43,0x6f,0x6c,0x6f,0x72,0x20,0x3d,0x20,0x70,
    0x61,0x72,0x74,0x69,0x63,0x6c,0x65,0x43,0x6f,0x6c,0x6f,0x72,0x3b,0x0a,0x7d,0x0a,
    0x0a,0x53,0x50,0x49,0x52,0x56,0x5f,0x43,0x72,0x6f,0x73,0x73,0x5f,0x4f,0x75,0x74,
    0x70,0x75,0x74,0x20,0x6d,0x61,0x69,0x6e,0x28,0x53,0x50,0x49,0x52,0x56,0x5f,0x43,
    0x72,0x6f,0x73,0x73,0x5f,0x49,0x6e,0x70,0x75,0x74,0x20,0x73,0x74,0x61,0x67,0x65,
    0x5f,0x69,0x6e,0x70,0x75,0x74,0x29,0x0a,0x7b,0x0a,0x20,0x20,0x20,0x20,0x70,0x61,
    0x72,0x74,0x69,0x63,0x6c,0x65,0x43,0x6f,0x6c,0x6f,0x72,0x20,0x3d,0x20,0x73,0x74,
    0x61,0x67,0x65,0x5f,0x69,0x6e,0x70,0x75,0x74,0x2e,0x70,0x61,0x72,0x74,0x69,0x63,
    0x6c,0x65,0x43,0x6f,0x6c,0x6f,0x72,0x3b,0x0a,0x20,0x20,0x20,0x20,0x66,0x72,0x61,
    0x67,0x5f,0x6d,0x61,0x69,0x6e,0x28,0x29,0x3b,0x0a,0x20,0x20,0x20,0x20,0x53,0x50,
    0x49,0x52,0x56,0x5f,0x43,0x72,0x6f,0x73,0x73,0x5f,0x4f,0x75,0x74,0x70,0x75,0x74,
    0x20,0x73,0x74,0x61,0x67,0x65,0x5f,0x6f,0x75,0x74,0x70,0x75,0x74,0x3b,0x0a,0x20,
    0x20,0x20,0x20,0x73,0x74,0x61,0x67,0x65,0x5f,0x6f,0x75,0x74,0x70,0x75,0x74,0x2e,
    0x66,0x72,0x61,0x67,0x43,0x6f,0x6c,0x6f,0x72,0x20,0x3d,0x20,0x66,0x72,0x61,0x67,
    0x43,0x6f,0x6c,0x6f,0x72,0x3b,0x0a,0x20,0x20,0x20,0x20,0x72,0x65,0x74,0x75,0x72,
    0x6e,0x20,0x73,0x74,0x61,0x67,0x65,0x5f,0x6f,0x75,0x74,0x70,0x75,0x74,0x3b,0x0a,
    0x7d,0x0a,0x00,
};
/*
    cbuffer vertexParams : register(b0)
    {
        row_major float4x4 _17_viewProj : packoffset(c0);
        float4 _17_cameraRight : packoffset(c4);
        float4 _17_cameraUp : packoffset(c5);
    };


    static float4 gl_Position;
    static float3 position;
    static float2 corner;
    static float2 size;
    static float3 worldPosition;
    static float3 towardCamera;
    static float2 uv;
    static float4 tile;
    static float4 instanceColor;
    static float4 color;

    struct SPIRV_Cross_Input
    {
        float2 corner : TEXCOORD0;
        float3 position : TEXCOORD1;
        float2 size : TEXCOORD2;
        float4 tile : TEXCOORD3;
        float4 color : TEXCOORD4;
    };

    struct SPIRV_Cross_Output
    {
        float3 worldPosition : TEXCOORD0;
        float3 towardCamera : TEXCOORD1;
        float2 uv : TEXCOORD2;
        float4 instanceColor : TEXCOORD3;
        float4 gl_Position : SV_Position;
    };

    void vert_main()
    {
        float3 _49 = (position + (_17_cameraRight.xyz * (corner.x * size.x))) + (_17_cameraUp.xyz * (corner.y * size.y));
        worldPosition = _49;
        towardCamera = cross(_17_cameraRight.xyz, _17_cameraUp.xyz);
        gl_Position = mul(float4(_49, 1.0f), _17_viewProj);
        float _86;
        if (corner.x > 0.0f)
        {
            _86 = tile.z;
        }
        else
        {
            _86 = tile.x;
        }
        float _101;
        if (corner.y > 0.0f)
        {
            _101 = tile.y;
        }
        else
        {
            _101 = tile.w;
        }
        uv = float2(_86, _101);
        instanceColor = color;
    }

    SPIRV_Cross_Output main(SPIRV_Cross_Input stage_input)
    {
        position = stage_input.position;
        corner = stage_input.corner;
        size = stage_input.size;
        tile = stage_input.tile;
        color = stage_input.color;
        vert_main();
        SPIRV_Cross_Output stage_output;
        stage_output.gl_Position = gl_Position;
        stage_output.worldPosition = worldPosition;
        stage_output.towardCamera = towardCamera;
        stage_output.uv = uv;
        stage_output.instanceColor = instanceColor;
        return stage_output;
    }
*/
static const uint8_t billboardVs_source_hlsl5[1904] = {
    0x63,0x62,0x75,0x66,0x66,0x65,0x72,0x20,0x76,0x65,0x72,0x74,0x65,0x78,0x50,0x61,
    0x72,0x61,0x6d,0x73,0x20,0x3a,0x20,0x72,0x65,0x67,0x69,0x73,0x74,0x65,0x72,0x28,
    0x62,0x30,0x29,0x0a,0x7b,0x0a,0x20,0x20,0x20,0x20,0x72,0x6f,0x77,0x5f,0x6d,0x61,
    0x6a,0x6f,0x72,0x20,0x66,0x6c,0x6f,0x61,0x74,0x34,0x78,0x34,0x20,0x5f,0x31,0x37,
    0x5f,0x76,0x69,0x65,0x77,0x50,0x72,0x6f,0x6a,0x20,0x3a,0x20,0x70,0x61,0x63,0x6b,
    0x6f,0x66,0x66,0x73,0x65,0x74,0x28,0x63,0x30,0x29,0x3b,0x0a,0x20,0x20,0x20,0x20,
    0x66,0x6c,0x6f,0x61,0x74,0x34,0x20,0x5f,0x31,0x37,0x5f,0x63,0x61,0x6d,0x65,0x72,
    0x61,0x52,0x69,0x67,0x68,0x74,0x20,0x3a,0x20,0x70,0x61,0x63,0x6b,0x6f,0x66,0x66,
    0x73,0x65,0x74,0x28,0x63,0x34,0x29,0x3b,0x0a,0x20,0x20,0x20,0x20,0x66,0x6c,0x6f,
    0x61,0x74,0x34,0x20,0x5f,0x31,0x37,0x5f,0x63,0x61,0x6d,0x65,0x72,0x61,0x55,0x70,
    0x20,0x3a,0x20,0x70,0x61,0x63,0x6b,0x6f,0x66,0x66,0x73,0x65,0x74,0x28,0x63,0x35,
    0x29,0x3b,0x0a,0x7d,0x3b,0x0a,0x0a,0x0a,0x73,0x74,0x61,0x74,0x69,0x63,0x20,0x66,
    0x6c,0x6f,0x61,0x74,0x34,0x20,0x67,0x6c,0x5f,0x50,0x6f,0x73,0x69,0x74,0x69,0x6f,
    0x6e,0x3b,0x0a,0x73,0x74,0x61,0x74,0x69,0x63,0x20,0x66,0x6c,0x6f,0x61,0x74,0x33,
    0x20,0x70,0x6f,0x73,0x69,0x74,0x69,0x6f,0x6e,0x3b,0x0a,0x73,0x74,0x61,0x74,0x69,
    0x63,0x20,0x66,0x6c,0x6f,0x61,0x74,0x32,0x20,0x63,0x6f,0x72,0x6e,0x65,0x72,0x3b,
    0x0a,0x73,0x74,0x61,0x74,0x69,0x63,0x20,0x66,0x6c,0x6f,0x61,0x74,0x32,0x20,0x73,
    0x69,0x7a,0x65,0x3b,0x0a,0x73,0x74,0x61,0x74,0x69,0x63,0x20,0x66,0x6c,0x6f,0x61,
    0x74,0x33,0x20,0x77,0x6f,0x72,0x6c,0x64,0x50,0x6f,0x73,0x69,0x74,0x69,0x6f,0x6e,
    0x3b,0x0a,0x73,0x74,0x61,0x74,0x69,0x63,0x20,0x66,0x6c,0x6f,0x61,0x74,0x33,0x20,
    0x74,0x6f,0x77,0x61,0x72,0x64,0x43,0x61,0x6d,0x65,0x72,0x61,0x3b,0x0a,0x73,0x74,
    0x61,0x74,0x69,0x63,0x20,0x66,0x6c,0x6f,0x61,0x74,0x32,0x20,0x75,0x76,0x3b,0x0a,
    0x73,0x74,0x61,0x74,0x69,0x63,0x20,0x66,0x6c,0x6f,0x61,0x74,0x34,0x20,0x74,0x69,
    0x6c,0x65,0x3b,0x0a,0x73,0x74,0x61,0x74,0x69,0x63,0x20,0x66,0x6c,0x6f,0x61,0x74,
    0x34,0x20,0x69,0x6e,0x73,0x74,0x61,0x6e,0x63,0x65,0x43,0x6f,0x6c,0x6f,0x72,0x3b,
    0x0a,0x73,0x74,0x61,0x74,0x69,0x63,0x20,0x66,0x6c,0x6f,0x61,0x74,0x34,0x20,0x63,
    0x6f,0x6c,0x6f,0x72,0x3b,0x0a,0x0a,0x73,0x74,0x72,0x75,0x63,0x74,0x20,0x53,0x50,
    0x49,0x52,0x56,0x5f,0x43,0x72,0x6f,0x73,0x73,0x5f,0x49,0x6e,0x70,0x75,0x74,0x0a,
    0x7b,0x0a,0x20,0x20,0x20,0x20,0x66,0x6c,0x6f,0x61,0x74,0x32,0x20,0x63,0x6f,0x72,
    0x6e,0x65,0x72,0x20,0x3a,0x20,0x54,0x45,0x58,0x43,0x4f,0x4f,0x52,0x44,0x30,0x3b,
    0x0a,0x20,0x20,0x20,0x20,0x66,0x6c,0x6f,0x61,0x74,0x33,0x20,0x70,0x6f,0x73,0x69,
    0x74,0x69,0x6f,0x6e,0x20,0x3a,0x20,0x54,0x45,0x58,0x43,0x4f,0x4f,0x52,0x44,0x31,
    0x3b,0x0a,0x20,0x20,0x20,0x20,0x66,0x6c,0x6f,0x61,0x74,0x32,0x20,0x73,0x69,0x7a,
    0x65,0x20,0x3a,0x20,0x54,0x45,0x58,0x43,0x4f,0x4f,0x52,0x44,0x32,0x3b,0x0a,0x20,
    0x20,0x20,0x20,0x66,0x6c,0x6f,0x61,0x74,0x34,0x20,0x74,0x69,0x6c,0x65,0x20,0x3a,
    0x20,0x54,0x45,0x58,0x43,0x4f,0x4f,0x52,0x44,0x33,0x3b,0x0a,0x20,0x20,0x20,0x20,
    0x66,0x6c,0x6f,0x61,0x74,0x34,0x20,0x63,0x6f,0x6c,0x6f,0x72,0x20,0x3a,0x20,0x54,
    0x45,0x58,0x43,0x4f,0x4f,0x52,0x44,0x34,0x3b,0x0a,0x7d,0x3b,0x0a,0x0a,0x73,0x74,
    0x72,0x75,0x63,0x74,0x20,0x53,0x50,0x49,0x52,0x56,0x5f,0x43,0x72,0x6f,0x73,0x73,
    0x5f,0x4f,0x75,0x74,0x70,0x75,0x74,0x0a,0x7b,0x0a,0x20,0x20,0x20,0x20,0x66,0x6c,
    0x6f,0x61,0x74,0x33,0x20,0x77,0x6f,0x72,0x6c,0x64,0x50,0x6f,0x73,0x69,0x74,0x69,
    0x6f,0x6e,0x20,0x3a,0x20,0x54,0x45,0x58,0x43,0x4f,0x4f,0x52,0x44,0x30,0x3b,0x0a,
    0x20,0x20,0x20,0x20,0x66,0x6c,0x6f,0x61,0x74,0x33,0x20,0x74,0x6f,0x77,0x61,0x72,
    0x64,0x43,0x61,0x6d,0x65,0x72,0x61,0x20,0x3a,0x20,0x54,0x45,0x58,0x43,0x4f,0x4f,
    0x52,0x44,0x31,0x3b,0x0a,0x20,0x20,0x20,0x20,0x66,0x6c,0x6f,0x61,0x74,0x32,0x20,
    0x75,0x76,0x20,0x3a,0x20,0x54,0x45,0x58,0x43,0x4f,0x4f,0x52,0x44,0x32,0x3b,0x0a,
    0x20,0x20,0x20,0x20,0x66,0x6c,0x6f,0x61,0x74,0x34,0x20,0x69,0x6e,0x73,0x74,0x61,
    0x6e,0x63,0x65,0x43,0x6f,0x6c,0x6f,0x72,0x20,0x3a,0x20,0x54,0x45,0x58,0x43,0x4f,
    0x4f,0x52,0x44,0x33,0x3b,0x0a,0x20,0x20,0x20,0x20,0x66,0x6c,0x6f,0x61,0x74,0x34,
    0x20,0x67,0x6c,0x5f,0x50,0x6f,0x73,0x69,0x74,0x69,0x6f,0x6e,0x20,0x3a,0x20,0x53,
    0x56,0x5f,0x50,0x6f,0x73,0x69,0x74,0x69,0x6f,0x6e,0x3b,0x0a,0x7d,0x3b,0x0a,0x0a,
    0x76,0x6f,0x69,0x64,0x20,0x76,0x65,0x72,0x74,0x5f,0x6d,0x61,0x69,0x6e,0x28,0x29,
    0x0a,0x7b,0x0a,0x20,0x20,0x20,0x20,0x66,0x6c,0x6f,0x61,0x74,0x33,0x20,0x5f,0x34,
    0x39,0x20,0x3d,0x20,0x28,0x70,0x6f,0x73,0x69,0x74,0x69,0x6f,0x6e,0x20,0x2b,0x20,
    0x28,0x5f,0x31,0x37,0x5f,0x63,0x61,0x6d,0x65,0x72,0x61,0x52,0x69,0x67,0x68,0x74,
    0x2e,0x78,0x79,0x7a,0x20,0x2a,0x20,0x28,0x63,0x6f,0x72,0x6e,0x65,0x72,0x2e,0x78,
    0x20,0x2a,0x20,0x73,0x69,0x7a,0x65,0x2e,0x78,0x29,0x29,0x29,0x20,0x2b,0x20,0x28,
    0x5f,0x31,0x37,0x5f,0x63,0x61,0x6d,0x65,0x72,0x61,0x55,0x70,0x2e,0x78,0x79,0x7a,
    0x20,0x2a,0x20,0x28,0x63,0x6f,0x72,0x6e,0x65,0x72,0x2e,0x79,0x20,0x2a,0x20,0x73,
    0x69,0x7a,0x65,0x2e,0x79,0x29,0x29,0x3b,0x0a,0x20,0x20,0x20,0x20,0x77,0x6f,0x72,
    0x6c,0x64,0x50,0x6f,0x73,0x69,0x74,0x69,0x6f,0x6e,0x20,0x3d,0x20,0x5f,0x34,0x39,
    0x3b,0x0a,0x20,0x20,0x20,0x20,0x74,0x6f,0x77,0x61,0x72,0x64,0x43,0x61,0x6d,0x65,
    0x72,0x61,0x20,0x3d,0x20,0x63,0x72,0x6f,0x73,0x73,0x28,0x5f,0x31,0x37,0x5f,0x63,
    0x61,0x6d,0x65,0x72,0x61,0x52,0x69,0x67,0x68,0x74,0x2e,0x78,0x79,0x7a,0x2c,0x20,
    0x5f,0x31,0x37,0x5f,0x63,0x61,0x6d,0x65,0x72,0x61,0x55,0x70,0x2e,0x78,0x79,0x7a,
    0x29,0x3b,0x0a,0x20,0x20,0x20,0x20,0x67,0x6c,0x5f,0x50,0x6f,0x73,0x69,0x74,0x69,
    0x6f,0x6e,0x20,0x3d,0x20,0x6d,0x75,0x6c,0x28,0x66,0x6c,0x6f,0x61,0x74,0x34,0x28,
    0x5f,0x34,0x39,0x2c,0x20,0x31,0x2e,0x30,0x66,0x29,0x2c,0x20,0x5f,0x31,0x37,0x5f,
    0x76,0x69,0x65,0x77,0x50,0x72,0x6f,0x6a,0x29,0x3b,0x0a,0x20,0x20,0x20,0x20,0x66,
    0x6c,0x6f,0x61,0x74,0x20,0x5f,0x38,0x36,0x3b,0x0a,0x20,0x20,0x20,0x20,0x69,0x66,
    0x20,0x28,0x63,0x6f,0x72,0x6e,0x65,0x72,0x2e,0x78,0x20,0x3e,0x20,0x30,0x2e,0x30,
    0x66,0x29,0x0a,0x20,0x20,0x20,0x20,0x7b,0x0a,0x20,0x20,0x20,0x20,0x20,0x20,0x20,
    0x20,0x5f,0x38,0x36,0x20,0x3d,0x20,0x74,0x69,0x6c,0x65,0x2e,0x7a,0x3b,0x0a,0x20,
    0x20,0x20,0x20,0x7d,0x0a,0x20,0x20,0x20,0x20,0x65,0x6c,0x73,0x65,0x0a,0x20,0x20,
    0x20,0x20,0x7b,0x0a,0x20,0x20,0x20,0x20,0x20,0x20,0x20,0x20,0x5f,0x38,0x36,0x20,
    0x3d,0x20,0x74,0x69,0x6c,0x65,0x2e,0x78,0x3b,0x0a,0x20,0x20,0x20,0x20,0x7d,0x0a,
    0x20,0x20,0x20,0x20,0x66,0x6c,0x6f,0x61,0x74,0x20,0x5f,0x31,0x30,0x31,0x3b,0x0a,
    0x20,0x20,0x20,0x20,0x69,0x66,0x20,0x28,0x63,0x6f,0x72,0x6e,0x65,0x72,0x2e,0x79,
    0x20,0x3e,0x20,0x30,0x2e,0x30,0x66,0x29,0x0a,0x20,0x20,0x20,0x20,0x7b,0x0a,0x20,
    0x20,0x20,0x20,0x20,0x20,0x20,0x20,0x5f,0x31,0x30,0x31,0x20,0x3d,0x20,0x74,0x69,
    0x6c,0x65,0x2e,0x79,0x3b,0x0a,0x20,0x20,0x20,0x20,0x7d,0x0a,0x20,0x20,0x20,0x20,
    0x65,0x6c,0x73,0x65,0x0a,0x20,0x20,0x20,0x20,0x7b,0x0a,0x20,0x20,0x20,0x20,0x20,
    0x20,0x20,0x20,0x5f,0x31,0x30,0x31,0x20,0x3d,0x20,0x74,0x69,0x6c,0x65,0x2e,0x77,
    0x3b,0x0a,0x20,0x20,0x20,0x20,0x7d,0x0a,0x20,0x20,0x20,0x20,0x75,0x76,0x20,0x3d,
    0x20,0x66,0x6c,0x6f,0x61,0x74,0x32,0x28,0x5f,0x38,0x36,0x2c,0x20,0x5f,0x31,0x30,
    0x31,0x29,0x3b,0x0a,0x20,0x20,0x20,0x20,0x69,0x6e,0x73,0x74,0x61,0x6e,0x63,0x65,
    0x43,0x6f,0x6c,0x6f,0x72,0x20,0x3d,0x20,0x63,0x6f,0x6c,0x6f,0x72,0x3b,0x0a,0x7d,
    0x0a,0x0a,0x53,0x50,0x49,0x52,0x56,0x5f,0x43,0x72,0x6f,0x73,0x73,0x5f,0x4f,0x75,
    0x74,0x70,0x75,0x74,0x20,0x6d,0x61,0x69,0x6e,0x28,0x53,0x50,0x49,0x52,0x56,0x5f,
    0x43,0x72,0x6f,0x73,0x73,0x5f,0x49,0x6e,0x70,0x75,0x74,0x20,0x73,0x74,0x61,0x67,
    0x65,0x5f,0x69,0x6e,0x70,0x75,0x74,0x29,0x0a,0x7b,0x0a,0x20,0x20,0x20,0x20,0x70,
    0x6f,0x73,0x69,0x74,0x69,0x6f,0x6e,0x20,0x3d,0x20,0x73,0x74,0x61,0x67,0x65,0x5f,
    0x69,0x6e,0x70,0x75,0x74,0x2e,0x70,0x6f,0x73,0x69,0x74,0x69,0x6f,0x6e,0x3b,0x0a,
    0x20,0x20,0x20,0x20,0x63,0x6f,0x72,0x6e,0x65,0x72,0x20,0x3d,0x20,0x73,0x74,0x61,
    0x67,0x65,0x5f,0x69,0x6e,0x70,0x75,0x74,0x2e,0x63,0x6f,0x72,0x6e,0x65,0x72,0x3b,
    0x0a,0x20,0x20,0x20,0x20,0x73,0x69,0x7a,0x65,0x20,0x3d,0x20,0x73,0x74,0x61,0x67,
    0x65,0x5f,0x69,0x6e,0x70,0x75,0x74,0x2e,0x73,0x69,0x7a,0x65,0x3b,0x0a,0x20,0x20,
    0x20,0x20,0x74,0x69,0x6c,0x65,0x20,0x3d,0x20,0x73,0x74,0x61,0x67,0x65,0x5f,0x69,
    0x6e,0x70,0x75,0x74,0x2e,0x74,0x69,0x6c,0x65,0x3b,0x0a,0x20,0x20,0x20,0x20,0x63,
    0x6f,0x6c,0x6f,0x72,0x20,0x3d,0x20,0x73,0x74,0x61,0x67,0x65,0x5f,0x69,0x6e,0x70,
    0x75,0x74,0x2e,0x63,0x6f,0x6c,0x6f,0x72,0x3b,0x0a,0x20,0x20,0x20,0x20,0x76,0x65,
    0x72,0x74,0x5f,0x6d,0x61,0x69,0x6e,0x28,0x29,0x3b,0x0a,0x20,0x20,0x20,0x20,0x53,
    0x50,0x49,0x52,0x56,0x5f,0x43,0x72,0x6f,0x73,0x73,0x5f,0x4f,0x75,0x74,0x70,0x75,
    0x74,0x20,0x73,0x74,0x61,0x67,0x65,0x5f,0x6f,0x75,0x74,0x70,0x75,0x74,0x3b,0x0a,
    0x20,0x20,0x20,0x20,0x73,0x74,0x61,0x67,0x65,0x5f,0x6f,0x75,0x74,0x70,0x75,0x74,
    0x2e,0x67,0x6c,0x5f,0x50,0x6f,0x73,0x69,0x74,0x69,0x6f,0x6e,0x20,0x3d,0x20,0x67,
    0x6c,0x5f,0x50,0x6f,0x73,0x69,0x74,0x69,0x6f,0x6e,0x3b,0x0a,0x20,0x20,0x20,0x20,
    0x73,0x74,0x61,0x67,0x65,0x5f,0x6f,0x75,0x74,0x70,0x75,0x74,0x2e,0x77,0x6f,0x72,
    0x6c,0x64,0x50,0x6f,0x73,0x69,0x74,0x69,0x6f,0x6e,0x20,0x3d,0x20,0x77,0x6f,0x72,
    0x6c,0x64,0x50,0x6f,0x73,0x69,0x74,0x69,0x6f,0x6e,0x3b,0x0a,0x20,0x20,0x20,0x20,
    0x73,0x74,0x61,0x67,0x65,0x5f,0x6f,0x75,0x74,0x70,0x75,0x74,0x2e,0x74,0x6f,0x77,
    0x61,0x72,0x64,0x43,0x61,0x6d,0x65,0x72,0x61,0x20,0x3d,0x20,0x74,0x6f,0x77,0x61,
    0x72,0x64,0x43,0x61,0x6d,0x65,0x72,0x61,0x3b,0x0a,0x20,0x20,0x20,0x20,0x73,0x74,
    0x61,0x67,0x65,0x5f,0x6f,0x75,0x74,0x70,0x75,0x74,0x2e,0x75,0x76,0x20,0x3d,0x20,
    0x75,0x76,0x3b,0x0a,0x20,0x20,0x20,0x20,0x73,0x74,0x61,0x67,0x65,0x5f,0x6f,0x75,
    0x74,0x70,0x75,0x74,0x2e,0x69,0x6e,0x73,0x74,0x61,0x6e,0x63,0x65,0x43,0x6f,0x6c,
    0x6f,0x72,0x20,0x3d,0x20,0x69,0x6e,0x73,0x74,0x61,0x6e,0x63,0x65,0x43,0x6f,0x6c,
    0x6f,0x72,0x3b,0x0a,0x20,0x20,0x20,0x20,0x72,0x65,0x74,0x75,0x72,0x6e,0x20,0x73,
    0x74,0x61,0x67,0x65,0x5f,0x6f,0x75,0x74,0x70,0x75,0x74,0x3b,0x0a,0x7d,0x0a,0x00,

};
/*
    cbuffer lightParams : register(b1)
    {
        float4 _25_ambient : packoffset(c0);
        float4 _25_dirLight : packoffset(c1);
        float4 _25_dirColor : packoffset(c2);
        float4 _25_pointLight[4] : packoffset(c3);
        float4 _25_pointColor[4] : packoffset(c7);
    };

    cbuffer billboardParams : register(b2)
    {
        float4 _97_billboardColor : packoffset(c0);
        float4 _97_billboard : packoffset(c1);
    };

    Texture2D<float4> billboardTexture : register(t0);
    SamplerState billboardSampler : register(s0);

    static float2 uv;
    static float4 instanceColor;
    static float3 towardCamera;
    static float3 worldPosition;
    static float4 fragColor;

    struct SPIRV_Cross_Input
    {
        float3 worldPosition : TEXCOORD0;
        float3 towardCamera : TEXCOORD1;
        float2 uv : TEXCOORD2;
        float4 instanceColor : TEXCOORD3;
    };

    struct SPIRV_Cross_Output
    {
        float4 fragColor : SV_Target0;
    };

    float3 pointLightAt(int i, float3 position, float3 normal)
    {
        float3 _33 = _25_pointLight[i].xyz - position;
        float _37 = length(_33);
        float _50 = clamp(1.0f - (_37 / _25_pointColor[i].w), 0.0f, 1.0f);
        return _25_pointColor[i].xyz * (((_50 * _50) * max(dot(normal, _33 / max(_37, 9.9999997473787516355514526367188e-05f).xxx), 0.0f)) * _25_pointLight[i].w);
    }

    void frag_main()
    {
        float4 _106 = (_97_billboardColor * billboardTexture.Sample(billboardSampler, uv)) * instanceColor;
        float4 pixel = _106;
        if (_106.w < 0.5f)
        {
            discard;
        }
        if (_97_billboard.y != 0.0f)
        {
            float3 _126 = normalize(towardCamera);
            float3 light = _25_ambient.xyz + (_25_dirColor.xyz * (max(dot(_126, _25_dirLight.xyz), 0.0f) * _25_dirLight.w));
            for (int i = 0; i < int(_25_ambient.w + 0.5f); i++)
            {
                int param = i;
                float3 param_1 = worldPosition;
                float3 param_2 = _126;
                light += pointLightAt(param, param_1, param_2);
            }
            float4 _173 = pixel;
            float3 _175 = _173.xyz * light;
            float4 _189 = _173;
            _189.x = _175.x;
            _189.y = _175.y;
            _189.z = _175.z;
            pixel = _189;
        }
        fragColor = pixel;
    }

    SPIRV_Cross_Output main(SPIRV_Cross_Input stage_input)
    {
        uv = stage_input.uv;
        instanceColor = stage_input.instanceColor;
        towardCamera = stage_input.towardCamera;
        worldPosition = stage_input.worldPosition;
        frag_main();
        SPIRV_Cross_Output stage_output;
        stage_output.fragColor = fragColor;
        return stage_output;
    }
*/
static const uint8_t billboardFs_source_hlsl5[2458] = {
    0x63,0x62,0x75,0x66,0x66,0x65,0x72,0x20,0x6c,0x69,0x67,0x68,0x74,0x50,0x61,0x72,
    0x61,0x6d,0x73,0x20,0x3a,0x20,0x72,0x65,0x67,0x69,0x73,0x74,0x65,0x72,0x28,0x62,
    0x31,0x29,0x0a,0x7b,0x0a,0x20,0x20,0x20,0x20,0x66,0x6c,0x6f,0x61,0x74,0x34,0x20,
    0x5f,0x32,0x35,0x5f,0x61,0x6d,0x62,0x69,0x65,0x6e,0x74,0x20,0x3a,0x20,0x70,0x61,
    0x63,0x6b,0x6f,0x66,0x66,0x73,0x65,0x74,0x28,0x63,0x30,0x29,0x3b,0x0a,0x20,0x20,
    0x20,0x20,0x66,0x6c,0x6f,0x61,0x74,0x34,0x20,0x5f,0x32,0x35,0x5f,0x64,0x69,0x72,
    0x4c,0x69,0x67,0x68,0x74,0x20,0x3a,0x20,0x70,0x61,0x63,0x6b,0x6f,0x66,0x66,0x73,
    0x65,0x74,0x28,0x63,0x31,0x29,0x3b,0x0a,0x20,0x20,0x20,0x20,0x66,0x6c,0x6f,0x61,
    0x74,0x34,0x20,0x5f,0x32,0x35,0x5f,0x64,0x69,0x72,0x43,0x6f,0x6c,0x6f,0x72,0x20,
    0x3a,0x20,0x70,0x61,0x63,0x6b,0x6f,0x66,0x66,0x73,0x65,0x74,0x28,0x63,0x32,0x29,
    0x3b,0x0a,0x20,0x20,0x20,0x20,0x66,0x6c,0x6f,0x61,0x74,0x34,0x20,0x5f,0x32,0x35,
    0x5f,0x70,0x6f,0x69,0x6e,0x74,0x4c,0x69,0x67,0x68,0x74,0x5b,0x34,0x5d,0x20,0x3a,
    0x20,0x70,0x61,0x63,0x6b,0x6f,0x66,0x66,0x73,0x65,0x74,0x28,0x63,0x33,0x29,0x3b,
    0x0a,0x20,0x20,0x20,0x20,0x66,0x6c,0x6f,0x61,0x74,0x34,0x20,0x5f,0x32,0x35,0x5f,
    0x70,0x6f,0x69,0x6e,0x74,0x43,0x6f,0x6c,0x6f,0x72,0x5b,0x34,0x5d,0x20,0x3a,0x20,
    0x70,0x61,0x63,0x6b,0x6f,0x66,0x66,0x73,0x65,0x74,0x28,0x63,0x37,0x29,0x3b,0x0a,
    0x7d,0x3b,0x0a,0x0a,0x63,0x62,0x75,0x66,0x66,0x65,0x72,0x20,0x62,0x69,0x6c,0x6c,
    0x62,0x6f,0x61,0x72,0x64,0x50,0x61,0x72,0x61,0x6d,0x73,0x20,0x3a,0x20,0x72,0x65,
    0x67,0x69,0x73,0x74,0x65,0x72,0x28,0x62,0x32,0x29,0x0a,0x7b,0x0a,0x20,0x20,0x20,
    0x20,0x66,0x6c,0x6f,0x61,0x74,0x34,0x20,0x5f,0x39,0x37,0x5f,0x62,0x69,0x6c,0x6c,
    0x62,0x6f,0x61,0x72,0x64,0x43,0x6f,0x6c,0x6f,0x72,0x20,0x3a,0x20,0x70,0x61,0x63,
    0x6b,0x6f,0x66,0x66,0x73,0x65,0x74,0x28,0x63,0x30,0x29,0x3b,0x0a,0x20,0x20,0x20,
    0x20,0x66,0x6c,0x6f,0x61,0x74,0x34,0x20,0x5f,0x39,0x37,0x5f,0x62,0x69,0x6c,0x6c,
    0x62,0x6f,0x61,0x72,0x64,0x20,0x3a,0x20,0x70,0x61,0x63,0x6b,0x6f,0x66,0x66,0x73,
    0x65,0x74,0x28,0x63,0x31,0x29,0x3b,0x0a,0x7d,0x3b,0x0a,0x0a,0x54,0x65,0x78,0x74,
    0x75,0x72,0x65,0x32,0x44,0x3c,0x66,0x6c,0x6f,0x61,0x74,0x34,0x3e,0x20,0x62,0x69,
    0x6c,0x6c,0x62,0x6f,0x61,0x72,0x64,0x54,0x65,0x78,0x74,0x75,0x72,0x65,0x20,0x3a,
    0x20,0x72,0x65,0x67,0x69,0x73,0x74,0x65,0x72,0x28,0x74,0x30,0x29,0x3b,0x0a,0x53,
    0x61,0x6d,0x70,0x6c,0x65,0x72,0x53,0x74,0x61,0x74,0x65,0x20,0x62,0x69,0x6c,0x6c,
    0x62,0x6f,0x61,0x72,0x64,0x53,0x61,0x6d,0x70,0x6c,0x65,0x72,0x20,0x3a,0x20,0x72,
    0x65,0x67,0x69,0x73,0x74,0x65,0x72,0x28,0x73,0x30,0x29,0x3b,0x0a,0x0a,0x73,0x74,
    0x61,0x74,0x69,0x63,0x20,0x66,0x6c,0x6f,0x61,0x74,0x32,0x20,0x75,0x76,0x3b,0x0a,
    0x73,0x74,0x61,0x74,0x69,0x63,0x20,0x66,0x6c,0x6f,0x61,0x74,0x34,0x20,0x69,0x6e,
    0x73,0x74,0x61,0x6e,0x63,0x65,0x43,0x6f,0x6c,0x6f,0x72,0x3b,0x0a,0x73,0x74,0x61,
    0x74,0x69,0x63,0x20,0x66,0x6c,0x6f,0x61,0x74,0x33,0x20,0x74,0x6f,0x77,0x61,0x72,
    0x64,0x43,0x61,0x6d,0x65,0x72,0x61,0x3b,0x0a,0x73,0x74,0x61,0x74,0x69,0x63,0x20,
    0x66,0x6c,0x6f,0x61,0x74,0x33,0x20,0x77,0x6f,0x72,0x6c,0x64,0x50,0x6f,0x73,0x69,
    0x74,0x69,0x6f,0x6e,0x3b,0x0a,0x73,0x74,0x61,0x74,0x69,0x63,0x20,0x66,0x6c,0x6f,
    0x61,0x74,0x34,0x20,0x66,0x72,0x61,0x67,0x43,0x6f,0x6c,0x6f,0x72,0x3b,0x0a,0x0a,
    0x73,0x74,0x72,0x75,0x63,0x74,0x20,0x53,0x50,0x49,0x52,0x56,0x5f,0x43,0x72,0x6f,
    0x73,0x73,0x5f,0x49,0x6e,0x70,0x75,0x74,0x0a,0x7b,0x0a,0x20,0x20,0x20,0x20,0x66,
    0x6c,0x6f,0x61,0x74,0x33,0x20,0x77,0x6f,0x72,0x6c,0x64,0x50,0x6f,0x73,0x69,0x74,
    0x69,0x6f,0x6e,0x20,0x3a,0x20,0x54,0x45,0x58,0x43,0x4f,0x4f,0x52,0x44,0x30,0x3b,
    0x0a,0x20,0x20,0x20,0x20,0x66,0x6c,0x6f,0x61,0x74,0x33,0x20,0x74,0x6f,0x77,0x61,
    0x72,0x64,0x43,0x61,0x6d,0x65,0x72,0x61,0x20,0x3a,0x20,0x54,0x45,0x58,0x43,0x4f,
    0x4f,0x52,0x44,0x31,0x3b,0x0a,0x20,0x20,0x20,0x20,0x66,0x6c,0x6f,0x61,0x74,0x32,
    0x20,0x75,0x76,0x20,0x3a,0x20,0x54,0x45,0x58,0x43,0x4f,0x4f,0x52,0x44,0x32,0x3b,
    0x0a,0x20,0x20,0x20,0x20,0x66,0x6c,0x6f,0x61,0x74,0x34,0x20,0x69,0x6e,0x73,0x74,
    0x61,0x6e,0x63,0x65,0x43,0x6f,0x6c,0x6f,0x72,0x20,0x3a,0x20,0x54,0x45,0x58,0x43,
    0x4f,0x4f,0x52,0x44,0x33,0x3b,0x0a,0x7d,0x3b,0x0a,0x0a,0x73,0x74,0x72,0x75,0x63,
    0x74,0x20,0x53,0x50,0x49,0x52,0x56,0x5f,0x43,0x72,0x6f,0x73,0x73,0x5f,0x4f,0x75,
    0x74,0x70,0x75,0x74,0x0a,0x7b,0x0a,0x20,0x20,0x20,0x20,0x66,0x6c,0x6f,0x61,0x74,
    0x34,0x20,0x66,0x72,0x61,0x67,0x43,0x6f,0x6c,0x6f,0x72,0x20,0x3a,0x20,0x53,0x56,
    0x5f,0x54,0x61,0x72,0x67,0x65,0x74,0x30,0x3b,0x0a,0x7d,0x3b,0x0a,0x0a,0x66,0x6c,
    0x6f,0x61,0x74,0x33,0x20,0x70,0x6f,0x69,0x6e,0x74,0x4c,0x69,0x67,0x68,0x74,0x41,
    0x74,0x28,0x69,0x6e,0x74,0x20,0x69,0x2c,0x20,0x66,0x6c,0x6f,0x61,0x74,0x33,0x20,
    0x70,0x6f,0x73,0x69,0x74,0x69,0x6f,0x6e,0x2c,0x20,0x66,0x6c,0x6f,0x61,0x74,0x33,
    0x20,0x6e,0x6f,0x72,0x6d,0x61,0x6c,0x29,0x0a,0x7b,0x0a,0x20,0x20,0x20,0x20,0x66,
    0x6c,0x6f,0x61,0x74,0x33,0x20,0x5f,0x33,0x33,0x20,0x3d,0x20,0x5f,0x32,0x35,0x5f,
    0x70,0x6f,0x69,0x6e,0x74,0x4c,0x69,0x67,0x68,0x74,0x5b,0x69,0x5d,0x2e,0x78,0x79,
    0x7a,0x20,0x2d,0x20,0x70,0x6f,0x73,0x69,0x74,0x69,0x6f,0x6e,0x3b,0x0a,0x20,0x20,
    0x20,0x20,0x66,0x6c,0x6f,0x61,0x74,0x20,0x5f,0x33,0x37,0x20,0x3d,0x20,0x6c,0x65,
    0x6e,0x67,0x74,0x68,0x28,0x5f,0x33,0x33,0x29,0x3b,0x0a,0x20,0x20,0x20,0x20,0x66,
    0x6c,0x6f,0x61,0x74,0x20,0x5f,0x35,0x30,0x20,0x3d,0x20,0x63,0x6c,0x61,0x6d,0x70,
    0x28,0x31,0x2e,0x30,0x66,0x20,0x2d,0x20,0x28,0x5f,0x33,0x37,0x20,0x2f,0x20,0x5f,
    0x32,0x35,0x5f,0x70,0x6f,0x69,0x6e,0x74,0x43,0x6f,0x6c,0x6f,0x72,0x5b,0x69,0x5d,
    0x2e,0x77,0x29,0x2c,0x20,0x30,0x2e,0x30,0x66,0x2c,0x20,0x31,0x2e,0x30,0x66,0x29,
    0x3b,0x0a,0x20,0x20,0x20,0x20,0x72,0x65,0x74,0x75,0x72,0x6e,0x20,0x5f,0x32,0x35,
    0x5f,0x70,0x6f,0x69,0x6e,0x74,0x43,0x6f,0x6c,0x6f,0x72,0x5b,0x69,0x5d,0x2e,0x78,
    0x79,0x7a,0x20,0x2a,0x20,0x28,0x28,0x28,0x5f,0x35,0x30,0x20,0x2a,0x20,0x5f,0x35,
    0x30,0x29,0x20,0x2a,0x20,0x6d,0x61,0x78,0x28,0x64,0x6f,0x74,0x28,0x6e,0x6f,0x72,
    0x6d,0x61,0x6c,0x2c,0x20,0x5f,0x33,0x33,0x20,0x2f,0x20,0x6d,0x61,0x78,0x28,0x5f,
    0x33,0x37,0x2c,0x20,0x39,0x2e,0x39,0x39,0x39,0x39,0x39,0x39,0x37,0x34,0x37,0x33,
    0x37,0x38,0x37,0x35,0x31,0x36,0x33,0x35,0x35,0x35,0x31,0x34,0x35,0x32,0x36,0x33,
    0x36,0x37,0x31,0x38,0x38,0x65,0x2d,0x30,0x35,0x66,0x29,0x2e,0x78,0x78,0x78,0x29,
    0x2c,0x20,0x30,0x2e,0x30,0x66,0x29,0x29,0x20,0x2a,0x20,0x5f,0x32,0x35,0x5f,0x70,
    0x6f,0x69,0x6e,0x74,0x4c,0x69,0x67,0x68,0x74,0x5b,0x69,0x5d,0x2e,0x77,0x29,0x3b,
    0x0a,0x7d,0x0a,0x0a,0x76,0x6f,0x69,0x64,0x20,0x66,0x72,0x61,0x67,0x5f,0x6d,0x61,
    0x69,0x6e,0x28,0x29,0x0a,0x7b,0x0a,0x20,0x20,0x20,0x20,0x66,0x6c,0x6f,0x61,0x74,
    0x34,0x20,0x5f,0x31,0x30,0x36,0x20,0x3d,0x20,0x28,0x5f,0x39,0x37,0x5f,0x62,0x69,
    0x6c,0x6c,0x62,0x6f,0x61,0x72,0x64,0x43,0x6f,0x6c,0x6f,0x72,0x20,0x2a,0x20,0x62,
    0x69,0x6c,0x6c,0x62,0x6f,0x61,0x72,0x64,0x54,0x65,0x78,0x74,0x75,0x72,0x65,0x2e,
    0x53,0x61,0x6d,0x70,0x6c,0x65,0x28,0x62,0x69,0x6c,0x6c,0x62,0x6f,0x61,0x72,0x64,
    0x53,0x61,0x6d,0x70,0x6c,0x65,0x72,0x2c,0x20,0x75,0x76,0x29,0x29,0x20,0x2a,0x20,
    0x69,0x6e,0x73,0x74,0x61,0x6e,0x63,0x65,0x43,0x6f,0x6c,0x6f,0x72,0x3b,0x0a,0x20,
    0x20,0x20,0x20,0x66,0x6c,0x6f,0x61,0x74,0x34,0x20,0x70,0x69,0x78,0x65,0x6c,0x20,
    0x3d,0x20,0x5f,0x31,0x30,0x36,0x3b,0x0a,0x20,0x20,0x20,0x20,0x69,0x66,0x20,0x28,
    0x5f,0x31,0x30,0x36,0x2e,0x77,0x20,0x3c,0x20,0x30,0x2e,0x35,0x66,0x29,0x0a,0x20,
    0x20,0x20,0x20,0x7b,0x0a,0x20,0x20,0x20,0x20,0x20,0x20,0x20,0x20,0x64,0x69,0x73,
    0x63,0x61,0x72,0x64,0x3b,0x0a,0x20,0x20,0x20,0x20,0x7d,0x0a,0x20,0x20,0x20,0x20,
    0x69,0x66,0x20,0x28,0x5f,0x39,0x37,0x5f,0x62,0x69,0x6c,0x6c,0x62,0x6f,0x61,0x72,
    0x64,0x2e,0x79,0x20,0x21,0x3d,0x20,0x30,0x2e,0x30,0x66,0x29,0x0a,0x20,0x20,0x20,
    0x20,0x7b,0x0a,0x20,0x20,0x20,0x20,0x20,0x20,0x20,0x20,0x66,0x6c,0x6f,0x61,0x74,
    0x33,0x20,0x5f,0x31,0x32,0x36,0x20,0x3d,0x20,0x6e,0x6f,0x72,0x6d,0x61,0x6c,0x69,
    0x7a,0x65,0x28,0x74,0x6f,0x77,0x61,0x72,0x64,0x43,0x61,0x6d,0x65,0x72,0x61,0x29,
    0x3b,0x0a,0x20,0x20,0x20,0x20,0x20,0x20,0x20,0x20,0x66,0x6c,0x6f,0x61,0x74,0x33,
    0x20,0x6c,0x69,0x67,0x68,0x74,0x20,0x3d,0x20,0x5f,0x32,0x35,0x5f,0x61,0x6d,0x62,
    0x69,0x65,0x6e,0x74,0x2e,0x78,0x79,0x7a,0x20,0x2b,0x20,0x28,0x5f,0x32,0x35,0x5f,
    0x64,0x69,0x72,0x43,0x6f,0x6c,0x6f,0x72,0x2e,0x78,0x79,0x7a,0x20,0x2a,0x20,0x28,
    0x6d,0x61,0x78,0x28,0x64,0x6f,0x74,0x28,0x5f,0x31,0x32,0x36,0x2c,0x20,0x5f,0x32,
    0x35,0x5f,0x64,0x69,0x72,0x4c,0x69,0x67,0x68,0x74,0x2e,0x78,0x79,0x7a,0x29,0x2c,
    0x20,0x30,0x2e,0x30,0x66,0x29,0x20,0x2a,0x20,0x5f,0x32,0x35,0x5f,0x64,0x69,0x72,
    0x4c,0x69,0x67,0x68,0x74,0x2e,0x77,0x29,0x29,0x3b,0x0a,0x20,0x20,0x20,0x20,0x20,
    0x20,0x20,0x20,0x66,0x6f,0x72,0x20,0x28,0x69,0x6e,0x74,0x20,0x69,0x20,0x3d,0x20,
    0x30,0x3b,0x20,0x69,0x20,0x3c,0x20,0x69,0x6e,0x74,0x28,0x5f,0x32,0x35,0x5f,0x61,
    0x6d,0x62,0x69,0x65,0x6e,0x74,0x2e,0x77,0x20,0x2b,0x20,0x30,0x2e,0x35,0x66,0x29,
    0x3b,0x20,0x69,0x2b,0x2b,0x29,0x0a,0x20,0x20,0x20,0x20,0x20,0x20,0x20,0x20,0x7b,
    0x0a,0x20,0x20,0x20,0x20,0x20,0x20,0x20,0x20,0x20,0x20,0x20,0x20,0x69,0x6e,0x74,
    0x20,0x70,0x61,0x72,0x61,0x6d,0x20,0x3d,0x20,0x69,0x3b,0x0a,0x20,0x20,0x20,0x20,
    0x20,0x20,0x20,0x20,0x20,0x20,0x20,0x20,0x66,0x6c,0x6f,0x61,0x74,0x33,0x20,0x70,
    0x61,0x72,0x61,0x6d,0x5f,0x31,0x20,0x3d,0x20,0x77,0x6f,0x72,0x6c,0x64,0x50,0x6f,
    0x73,0x69,0x74,0x69,0x6f,0x6e,0x3b,0x0a,0x20,0x20,0x20,0x20,0x20,0x20,0x20,0x20,
    0x20,0x20,0x20,0x20,0x66,0x6c,0x6f,0x61,0x74,0x33,0x20,0x70,0x61,0x72,0x61,0x6d,
    0x5f,0x32,0x20,0x3d,0x20,0x5f,0x31,0x32,0x36,0x3b,0x0a,0x20,0x20,0x20,0x20,0x20,
    0x20,0x20,0x20,0x20,0x20,0x20,0x20,0x6c,0x69,0x67,0x68,0x74,0x20,0x2b,0x3d,0x20,
    0x70,0x6f,0x69,0x6e,0x74,0x4c,0x69,0x67,0x68,0x74,0x41,0x74,0x28,0x70,0x61,0x72,
    0x61,0x6d,0x2c,0x20,0x70,0x61,0x72,0x61,0x6d,0x5f,0x31,0x2c,0x20,0x70,0x61,0x72,
    0x61,0x6d,0x5f,0x32,0x29,0x3b,0x0a,0x20,0x20,0x20,0x20,0x20,0x20,0x20,0x20,0x7d,
    0x0a,0x20,0x20,0x20,0x20,0x20,0x20,0x20,0x20,0x66,0x6c,0x6f,0x61,0x74,0x34,0x20,
    0x5f,0x31,0x37,0x33,0x20,0x3d,0x20,0x70,0x69,0x78,0x65,0x6c,0x3b,0x0a,0x20,0x20,
    0x20,0x20,0x20,0x20,0x20,0x20,0x66,0x6c,0x6f,0x61,0x74,0x33,0x20,0x5f,0x31,0x37,
    0x35,0x20,0x3d,0x20,0x5f,0x31,0x37,0x33,0x2e,0x78,0x79,0x7a,0x20,0x2a,0x20,0x6c,
    0x69,0x67,0x68,0x74,0x3b,0x0a,0x20,0x20,0x20,0x20,0x20,0x20,0x20,0x20,0x66,0x6c,
    0x6f,0x61,0x74,0x34,0x20,0x5f,0x31,0x38,0x39,0x20,0x3d,0x20,0x5f,0x31,0x37,0x33,
    0x3b,0x0a,0x20,0x20,0x20,0x20,0x20,0x20,0x20,0x20,0x5f,0x31,0x38,0x39,0x2e,0x78,
    0x20,0x3d,0x20,0x5f,0x31,0x37,0x35,0x2e,0x78,0x3b,0x0a,0x20,0x20,0x20,0x20,0x20,
    0x20,0x20,0x20,0x5f,0x31,0x38,0x39,0x2e,0x79,0x20,0x3d,0x20,0x5f,0x31,0x37,0x35,
    0x2e,0x79,0x3b,0x0a,0x20,0x20,0x20,0x20,0x20,0x20,0x20,0x20,0x5f,0x31,0x38,0x39,
    0x2e,0x7a,0x20,0x3d,0x20,0x5f,0x31,0x37,0x35,0x2e,0x7a,0x3b,0x0a,0x20,0x20,0x20,
    0x20,0x20,0x20,0x20,0x20,0x70,0x69,0x78,0x65,0x6c,0x20,0x3d,0x20,0x5f,0x31,0x38,
    0x39,0x3b,0x0a,0x20,0x20,0x20,0x20,0x7d,0x0a,0x20,0x20,0x20,0x20,0x66,0x72,0x61,
    0x67,0x43,0x6f,0x6c,0x6f,0x72,0x20,0x3d,0x20,0x70,0x69,0x78,0x65,0x6c,0x3b,0x0a,
    0x7d,0x0a,0x0a,0x53,0x50,0x49,0x52,0x56,0x5f,0x43,0x72,0x6f,0x73,0x73,0x5f,0x4f,
    0x75,0x74,0x70,0x75,0x74,0x20,0x6d,0x61,0x69,0x6e,0x28,0x53,0x50,0x49,0x52,0x56,
    0x5f,0x43,0x72,0x6f,0x73,0x73,0x5f,0x49,0x6e,0x70,0x75,0x74,0x20,0x73,0x74,0x61,
    0x67,0x65,0x5f,0x69,0x6e,0x70,0x75,0x74,0x29,0x0a,0x7b,0x0a,0x20,0x20,0x20,0x20,
    0x75,0x76,0x20,0x3d,0x20,0x73,0x74,0x61,0x67,0x65,0x5f,0x69,0x6e,0x70,0x75,0x74,
    0x2e,0x75,0x76,0x3b,0x0a,0x20,0x20,0x20,0x20,0x69,0x6e,0x73,0x74,0x61,0x6e,0x63,
    0x65,0x43,0x6f,0x6c,0x6f,0x72,0x20,0x3d,0x20,0x73,0x74,0x61,0x67,0x65,0x5f,0x69,
    0x6e,0x70,0x75,0x74,0x2e,0x69,0x6e,0x73,0x74,0x61,0x6e,0x63,0x65,0x43,0x6f,0x6c,
    0x6f,0x72,0x3b,0x0a,0x20,0x20,0x20,0x20,0x74,0x6f,0x77,0x61,0x72,0x64,0x43,0x61,
    0x6d,0x65,0x72,0x61,0x20,0x3d,0x20,0x73,0x74,0x61,0x67,0x65,0x5f,0x69,0x6e,0x70,
    0x75,0x74,0x2e,0x74,0x6f,0x77,0x61,0x72,0x64,0x43,0x61,0x6d,0x65,0x72,0x61,0x3b,
    0x0a,0x20,0x20,0x20,0x20,0x77,0x6f,0x72,0x6c,0x64,0x50,0x6f,0x73,0x69,0x74,0x69,
    0x6f,0x6e,0x20,0x3d,0x20,0x73,0x74,0x61,0x67,0x65,0x5f,0x69,0x6e,0x70,0x75,0x74,
    0x2e,0x77,0x6f,0x72,0x6c,0x64,0x50,0x6f,0x73,0x69,0x74,0x69,0x6f,0x6e,0x3b,0x0a,
    0x20,0x20,0x20,0x20,0x66,0x72,0x61,0x67,0x5f,0x6d,0x61,0x69,0x6e,0x28,0x29,0x3b,
    0x0a,0x20,0x20,0x20,0x20,0x53,0x50,0x49,0x52,0x56,0x5f,0x43,0x72,0x6f,0x73,0x73,
    0x5f,0x4f,0x75,0x74,0x70,0x75,0x74,0x20,0x73,0x74,0x61,0x67,0x65,0x5f,0x6f,0x75,
    0x74,0x70,0x75,0x74,0x3b,0x0a,0x20,0x20,0x20,0x20,0x73,0x74,0x61,0x67,0x65,0x5f,
    0x6f,0x75,0x74,0x70,0x75,0x74,0x2e,0x66,0x72,0x61,0x67,0x43,0x6f,0x6c,0x6f,0x72,
    0x20,0x3d,0x20,0x66,0x72,0x61,0x67,0x43,0x6f,0x6c,0x6f,0x72,0x3b,0x0a,0x20,0x20,
    0x20,0x20,0x72,0x65,0x74,0x75,0x72,0x6e,0x20,0x73,0x74,0x61,0x67,0x65,0x5f,0x6f,
    0x75,0x74,0x70,0x75,0x74,0x3b,0x0a,0x7d,0x0a,0x00,
};
/*
    static float4 gl_Position;
    static float2 position;

    struct SPIRV_Cross_Input
    {
        float2 position : TEXCOORD0;
    };

    struct SPIRV_Cross_Output
    {
        float4 gl_Position : SV_Position;
    };

    void vert_main()
    {
        gl_Position = float4(position, 0.5f, 1.0f);
    }

    SPIRV_Cross_Output main(SPIRV_Cross_Input stage_input)
    {
        position = stage_input.position;
        vert_main();
        SPIRV_Cross_Output stage_output;
        stage_output.gl_Position = gl_Position;
        return stage_output;
    }
*/
static const uint8_t fullscreenVs_source_hlsl5[476] = {
    0x73,0x74,0x61,0x74,0x69,0x63,0x20,0x66,0x6c,0x6f,0x61,0x74,0x34,0x20,0x67,0x6c,
    0x5f,0x50,0x6f,0x73,0x69,0x74,0x69,0x6f,0x6e,0x3b,0x0a,0x73,0x74,0x61,0x74,0x69,
    0x63,0x20,0x66,0x6c,0x6f,0x61,0x74,0x32,0x20,0x70,0x6f,0x73,0x69,0x74,0x69,0x6f,
    0x6e,0x3b,0x0a,0x0a,0x73,0x74,0x72,0x75,0x63,0x74,0x20,0x53,0x50,0x49,0x52,0x56,
    0x5f,0x43,0x72,0x6f,0x73,0x73,0x5f,0x49,0x6e,0x70,0x75,0x74,0x0a,0x7b,0x0a,0x20,
    0x20,0x20,0x20,0x66,0x6c,0x6f,0x61,0x74,0x32,0x20,0x70,0x6f,0x73,0x69,0x74,0x69,
    0x6f,0x6e,0x20,0x3a,0x20,0x54,0x45,0x58,0x43,0x4f,0x4f,0x52,0x44,0x30,0x3b,0x0a,
    0x7d,0x3b,0x0a,0x0a,0x73,0x74,0x72,0x75,0x63,0x74,0x20,0x53,0x50,0x49,0x52,0x56,
    0x5f,0x43,0x72,0x6f,0x73,0x73,0x5f,0x4f,0x75,0x74,0x70,0x75,0x74,0x0a,0x7b,0x0a,
    0x20,0x20,0x20,0x20,0x66,0x6c,0x6f,0x61,0x74,0x34,0x20,0x67,0x6c,0x5f,0x50,0x6f,
    0x73,0x69,0x74,0x69,0x6f,0x6e,0x20,0x3a,0x20,0x53,0x56,0x5f,0x50,0x6f,0x73,0x69,
    0x74,0x69,0x6f,0x6e,0x3b,0x0a,0x7d,0x3b,0x0a,0x0a,0x76,0x6f,0x69,0x64,0x20,0x76,
    0x65,0x72,0x74,0x5f,0x6d,0x61,0x69,0x6e,0x28,0x29,0x0a,0x7b,0x0a,0x20,0x20,0x20,
    0x20,0x67,0x6c,0x5f,0x50,0x6f,0x73,0x69,0x74,0x69,0x6f,0x6e,0x20,0x3d,0x20,0x66,
    0x6c,0x6f,0x61,0x74,0x34,0x28,0x70,0x6f,0x73,0x69,0x74,0x69,0x6f,0x6e,0x2c,0x20,
    0x30,0x2e,0x35,0x66,0x2c,0x20,0x31,0x2e,0x30,0x66,0x29,0x3b,0x0a,0x7d,0x0a,0x0a,
    0x53,0x50,0x49,0x52,0x56,0x5f,0x43,0x72,0x6f,0x73,0x73,0x5f,0x4f,0x75,0x74,0x70,
    0x75,0x74,0x20,0x6d,0x61,0x69,0x6e,0x28,0x53,0x50,0x49,0x52,0x56,0x5f,0x43,0x72,
    0x6f,0x73,0x73,0x5f,0x49,0x6e,0x70,0x75,0x74,0x20,0x73,0x74,0x61,0x67,0x65,0x5f,
    0x69,0x6e,0x70,0x75,0x74,0x29,0x0a,0x7b,0x0a,0x20,0x20,0x20,0x20,0x70,0x6f,0x73,
    0x69,0x74,0x69,0x6f,0x6e,0x20,0x3d,0x20,0x73,0x74,0x61,0x67,0x65,0x5f,0x69,0x6e,
    0x70,0x75,0x74,0x2e,0x70,0x6f,0x73,0x69,0x74,0x69,0x6f,0x6e,0x3b,0x0a,0x20,0x20,
    0x20,0x20,0x76,0x65,0x72,0x74,0x5f,0x6d,0x61,0x69,0x6e,0x28,0x29,0x3b,0x0a,0x20,
    0x20,0x20,0x20,0x53,0x50,0x49,0x52,0x56,0x5f,0x43,0x72,0x6f,0x73,0x73,0x5f,0x4f,
    0x75,0x74,0x70,0x75,0x74,0x20,0x73,0x74,0x61,0x67,0x65,0x5f,0x6f,0x75,0x74,0x70,
    0x75,0x74,0x3b,0x0a,0x20,0x20,0x20,0x20,0x73,0x74,0x61,0x67,0x65,0x5f,0x6f,0x75,
    0x74,0x70,0x75,0x74,0x2e,0x67,0x6c,0x5f,0x50,0x6f,0x73,0x69,0x74,0x69,0x6f,0x6e,
    0x20,0x3d,0x20,0x67,0x6c,0x5f,0x50,0x6f,0x73,0x69,0x74,0x69,0x6f,0x6e,0x3b,0x0a,
    0x20,0x20,0x20,0x20,0x72,0x65,0x74,0x75,0x72,0x6e,0x20,0x73,0x74,0x61,0x67,0x65,
    0x5f,0x6f,0x75,0x74,0x70,0x75,0x74,0x3b,0x0a,0x7d,0x0a,0x00,
};
/*
    Texture2D<float4> sourceTexture : register(t0);
    SamplerState pointSampler : register(s0);

    static float4 gl_FragCoord;
    static float4 fragColor;

    struct SPIRV_Cross_Input
    {
        float4 gl_FragCoord : SV_Position;
    };

    struct SPIRV_Cross_Output
    {
        float4 fragColor : SV_Target0;
    };

    uint2 spvTextureSize(Texture2D<float4> Tex, uint Level, out uint Param)
    {
        uint2 ret;
        Tex.GetDimensions(Level, ret.x, ret.y, Param);
        return ret;
    }

    void frag_main()
    {
        uint _23_dummy_parameter;
        fragColor = float4(sourceTexture.Load(int3(clamp(int2(gl_FragCoord.xy), int2(0, 0), int2(spvTextureSize(sourceTexture, uint(0), _23_dummy_parameter)) - int2(1, 1)), 0)).xyz, 1.0f);
    }

    SPIRV_Cross_Output main(SPIRV_Cross_Input stage_input)
    {
        gl_FragCoord = stage_input.gl_FragCoord;
        gl_FragCoord.w = 1.0 / gl_FragCoord.w;
        frag_main();
        SPIRV_Cross_Output stage_output;
        stage_output.fragColor = fragColor;
        return stage_output;
    }
*/
static const uint8_t copyFs_source_hlsl5[945] = {
    0x54,0x65,0x78,0x74,0x75,0x72,0x65,0x32,0x44,0x3c,0x66,0x6c,0x6f,0x61,0x74,0x34,
    0x3e,0x20,0x73,0x6f,0x75,0x72,0x63,0x65,0x54,0x65,0x78,0x74,0x75,0x72,0x65,0x20,
    0x3a,0x20,0x72,0x65,0x67,0x69,0x73,0x74,0x65,0x72,0x28,0x74,0x30,0x29,0x3b,0x0a,
    0x53,0x61,0x6d,0x70,0x6c,0x65,0x72,0x53,0x74,0x61,0x74,0x65,0x20,0x70,0x6f,0x69,
    0x6e,0x74,0x53,0x61,0x6d,0x70,0x6c,0x65,0x72,0x20,0x3a,0x20,0x72,0x65,0x67,0x69,
    0x73,0x74,0x65,0x72,0x28,0x73,0x30,0x29,0x3b,0x0a,0x0a,0x73,0x74,0x61,0x74,0x69,
    0x63,0x20,0x66,0x6c,0x6f,0x61,0x74,0x34,0x20,0x67,0x6c,0x5f,0x46,0x72,0x61,0x67,
    0x43,0x6f,0x6f,0x72,0x64,0x3b,0x0a,0x73,0x74,0x61,0x74,0x69,0x63,0x20,0x66,0x6c,
    0x6f,0x61,0x74,0x34,0x20,0x66,0x72,0x61,0x67,0x43,0x6f,0x6c,0x6f,0x72,0x3b,0x0a,
    0x0a,0x73,0x74,0x72,0x75,0x63,0x74,0x20,0x53,0x50,0x49,0x52,0x56,0x5f,0x43,0x72,
    0x6f,0x73,0x73,0x5f,0x49,0x6e,0x70,0x75,0x74,0x0a,0x7b,0x0a,0x20,0x20,0x20,0x20,
    0x66,0x6c,0x6f,0x61,0x74,0x34,0x20,0x67,0x6c,0x5f,0x46,0x72,0x61,0x67,0x43,0x6f,
    0x6f,0x72,0x64,0x20,0x3a,0x20,0x53,0x56,0x5f,0x50,0x6f,0x73,0x69,0x74,0x69,0x6f,
    0x6e,0x3b,0x0a,0x7d,0x3b,0x0a,0x0a,0x73,0x74,0x72,0x75,0x63,0x74,0x20,0x53,0x50,
    0x49,0x52,0x56,0x5f,0x43,0x72,0x6f,0x73,0x73,0x5f,0x4f,0x75,0x74,0x70,0x75,0x74,
    0x0a,0x7b,0x0a,0x20,0x20,0x20,0x20,0x66,0x6c,0x6f,0x61,0x74,0x34,0x20,0x66,0x72,
    0x61,0x67,0x43,0x6f,0x6c,0x6f,0x72,0x20,0x3a,0x20,0x53,0x56,0x5f,0x54,0x61,0x72,
    0x67,0x65,0x74,0x30,0x3b,0x0a,0x7d,0x3b,0x0a,0x0a,0x75,0x69,0x6e,0x74,0x32,0x20,
    0x73,0x70,0x76,0x54,0x65,0x78,0x74,0x75,0x72,0x65,0x53,0x69,0x7a,0x65,0x28,0x54,
    0x65,0x78,0x74,0x75,0x72,0x65,0x32,0x44,0x3c,0x66,0x6c,0x6f,0x61,0x74,0x34,0x3e,
    0x20,0x54,0x65,0x78,0x2c,0x20,0x75,0x69,0x6e,0x74,0x20,0x4c,0x65,0x76,0x65,0x6c,
    0x2c,0x20,0x6f,0x75,0x74,0x20,0x75,0x69,0x6e,0x74,0x20,0x50,0x61,0x72,0x61,0x6d,
    0x29,0x0a,0x7b,0x0a,0x20,0x20,0x20,0x20,0x75,0x69,0x6e,0x74,0x32,0x20,0x72,0x65,
    0x74,0x3b,0x0a,0x20,0x20,0x20,0x20,0x54,0x65,0x78,0x2e,0x47,0x65,0x74,0x44,0x69,
    0x6d,0x65,0x6e,0x73,0x69,0x6f,0x6e,0x73,0x28,0x4c,0x65,0x76,0x65,0x6c,0x2c,0x20,
    0x72,0x65,0x74,0x2e,0x78,0x2c,0x20,0x72,0x65,0x74,0x2e,0x79,0x2c,0x20,0x50,0x61,
    0x72,0x61,0x6d,0x29,0x3b,0x0a,0x20,0x20,0x20,0x20,0x72,0x65,0x74,0x75,0x72,0x6e,
    0x20,0x72,0x65,0x74,0x3b,0x0a,0x7d,0x0a,0x0a,0x76,0x6f,0x69,0x64,0x20,0x66,0x72,
    0x61,0x67,0x5f,0x6d,0x61,0x69,0x6e,0x28,0x29,0x0a,0x7b,0x0a,0x20,0x20,0x20,0x20,
    0x75,0x69,0x6e,0x74,0x20,0x5f,0x32,0x33,0x5f,0x64,0x75,0x6d,0x6d,0x79,0x5f,0x70,
    0x61,0x72,0x61,0x6d,0x65,0x74,0x65,0x72,0x3b,0x0a,0x20,0x20,0x20,0x20,0x66,0x72,
    0x61,0x67,0x43,0x6f,0x6c,0x6f,0x72,0x20,0x3d,0x20,0x66,0x6c,0x6f,0x61,0x74,0x34,
    0x28,0x73,0x6f,0x75,0x72,0x63,0x65,0x54,0x65,0x78,0x74,0x75,0x72,0x65,0x2e,0x4c,
    0x6f,0x61,0x64,0x28,0x69,0x6e,0x74,0x33,0x28,0x63,0x6c,0x61,0x6d,0x70,0x28,0x69,
    0x6e,0x74,0x32,0x28,0x67,0x6c,0x5f,0x46,0x72,0x61,0x67,0x43,0x6f,0x6f,0x72,0x64,
    0x2e,0x78,0x79,0x29,0x2c,0x20,0x69,0x6e,0x74,0x32,0x28,0x30,0x2c,0x20,0x30,0x29,
    0x2c,0x20,0x69,0x6e,0x74,0x32,0x28,0x73,0x70,0x76,0x54,0x65,0x78,0x74,0x75,0x72,
    0x65,0x53,0x69,0x7a,0x65,0x28,0x73,0x6f,0x75,0x72,0x63,0x65,0x54,0x65,0x78,0x74,
    0x75,0x72,0x65,0x2c,0x20,0x75,0x69,0x6e,0x74,0x28,0x30,0x29,0x2c,0x20,0x5f,0x32,
    0x33,0x5f,0x64,0x75,0x6d,0x6d,0x79,0x5f,0x70,0x61,0x72,0x61,0x6d,0x65,0x74,0x65,
    0x72,0x29,0x29,0x20,0x2d,0x20,0x69,0x6e,0x74,0x32,0x28,0x31,0x2c,0x20,0x31,0x29,
    0x29,0x2c,0x20,0x30,0x29,0x29,0x2e,0x78,0x79,0x7a,0x2c,0x20,0x31,0x2e,0x30,0x66,
    0x29,0x3b,0x0a,0x7d,0x0a,0x0a,0x53,0x50,0x49,0x52,0x56,0x5f,0x43,0x72,0x6f,0x73,
    0x73,0x5f,0x4f,0x75,0x74,0x70,0x75,0x74,0x20,0x6d,0x61,0x69,0x6e,0x28,0x53,0x50,
    0x49,0x52,0x56,0x5f,0x43,0x72,0x6f,0x73,0x73,0x5f,0x49,0x6e,0x70,0x75,0x74,0x20,
    0x73,0x74,0x61,0x67,0x65,0x5f,0x69,0x6e,0x70,0x75,0x74,0x29,0x0a,0x7b,0x0a,0x20,
    0x20,0x20,0x20,0x67,0x6c,0x5f,0x46,0x72,0x61,0x67,0x43,0x6f,0x6f,0x72,0x64,0x20,
    0x3d,0x20,0x73,0x74,0x61,0x67,0x65,0x5f,0x69,0x6e,0x70,0x75,0x74,0x2e,0x67,0x6c,
    0x5f,0x46,0x72,0x61,0x67,0x43,0x6f,0x6f,0x72,0x64,0x3b,0x0a,0x20,0x20,0x20,0x20,
    0x67,0x6c,0x5f,0x46,0x72,0x61,0x67,0x43,0x6f,0x6f,0x72,0x64,0x2e,0x77,0x20,0x3d,
    0x20,0x31,0x2e,0x30,0x20,0x2f,0x20,0x67,0x6c,0x5f,0x46,0x72,0x61,0x67,0x43,0x6f,
    0x6f,0x72,0x64,0x2e,0x77,0x3b,0x0a,0x20,0x20,0x20,0x20,0x66,0x72,0x61,0x67,0x5f,
    0x6d,0x61,0x69,0x6e,0x28,0x29,0x3b,0x0a,0x20,0x20,0x20,0x20,0x53,0x50,0x49,0x52,
    0x56,0x5f,0x43,0x72,0x6f,0x73,0x73,0x5f,0x4f,0x75,0x74,0x70,0x75,0x74,0x20,0x73,
    0x74,0x61,0x67,0x65,0x5f,0x6f,0x75,0x74,0x70,0x75,0x74,0x3b,0x0a,0x20,0x20,0x20,
    0x20,0x73,0x74,0x61,0x67,0x65,0x5f,0x6f,0x75,0x74,0x70,0x75,0x74,0x2e,0x66,0x72,
    0x61,0x67,0x43,0x6f,0x6c,0x6f,0x72,0x20,0x3d,0x20,0x66,0x72,0x61,0x67,0x43,0x6f,
    0x6c,0x6f,0x72,0x3b,0x0a,0x20,0x20,0x20,0x20,0x72,0x65,0x74,0x75,0x72,0x6e,0x20,
    0x73,0x74,0x61,0x67,0x65,0x5f,0x6f,0x75,0x74,0x70,0x75,0x74,0x3b,0x0a,0x7d,0x0a,
    0x00,
};
/*
    #include <metal_stdlib>
    #include <simd/simd.h>

    using namespace metal;

    struct modelParams
    {
        float4x4 model;
        float4x4 normalModel;
    };

    struct vertexParams
    {
        float4x4 viewProj;
        float4 cameraRight;
        float4 cameraUp;
    };

    struct main0_out
    {
        float3 worldPosition [[user(locn0)]];
        float3 worldNormal [[user(locn1)]];
        float4 baseColor [[user(locn2)]];
        float4 gl_Position [[position]];
    };

    struct main0_in
    {
        float3 position [[attribute(0)]];
        float3 normal [[attribute(1)]];
        float4 color [[attribute(2)]];
    };

    vertex main0_out main0(main0_in in [[stage_in]], constant vertexParams& _61 [[buffer(0)]], constant modelParams& _13 [[buffer(4)]])
    {
        main0_out out = {};
        float4 _28 = _13.model * float4(in.position, 1.0);
        out.worldPosition = _28.xyz;
        out.worldNormal = float3x3(_13.normalModel[0].xyz, _13.normalModel[1].xyz, _13.normalModel[2].xyz) * in.normal;
        out.baseColor = in.color;
        out.gl_Position = _61.viewProj * _28;
        return out;
    }

*/
static const uint8_t litVs_source_metal_macos[1002] = {
    0x23,0x69,0x6e,0x63,0x6c,0x75,0x64,0x65,0x20,0x3c,0x6d,0x65,0x74,0x61,0x6c,0x5f,
    0x73,0x74,0x64,0x6c,0x69,0x62,0x3e,0x0a,0x23,0x69,0x6e,0x63,0x6c,0x75,0x64,0x65,
    0x20,0x3c,0x73,0x69,0x6d,0x64,0x2f,0x73,0x69,0x6d,0x64,0x2e,0x68,0x3e,0x0a,0x0a,
    0x75,0x73,0x69,0x6e,0x67,0x20,0x6e,0x61,0x6d,0x65,0x73,0x70,0x61,0x63,0x65,0x20,
    0x6d,0x65,0x74,0x61,0x6c,0x3b,0x0a,0x0a,0x73,0x74,0x72,0x75,0x63,0x74,0x20,0x6d,
    0x6f,0x64,0x65,0x6c,0x50,0x61,0x72,0x61,0x6d,0x73,0x0a,0x7b,0x0a,0x20,0x20,0x20,
    0x20,0x66,0x6c,0x6f,0x61,0x74,0x34,0x78,0x34,0x20,0x6d,0x6f,0x64,0x65,0x6c,0x3b,
    0x0a,0x20,0x20,0x20,0x20,0x66,0x6c,0x6f,0x61,0x74,0x34,0x78,0x34,0x20,0x6e,0x6f,
    0x72,0x6d,0x61,0x6c,0x4d,0x6f,0x64,0x65,0x6c,0x3b,0x0a,0x7d,0x3b,0x0a,0x0a,0x73,
    0x74,0x72,0x75,0x63,0x74,0x20,0x76,0x65,0x72,0x74,0x65,0x78,0x50,0x61,0x72,0x61,
    0x6d,0x73,0x0a,0x7b,0x0a,0x20,0x20,0x20,0x20,0x66,0x6c,0x6f,0x61,0x74,0x34,0x78,
    0x34,0x20,0x76,0x69,0x65,0x77,0x50,0x72,0x6f,0x6a,0x3b,0x0a,0x20,0x20,0x20,0x20,
    0x66,0x6c,0x6f,0x61,0x74,0x34,0x20,0x63,0x61,0x6d,0x65,0x72,0x61,0x52,0x69,0x67,
    0x68,0x74,0x3b,0x0a,0x20,0x20,0x20,0x20,0x66,0x6c,0x6f,0x61,0x74,0x34,0x20,0x63,
    0x61,0x6d,0x65,0x72,0x61,0x55,0x70,0x3b,0x0a,0x7d,0x3b,0x0a,0x0a,0x73,0x74,0x72,
    0x75,0x63,0x74,0x20,0x6d,0x61,0x69,0x6e,0x30,0x5f,0x6f,0x75,0x74,0x0a,0x7b,0x0a,
    0x20,0x20,0x20,0x20,0x66,0x6c,0x6f,0x61,0x74,0x33,0x20,0x77,0x6f,0x72,0x6c,0x64,
    0x50,0x6f,0x73,0x69,0x74,0x69,0x6f,0x6e,0x20,0x5b,0x5b,0x75,0x73,0x65,0x72,0x28,
    0x6c,0x6f,0x63,0x6e,0x30,0x29,0x5d,0x5d,0x3b,0x0a,0x20,0x20,0x20,0x20,0x66,0x6c,
    0x6f,0x61,0x74,0x33,0x20,0x77,0x6f,0x72,0x6c,0x64,0x4e,0x6f,0x72,0x6d,0x61,0x6c,
    0x20,0x5b,0x5b,0x75,0x73,0x65,0x72,0x28,0x6c,0x6f,0x63,0x6e,0x31,0x29,0x5d,0x5d,
    0x3b,0x0a,0x20,0x20,0x20,0x20,0x66,0x6c,0x6f,0x61,0x74,0x34,0x20,0x62,0x61,0x73,
    0x65,0x43,0x6f,0x6c,0x6f,0x72,0x20,0x5b,0x5b,0x75,0x73,0x65,0x72,0x28,0x6c,0x6f,
    0x63,0x6e,0x32,0x29,0x5d,0x5d,0x3b,0x0a,0x20,0x20,0x20,0x20,0x66,0x6c,0x6f,0x61,
    0x74,0x34,0x20,0x67,0x6c,0x5f,0x50,0x6f,0x73,0x69,0x74,0x69,0x6f,0x6e,0x20,0x5b,
    0x5b,0x70,0x6f,0x73,0x69,0x74,0x69,0x6f,0x6e,0x5d,0x5d,0x3b,0x0a,0x7d,0x3b,0x0a,
    0x0a,0x73,0x74,0x72,0x75,0x63,0x74,0x20,0x6d,0x61,0x69,0x6e,0x30,0x5f,0x69,0x6e,
    0x0a,0x7b,0x0a,0x20,0x20,0x20,0x20,0x66,0x6c,0x6f,0x61,0x74,0x33,0x20,0x70,0x6f,
    0x73,0x69,0x74,0x69,0x6f,0x6e,0x20,0x5b,0x5b,0x61,0x74,0x74,0x72,0x69,0x62,0x75,
    0x74,0x65,0x28,0x30,0x29,0x5d,0x5d,0x3b,0x0a,0x20,0x20,0x20,0x20,0x66,0x6c,0x6f,
    0x61,0x74,0x33,0x20,0x6e,0x6f,0x72,0x6d,0x61,0x6c,0x20,0x5b,0x5b,0x61,0x74,0x74,
    0x72,0x69,0x62,0x75,0x74,0x65,0x28,0x31,0x29,0x5d,0x5d,0x3b,0x0a,0x20,0x20,0x20,
    0x20,0x66,0x6c,0x6f,0x61,0x74,0x34,0x20,0x63,0x6f,0x6c,0x6f,0x72,0x20,0x5b,0x5b,
    0x61,0x74,0x74,0x72,0x69,0x62,0x75,0x74,0x65,0x28,0x32,0x29,0x5d,0x5d,0x3b,0x0a,
    0x7d,0x3b,0x0a,0x0a,0x76,0x65,0x72,0x74,0x65,0x78,0x20,0x6d,0x61,0x69,0x6e,0x30,
    0x5f,0x6f,0x75,0x74,0x20,0x6d,0x61,0x69,0x6e,0x30,0x28,0x6d,0x61,0x69,0x6e,0x30,
    0x5f,0x69,0x6e,0x20,0x69,0x6e,0x20,0x5b,0x5b,0x73,0x74,0x61,0x67,0x65,0x5f,0x69,
    0x6e,0x5d,0x5d,0x2c,0x20,0x63,0x6f,0x6e,0x73,0x74,0x61,0x6e,0x74,0x20,0x76,0x65,
    0x72,0x74,0x65,0x78,0x50,0x61,0x72,0x61,0x6d,0x73,0x26,0x20,0x5f,0x36,0x31,0x20,
    0x5b,0x5b,0x62,0x75,0x66,0x66,0x65,0x72,0x28,0x30,0x29,0x5d,0x5d,0x2c,0x20,0x63,
    0x6f,0x6e,0x73,0x74,0x61,0x6e,0x74,0x20,0x6d,0x6f,0x64,0x65,0x6c,0x50,0x61,0x72,
    0x61,0x6d,0x73,0x26,0x20,0x5f,0x31,0x33,0x20,0x5b,0x5b,0x62,0x75,0x66,0x66,0x65,
    0x72,0x28,0x34,0x29,0x5d,0x5d,0x29,0x0a,0x7b,0x0a,0x20,0x20,0x20,0x20,0x6d,0x61,
    0x69,0x6e,0x30,0x5f,0x6f,0x75,0x74,0x20,0x6f,0x75,0x74,0x20,0x3d,0x20,0x7b,0x7d,
    0x3b,0x0a,0x20,0x20,0x20,0x20,0x66,0x6c,0x6f,0x61,0x74,0x34,0x20,0x5f,0x32,0x38,
    0x20,0x3d,0x20,0x5f,0x31,0x33,0x2e,0x6d,0x6f,0x64,0x65,0x6c,0x20,0x2a,0x20,0x66,
    0x6c,0x6f,0x61,0x74,0x34,0x28,0x69,0x6e,0x2e,0x70,0x6f,0x73,0x69,0x74,0x69,0x6f,
    0x6e,0x2c,0x20,0x31,0x2e,0x30,0x29,0x3b,0x0a,0x20,0x20,0x20,0x20,0x6f,0x75,0x74,
    0x2e,0x77,0x6f,0x72,0x6c,0x64,0x50,0x6f,0x73,0x69,0x74,0x69,0x6f,0x6e,0x20,0x3d,
    0x20,0x5f,0x32,0x38,0x2e,0x78,0x79,0x7a,0x3b,0x0a,0x20,0x20,0x20,0x20,0x6f,0x75,
    0x74,0x2e,0x77,0x6f,0x72,0x6c,0x64,0x4e,0x6f,0x72,0x6d,0x61,0x6c,0x20,0x3d,0x20,
    0x66,0x6c,0x6f,0x61,0x74,0x33,0x78,0x33,0x28,0x5f,0x31,0x33,0x2e,0x6e,0x6f,0x72,
    0x6d,0x61,0x6c,0x4d,0x6f,0x64,0x65,0x6c,0x5b,0x30,0x5d,0x2e,0x78,0x79,0x7a,0x2c,
    0x20,0x5f,0x31,0x33,0x2e,0x6e,0x6f,0x72,0x6d,0x61,0x6c,0x4d,0x6f,0x64,0x65,0x6c,
    0x5b,0x31,0x5d,0x2e,0x78,0x79,0x7a,0x2c,0x20,0x5f,0x31,0x33,0x2e,0x6e,0x6f,0x72,
    0x6d,0x61,0x6c,0x4d,0x6f,0x64,0x65,0x6c,0x5b,0x32,0x5d,0x2e,0x78,0x79,0x7a,0x29,
    0x20,0x2a,0x20,0x69,0x6e,0x2e,0x6e,0x6f,0x72,0x6d,0x61,0x6c,0x3b,0x0a,0x20,0x20,
    0x20,0x20,0x6f,0x75,0x74,0x2e,0x62,0x61,0x73,0x65,0x43,0x6f,0x6c,0x6f,0x72,0x20,
    0x3d,0x20,0x69,0x6e,0x2e,0x63,0x6f,0x6c,0x6f,0x72,0x3b,0x0a,0x20,0x20,0x20,0x20,
    0x6f,0x75,0x74,0x2e,0x67,0x6c,0x5f,0x50,0x6f,0x73,0x69,0x74,0x69,0x6f,0x6e,0x20,
    0x3d,0x20,0x5f,0x36,0x31,0x2e,0x76,0x69,0x65,0x77,0x50,0x72,0x6f,0x6a,0x20,0x2a,
    0x20,0x5f,0x32,0x38,0x3b,0x0a,0x20,0x20,0x20,0x20,0x72,0x65,0x74,0x75,0x72,0x6e,
    0x20,0x6f,0x75,0x74,0x3b,0x0a,0x7d,0x0a,0x0a,0x00,
};
/*
    #pragma clang diagnostic ignored "-Wmissing-prototypes"

    #include <metal_stdlib>
    #include <simd/simd.h>

    using namespace metal;

    struct lightParams
    {
        float4 ambient;
        float4 dirLight;
        float4 dirColor;
        float4 pointLight[4];
        float4 pointColor[4];
    };

    struct materialParams
    {
        float4 material;
    };

    struct main0_out
    {
        float4 fragColor [[color(0)]];
    };

    struct main0_in
    {
        float3 worldPosition [[user(locn0)]];
        float3 worldNormal [[user(locn1)]];
        float4 baseColor [[user(locn2)]];
    };

    static inline __attribute__((always_inline))
    float3 pointLightAt(thread const int& i, thread const float3& position, thread const float3& normal, constant lightParams& _31)
    {
        float3 _39 = _31.pointLight[i].xyz - position;
        float _42 = length(_39);
        float _55 = fast::clamp(1.0 - (_42 / _31.pointColor[i].w), 0.0, 1.0);
        return _31.pointColor[i].xyz * (((_55 * _55) * fast::max(dot(normal, _39 / float3(fast::max(_42, 9.9999997473787516355514526367188e-05))), 0.0)) * _31.pointLight[i].w);
    }

    static inline __attribute__((always_inline))
    float3 saturated(thread const float3& rgb, thread const float& amount)
    {
        if (amount == 0.0)
        {
            return rgb;
        }
        return (rgb * (amount + 1.0)) + float3(dot(rgb, float3(0.21267099678516387939453125, 0.71516001224517822265625, 0.072168998420238494873046875)) * (-amount));
    }

    fragment main0_out main0(main0_in in [[stage_in]], constant lightParams& _31 [[buffer(1)]], constant materialParams& _169 [[buffer(3)]])
    {
        main0_out out = {};
        float3 _114 = fast::normalize(in.worldNormal);
        float3 light = _31.ambient.xyz + (_31.dirColor.xyz * (fast::max(dot(_114, _31.dirLight.xyz), 0.0) * _31.dirLight.w));
        for (int i = 0; i < int(_31.ambient.w + 0.5); i++)
        {
            int param = i;
            float3 param_1 = in.worldPosition;
            float3 param_2 = _114;
            light += pointLightAt(param, param_1, param_2, _31);
        }
        float3 param_3 = in.baseColor.xyz;
        float param_4 = _169.material.y;
        out.fragColor = float4(saturated(param_3, param_4) * light, in.baseColor.w);
        return out;
    }

*/
static const uint8_t litFs_source_metal_macos[2098] = {
    0x23,0x70,0x72,0x61,0x67,0x6d,0x61,0x20,0x63,0x6c,0x61,0x6e,0x67,0x20,0x64,0x69,
    0x61,0x67,0x6e,0x6f,0x73,0x74,0x69,0x63,0x20,0x69,0x67,0x6e,0x6f,0x72,0x65,0x64,
    0x20,0x22,0x2d,0x57,0x6d,0x69,0x73,0x73,0x69,0x6e,0x67,0x2d,0x70,0x72,0x6f,0x74,
    0x6f,0x74,0x79,0x70,0x65,0x73,0x22,0x0a,0x0a,0x23,0x69,0x6e,0x63,0x6c,0x75,0x64,
    0x65,0x20,0x3c,0x6d,0x65,0x74,0x61,0x6c,0x5f,0x73,0x74,0x64,0x6c,0x69,0x62,0x3e,
    0x0a,0x23,0x69,0x6e,0x63,0x6c,0x75,0x64,0x65,0x20,0x3c,0x73,0x69,0x6d,0x64,0x2f,
    0x73,0x69,0x6d,0x64,0x2e,0x68,0x3e,0x0a,0x0a,0x75,0x73,0x69,0x6e,0x67,0x20,0x6e,
    0x61,0x6d,0x65,0x73,0x70,0x61,0x63,0x65,0x20,0x6d,0x65,0x74,0x61,0x6c,0x3b,0x0a,
    0x0a,0x73,0x74,0x72,0x75,0x63,0x74,0x20,0x6c,0x69,0x67,0x68,0x74,0x50,0x61,0x72,
    0x61,0x6d,0x73,0x0a,0x7b,0x0a,0x20,0x20,0x20,0x20,0x66,0x6c,0x6f,0x61,0x74,0x34,
    0x20,0x61,0x6d,0x62,0x69,0x65,0x6e,0x74,0x3b,0x0a,0x20,0x20,0x20,0x20,0x66,0x6c,
    0x6f,0x61,0x74,0x34,0x20,0x64,0x69,0x72,0x4c,0x69,0x67,0x68,0x74,0x3b,0x0a,0x20,
    0x20,0x20,0x20,0x66,0x6c,0x6f,0x61,0x74,0x34,0x20,0x64,0x69,0x72,0x43,0x6f,0x6c,
    0x6f,0x72,0x3b,0x0a,0x20,0x20,0x20,0x20,0x66,0x6c,0x6f,0x61,0x74,0x34,0x20,0x70,
    0x6f,0x69,0x6e,0x74,0x4c,0x69,0x67,0x68,0x74,0x5b,0x34,0x5d,0x3b,0x0a,0x20,0x20,
    0x20,0x20,0x66,0x6c,0x6f,0x61,0x74,0x34,0x20,0x70,0x6f,0x69,0x6e,0x74,0x43,0x6f,
    0x6c,0x6f,0x72,0x5b,0x34,0x5d,0x3b,0x0a,0x7d,0x3b,0x0a,0x0a,0x73,0x74,0x72,0x75,
    0x63,0x74,0x20,0x6d,0x61,0x74,0x65,0x72,0x69,0x61,0x6c,0x50,0x61,0x72,0x61,0x6d,
    0x73,0x0a,0x7b,0x0a,0x20,0x20,0x20,0x20,0x66,0x6c,0x6f,0x61,0x74,0x34,0x20,0x6d,
    0x61,0x74,0x65,0x72,0x69,0x61,0x6c,0x3b,0x0a,0x7d,0x3b,0x0a,0x0a,0x73,0x74,0x72,
    0x75,0x63,0x74,0x20,0x6d,0x61,0x69,0x6e,0x30,0x5f,0x6f,0x75,0x74,0x0a,0x7b,0x0a,
    0x20,0x20,0x20,0x20,0x66,0x6c,0x6f,0x61,0x74,0x34,0x20,0x66,0x72,0x61,0x67,0x43,
    0x6f,0x6c,0x6f,0x72,0x20,0x5b,0x5b,0x63,0x6f,0x6c,0x6f,0x72,0x28,0x30,0x29,0x5d,
    0x5d,0x3b,0x0a,0x7d,0x3b,0x0a,0x0a,0x73,0x74,0x72,0x75,0x63,0x74,0x20,0x6d,0x61,
    0x69,0x6e,0x30,0x5f,0x69,0x6e,0x0a,0x7b,0x0a,0x20,0x20,0x20,0x20,0x66,0x6c,0x6f,
    0x61,0x74,0x33,0x20,0x77,0x6f,0x72,0x6c,0x64,0x50,0x6f,0x73,0x69,0x74,0x69,0x6f,
    0x6e,0x20,0x5b,0x5b,0x75,0x73,0x65,0x72,0x28,0x6c,0x6f,0x63,0x6e,0x30,0x29,0x5d,
    0x5d,0x3b,0x0a,0x20,0x20,0x20,0x20,0x66,0x6c,0x6f,0x61,0x74,0x33,0x20,0x77,0x6f,
    0x72,0x6c,0x64,0x4e,0x6f,0x72,0x6d,0x61,0x6c,0x20,0x5b,0x5b,0x75,0x73,0x65,0x72,
    0x28,0x6c,0x6f,0x63,0x6e,0x31,0x29,0x5d,0x5d,0x3b,0x0a,0x20,0x20,0x20,0x20,0x66,
    0x6c,0x6f,0x61,0x74,0x34,0x20,0x62,0x61,0x73,0x65,0x43,0x6f,0x6c,0x6f,0x72,0x20,
    0x5b,0x5b,0x75,0x73,0x65,0x72,0x28,0x6c,0x6f,0x63,0x6e,0x32,0x29,0x5d,0x5d,0x3b,
    0x0a,0x7d,0x3b,0x0a,0x0a,0x73,0x74,0x61,0x74,0x69,0x63,0x20,0x69,0x6e,0x6c,0x69,
    0x6e,0x65,0x20,0x5f,0x5f,0x61,0x74,0x74,0x72,0x69,0x62,0x75,0x74,0x65,0x5f,0x5f,
    0x28,0x28,0x61,0x6c,0x77,0x61,0x79,0x73,0x5f,0x69,0x6e,0x6c,0x69,0x6e,0x65,0x29,
    0x29,0x0a,0x66,0x6c,0x6f,0x61,0x74,0x33,0x20,0x70,0x6f,0x69,0x6e,0x74,0x4c,0x69,
    0x67,0x68,0x74,0x41,0x74,0x28,0x74,0x68,0x72,0x65,0x61,0x64,0x20,0x63,0x6f,0x6e,
    0x73,0x74,0x20,0x69,0x6e,0x74,0x26,0x20,0x69,0x2c,0x20,0x74,0x68,0x72,0x65,0x61,
    0x64,0x20,0x63,0x6f,0x6e,0x73,0x74,0x20,0x66,0x6c,0x6f,0x61,0x74,0x33,0x26,0x20,
    0x70,0x6f,0x73,0x69,0x74,0x69,0x6f,0x6e,0x2c,0x20,0x74,0x68,0x72,0x65,0x61,0x64,
    0x20,0x63,0x6f,0x6e,0x73,0x74,0x20,0x66,0x6c,0x6f,0x61,0x74,0x33,0x26,0x20,0x6e,
    0x6f,0x72,0x6d,0x61,0x6c,0x2c,0x20,0x63,0x6f,0x6e,0x73,0x74,0x61,0x6e,0x74,0x20,
    0x6c,0x69,0x67,0x68,0x74,0x50,0x61,0x72,0x61,0x6d,0x73,0x26,0x20,0x5f,0x33,0x31,
    0x29,0x0a,0x7b,0x0a,0x20,0x20,0x20,0x20,0x66,0x6c,0x6f,0x61,0x74,0x33,0x20,0x5f,
    0x33,0x39,0x20,0x3d,0x20,0x5f,0x33,0x31,0x2e,0x70,0x6f,0x69,0x6e,0x74,0x4c,0x69,
    0x67,0x68,0x74,0x5b,0x69,0x5d,0x2e,0x78,0x79,0x7a,0x20,0x2d,0x20,0x70,0x6f,0x73,
    0x69,0x74,0x69,0x6f,0x6e,0x3b,0x0a,0x20,0x20,0x20,0x20,0x66,0x6c,0x6f,0x61,0x74,
    0x20,0x5f,0x34,0x32,0x20,0x3d,0x20,0x6c,0x65,0x6e,0x67,0x74,0x68,0x28,0x5f,0x33,
    0x39,0x29,0x3b,0x0a,0x20,0x20,0x20,0x20,0x66,0x6c,0x6f,0x61,0x74,0x20,0x5f,0x35,
    0x35,0x20,0x3d,0x20,0x66,0x61,0x73,0x74,0x3a,0x3a,0x63,0x6c,0x61,0x6d,0x70,0x28,
    0x31,0x2e,0x30,0x20,0x2d,0x20,0x28,0x5f,0x34,0x32,0x20,0x2f,0x20,0x5f,0x33,0x31,
    0x2e,0x70,0x6f,0x69,0x6e,0x74,0x43,0x6f,0x6c,0x6f,0x72,0x5b,0x69,0x5d,0x2e,0x77,
    0x29,0x2c,0x20,0x30,0x2e,0x30,0x2c,0x20,0x31,0x2e,0x30,0x29,0x3b,0x0a,0x20,0x20,
    0x20,0x20,0x72,0x65,0x74,0x75,0x72,0x6e,0x20,0x5f,0x33,0x31,0x2e,0x70,0x6f,0x69,
    0x6e,0x74,0x43,0x6f,0x6c,0x6f,0x72,0x5b,0x69,0x5d,0x2e,0x78,0x79,0x7a,0x20,0x2a,
    0x20,0x28,0x28,0x28,0x5f,0x35,0x35,0x20,0x2a,0x20,0x5f,0x35,0x35,0x29,0x20,0x2a,
    0x20,0x66,0x61,0x73,0x74,0x3a,0x3a,0x6d,0x61,0x78,0x28,0x64,0x6f,0x74,0x28,0x6e,
    0x6f,0x72,0x6d,0x61,0x6c,0x2c,0x20,0x5f,0x33,0x39,0x20,0x2f,0x20,0x66,0x6c,0x6f,
    0x61,0x74,0x33,0x28,0x66,0x61,0x73,0x74,0x3a,0x3a,0x6d,0x61,0x78,0x28,0x5f,0x34,
    0x32,0x2c,0x20,0x39,0x2e,0x39,0x39,0x39,0x39,0x39,0x39,0x37,0x34,0x37,0x33,0x37,
    0x38,0x37,0x35,0x31,0x36,0x33,0x35,0x35,0x35,0x31,0x34,0x35,0x32,0x36,0x33,0x36,
    0x37,0x31,0x38,0x38,0x65,0x2d,0x30,0x35,0x29,0x29,0x29,0x2c,0x20,0x30,0x2e,0x30,
    0x29,0x29,0x20,0x2a,0x20,0x5f,0x33,0x31,0x2e,0x70,0x6f,0x69,0x6e,0x74,0x4c,0x69,
    0x67,0x68,0x74,0x5b,0x69,0x5d,0x2e,0x77,0x29,0x3b,0x0a,0x7d,0x0a,0x0a,0x73,0x74,
    0x61,0x74,0x69,0x63,0x20,0x69,0x6e,0x6c,0x69,0x6e,0x65,0x20,0x5f,0x5f,0x61,0x74,
    0x74,0x72,0x69,0x62,0x75,0x74,0x65,0x5f,0x5f,0x28,0x28,0x61,0x6c,0x77,0x61,0x79,
    0x73,0x5f,0x69,0x6e,0x6c,0x69,0x6e,0x65,0x29,0x29,0x0a,0x66,0x6c,0x6f,0x61,0x74,
    0x33,0x20,0x73,0x61,0x74,0x75,0x72,0x61,0x74,0x65,0x64,0x28,0x74,0x68,0x72,0x65,
    0x61,0x64,0x20,0x63,0x6f,0x6e,0x73,0x74,0x20,0x66,0x6c,0x6f,0x61,0x74,0x33,0x26,
    0x20,0x72,0x67,0x62,0x2c,0x20,0x74,0x68,0x72,0x65,0x61,0x64,0x20,0x63,0x6f,0x6e,
    0x73,0x74,0x20,0x66,0x6c,0x6f,0x61,0x74,0x26,0x20,0x61,0x6d,0x6f,0x75,0x6e,0x74,
    0x29,0x0a,0x7b,0x0a,0x20,0x20,0x20,0x20,0x69,0x66,0x20,0x28,0x61,0x6d,0x6f,0x75,
    0x6e,0x74,0x20,0x3d,0x3d,0x20,0x30,0x2e,0x30,0x29,0x0a,0x20,0x20,0x20,0x20,0x7b,
    0x0a,0x20,0x20,0x20,0x20,0x20,0x20,0x20,0x20,0x72,0x65,0x74,0x75,0x72,0x6e,0x20,
    0x72,0x67,0x62,0x3b,0x0a,0x20,0x20,0x20,0x20,0x7d,0x0a,0x20,0x20,0x20,0x20,0x72,
    0x65,0x74,0x75,0x72,0x6e,0x20,0x28,0x72,0x67,0x62,0x20,0x2a,0x20,0x28,0x61,0x6d,
    0x6f,0x75,0x6e,0x74,0x20,0x2b,0x20,0x31,0x2e,0x30,0x29,0x29,0x20,0x2b,0x20,0x66,
    0x6c,0x6f,0x61,0x74,0x33,0x28,0x64,0x6f,0x74,0x28,0x72,0x67,0x62,0x2c,0x20,0x66,
    0x6c,0x6f,0x61,0x74,0x33,0x28,0x30,0x2e,0x32,0x31,0x32,0x36,0x37,0x30,0x39,0x39,
    0x36,0x37,0x38,0x35,0x31,0x36,0x33,0x38,0x37,0x39,0x33,0x39,0x34,0x35,0x33,0x31,
    0x32,0x35,0x2c,0x20,0x30,0x2e,0x37,0x31,0x35,0x31,0x36,0x30,0x30,0x31,0x32,0x32,
    0x34,0x35,0x31,0x37,0x38,0x32,0x32,0x32,0x36,0x35,0x36,0x32,0x35,0x2c,0x20,0x30,
    0x2e,0x30,0x37,0x32,0x31,0x36,0x38,0x39,0x39,0x38,0x34,0x32,0x30,0x32,0x33,0x38,
    0x34,0x39,0x34,0x38,0x37,0x33,0x30,0x34,0x36,0x38,0x37,0x35,0x29,0x29,0x20,0x2a,
    0x20,0x28,0x2d,0x61,0x6d,0x6f,0x75,0x6e,0x74,0x29,0x29,0x3b,0x0a,0x7d,0x0a,0x0a,
    0x66,0x72,0x61,0x67,0x6d,0x65,0x6e,0x74,0x20,0x6d,0x61,0x69,0x6e,0x30,0x5f,0x6f,
    0x75,0x74,0x20,0x6d,0x61,0x69,0x6e,0x30,0x28,0x6d,0x61,0x69,0x6e,0x30,0x5f,0x69,
    0x6e,0x20,0x69,0x6e,0x20,0x5b,0x5b,0x73,0x74,0x61,0x67,0x65,0x5f,0x69,0x6e,0x5d,
    0x5d,0x2c,0x20,0x63,0x6f,0x6e,0x73,0x74,0x61,0x6e,0x74,0x20,0x6c,0x69,0x67,0x68,
    0x74,0x50,0x61,0x72,0x61,0x6d,0x73,0x26,0x20,0x5f,0x33,0x31,0x20,0x5b,0x5b,0x62,
    0x75,0x66,0x66,0x65,0x72,0x28,0x31,0x29,0x5d,0x5d,0x2c,0x20,0x63,0x6f,0x6e,0x73,
    0x74,0x61,0x6e,0x74,0x20,0x6d,0x61,0x74,0x65,0x72,0x69,0x61,0x6c,0x50,0x61,0x72,
    0x61,0x6d,0x73,0x26,0x20,0x5f,0x31,0x36,0x39,0x20,0x5b,0x5b,0x62,0x75,0x66,0x66,
    0x65,0x72,0x28,0x33,0x29,0x5d,0x5d,0x29,0x0a,0x7b,0x0a,0x20,0x20,0x20,0x20,0x6d,
    0x61,0x69,0x6e,0x30,0x5f,0x6f,0x75,0x74,0x20,0x6f,0x75,0x74,0x20,0x3d,0x20,0x7b,
    0x7d,0x3b,0x0a,0x20,0x20,0x20,0x20,0x66,0x6c,0x6f,0x61,0x74,0x33,0x20,0x5f,0x31,
    0x31,0x34,0x20,0x3d,0x20,0x66,0x61,0x73,0x74,0x3a,0x3a,0x6e,0x6f,0x72,0x6d,0x61,
    0x6c,0x69,0x7a,0x65,0x28,0x69,0x6e,0x2e,0x77,0x6f,0x72,0x6c,0x64,0x4e,0x6f,0x72,
    0x6d,0x61,0x6c,0x29,0x3b,0x0a,0x20,0x20,0x20,0x20,0x66,0x6c,0x6f,0x61,0x74,0x33,
    0x20,0x6c,0x69,0x67,0x68,0x74,0x20,0x3d,0x20,0x5f,0x33,0x31,0x2e,0x61,0x6d,0x62,
    0x69,0x65,0x6e,0x74,0x2e,0x78,0x79,0x7a,0x20,0x2b,0x20,0x28,0x5f,0x33,0x31,0x2e,
    0x64,0x69,0x72,0x43,0x6f,0x6c,0x6f,0x72,0x2e,0x78,0x79,0x7a,0x20,0x2a,0x20,0x28,
    0x66,0x61,0x73,0x74,0x3a,0x3a,0x6d,0x61,0x78,0x28,0x64,0x6f,0x74,0x28,0x5f,0x31,
    0x31,0x34,0x2c,0x20,0x5f,0x33,0x31,0x2e,0x64,0x69,0x72,0x4c,0x69,0x67,0x68,0x74,
    0x2e,0x78,0x79,0x7a,0x29,0x2c,0x20,0x30,0x2e,0x30,0x29,0x20,0x2a,0x20,0x5f,0x33,
    0x31,0x2e,0x64,0x69,0x72,0x4c,0x69,0x67,0x68,0x74,0x2e,0x77,0x29,0x29,0x3b,0x0a,
    0x20,0x20,0x20,0x20,0x66,0x6f,0x72,0x20,0x28,0x69,0x6e,0x74,0x20,0x69,0x20,0x3d,
    0x20,0x30,0x3b,0x20,0x69,0x20,0x3c,0x20,0x69,0x6e,0x74,0x28,0x5f,0x33,0x31,0x2e,
    0x61,0x6d,0x62,0x69,0x65,0x6e,0x74,0x2e,0x77,0x20,0x2b,0x20,0x30,0x2e,0x35,0x29,
    0x3b,0x20,0x69,0x2b,0x2b,0x29,0x0a,0x20,0x20,0x20,0x20,0x7b,0x0a,0x20,0x20,0x20,
    0x20,0x20,0x20,0x20,0x20,0x69,0x6e,0x74,0x20,0x70,0x61,0x72,0x61,0x6d,0x20,0x3d,
    0x20,0x69,0x3b,0x0a,0x20,0x20,0x20,0x20,0x20,0x20,0x20,0x20,0x66,0x6c,0x6f,0x61,
    0x74,0x33,0x20,0x70,0x61,0x72,0x61,0x6d,0x5f,0x31,0x20,0x3d,0x20,0x69,0x6e,0x2e,
    0x77,0x6f,0x72,0x6c,0x64,0x50,0x6f,0x73,0x69,0x74,0x69,0x6f,0x6e,0x3b,0x0a,0x20,
    0x20,0x20,0x20,0x20,0x20,0x20,0x20,0x66,0x6c,0x6f,0x61,0x74,0x33,0x20,0x70,0x61,
    0x72,0x61,0x6d,0x5f,0x32,0x20,0x3d,0x20,0x5f,0x31,0x31,0x34,0x3b,0x0a,0x20,0x20,
    0x20,0x20,0x20,0x20,0x20,0x20,0x6c,0x69,0x67,0x68,0x74,0x20,0x2b,0x3d,0x20,0x70,
    0x6f,0x69,0x6e,0x74,0x4c,0x69,0x67,0x68,0x74,0x41,0x74,0x28,0x70,0x61,0x72,0x61,
    0x6d,0x2c,0x20,0x70,0x61,0x72,0x61,0x6d,0x5f,0x31,0x2c,0x20,0x70,0x61,0x72,0x61,
    0x6d,0x5f,0x32,0x2c,0x20,0x5f,0x33,0x31,0x29,0x3b,0x0a,0x20,0x20,0x20,0x20,0x7d,
    0x0a,0x20,0x20,0x20,0x20,0x66,0x6c,0x6f,0x61,0x74,0x33,0x20,0x70,0x61,0x72,0x61,
    0x6d,0x5f,0x33,0x20,0x3d,0x20,0x69,0x6e,0x2e,0x62,0x61,0x73,0x65,0x43,0x6f,0x6c,
    0x6f,0x72,0x2e,0x78,0x79,0x7a,0x3b,0x0a,0x20,0x20,0x20,0x20,0x66,0x6c,0x6f,0x61,
    0x74,0x20,0x70,0x61,0x72,0x61,0x6d,0x5f,0x34,0x20,0x3d,0x20,0x5f,0x31,0x36,0x39,
    0x2e,0x6d,0x61,0x74,0x65,0x72,0x69,0x61,0x6c,0x2e,0x79,0x3b,0x0a,0x20,0x20,0x20,
    0x20,0x6f,0x75,0x74,0x2e,0x66,0x72,0x61,0x67,0x43,0x6f,0x6c,0x6f,0x72,0x20,0x3d,
    0x20,0x66,0x6c,0x6f,0x61,0x74,0x34,0x28,0x73,0x61,0x74,0x75,0x72,0x61,0x74,0x65,
    0x64,0x28,0x70,0x61,0x72,0x61,0x6d,0x5f,0x33,0x2c,0x20,0x70,0x61,0x72,0x61,0x6d,
    0x5f,0x34,0x29,0x20,0x2a,0x20,0x6c,0x69,0x67,0x68,0x74,0x2c,0x20,0x69,0x6e,0x2e,
    0x62,0x61,0x73,0x65,0x43,0x6f,0x6c,0x6f,0x72,0x2e,0x77,0x29,0x3b,0x0a,0x20,0x20,
    0x20,0x20,0x72,0x65,0x74,0x75,0x72,0x6e,0x20,0x6f,0x75,0x74,0x3b,0x0a,0x7d,0x0a,
    0x0a,0x00,
};
/*
    #include <metal_stdlib>
    #include <simd/simd.h>

    using namespace metal;

    struct vertexParams
    {
        float4x4 viewProj;
        float4 cameraRight;
        float4 cameraUp;
    };

    struct main0_out
    {
        float4 particleColor [[user(locn0)]];
        float4 gl_Position [[position]];
    };

    struct main0_in
    {
        float2 corner [[attribute(0)]];
        float4 root [[attribute(1)]];
        float4 color [[attribute(2)]];
    };

    vertex main0_out main0(main0_in in [[stage_in]], constant vertexParams& _18 [[buffer(0)]])
    {
        main0_out out = {};
        out.gl_Position = _18.viewProj * float4((in.root.xyz + (_18.cameraRight.xyz * (in.corner.x * in.root.w))) + (_18.cameraUp.xyz * (in.corner.y * in.root.w)), 1.0);
        out.particleColor = in.color;
        return out;
    }

*/
static const uint8_t particleVs_source_metal_macos[732] = {
    0x23,0x69,0x6e,0x63,0x6c,0x75,0x64,0x65,0x20,0x3c,0x6d,0x65,0x74,0x61,0x6c,0x5f,
    0x73,0x74,0x64,0x6c,0x69,0x62,0x3e,0x0a,0x23,0x69,0x6e,0x63,0x6c,0x75,0x64,0x65,
    0x20,0x3c,0x73,0x69,0x6d,0x64,0x2f,0x73,0x69,0x6d,0x64,0x2e,0x68,0x3e,0x0a,0x0a,
    0x75,0x73,0x69,0x6e,0x67,0x20,0x6e,0x61,0x6d,0x65,0x73,0x70,0x61,0x63,0x65,0x20,
    0x6d,0x65,0x74,0x61,0x6c,0x3b,0x0a,0x0a,0x73,0x74,0x72,0x75,0x63,0x74,0x20,0x76,
    0x65,0x72,0x74,0x65,0x78,0x50,0x61,0x72,0x61,0x6d,0x73,0x0a,0x7b,0x0a,0x20,0x20,
    0x20,0x20,0x66,0x6c,0x6f,0x61,0x74,0x34,0x78,0x34,0x20,0x76,0x69,0x65,0x77,0x50,
    0x72,0x6f,0x6a,0x3b,0x0a,0x20,0x20,0x20,0x20,0x66,0x6c,0x6f,0x61,0x74,0x34,0x20,
    0x63,0x61,0x6d,0x65,0x72,0x61,0x52,0x69,0x67,0x68,0x74,0x3b,0x0a,0x20,0x20,0x20,
    0x20,0x66,0x6c,0x6f,0x61,0x74,0x34,0x20,0x63,0x61,0x6d,0x65,0x72,0x61,0x55,0x70,
    0x3b,0x0a,0x7d,0x3b,0x0a,0x0a,0x73,0x74,0x72,0x75,0x63,0x74,0x20,0x6d,0x61,0x69,
    0x6e,0x30,0x5f,0x6f,0x75,0x74,0x0a,0x7b,0x0a,0x20,0x20,0x20,0x20,0x66,0x6c,0x6f,
    0x61,0x74,0x34,0x20,0x70,0x61,0x72,0x74,0x69,0x63,0x6c,0x65,0x43,0x6f,0x6c,0x6f,
    0x72,0x20,0x5b,0x5b,0x75,0x73,0x65,0x72,0x28,0x6c,0x6f,0x63,0x6e,0x30,0x29,0x5d,
    0x5d,0x3b,0x0a,0x20,0x20,0x20,0x20,0x66,0x6c,0x6f,0x61,0x74,0x34,0x20,0x67,0x6c,
    0x5f,0x50,0x6f,0x73,0x69,0x74,0x69,0x6f,0x6e,0x20,0x5b,0x5b,0x70,0x6f,0x73,0x69,
    0x74,0x69,0x6f,0x6e,0x5d,0x5d,0x3b,0x0a,0x7d,0x3b,0x0a,0x0a,0x73,0x74,0x72,0x75,
    0x63,0x74,0x20,0x6d,0x61,0x69,0x6e,0x30,0x5f,0x69,0x6e,0x0a,0x7b,0x0a,0x20,0x20,
    0x20,0x20,0x66,0x6c,0x6f,0x61,0x74,0x32,0x20,0x63,0x6f,0x72,0x6e,0x65,0x72,0x20,
    0x5b,0x5b,0x61,0x74,0x74,0x72,0x69,0x62,0x75,0x74,0x65,0x28,0x30,0x29,0x5d,0x5d,
    0x3b,0x0a,0x20,0x20,0x20,0x20,0x66,0x6c,0x6f,0x61,0x74,0x34,0x20,0x72,0x6f,0x6f,
    0x74,0x20,0x5b,0x5b,0x61,0x74,0x74,0x72,0x69,0x62,0x75,0x74,0x65,0x28,0x31,0x29,
    0x5d,0x5d,0x3b,0x0a,0x20,0x20,0x20,0x20,0x66,0x6c,0x6f,0x61,0x74,0x34,0x20,0x63,
    0x6f,0x6c,0x6f,0x72,0x20,0x5b,0x5b,0x61,0x74,0x74,0x72,0x69,0x62,0x75,0x74,0x65,
    0x28,0x32,0x29,0x5d,0x5d,0x3b,0x0a,0x7d,0x3b,0x0a,0x0a,0x76,0x65,0x72,0x74,0x65,
    0x78,0x20,0x6d,0x61,0x69,0x6e,0x30,0x5f,0x6f,0x75,0x74,0x20,0x6d,0x61,0x69,0x6e,
    0x30,0x28,0x6d,0x61,0x69,0x6e,0x30,0x5f,0x69,0x6e,0x20,0x69,0x6e,0x20,0x5b,0x5b,
    0x73,0x74,0x61,0x67,0x65,0x5f,0x69,0x6e,0x5d,0x5d,0x2c,0x20,0x63,0x6f,0x6e,0x73,
    0x74,0x61,0x6e,0x74,0x20,0x76,0x65,0x72,0x74,0x65,0x78,0x50,0x61,0x72,0x61,0x6d,
    0x73,0x26,0x20,0x5f,0x31,0x38,0x20,0x5b,0x5b,0x62,0x75,0x66,0x66,0x65,0x72,0x28,
    0x30,0x29,0x5d,0x5d,0x29,0x0a,0x7b,0x0a,0x20,0x20,0x20,0x20,0x6d,0x61,0x69,0x6e,
    0x30,0x5f,0x6f,0x75,0x74,0x20,0x6f,0x75,0x74,0x20,0x3d,0x20,0x7b,0x7d,0x3b,0x0a,
    0x20,0x20,0x20,0x20,0x6f,0x75,0x74,0x2e,0x67,0x6c,0x5f,0x50,0x6f,0x73,0x69,0x74,
    0x69,0x6f,0x6e,0x20,0x3d,0x20,0x5f,0x31,0x38,0x2e,0x76,0x69,0x65,0x77,0x50,0x72,
    0x6f,0x6a,0x20,0x2a,0x20,0x66,0x6c,0x6f,0x61,0x74,0x34,0x28,0x28,0x69,0x6e,0x2e,
    0x72,0x6f,0x6f,0x74,0x2e,0x78,0x79,0x7a,0x20,0x2b,0x20,0x28,0x5f,0x31,0x38,0x2e,
    0x63,0x61,0x6d,0x65,0x72,0x61,0x52,0x69,0x67,0x68,0x74,0x2e,0x78,0x79,0x7a,0x20,
    0x2a,0x20,0x28,0x69,0x6e,0x2e,0x63,0x6f,0x72,0x6e,0x65,0x72,0x2e,0x78,0x20,0x2a,
    0x20,0x69,0x6e,0x2e,0x72,0x6f,0x6f,0x74,0x2e,0x77,0x29,0x29,0x29,0x20,0x2b,0x20,
    0x28,0x5f,0x31,0x38,0x2e,0x63,0x61,0x6d,0x65,0x72,0x61,0x55,0x70,0x2e,0x78,0x79,
    0x7a,0x20,0x2a,0x20,0x28,0x69,0x6e,0x2e,0x63,0x6f,0x72,0x6e,0x65,0x72,0x2e,0x79,
    0x20,0x2a,0x20,0x69,0x6e,0x2e,0x72,0x6f,0x6f,0x74,0x2e,0x77,0x29,0x29,0x2c,0x20,
    0x31,0x2e,0x30,0x29,0x3b,0x0a,0x20,0x20,0x20,0x20,0x6f,0x75,0x74,0x2e,0x70,0x61,
    0x72,0x74,0x69,0x63,0x6c,0x65,0x43,0x6f,0x6c,0x6f,0x72,0x20,0x3d,0x20,0x69,0x6e,
    0x2e,0x63,0x6f,0x6c,0x6f,0x72,0x3b,0x0a,0x20,0x20,0x20,0x20,0x72,0x65,0x74,0x75,
    0x72,0x6e,0x20,0x6f,0x75,0x74,0x3b,0x0a,0x7d,0x0a,0x0a,0x00,
};
/*
    #include <metal_stdlib>
    #include <simd/simd.h>

    using namespace metal;

    struct main0_out
    {
        float4 fragColor [[color(0)]];
    };

    struct main0_in
    {
        float4 particleColor [[user(locn0)]];
    };

    fragment main0_out main0(main0_in in [[stage_in]])
    {
        main0_out out = {};
        if (in.particleColor.w < 0.5)
        {
            discard_fragment();
        }
        out.fragColor = in.particleColor;
        return out;
    }

*/
static const uint8_t particleFs_source_metal_macos[403] = {
    0x23,0x69,0x6e,0x63,0x6c,0x75,0x64,0x65,0x20,0x3c,0x6d,0x65,0x74,0x61,0x6c,0x5f,
    0x73,0x74,0x64,0x6c,0x69,0x62,0x3e,0x0a,0x23,0x69,0x6e,0x63,0x6c,0x75,0x64,0x65,
    0x20,0x3c,0x73,0x69,0x6d,0x64,0x2f,0x73,0x69,0x6d,0x64,0x2e,0x68,0x3e,0x0a,0x0a,
    0x75,0x73,0x69,0x6e,0x67,0x20,0x6e,0x61,0x6d,0x65,0x73,0x70,0x61,0x63,0x65,0x20,
    0x6d,0x65,0x74,0x61,0x6c,0x3b,0x0a,0x0a,0x73,0x74,0x72,0x75,0x63,0x74,0x20,0x6d,
    0x61,0x69,0x6e,0x30,0x5f,0x6f,0x75,0x74,0x0a,0x7b,0x0a,0x20,0x20,0x20,0x20,0x66,
    0x6c,0x6f,0x61,0x74,0x34,0x20,0x66,0x72,0x61,0x67,0x43,0x6f,0x6c,0x6f,0x72,0x20,
    0x5b,0x5b,0x63,0x6f,0x6c,0x6f,0x72,0x28,0x30,0x29,0x5d,0x5d,0x3b,0x0a,0x7d,0x3b,
    0x0a,0x0a,0x73,0x74,0x72,0x75,0x63,0x74,0x20,0x6d,0x61,0x69,0x6e,0x30,0x5f,0x69,
    0x6e,0x0a,0x7b,0x0a,0x20,0x20,0x20,0x20,0x66,0x6c,0x6f,0x61,0x74,0x34,0x20,0x70,
    0x61,0x72,0x74,0x69,0x63,0x6c,0x65,0x43,0x6f,0x6c,0x6f,0x72,0x20,0x5b,0x5b,0x75,
    0x73,0x65,0x72,0x28,0x6c,0x6f,0x63,0x6e,0x30,0x29,0x5d,0x5d,0x3b,0x0a,0x7d,0x3b,
    0x0a,0x0a,0x66,0x72,0x61,0x67,0x6d,0x65,0x6e,0x74,0x20,0x6d,0x61,0x69,0x6e,0x30,
    0x5f,0x6f,0x75,0x74,0x20,0x6d,0x61,0x69,0x6e,0x30,0x28,0x6d,0x61,0x69,0x6e,0x30,
    0x5f,0x69,0x6e,0x20,0x69,0x6e,0x20,0x5b,0x5b,0x73,0x74,0x61,0x67,0x65,0x5f,0x69,
    0x6e,0x5d,0x5d,0x29,0x0a,0x7b,0x0a,0x20,0x20,0x20,0x20,0x6d,0x61,0x69,0x6e,0x30,
    0x5f,0x6f,0x75,0x74,0x20,0x6f,0x75,0x74,0x20,0x3d,0x20,0x7b,0x7d,0x3b,0x0a,0x20,
    0x20,0x20,0x20,0x69,0x66,0x20,0x28,0x69,0x6e,0x2e,0x70,0x61,0x72,0x74,0x69,0x63,
    0x6c,0x65,0x43,0x6f,0x6c,0x6f,0x72,0x2e,0x77,0x20,0x3c,0x20,0x30,0x2e,0x35,0x29,
    0x0a,0x20,0x20,0x20,0x20,0x7b,0x0a,0x20,0x20,0x20,0x20,0x20,0x20,0x20,0x20,0x64,
    0x69,0x73,0x63,0x61,0x72,0x64,0x5f,0x66,0x72,0x61,0x67,0x6d,0x65,0x6e,0x74,0x28,
    0x29,0x3b,0x0a,0x20,0x20,0x20,0x20,0x7d,0x0a,0x20,0x20,0x20,0x20,0x6f,0x75,0x74,
    0x2e,0x66,0x72,0x61,0x67,0x43,0x6f,0x6c,0x6f,0x72,0x20,0x3d,0x20,0x69,0x6e,0x2e,
    0x70,0x61,0x72,0x74,0x69,0x63,0x6c,0x65,0x43,0x6f,0x6c,0x6f,0x72,0x3b,0x0a,0x20,
    0x20,0x20,0x20,0x72,0x65,0x74,0x75,0x72,0x6e,0x20,0x6f,0x75,0x74,0x3b,0x0a,0x7d,
    0x0a,0x0a,0x00,
};
/*
    #include <metal_stdlib>
    #include <simd/simd.h>

    using namespace metal;

    struct vertexParams
    {
        float4x4 viewProj;
        float4 cameraRight;
        float4 cameraUp;
    };

    struct main0_out
    {
        float3 worldPosition [[user(locn0)]];
        float3 towardCamera [[user(locn1)]];
        float2 uv [[user(locn2)]];
        float4 instanceColor [[user(locn3)]];
        float4 gl_Position [[position]];
    };

    struct main0_in
    {
        float2 corner [[attribute(0)]];
        float3 position [[attribute(1)]];
        float2 size [[attribute(2)]];
        float4 tile [[attribute(3)]];
        float4 color [[attribute(4)]];
    };

    vertex main0_out main0(main0_in in [[stage_in]], constant vertexParams& _17 [[buffer(0)]])
    {
        main0_out out = {};
        float3 _49 = (in.position + (_17.cameraRight.xyz * (in.corner.x * in.size.x))) + (_17.cameraUp.xyz * (in.corner.y * in.size.y));
        out.worldPosition = _49;
        out.towardCamera = cross(_17.cameraRight.xyz, _17.cameraUp.xyz);
        out.gl_Position = _17.viewProj * float4(_49, 1.0);
        float _86;
        if (in.corner.x > 0.0)
        {
            _86 = in.tile.z;
        }
        else
        {
            _86 = in.tile.x;
        }
        float _101;
        if (in.corner.y > 0.0)
        {
            _101 = in.tile.y;
        }
        else
        {
            _101 = in.tile.w;
        }
        out.uv = float2(_86, _101);
        out.instanceColor = in.color;
        return out;
    }

*/
static const uint8_t billboardVs_source_metal_macos[1323] = {
    0x23,0x69,0x6e,0x63,0x6c,0x75,0x64,0x65,0x20,0x3c,0x6d,0x65,0x74,0x61,0x6c,0x5f,
    0x73,0x74,0x64,0x6c,0x69,0x62,0x3e,0x0a,0x23,0x69,0x6e,0x63,0x6c,0x75,0x64,0x65,
    0x20,0x3c,0x73,0x69,0x6d,0x64,0x2f,0x73,0x69,0x6d,0x64,0x2e,0x68,0x3e,0x0a,0x0a,
    0x75,0x73,0x69,0x6e,0x67,0x20,0x6e,0x61,0x6d,0x65,0x73,0x70,0x61,0x63,0x65,0x20,
    0x6d,0x65,0x74,0x61,0x6c,0x3b,0x0a,0x0a,0x73,0x74,0x72,0x75,0x63,0x74,0x20,0x76,
    0x65,0x72,0x74,0x65,0x78,0x50,0x61,0x72,0x61,0x6d,0x73,0x0a,0x7b,0x0a,0x20,0x20,
    0x20,0x20,0x66,0x6c,0x6f,0x61,0x74,0x34,0x78,0x34,0x20,0x76,0x69,0x65,0x77,0x50,
    0x72,0x6f,0x6a,0x3b,0x0a,0x20,0x20,0x20,0x20,0x66,0x6c,0x6f,0x61,0x74,0x34,0x20,
    0x63,0x61,0x6d,0x65,0x72,0x61,0x52,0x69,0x67,0x68,0x74,0x3b,0x0a,0x20,0x20,0x20,
    0x20,0x66,0x6c,0x6f,0x61,0x74,0x34,0x20,0x63,0x61,0x6d,0x65,0x72,0x61,0x55,0x70,
    0x3b,0x0a,0x7d,0x3b,0x0a,0x0a,0x73,0x74,0x72,0x75,0x63,0x74,0x20,0x6d,0x61,0x69,
    0x6e,0x30,0x5f,0x6f,0x75,0x74,0x0a,0x7b,0x0a,0x20,0x20,0x20,0x20,0x66,0x6c,0x6f,
    0x61,0x74,0x33,0x20,0x77,0x6f,0x72,0x6c,0x64,0x50,0x6f,0x73,0x69,0x74,0x69,0x6f,
    0x6e,0x20,0x5b,0x5b,0x75,0x73,0x65,0x72,0x28,0x6c,0x6f,0x63,0x6e,0x30,0x29,0x5d,
    0x5d,0x3b,0x0a,0x20,0x20,0x20,0x20,0x66,0x6c,0x6f,0x61,0x74,0x33,0x20,0x74,0x6f,
    0x77,0x61,0x72,0x64,0x43,0x61,0x6d,0x65,0x72,0x61,0x20,0x5b,0x5b,0x75,0x73,0x65,
    0x72,0x28,0x6c,0x6f,0x63,0x6e,0x31,0x29,0x5d,0x5d,0x3b,0x0a,0x20,0x20,0x20,0x20,
    0x66,0x6c,0x6f,0x61,0x74,0x32,0x20,0x75,0x76,0x20,0x5b,0x5b,0x75,0x73,0x65,0x72,
    0x28,0x6c,0x6f,0x63,0x6e,0x32,0x29,0x5d,0x5d,0x3b,0x0a,0x20,0x20,0x20,0x20,0x66,
    0x6c,0x6f,0x61,0x74,0x34,0x20,0x69,0x6e,0x73,0x74,0x61,0x6e,0x63,0x65,0x43,0x6f,
    0x6c,0x6f,0x72,0x20,0x5b,0x5b,0x75,0x73,0x65,0x72,0x28,0x6c,0x6f,0x63,0x6e,0x33,
    0x29,0x5d,0x5d,0x3b,0x0a,0x20,0x20,0x20,0x20,0x66,0x6c,0x6f,0x61,0x74,0x34,0x20,
    0x67,0x6c,0x5f,0x50,0x6f,0x73,0x69,0x74,0x69,0x6f,0x6e,0x20,0x5b,0x5b,0x70,0x6f,
    0x73,0x69,0x74,0x69,0x6f,0x6e,0x5d,0x5d,0x3b,0x0a,0x7d,0x3b,0x0a,0x0a,0x73,0x74,
    0x72,0x75,0x63,0x74,0x20,0x6d,0x61,0x69,0x6e,0x30,0x5f,0x69,0x6e,0x0a,0x7b,0x0a,
    0x20,0x20,0x20,0x20,0x66,0x6c,0x6f,0x61,0x74,0x32,0x20,0x63,0x6f,0x72,0x6e,0x65,
    0x72,0x20,0x5b,0x5b,0x61,0x74,0x74,0x72,0x69,0x62,0x75,0x74,0x65,0x28,0x30,0x29,
    0x5d,0x5d,0x3b,0x0a,0x20,0x20,0x20,0x20,0x66,0x6c,0x6f,0x61,0x74,0x33,0x20,0x70,
    0x6f,0x73,0x69,0x74,0x69,0x6f,0x6e,0x20,0x5b,0x5b,0x61,0x74,0x74,0x72,0x69,0x62,
    0x75,0x74,0x65,0x28,0x31,0x29,0x5d,0x5d,0x3b,0x0a,0x20,0x20,0x20,0x20,0x66,0x6c,
    0x6f,0x61,0x74,0x32,0x20,0x73,0x69,0x7a,0x65,0x20,0x5b,0x5b,0x61,0x74,0x74,0x72,
    0x69,0x62,0x75,0x74,0x65,0x28,0x32,0x29,0x5d,0x5d,0x3b,0x0a,0x20,0x20,0x20,0x20,
    0x66,0x6c,0x6f,0x61,0x74,0x34,0x20,0x74,0x69,0x6c,0x65,0x20,0x5b,0x5b,0x61,0x74,
    0x74,0x72,0x69,0x62,0x75,0x74,0x65,0x28,0x33,0x29,0x5d,0x5d,0x3b,0x0a,0x20,0x20,
    0x20,0x20,0x66,0x6c,0x6f,0x61,0x74,0x34,0x20,0x63,0x6f,0x6c,0x6f,0x72,0x20,0x5b,
    0x5b,0x61,0x74,0x74,0x72,0x69,0x62,0x75,0x74,0x65,0x28,0x34,0x29,0x5d,0x5d,0x3b,
    0x0a,0x7d,0x3b,0x0a,0x0a,0x76,0x65,0x72,0x74,0x65,0x78,0x20,0x6d,0x61,0x69,0x6e,
    0x30,0x5f,0x6f,0x75,0x74,0x20,0x6d,0x61,0x69,0x6e,0x30,0x28,0x6d,0x61,0x69,0x6e,
    0x30,0x5f,0x69,0x6e,0x20,0x69,0x6e,0x20,0x5b,0x5b,0x73,0x74,0x61,0x67,0x65,0x5f,
    0x69,0x6e,0x5d,0x5d,0x2c,0x20,0x63,0x6f,0x6e,0x73,0x74,0x61,0x6e,0x74,0x20,0x76,
    0x65,0x72,0x74,0x65,0x78,0x50,0x61,0x72,0x61,0x6d,0x73,0x26,0x20,0x5f,0x31,0x37,
    0x20,0x5b,0x5b,0x62,0x75,0x66,0x66,0x65,0x72,0x28,0x30,0x29,0x5d,0x5d,0x29,0x0a,
    0x7b,0x0a,0x20,0x20,0x20,0x20,0x6d,0x61,0x69,0x6e,0x30,0x5f,0x6f,0x75,0x74,0x20,
    0x6f,0x75,0x74,0x20,0x3d,0x20,0x7b,0x7d,0x3b,0x0a,0x20,0x20,0x20,0x20,0x66,0x6c,
    0x6f,0x61,0x74,0x33,0x20,0x5f,0x34,0x39,0x20,0x3d,0x20,0x28,0x69,0x6e,0x2e,0x70,
    0x6f,0x73,0x69,0x74,0x69,0x6f,0x6e,0x20,0x2b,0x20,0x28,0x5f,0x31,0x37,0x2e,0x63,
    0x61,0x6d,0x65,0x72,0x61,0x52,0x69,0x67,0x68,0x74,0x2e,0x78,0x79,0x7a,0x20,0x2a,
    0x20,0x28,0x69,0x6e,0x2e,0x63,0x6f,0x72,0x6e,0x65,0x72,0x2e,0x78,0x20,0x2a,0x20,
    0x69,0x6e,0x2e,0x73,0x69,0x7a,0x65,0x2e,0x78,0x29,0x29,0x29,0x20,0x2b,0x20,0x28,
    0x5f,0x31,0x37,0x2e,0x63,0x61,0x6d,0x65,0x72,0x61,0x55,0x70,0x2e,0x78,0x79,0x7a,
    0x20,0x2a,0x20,0x28,0x69,0x6e,0x2e,0x63,0x6f,0x72,0x6e,0x65,0x72,0x2e,0x79,0x20,
    0x2a,0x20,0x69,0x6e,0x2e,0x73,0x69,0x7a,0x65,0x2e,0x79,0x29,0x29,0x3b,0x0a,0x20,
    0x20,0x20,0x20,0x6f,0x75,0x74,0x2e,0x77,0x6f,0x72,0x6c,0x64,0x50,0x6f,0x73,0x69,
    0x74,0x69,0x6f,0x6e,0x20,0x3d,0x20,0x5f,0x34,0x39,0x3b,0x0a,0x20,0x20,0x20,0x20,
    0x6f,0x75,0x74,0x2e,0x74,0x6f,0x77,0x61,0x72,0x64,0x43,0x61,0x6d,0x65,0x72,0x61,
    0x20,0x3d,0x20,0x63,0x72,0x6f,0x73,0x73,0x28,0x5f,0x31,0x37,0x2e,0x63,0x61,0x6d,
    0x65,0x72,0x61,0x52,0x69,0x67,0x68,0x74,0x2e,0x78,0x79,0x7a,0x2c,0x20,0x5f,0x31,
    0x37,0x2e,0x63,0x61,0x6d,0x65,0x72,0x61,0x55,0x70,0x2e,0x78,0x79,0x7a,0x29,0x3b,
    0x0a,0x20,0x20,0x20,0x20,0x6f,0x75,0x74,0x2e,0x67,0x6c,0x5f,0x50,0x6f,0x73,0x69,
    0x74,0x69,0x6f,0x6e,0x20,0x3d,0x20,0x5f,0x31,0x37,0x2e,0x76,0x69,0x65,0x77,0x50,
    0x72,0x6f,0x6a,0x20,0x2a,0x20,0x66,0x6c,0x6f,0x61,0x74,0x34,0x28,0x5f,0x34,0x39,
    0x2c,0x20,0x31,0x2e,0x30,0x29,0x3b,0x0a,0x20,0x20,0x20,0x20,0x66,0x6c,0x6f,0x61,
    0x74,0x20,0x5f,0x38,0x36,0x3b,0x0a,0x20,0x20,0x20,0x20,0x69,0x66,0x20,0x28,0x69,
    0x6e,0x2e,0x63,0x6f,0x72,0x6e,0x65,0x72,0x2e,0x78,0x20,0x3e,0x20,0x30,0x2e,0x30,
    0x29,0x0a,0x20,0x20,0x20,0x20,0x7b,0x0a,0x20,0x20,0x20,0x20,0x20,0x20,0x20,0x20,
    0x5f,0x38,0x36,0x20,0x3d,0x20,0x69,0x6e,0x2e,0x74,0x69,0x6c,0x65,0x2e,0x7a,0x3b,
    0x0a,0x20,0x20,0x20,0x20,0x7d,0x0a,0x20,0x20,0x20,0x20,0x65,0x6c,0x73,0x65,0x0a,
    0x20,0x20,0x20,0x20,0x7b,0x0a,0x20,0x20,0x20,0x20,0x20,0x20,0x20,0x20,0x5f,0x38,
    0x36,0x20,0x3d,0x20,0x69,0x6e,0x2e,0x74,0x69,0x6c,0x65,0x2e,0x78,0x3b,0x0a,0x20,
    0x20,0x20,0x20,0x7d,0x0a,0x20,0x20,0x20,0x20,0x66,0x6c,0x6f,0x61,0x74,0x20,0x5f,
    0x31,0x30,0x31,0x3b,0x0a,0x20,0x20,0x20,0x20,0x69,0x66,0x20,0x28,0x69,0x6e,0x2e,
    0x63,0x6f,0x72,0x6e,0x65,0x72,0x2e,0x79,0x20,0x3e,0x20,0x30,0x2e,0x30,0x29,0x0a,
    0x20,0x20,0x20,0x20,0x7b,0x0a,0x20,0x20,0x20,0x20,0x20,0x20,0x20,0x20,0x5f,0x31,
    0x30,0x31,0x20,0x3d,0x20,0x69,0x6e,0x2e,0x74,0x69,0x6c,0x65,0x2e,0x79,0x3b,0x0a,
    0x20,0x20,0x20,0x20,0x7d,0x0a,0x20,0x20,0x20,0x20,0x65,0x6c,0x73,0x65,0x0a,0x20,
    0x20,0x20,0x20,0x7b,0x0a,0x20,0x20,0x20,0x20,0x20,0x20,0x20,0x20,0x5f,0x31,0x30,
    0x31,0x20,0x3d,0x20,0x69,0x6e,0x2e,0x74,0x69,0x6c,0x65,0x2e,0x77,0x3b,0x0a,0x20,
    0x20,0x20,0x20,0x7d,0x0a,0x20,0x20,0x20,0x20,0x6f,0x75,0x74,0x2e,0x75,0x76,0x20,
    0x3d,0x20,0x66,0x6c,0x6f,0x61,0x74,0x32,0x28,0x5f,0x38,0x36,0x2c,0x20,0x5f,0x31,
    0x30,0x31,0x29,0x3b,0x0a,0x20,0x20,0x20,0x20,0x6f,0x75,0x74,0x2e,0x69,0x6e,0x73,
    0x74,0x61,0x6e,0x63,0x65,0x43,0x6f,0x6c,0x6f,0x72,0x20,0x3d,0x20,0x69,0x6e,0x2e,
    0x63,0x6f,0x6c,0x6f,0x72,0x3b,0x0a,0x20,0x20,0x20,0x20,0x72,0x65,0x74,0x75,0x72,
    0x6e,0x20,0x6f,0x75,0x74,0x3b,0x0a,0x7d,0x0a,0x0a,0x00,
};
/*
    #pragma clang diagnostic ignored "-Wmissing-prototypes"

    #include <metal_stdlib>
    #include <simd/simd.h>

    using namespace metal;

    struct lightParams
    {
        float4 ambient;
        float4 dirLight;
        float4 dirColor;
        float4 pointLight[4];
        float4 pointColor[4];
    };

    struct billboardParams
    {
        float4 billboardColor;
        float4 billboard;
    };

    struct main0_out
    {
        float4 fragColor [[color(0)]];
    };

    struct main0_in
    {
        float3 worldPosition [[user(locn0)]];
        float3 towardCamera [[user(locn1)]];
        float2 uv [[user(locn2)]];
        float4 instanceColor [[user(locn3)]];
    };

    static inline __attribute__((always_inline))
    float3 pointLightAt(thread const int& i, thread const float3& position, thread const float3& normal, constant lightParams& _25)
    {
        float3 _33 = _25.pointLight[i].xyz - position;
        float _37 = length(_33);
        float _50 = fast::clamp(1.0 - (_37 / _25.pointColor[i].w), 0.0, 1.0);
        return _25.pointColor[i].xyz * (((_50 * _50) * fast::max(dot(normal, _33 / float3(fast::max(_37, 9.9999997473787516355514526367188e-05))), 0.0)) * _25.pointLight[i].w);
    }

    fragment main0_out main0(main0_in in [[stage_in]], constant lightParams& _25 [[buffer(1)]], constant billboardParams& _97 [[buffer(2)]], texture2d<float> billboardTexture [[texture(0)]], sampler billboardSampler [[sampler(0)]])
    {
        main0_out out = {};
        float4 _106 = (_97.billboardColor * billboardTexture.sample(billboardSampler, in.uv)) * in.instanceColor;
        float4 pixel = _106;
        if (_106.w < 0.5)
        {
            discard_fragment();
        }
        if (_97.billboard.y != 0.0)
        {
            float3 _126 = fast::normalize(in.towardCamera);
            float3 light = _25.ambient.xyz + (_25.dirColor.xyz * (fast::max(dot(_126, _25.dirLight.xyz), 0.0) * _25.dirLight.w));
            for (int i = 0; i < int(_25.ambient.w + 0.5); i++)
            {
                int param = i;
                float3 param_1 = in.worldPosition;
                float3 param_2 = _126;
                light += pointLightAt(param, param_1, param_2, _25);
            }
            float4 _173 = pixel;
            float3 _175 = _173.xyz * light;
            float4 _189 = _173;
            _189.x = _175.x;
            _189.y = _175.y;
            _189.z = _175.z;
            pixel = _189;
        }
        out.fragColor = pixel;
        return out;
    }

*/
static const uint8_t billboardFs_source_metal_macos[2258] = {
    0x23,0x70,0x72,0x61,0x67,0x6d,0x61,0x20,0x63,0x6c,0x61,0x6e,0x67,0x20,0x64,0x69,
    0x61,0x67,0x6e,0x6f,0x73,0x74,0x69,0x63,0x20,0x69,0x67,0x6e,0x6f,0x72,0x65,0x64,
    0x20,0x22,0x2d,0x57,0x6d,0x69,0x73,0x73,0x69,0x6e,0x67,0x2d,0x70,0x72,0x6f,0x74,
    0x6f,0x74,0x79,0x70,0x65,0x73,0x22,0x0a,0x0a,0x23,0x69,0x6e,0x63,0x6c,0x75,0x64,
    0x65,0x20,0x3c,0x6d,0x65,0x74,0x61,0x6c,0x5f,0x73,0x74,0x64,0x6c,0x69,0x62,0x3e,
    0x0a,0x23,0x69,0x6e,0x63,0x6c,0x75,0x64,0x65,0x20,0x3c,0x73,0x69,0x6d,0x64,0x2f,
    0x73,0x69,0x6d,0x64,0x2e,0x68,0x3e,0x0a,0x0a,0x75,0x73,0x69,0x6e,0x67,0x20,0x6e,
    0x61,0x6d,0x65,0x73,0x70,0x61,0x63,0x65,0x20,0x6d,0x65,0x74,0x61,0x6c,0x3b,0x0a,
    0x0a,0x73,0x74,0x72,0x75,0x63,0x74,0x20,0x6c,0x69,0x67,0x68,0x74,0x50,0x61,0x72,
    0x61,0x6d,0x73,0x0a,0x7b,0x0a,0x20,0x20,0x20,0x20,0x66,0x6c,0x6f,0x61,0x74,0x34,
    0x20,0x61,0x6d,0x62,0x69,0x65,0x6e,0x74,0x3b,0x0a,0x20,0x20,0x20,0x20,0x66,0x6c,
    0x6f,0x61,0x74,0x34,0x20,0x64,0x69,0x72,0x4c,0x69,0x67,0x68,0x74,0x3b,0x0a,0x20,
    0x20,0x20,0x20,0x66,0x6c,0x6f,0x61,0x74,0x34,0x20,0x64,0x69,0x72,0x43,0x6f,0x6c,
    0x6f,0x72,0x3b,0x0a,0x20,0x20,0x20,0x20,0x66,0x6c,0x6f,0x61,0x74,0x34,0x20,0x70,
    0x6f,0x69,0x6e,0x74,0x4c,0x69,0x67,0x68,0x74,0x5b,0x34,0x5d,0x3b,0x0a,0x20,0x20,
    0x20,0x20,0x66,0x6c,0x6f,0x61,0x74,0x34,0x20,0x70,0x6f,0x69,0x6e,0x74,0x43,0x6f,
    0x6c,0x6f,0x72,0x5b,0x34,0x5d,0x3b,0x0a,0x7d,0x3b,0x0a,0x0a,0x73,0x74,0x72,0x75,
    0x63,0x74,0x20,0x62,0x69,0x6c,0x6c,0x62,0x6f,0x61,0x72,0x64,0x50,0x61,0x72,0x61,
    0x6d,0x73,0x0a,0x7b,0x0a,0x20,0x20,0x20,0x20,0x66,0x6c,0x6f,0x61,0x74,0x34,0x20,
    0x62,0x69,0x6c,0x6c,0x62,0x6f,0x61,0x72,0x64,0x43,0x6f,0x6c,0x6f,0x72,0x3b,0x0a,
    0x20,0x20,0x20,0x20,0x66,0x6c,0x6f,0x61,0x74,0x34,0x20,0x62,0x69,0x6c,0x6c,0x62,
    0x6f,0x61,0x72,0x64,0x3b,0x0a,0x7d,0x3b,0x0a,0x0a,0x73,0x74,0x72,0x75,0x63,0x74,
    0x20,0x6d,0x61,0x69,0x6e,0x30,0x5f,0x6f,0x75,0x74,0x0a,0x7b,0x0a,0x20,0x20,0x20,
    0x20,0x66,0x6c,0x6f,0x61,0x74,0x34,0x20,0x66,0x72,0x61,0x67,0x43,0x6f,0x6c,0x6f,
    0x72,0x20,0x5b,0x5b,0x63,0x6f,0x6c,0x6f,0x72,0x28,0x30,0x29,0x5d,0x5d,0x3b,0x0a,
    0x7d,0x3b,0x0a,0x0a,0x73,0x74,0x72,0x75,0x63,0x74,0x20,0x6d,0x61,0x69,0x6e,0x30,
    0x5f,0x69,0x6e,0x0a,0x7b,0x0a,0x20,0x20,0x20,0x20,0x66,0x6c,0x6f,0x61,0x74,0x33,
    0x20,0x77,0x6f,0x72,0x6c,0x64,0x50,0x6f,0x73,0x69,0x74,0x69,0x6f,0x6e,0x20,0x5b,
    0x5b,0x75,0x73,0x65,0x72,0x28,0x6c,0x6f,0x63,0x6e,0x30,0x29,0x5d,0x5d,0x3b,0x0a,
    0x20,0x20,0x20,0x20,0x66,0x6c,0x6f,0x61,0x74,0x33,0x20,0x74,0x6f,0x77,0x61,0x72,
    0x64,0x43,0x61,0x6d,0x65,0x72,0x61,0x20,0x5b,0x5b,0x75,0x73,0x65,0x72,0x28,0x6c,
    0x6f,0x63,0x6e,0x31,0x29,0x5d,0x5d,0x3b,0x0a,0x20,0x20,0x20,0x20,0x66,0x6c,0x6f,
    0x61,0x74,0x32,0x20,0x75,0x76,0x20,0x5b,0x5b,0x75,0x73,0x65,0x72,0x28,0x6c,0x6f,
    0x63,0x6e,0x32,0x29,0x5d,0x5d,0x3b,0x0a,0x20,0x20,0x20,0x20,0x66,0x6c,0x6f,0x61,
    0x74,0x34,0x20,0x69,0x6e,0x73,0x74,0x61,0x6e,0x63,0x65,0x43,0x6f,0x6c,0x6f,0x72,
    0x20,0x5b,0x5b,0x75,0x73,0x65,0x72,0x28,0x6c,0x6f,0x63,0x6e,0x33,0x29,0x5d,0x5d,
    0x3b,0x0a,0x7d,0x3b,0x0a,0x0a,0x73,0x74,0x61,0x74,0x69,0x63,0x20,0x69,0x6e,0x6c,
    0x69,0x6e,0x65,0x20,0x5f,0x5f,0x61,0x74,0x74,0x72,0x69,0x62,0x75,0x74,0x65,0x5f,
    0x5f,0x28,0x28,0x61,0x6c,0x77,0x61,0x79,0x73,0x5f,0x69,0x6e,0x6c,0x69,0x6e,0x65,
    0x29,0x29,0x0a,0x66,0x6c,0x6f,0x61,0x74,0x33,0x20,0x70,0x6f,0x69,0x6e,0x74,0x4c,
    0x69,0x67,0x68,0x74,0x41,0x74,0x28,0x74,0x68,0x72,0x65,0x61,0x64,0x20,0x63,0x6f,
    0x6e,0x73,0x74,0x20,0x69,0x6e,0x74,0x26,0x20,0x69,0x2c,0x20,0x74,0x68,0x72,0x65,
    0x61,0x64,0x20,0x63,0x6f,0x6e,0x73,0x74,0x20,0x66,0x6c,0x6f,0x61,0x74,0x33,0x26,
    0x20,0x70,0x6f,0x73,0x69,0x74,0x69,0x6f,0x6e,0x2c,0x20,0x74,0x68,0x72,0x65,0x61,
    0x64,0x20,0x63,0x6f,0x6e,0x73,0x74,0x20,0x66,0x6c,0x6f,0x61,0x74,0x33,0x26,0x20,
    0x6e,0x6f,0x72,0x6d,0x61,0x6c,0x2c,0x20,0x63,0x6f,0x6e,0x73,0x74,0x61,0x6e,0x74,
    0x20,0x6c,0x69,0x67,0x68,0x74,0x50,0x61,0x72,0x61,0x6d,0x73,0x26,0x20,0x5f,0x32,
    0x35,0x29,0x0a,0x7b,0x0a,0x20,0x20,0x20,0x20,0x66,0x6c,0x6f,0x61,0x74,0x33,0x20,
    0x5f,0x33,0x33,0x20,0x3d,0x20,0x5f,0x32,0x35,0x2e,0x70,0x6f,0x69,0x6e,0x74,0x4c,
    0x69,0x67,0x68,0x74,0x5b,0x69,0x5d,0x2e,0x78,0x79,0x7a,0x20,0x2d,0x20,0x70,0x6f,
    0x73,0x69,0x74,0x69,0x6f,0x6e,0x3b,0x0a,0x20,0x20,0x20,0x20,0x66,0x6c,0x6f,0x61,
    0x74,0x20,0x5f,0x33,0x37,0x20,0x3d,0x20,0x6c,0x65,0x6e,0x67,0x74,0x68,0x28,0x5f,
    0x33,0x33,0x29,0x3b,0x0a,0x20,0x20,0x20,0x20,0x66,0x6c,0x6f,0x61,0x74,0x20,0x5f,
    0x35,0x30,0x20,0x3d,0x20,0x66,0x61,0x73,0x74,0x3a,0x3a,0x63,0x6c,0x61,0x6d,0x70,
    0x28,0x31,0x2e,0x30,0x20,0x2d,0x20,0x28,0x5f,0x33,0x37,0x20,0x2f,0x20,0x5f,0x32,
    0x35,0x2e,0x70,0x6f,0x69,0x6e,0x74,0x43,0x6f,0x6c,0x6f,0x72,0x5b,0x69,0x5d,0x2e,
    0x77,0x29,0x2c,0x20,0x30,0x2e,0x30,0x2c,0x20,0x31,0x2e,0x30,0x29,0x3b,0x0a,0x20,
    0x20,0x20,0x20,0x72,0x65,0x74,0x75,0x72,0x6e,0x20,0x5f,0x32,0x35,0x2e,0x70,0x6f,
    0x69,0x6e,0x74,0x43,0x6f,0x6c,0x6f,0x72,0x5b,0x69,0x5d,0x2e,0x78,0x79,0x7a,0x20,
    0x2a,0x20,0x28,0x28,0x28,0x5f,0x35,0x30,0x20,0x2a,0x20,0x5f,0x35,0x30,0x29,0x20,
    0x2a,0x20,0x66,0x61,0x73,0x74,0x3a,0x3a,0x6d,0x61,0x78,0x28,0x64,0x6f,0x74,0x28,
    0x6e,0x6f,0x72,0x6d,0x61,0x6c,0x2c,0x20,0x5f,0x33,0x33,0x20,0x2f,0x20,0x66,0x6c,
    0x6f,0x61,0x74,0x33,0x28,0x66,0x61,0x73,0x74,0x3a,0x3a,0x6d,0x61,0x78,0x28,0x5f,
    0x33,0x37,0x2c,0x20,0x39,0x2e,0x39,0x39,0x39,0x39,0x39,0x39,0x37,0x34,0x37,0x33,
    0x37,0x38,0x37,0x35,0x31,0x36,0x33,0x35,0x35,0x35,0x31,0x34,0x35,0x32,0x36,0x33,
    0x36,0x37,0x31,0x38,0x38,0x65,0x2d,0x30,0x35,0x29,0x29,0x29,0x2c,0x20,0x30,0x2e,
    0x30,0x29,0x29,0x20,0x2a,0x20,0x5f,0x32,0x35,0x2e,0x70,0x6f,0x69,0x6e,0x74,0x4c,
    0x69,0x67,0x68,0x74,0x5b,0x69,0x5d,0x2e,0x77,0x29,0x3b,0x0a,0x7d,0x0a,0x0a,0x66,
    0x72,0x61,0x67,0x6d,0x65,0x6e,0x74,0x20,0x6d,0x61,0x69,0x6e,0x30,0x5f,0x6f,0x75,
    0x74,0x20,0x6d,0x61,0x69,0x6e,0x30,0x28,0x6d,0x61,0x69,0x6e,0x30,0x5f,0x69,0x6e,
    0x20,0x69,0x6e,0x20,0x5b,0x5b,0x73,0x74,0x61,0x67,0x65,0x5f,0x69,0x6e,0x5d,0x5d,
    0x2c,0x20,0x63,0x6f,0x6e,0x73,0x74,0x61,0x6e,0x74,0x20,0x6c,0x69,0x67,0x68,0x74,
    0x50,0x61,0x72,0x61,0x6d,0x73,0x26,0x20,0x5f,0x32,0x35,0x20,0x5b,0x5b,0x62,0x75,
    0x66,0x66,0x65,0x72,0x28,0x31,0x29,0x5d,0x5d,0x2c,0x20,0x63,0x6f,0x6e,0x73,0x74,
    0x61,0x6e,0x74,0x20,0x62,0x69,0x6c,0x6c,0x62,0x6f,0x61,0x72,0x64,0x50,0x61,0x72,
    0x61,0x6d,0x73,0x26,0x20,0x5f,0x39,0x37,0x20,0x5b,0x5b,0x62,0x75,0x66,0x66,0x65,
    0x72,0x28,0x32,0x29,0x5d,0x5d,0x2c,0x20,0x74,0x65,0x78,0x74,0x75,0x72,0x65,0x32,
    0x64,0x3c,0x66,0x6c,0x6f,0x61,0x74,0x3e,0x20,0x62,0x69,0x6c,0x6c,0x62,0x6f,0x61,
    0x72,0x64,0x54,0x65,0x78,0x74,0x75,0x72,0x65,0x20,0x5b,0x5b,0x74,0x65,0x78,0x74,
    0x75,0x72,0x65,0x28,0x30,0x29,0x5d,0x5d,0x2c,0x20,0x73,0x61,0x6d,0x70,0x6c,0x65,
    0x72,0x20,0x62,0x69,0x6c,0x6c,0x62,0x6f,0x61,0x72,0x64,0x53,0x61,0x6d,0x70,0x6c,
    0x65,0x72,0x20,0x5b,0x5b,0x73,0x61,0x6d,0x70,0x6c,0x65,0x72,0x28,0x30,0x29,0x5d,
    0x5d,0x29,0x0a,0x7b,0x0a,0x20,0x20,0x20,0x20,0x6d,0x61,0x69,0x6e,0x30,0x5f,0x6f,
    0x75,0x74,0x20,0x6f,0x75,0x74,0x20,0x3d,0x20,0x7b,0x7d,0x3b,0x0a,0x20,0x20,0x20,
    0x20,0x66,0x6c,0x6f,0x61,0x74,0x34,0x20,0x5f,0x31,0x30,0x36,0x20,0x3d,0x20,0x28,
    0x5f,0x39,0x37,0x2e,0x62,0x69,0x6c,0x6c,0x62,0x6f,0x61,0x72,0x64,0x43,0x6f,0x6c,
    0x6f,0x72,0x20,0x2a,0x20,0x62,0x69,0x6c,0x6c,0x62,0x6f,0x61,0x72,0x64,0x54,0x65,
    0x78,0x74,0x75,0x72,0x65,0x2e,0x73,0x61,0x6d,0x70,0x6c,0x65,0x28,0x62,0x69,0x6c,
    0x6c,0x62,0x6f,0x61,0x72,0x64,0x53,0x61,0x6d,0x70,0x6c,0x65,0x72,0x2c,0x20,0x69,
    0x6e,0x2e,0x75,0x76,0x29,0x29,0x20,0x2a,0x20,0x69,0x6e,0x2e,0x69,0x6e,0x73,0x74,
    0x61,0x6e,0x63,0x65,0x43,0x6f,0x6c,0x6f,0x72,0x3b,0x0a,0x20,0x20,0x20,0x20,0x66,
    0x6c,0x6f,0x61,0x74,0x34,0x20,0x70,0x69,0x78,0x65,0x6c,0x20,0x3d,0x20,0x5f,0x31,
    0x30,0x36,0x3b,0x0a,0x20,0x20,0x20,0x20,0x69,0x66,0x20,0x28,0x5f,0x31,0x30,0x36,
    0x2e,0x77,0x20,0x3c,0x20,0x30,0x2e,0x35,0x29,0x0a,0x20,0x20,0x20,0x20,0x7b,0x0a,
    0x20,0x20,0x20,0x20,0x20,0x20,0x20,0x20,0x64,0x69,0x73,0x63,0x61,0x72,0x64,0x5f,
    0x66,0x72,0x61,0x67,0x6d,0x65,0x6e,0x74,0x28,0x29,0x3b,0x0a,0x20,0x20,0x20,0x20,
    0x7d,0x0a,0x20,0x20,0x20,0x20,0x69,0x66,0x20,0x28,0x5f,0x39,0x37,0x2e,0x62,0x69,
    0x6c,0x6c,0x62,0x6f,0x61,0x72,0x64,0x2e,0x79,0x20,0x21,0x3d,0x20,0x30,0x2e,0x30,
    0x29,0x0a,0x20,0x20,0x20,0x20,0x7b,0x0a,0x20,0x20,0x20,0x20,0x20,0x20,0x20,0x20,
    0x66,0x6c,0x6f,0x61,0x74,0x33,0x20,0x5f,0x31,0x32,0x36,0x20,0x3d,0x20,0x66,0x61,
    0x73,0x74,0x3a,0x3a,0x6e,0x6f,0x72,0x6d,0x61,0x6c,0x69,0x7a,0x65,0x28,0x69,0x6e,
    0x2e,0x74,0x6f,0x77,0x61,0x72,0x64,0x43,0x61,0x6d,0x65,0x72,0x61,0x29,0x3b,0x0a,
    0x20,0x20,0x20,0x20,0x20,0x20,0x20,0x20,0x66,0x6c,0x6f,0x61,0x74,0x33,0x20,0x6c,
    0x69,0x67,0x68,0x74,0x20,0x3d,0x20,0x5f,0x32,0x35,0x2e,0x61,0x6d,0x62,0x69,0x65,
    0x6e,0x74,0x2e,0x78,0x79,0x7a,0x20,0x2b,0x20,0x28,0x5f,0x32,0x35,0x2e,0x64,0x69,
    0x72,0x43,0x6f,0x6c,0x6f,0x72,0x2e,0x78,0x79,0x7a,0x20,0x2a,0x20,0x28,0x66,0x61,
    0x73,0x74,0x3a,0x3a,0x6d,0x61,0x78,0x28,0x64,0x6f,0x74,0x28,0x5f,0x31,0x32,0x36,
    0x2c,0x20,0x5f,0x32,0x35,0x2e,0x64,0x69,0x72,0x4c,0x69,0x67,0x68,0x74,0x2e,0x78,
    0x79,0x7a,0x29,0x2c,0x20,0x30,0x2e,0x30,0x29,0x20,0x2a,0x20,0x5f,0x32,0x35,0x2e,
    0x64,0x69,0x72,0x4c,0x69,0x67,0x68,0x74,0x2e,0x77,0x29,0x29,0x3b,0x0a,0x20,0x20,
    0x20,0x20,0x20,0x20,0x20,0x20,0x66,0x6f,0x72,0x20,0x28,0x69,0x6e,0x74,0x20,0x69,
    0x20,0x3d,0x20,0x30,0x3b,0x20,0x69,0x20,0x3c,0x20,0x69,0x6e,0x74,0x28,0x5f,0x32,
    0x35,0x2e,0x61,0x6d,0x62,0x69,0x65,0x6e,0x74,0x2e,0x77,0x20,0x2b,0x20,0x30,0x2e,
    0x35,0x29,0x3b,0x20,0x69,0x2b,0x2b,0x29,0x0a,0x20,0x20,0x20,0x20,0x20,0x20,0x20,
    0x20,0x7b,0x0a,0x20,0x20,0x20,0x20,0x20,0x20,0x20,0x20,0x20,0x20,0x20,0x20,0x69,
    0x6e,0x74,0x20,0x70,0x61,0x72,0x61,0x6d,0x20,0x3d,0x20,0x69,0x3b,0x0a,0x20,0x20,
    0x20,0x20,0x20,0x20,0x20,0x20,0x20,0x20,0x20,0x20,0x66,0x6c,0x6f,0x61,0x74,0x33,
    0x20,0x70,0x61,0x72,0x61,0x6d,0x5f,0x31,0x20,0x3d,0x20,0x69,0x6e,0x2e,0x77,0x6f,
    0x72,0x6c,0x64,0x50,0x6f,0x73,0x69,0x74,0x69,0x6f,0x6e,0x3b,0x0a,0x20,0x20,0x20,
    0x20,0x20,0x20,0x20,0x20,0x20,0x20,0x20,0x20,0x66,0x6c,0x6f,0x61,0x74,0x33,0x20,
    0x70,0x61,0x72,0x61,0x6d,0x5f,0x32,0x20,0x3d,0x20,0x5f,0x31,0x32,0x36,0x3b,0x0a,
    0x20,0x20,0x20,0x20,0x20,0x20,0x20,0x20,0x20,0x20,0x20,0x20,0x6c,0x69,0x67,0x68,
    0x74,0x20,0x2b,0x3d,0x20,0x70,0x6f,0x69,0x6e,0x74,0x4c,0x69,0x67,0x68,0x74,0x41,
    0x74,0x28,0x70,0x61,0x72,0x61,0x6d,0x2c,0x20,0x70,0x61,0x72,0x61,0x6d,0x5f,0x31,
    0x2c,0x20,0x70,0x61,0x72,0x61,0x6d,0x5f,0x32,0x2c,0x20,0x5f,0x32,0x35,0x29,0x3b,
    0x0a,0x20,0x20,0x20,0x20,0x20,0x20,0x20,0x20,0x7d,0x0a,0x20,0x20,0x20,0x20,0x20,
    0x20,0x20,0x20,0x66,0x6c,0x6f,0x61,0x74,0x34,0x20,0x5f,0x31,0x37,0x33,0x20,0x3d,
    0x20,0x70,0x69,0x78,0x65,0x6c,0x3b,0x0a,0x20,0x20,0x20,0x20,0x20,0x20,0x20,0x20,
    0x66,0x6c,0x6f,0x61,0x74,0x33,0x20,0x5f,0x31,0x37,0x35,0x20,0x3d,0x20,0x5f,0x31,
    0x37,0x33,0x2e,0x78,0x79,0x7a,0x20,0x2a,0x20,0x6c,0x69,0x67,0x68,0x74,0x3b,0x0a,
    0x20,0x20,0x20,0x20,0x20,0x20,0x20,0x20,0x66,0x6c,0x6f,0x61,0x74,0x34,0x20,0x5f,
    0x31,0x38,0x39,0x20,0x3d,0x20,0x5f,0x31,0x37,0x33,0x3b,0x0a,0x20,0x20,0x20,0x20,
    0x20,0x20,0x20,0x20,0x5f,0x31,0x38,0x39,0x2e,0x78,0x20,0x3d,0x20,0x5f,0x31,0x37,
    0x35,0x2e,0x78,0x3b,0x0a,0x20,0x20,0x20,0x20,0x20,0x20,0x20,0x20,0x5f,0x31,0x38,
    0x39,0x2e,0x79,0x20,0x3d,0x20,0x5f,0x31,0x37,0x35,0x2e,0x79,0x3b,0x0a,0x20,0x20,
    0x20,0x20,0x20,0x20,0x20,0x20,0x5f,0x31,0x38,0x39,0x2e,0x7a,0x20,0x3d,0x20,0x5f,
    0x31,0x37,0x35,0x2e,0x7a,0x3b,0x0a,0x20,0x20,0x20,0x20,0x20,0x20,0x20,0x20,0x70,
    0x69,0x78,0x65,0x6c,0x20,0x3d,0x20,0x5f,0x31,0x38,0x39,0x3b,0x0a,0x20,0x20,0x20,
    0x20,0x7d,0x0a,0x20,0x20,0x20,0x20,0x6f,0x75,0x74,0x2e,0x66,0x72,0x61,0x67,0x43,
    0x6f,0x6c,0x6f,0x72,0x20,0x3d,0x20,0x70,0x69,0x78,0x65,0x6c,0x3b,0x0a,0x20,0x20,
    0x20,0x20,0x72,0x65,0x74,0x75,0x72,0x6e,0x20,0x6f,0x75,0x74,0x3b,0x0a,0x7d,0x0a,
    0x0a,0x00,
};
/*
    #include <metal_stdlib>
    #include <simd/simd.h>

    using namespace metal;

    struct main0_out
    {
        float4 gl_Position [[position]];
    };

    struct main0_in
    {
        float2 position [[attribute(0)]];
    };

    vertex main0_out main0(main0_in in [[stage_in]])
    {
        main0_out out = {};
        out.gl_Position = float4(in.position, 0.5, 1.0);
        return out;
    }

*/
static const uint8_t fullscreenVs_source_metal_macos[340] = {
    0x23,0x69,0x6e,0x63,0x6c,0x75,0x64,0x65,0x20,0x3c,0x6d,0x65,0x74,0x61,0x6c,0x5f,
    0x73,0x74,0x64,0x6c,0x69,0x62,0x3e,0x0a,0x23,0x69,0x6e,0x63,0x6c,0x75,0x64,0x65,
    0x20,0x3c,0x73,0x69,0x6d,0x64,0x2f,0x73,0x69,0x6d,0x64,0x2e,0x68,0x3e,0x0a,0x0a,
    0x75,0x73,0x69,0x6e,0x67,0x20,0x6e,0x61,0x6d,0x65,0x73,0x70,0x61,0x63,0x65,0x20,
    0x6d,0x65,0x74,0x61,0x6c,0x3b,0x0a,0x0a,0x73,0x74,0x72,0x75,0x63,0x74,0x20,0x6d,
    0x61,0x69,0x6e,0x30,0x5f,0x6f,0x75,0x74,0x0a,0x7b,0x0a,0x20,0x20,0x20,0x20,0x66,
    0x6c,0x6f,0x61,0x74,0x34,0x20,0x67,0x6c,0x5f,0x50,0x6f,0x73,0x69,0x74,0x69,0x6f,
    0x6e,0x20,0x5b,0x5b,0x70,0x6f,0x73,0x69,0x74,0x69,0x6f,0x6e,0x5d,0x5d,0x3b,0x0a,
    0x7d,0x3b,0x0a,0x0a,0x73,0x74,0x72,0x75,0x63,0x74,0x20,0x6d,0x61,0x69,0x6e,0x30,
    0x5f,0x69,0x6e,0x0a,0x7b,0x0a,0x20,0x20,0x20,0x20,0x66,0x6c,0x6f,0x61,0x74,0x32,
    0x20,0x70,0x6f,0x73,0x69,0x74,0x69,0x6f,0x6e,0x20,0x5b,0x5b,0x61,0x74,0x74,0x72,
    0x69,0x62,0x75,0x74,0x65,0x28,0x30,0x29,0x5d,0x5d,0x3b,0x0a,0x7d,0x3b,0x0a,0x0a,
    0x76,0x65,0x72,0x74,0x65,0x78,0x20,0x6d,0x61,0x69,0x6e,0x30,0x5f,0x6f,0x75,0x74,
    0x20,0x6d,0x61,0x69,0x6e,0x30,0x28,0x6d,0x61,0x69,0x6e,0x30,0x5f,0x69,0x6e,0x20,
    0x69,0x6e,0x20,0x5b,0x5b,0x73,0x74,0x61,0x67,0x65,0x5f,0x69,0x6e,0x5d,0x5d,0x29,
    0x0a,0x7b,0x0a,0x20,0x20,0x20,0x20,0x6d,0x61,0x69,0x6e,0x30,0x5f,0x6f,0x75,0x74,
    0x20,0x6f,0x75,0x74,0x20,0x3d,0x20,0x7b,0x7d,0x3b,0x0a,0x20,0x20,0x20,0x20,0x6f,
    0x75,0x74,0x2e,0x67,0x6c,0x5f,0x50,0x6f,0x73,0x69,0x74,0x69,0x6f,0x6e,0x20,0x3d,
    0x20,0x66,0x6c,0x6f,0x61,0x74,0x34,0x28,0x69,0x6e,0x2e,0x70,0x6f,0x73,0x69,0x74,
    0x69,0x6f,0x6e,0x2c,0x20,0x30,0x2e,0x35,0x2c,0x20,0x31,0x2e,0x30,0x29,0x3b,0x0a,
    0x20,0x20,0x20,0x20,0x72,0x65,0x74,0x75,0x72,0x6e,0x20,0x6f,0x75,0x74,0x3b,0x0a,
    0x7d,0x0a,0x0a,0x00,
};
/*
    #include <metal_stdlib>
    #include <simd/simd.h>

    using namespace metal;

    struct main0_out
    {
        float4 fragColor [[color(0)]];
    };

    fragment main0_out main0(texture2d<float> sourceTexture [[texture(0)]], sampler pointSampler [[sampler(0)]], float4 gl_FragCoord [[position]])
    {
        main0_out out = {};
        out.fragColor = float4(sourceTexture.read(uint2(clamp(int2(gl_FragCoord.xy), int2(0), int2(sourceTexture.get_width(), sourceTexture.get_height()) - int2(1))), 0).xyz, 1.0);
        return out;
    }

*/
static const uint8_t copyFs_source_metal_macos[496] = {
    0x23,0x69,0x6e,0x63,0x6c,0x75,0x64,0x65,0x20,0x3c,0x6d,0x65,0x74,0x61,0x6c,0x5f,
    0x73,0x74,0x64,0x6c,0x69,0x62,0x3e,0x0a,0x23,0x69,0x6e,0x63,0x6c,0x75,0x64,0x65,
    0x20,0x3c,0x73,0x69,0x6d,0x64,0x2f,0x73,0x69,0x6d,0x64,0x2e,0x68,0x3e,0x0a,0x0a,
    0x75,0x73,0x69,0x6e,0x67,0x20,0x6e,0x61,0x6d,0x65,0x73,0x70,0x61,0x63,0x65,0x20,
    0x6d,0x65,0x74,0x61,0x6c,0x3b,0x0a,0x0a,0x73,0x74,0x72,0x75,0x63,0x74,0x20,0x6d,
    0x61,0x69,0x6e,0x30,0x5f,0x6f,0x75,0x74,0x0a,0x7b,0x0a,0x20,0x20,0x20,0x20,0x66,
    0x6c,0x6f,0x61,0x74,0x34,0x20,0x66,0x72,0x61,0x67,0x43,0x6f,0x6c,0x6f,0x72,0x20,
    0x5b,0x5b,0x63,0x6f,0x6c,0x6f,0x72,0x28,0x30,0x29,0x5d,0x5d,0x3b,0x0a,0x7d,0x3b,
    0x0a,0x0a,0x66,0x72,0x61,0x67,0x6d,0x65,0x6e,0x74,0x20,0x6d,0x61,0x69,0x6e,0x30,
    0x5f,0x6f,0x75,0x74,0x20,0x6d,0x61,0x69,0x6e,0x30,0x28,0x74,0x65,0x78,0x74,0x75,
    0x72,0x65,0x32,0x64,0x3c,0x66,0x6c,0x6f,0x61,0x74,0x3e,0x20,0x73,0x6f,0x75,0x72,
    0x63,0x65,0x54,0x65,0x78,0x74,0x75,0x72,0x65,0x20,0x5b,0x5b,0x74,0x65,0x78,0x74,
    0x75,0x72,0x65,0x28,0x30,0x29,0x5d,0x5d,0x2c,0x20,0x73,0x61,0x6d,0x70,0x6c,0x65,
    0x72,0x20,0x70,0x6f,0x69,0x6e,0x74,0x53,0x61,0x6d,0x70,0x6c,0x65,0x72,0x20,0x5b,
    0x5b,0x73,0x61,0x6d,0x70,0x6c,0x65,0x72,0x28,0x30,0x29,0x5d,0x5d,0x2c,0x20,0x66,
    0x6c,0x6f,0x61,0x74,0x34,0x20,0x67,0x6c,0x5f,0x46,0x72,0x61,0x67,0x43,0x6f,0x6f,
    0x72,0x64,0x20,0x5b,0x5b,0x70,0x6f,0x73,0x69,0x74,0x69,0x6f,0x6e,0x5d,0x5d,0x29,
    0x0a,0x7b,0x0a,0x20,0x20,0x20,0x20,0x6d,0x61,0x69,0x6e,0x30,0x5f,0x6f,0x75,0x74,
    0x20,0x6f,0x75,0x74,0x20,0x3d,0x20,0x7b,0x7d,0x3b,0x0a,0x20,0x20,0x20,0x20,0x6f,
    0x75,0x74,0x2e,0x66,0x72,0x61,0x67,0x43,0x6f,0x6c,0x6f,0x72,0x20,0x3d,0x20,0x66,
    0x6c,0x6f,0x61,0x74,0x34,0x28,0x73,0x6f,0x75,0x72,0x63,0x65,0x54,0x65,0x78,0x74,
    0x75,0x72,0x65,0x2e,0x72,0x65,0x61,0x64,0x28,0x75,0x69,0x6e,0x74,0x32,0x28,0x63,
    0x6c,0x61,0x6d,0x70,0x28,0x69,0x6e,0x74,0x32,0x28,0x67,0x6c,0x5f,0x46,0x72,0x61,
    0x67,0x43,0x6f,0x6f,0x72,0x64,0x2e,0x78,0x79,0x29,0x2c,0x20,0x69,0x6e,0x74,0x32,
    0x28,0x30,0x29,0x2c,0x20,0x69,0x6e,0x74,0x32,0x28,0x73,0x6f,0x75,0x72,0x63,0x65,
    0x54,0x65,0x78,0x74,0x75,0x72,0x65,0x2e,0x67,0x65,0x74,0x5f,0x77,0x69,0x64,0x74,
    0x68,0x28,0x29,0x2c,0x20,0x73,0x6f,0x75,0x72,0x63,0x65,0x54,0x65,0x78,0x74,0x75,
    0x72,0x65,0x2e,0x67,0x65,0x74,0x5f,0x68,0x65,0x69,0x67,0x68,0x74,0x28,0x29,0x29,
    0x20,0x2d,0x20,0x69,0x6e,0x74,0x32,0x28,0x31,0x29,0x29,0x29,0x2c,0x20,0x30,0x29,
    0x2e,0x78,0x79,0x7a,0x2c,0x20,0x31,0x2e,0x30,0x29,0x3b,0x0a,0x20,0x20,0x20,0x20,
    0x72,0x65,0x74,0x75,0x72,0x6e,0x20,0x6f,0x75,0x74,0x3b,0x0a,0x7d,0x0a,0x0a,0x00,

};
/*
    #include <metal_stdlib>
    #include <simd/simd.h>

    using namespace metal;

    struct modelParams
    {
        float4x4 model;
        float4x4 normalModel;
    };

    struct vertexParams
    {
        float4x4 viewProj;
        float4 cameraRight;
        float4 cameraUp;
    };

    struct main0_out
    {
        float3 worldPosition [[user(locn0)]];
        float3 worldNormal [[user(locn1)]];
        float4 baseColor [[user(locn2)]];
        float4 gl_Position [[position]];
    };

    struct main0_in
    {
        float3 position [[attribute(0)]];
        float3 normal [[attribute(1)]];
        float4 color [[attribute(2)]];
    };

    vertex main0_out main0(main0_in in [[stage_in]], constant vertexParams& _61 [[buffer(0)]], constant modelParams& _13 [[buffer(4)]])
    {
        main0_out out = {};
        float4 _28 = _13.model * float4(in.position, 1.0);
        out.worldPosition = _28.xyz;
        out.worldNormal = float3x3(_13.normalModel[0].xyz, _13.normalModel[1].xyz, _13.normalModel[2].xyz) * in.normal;
        out.baseColor = in.color;
        out.gl_Position = _61.viewProj * _28;
        return out;
    }

*/
static const uint8_t litVs_source_metal_ios[1002] = {
    0x23,0x69,0x6e,0x63,0x6c,0x75,0x64,0x65,0x20,0x3c,0x6d,0x65,0x74,0x61,0x6c,0x5f,
    0x73,0x74,0x64,0x6c,0x69,0x62,0x3e,0x0a,0x23,0x69,0x6e,0x63,0x6c,0x75,0x64,0x65,
    0x20,0x3c,0x73,0x69,0x6d,0x64,0x2f,0x73,0x69,0x6d,0x64,0x2e,0x68,0x3e,0x0a,0x0a,
    0x75,0x73,0x69,0x6e,0x67,0x20,0x6e,0x61,0x6d,0x65,0x73,0x70,0x61,0x63,0x65,0x20,
    0x6d,0x65,0x74,0x61,0x6c,0x3b,0x0a,0x0a,0x73,0x74,0x72,0x75,0x63,0x74,0x20,0x6d,
    0x6f,0x64,0x65,0x6c,0x50,0x61,0x72,0x61,0x6d,0x73,0x0a,0x7b,0x0a,0x20,0x20,0x20,
    0x20,0x66,0x6c,0x6f,0x61,0x74,0x34,0x78,0x34,0x20,0x6d,0x6f,0x64,0x65,0x6c,0x3b,
    0x0a,0x20,0x20,0x20,0x20,0x66,0x6c,0x6f,0x61,0x74,0x34,0x78,0x34,0x20,0x6e,0x6f,
    0x72,0x6d,0x61,0x6c,0x4d,0x6f,0x64,0x65,0x6c,0x3b,0x0a,0x7d,0x3b,0x0a,0x0a,0x73,
    0x74,0x72,0x75,0x63,0x74,0x20,0x76,0x65,0x72,0x74,0x65,0x78,0x50,0x61,0x72,0x61,
    0x6d,0x73,0x0a,0x7b,0x0a,0x20,0x20,0x20,0x20,0x66,0x6c,0x6f,0x61,0x74,0x34,0x78,
    0x34,0x20,0x76,0x69,0x65,0x77,0x50,0x72,0x6f,0x6a,0x3b,0x0a,0x20,0x20,0x20,0x20,
    0x66,0x6c,0x6f,0x61,0x74,0x34,0x20,0x63,0x61,0x6d,0x65,0x72,0x61,0x52,0x69,0x67,
    0x68,0x74,0x3b,0x0a,0x20,0x20,0x20,0x20,0x66,0x6c,0x6f,0x61,0x74,0x34,0x20,0x63,
    0x61,0x6d,0x65,0x72,0x61,0x55,0x70,0x3b,0x0a,0x7d,0x3b,0x0a,0x0a,0x73,0x74,0x72,
    0x75,0x63,0x74,0x20,0x6d,0x61,0x69,0x6e,0x30,0x5f,0x6f,0x75,0x74,0x0a,0x7b,0x0a,
    0x20,0x20,0x20,0x20,0x66,0x6c,0x6f,0x61,0x74,0x33,0x20,0x77,0x6f,0x72,0x6c,0x64,
    0x50,0x6f,0x73,0x69,0x74,0x69,0x6f,0x6e,0x20,0x5b,0x5b,0x75,0x73,0x65,0x72,0x28,
    0x6c,0x6f,0x63,0x6e,0x30,0x29,0x5d,0x5d,0x3b,0x0a,0x20,0x20,0x20,0x20,0x66,0x6c,
    0x6f,0x61,0x74,0x33,0x20,0x77,0x6f,0x72,0x6c,0x64,0x4e,0x6f,0x72,0x6d,0x61,0x6c,
    0x20,0x5b,0x5b,0x75,0x73,0x65,0x72,0x28,0x6c,0x6f,0x63,0x6e,0x31,0x29,0x5d,0x5d,
    0x3b,0x0a,0x20,0x20,0x20,0x20,0x66,0x6c,0x6f,0x61,0x74,0x34,0x20,0x62,0x61,0x73,
    0x65,0x43,0x6f,0x6c,0x6f,0x72,0x20,0x5b,0x5b,0x75,0x73,0x65,0x72,0x28,0x6c,0x6f,
    0x63,0x6e,0x32,0x29,0x5d,0x5d,0x3b,0x0a,0x20,0x20,0x20,0x20,0x66,0x6c,0x6f,0x61,
    0x74,0x34,0x20,0x67,0x6c,0x5f,0x50,0x6f,0x73,0x69,0x74,0x69,0x6f,0x6e,0x20,0x5b,
    0x5b,0x70,0x6f,0x73,0x69,0x74,0x69,0x6f,0x6e,0x5d,0x5d,0x3b,0x0a,0x7d,0x3b,0x0a,
    0x0a,0x73,0x74,0x72,0x75,0x63,0x74,0x20,0x6d,0x61,0x69,0x6e,0x30,0x5f,0x69,0x6e,
    0x0a,0x7b,0x0a,0x20,0x20,0x20,0x20,0x66,0x6c,0x6f,0x61,0x74,0x33,0x20,0x70,0x6f,
    0x73,0x69,0x74,0x69,0x6f,0x6e,0x20,0x5b,0x5b,0x61,0x74,0x74,0x72,0x69,0x62,0x75,
    0x74,0x65,0x28,0x30,0x29,0x5d,0x5d,0x3b,0x0a,0x20,0x20,0x20,0x20,0x66,0x6c,0x6f,
    0x61,0x74,0x33,0x20,0x6e,0x6f,0x72,0x6d,0x61,0x6c,0x20,0x5b,0x5b,0x61,0x74,0x74,
    0x72,0x69,0x62,0x75,0x74,0x65,0x28,0x31,0x29,0x5d,0x5d,0x3b,0x0a,0x20,0x20,0x20,
    0x20,0x66,0x6c,0x6f,0x61,0x74,0x34,0x20,0x63,0x6f,0x6c,0x6f,0x72,0x20,0x5b,0x5b,
    0x61,0x74,0x74,0x72,0x69,0x62,0x75,0x74,0x65,0x28,0x32,0x29,0x5d,0x5d,0x3b,0x0a,
    0x7d,0x3b,0x0a,0x0a,0x76,0x65,0x72,0x74,0x65,0x78,0x20,0x6d,0x61,0x69,0x6e,0x30,
    0x5f,0x6f,0x75,0x74,0x20,0x6d,0x61,0x69,0x6e,0x30,0x28,0x6d,0x61,0x69,0x6e,0x30,
    0x5f,0x69,0x6e,0x20,0x69,0x6e,0x20,0x5b,0x5b,0x73,0x74,0x61,0x67,0x65,0x5f,0x69,
    0x6e,0x5d,0x5d,0x2c,0x20,0x63,0x6f,0x6e,0x73,0x74,0x61,0x6e,0x74,0x20,0x76,0x65,
    0x72,0x74,0x65,0x78,0x50,0x61,0x72,0x61,0x6d,0x73,0x26,0x20,0x5f,0x36,0x31,0x20,
    0x5b,0x5b,0x62,0x75,0x66,0x66,0x65,0x72,0x28,0x30,0x29,0x5d,0x5d,0x2c,0x20,0x63,
    0x6f,0x6e,0x73,0x74,0x61,0x6e,0x74,0x20,0x6d,0x6f,0x64,0x65,0x6c,0x50,0x61,0x72,
    0x61,0x6d,0x73,0x26,0x20,0x5f,0x31,0x33,0x20,0x5b,0x5b,0x62,0x75,0x66,0x66,0x65,
    0x72,0x28,0x34,0x29,0x5d,0x5d,0x29,0x0a,0x7b,0x0a,0x20,0x20,0x20,0x20,0x6d,0x61,
    0x69,0x6e,0x30,0x5f,0x6f,0x75,0x74,0x20,0x6f,0x75,0x74,0x20,0x3d,0x20,0x7b,0x7d,
    0x3b,0x0a,0x20,0x20,0x20,0x20,0x66,0x6c,0x6f,0x61,0x74,0x34,0x20,0x5f,0x32,0x38,
    0x20,0x3d,0x20,0x5f,0x31,0x33,0x2e,0x6d,0x6f,0x64,0x65,0x6c,0x20,0x2a,0x20,0x66,
    0x6c,0x6f,0x61,0x74,0x34,0x28,0x69,0x6e,0x2e,0x70,0x6f,0x73,0x69,0x74,0x69,0x6f,
    0x6e,0x2c,0x20,0x31,0x2e,0x30,0x29,0x3b,0x0a,0x20,0x20,0x20,0x20,0x6f,0x75,0x74,
    0x2e,0x77,0x6f,0x72,0x6c,0x64,0x50,0x6f,0x73,0x69,0x74,0x69,0x6f,0x6e,0x20,0x3d,
    0x20,0x5f,0x32,0x38,0x2e,0x78,0x79,0x7a,0x3b,0x0a,0x20,0x20,0x20,0x20,0x6f,0x75,
    0x74,0x2e,0x77,0x6f,0x72,0x6c,0x64,0x4e,0x6f,0x72,0x6d,0x61,0x6c,0x20,0x3d,0x20,
    0x66,0x6c,0x6f,0x61,0x74,0x33,0x78,0x33,0x28,0x5f,0x31,0x33,0x2e,0x6e,0x6f,0x72,
    0x6d,0x61,0x6c,0x4d,0x6f,0x64,0x65,0x6c,0x5b,0x30,0x5d,0x2e,0x78,0x79,0x7a,0x2c,
    0x20,0x5f,0x31,0x33,0x2e,0x6e,0x6f,0x72,0x6d,0x61,0x6c,0x4d,0x6f,0x64,0x65,0x6c,
    0x5b,0x31,0x5d,0x2e,0x78,0x79,0x7a,0x2c,0x20,0x5f,0x31,0x33,0x2e,0x6e,0x6f,0x72,
    0x6d,0x61,0x6c,0x4d,0x6f,0x64,0x65,0x6c,0x5b,0x32,0x5d,0x2e,0x78,0x79,0x7a,0x29,
    0x20,0x2a,0x20,0x69,0x6e,0x2e,0x6e,0x6f,0x72,0x6d,0x61,0x6c,0x3b,0x0a,0x20,0x20,
    0x20,0x20,0x6f,0x75,0x74,0x2e,0x62,0x61,0x73,0x65,0x43,0x6f,0x6c,0x6f,0x72,0x20,
    0x3d,0x20,0x69,0x6e,0x2e,0x63,0x6f,0x6c,0x6f,0x72,0x3b,0x0a,0x20,0x20,0x20,0x20,
    0x6f,0x75,0x74,0x2e,0x67,0x6c,0x5f,0x50,0x6f,0x73,0x69,0x74,0x69,0x6f,0x6e,0x20,
    0x3d,0x20,0x5f,0x36,0x31,0x2e,0x76,0x69,0x65,0x77,0x50,0x72,0x6f,0x6a,0x20,0x2a,
    0x20,0x5f,0x32,0x38,0x3b,0x0a,0x20,0x20,0x20,0x20,0x72,0x65,0x74,0x75,0x72,0x6e,
    0x20,0x6f,0x75,0x74,0x3b,0x0a,0x7d,0x0a,0x0a,0x00,
};
/*
    #pragma clang diagnostic ignored "-Wmissing-prototypes"

    #include <metal_stdlib>
    #include <simd/simd.h>

    using namespace metal;

    struct lightParams
    {
        float4 ambient;
        float4 dirLight;
        float4 dirColor;
        float4 pointLight[4];
        float4 pointColor[4];
    };

    struct materialParams
    {
        float4 material;
    };

    struct main0_out
    {
        float4 fragColor [[color(0)]];
    };

    struct main0_in
    {
        float3 worldPosition [[user(locn0)]];
        float3 worldNormal [[user(locn1)]];
        float4 baseColor [[user(locn2)]];
    };

    static inline __attribute__((always_inline))
    float3 pointLightAt(thread const int& i, thread const float3& position, thread const float3& normal, constant lightParams& _31)
    {
        float3 _39 = _31.pointLight[i].xyz - position;
        float _42 = length(_39);
        float _55 = fast::clamp(1.0 - (_42 / _31.pointColor[i].w), 0.0, 1.0);
        return _31.pointColor[i].xyz * (((_55 * _55) * fast::max(dot(normal, _39 / float3(fast::max(_42, 9.9999997473787516355514526367188e-05))), 0.0)) * _31.pointLight[i].w);
    }

    static inline __attribute__((always_inline))
    float3 saturated(thread const float3& rgb, thread const float& amount)
    {
        if (amount == 0.0)
        {
            return rgb;
        }
        return (rgb * (amount + 1.0)) + float3(dot(rgb, float3(0.21267099678516387939453125, 0.71516001224517822265625, 0.072168998420238494873046875)) * (-amount));
    }

    fragment main0_out main0(main0_in in [[stage_in]], constant lightParams& _31 [[buffer(1)]], constant materialParams& _169 [[buffer(3)]])
    {
        main0_out out = {};
        float3 _114 = fast::normalize(in.worldNormal);
        float3 light = _31.ambient.xyz + (_31.dirColor.xyz * (fast::max(dot(_114, _31.dirLight.xyz), 0.0) * _31.dirLight.w));
        for (int i = 0; i < int(_31.ambient.w + 0.5); i++)
        {
            int param = i;
            float3 param_1 = in.worldPosition;
            float3 param_2 = _114;
            light += pointLightAt(param, param_1, param_2, _31);
        }
        float3 param_3 = in.baseColor.xyz;
        float param_4 = _169.material.y;
        out.fragColor = float4(saturated(param_3, param_4) * light, in.baseColor.w);
        return out;
    }

*/
static const uint8_t litFs_source_metal_ios[2098] = {
    0x23,0x70,0x72,0x61,0x67,0x6d,0x61,0x20,0x63,0x6c,0x61,0x6e,0x67,0x20,0x64,0x69,
    0x61,0x67,0x6e,0x6f,0x73,0x74,0x69,0x63,0x20,0x69,0x67,0x6e,0x6f,0x72,0x65,0x64,
    0x20,0x22,0x2d,0x57,0x6d,0x69,0x73,0x73,0x69,0x6e,0x67,0x2d,0x70,0x72,0x6f,0x74,
    0x6f,0x74,0x79,0x70,0x65,0x73,0x22,0x0a,0x0a,0x23,0x69,0x6e,0x63,0x6c,0x75,0x64,
    0x65,0x20,0x3c,0x6d,0x65,0x74,0x61,0x6c,0x5f,0x73,0x74,0x64,0x6c,0x69,0x62,0x3e,
    0x0a,0x23,0x69,0x6e,0x63,0x6c,0x75,0x64,0x65,0x20,0x3c,0x73,0x69,0x6d,0x64,0x2f,
    0x73,0x69,0x6d,0x64,0x2e,0x68,0x3e,0x0a,0x0a,0x75,0x73,0x69,0x6e,0x67,0x20,0x6e,
    0x61,0x6d,0x65,0x73,0x70,0x61,0x63,0x65,0x20,0x6d,0x65,0x74,0x61,0x6c,0x3b,0x0a,
    0x0a,0x73,0x74,0x72,0x75,0x63,0x74,0x20,0x6c,0x69,0x67,0x68,0x74,0x50,0x61,0x72,
    0x61,0x6d,0x73,0x0a,0x7b,0x0a,0x20,0x20,0x20,0x20,0x66,0x6c,0x6f,0x61,0x74,0x34,
    0x20,0x61,0x6d,0x62,0x69,0x65,0x6e,0x74,0x3b,0x0a,0x20,0x20,0x20,0x20,0x66,0x6c,
    0x6f,0x61,0x74,0x34,0x20,0x64,0x69,0x72,0x4c,0x69,0x67,0x68,0x74,0x3b,0x0a,0x20,
    0x20,0x20,0x20,0x66,0x6c,0x6f,0x61,0x74,0x34,0x20,0x64,0x69,0x72,0x43,0x6f,0x6c,
    0x6f,0x72,0x3b,0x0a,0x20,0x20,0x20,0x20,0x66,0x6c,0x6f,0x61,0x74,0x34,0x20,0x70,
    0x6f,0x69,0x6e,0x74,0x4c,0x69,0x67,0x68,0x74,0x5b,0x34,0x5d,0x3b,0x0a,0x20,0x20,
    0x20,0x20,0x66,0x6c,0x6f,0x61,0x74,0x34,0x20,0x70,0x6f,0x69,0x6e,0x74,0x43,0x6f,
    0x6c,0x6f,0x72,0x5b,0x34,0x5d,0x3b,0x0a,0x7d,0x3b,0x0a,0x0a,0x73,0x74,0x72,0x75,
    0x63,0x74,0x20,0x6d,0x61,0x74,0x65,0x72,0x69,0x61,0x6c,0x50,0x61,0x72,0x61,0x6d,
    0x73,0x0a,0x7b,0x0a,0x20,0x20,0x20,0x20,0x66,0x6c,0x6f,0x61,0x74,0x34,0x20,0x6d,
    0x61,0x74,0x65,0x72,0x69,0x61,0x6c,0x3b,0x0a,0x7d,0x3b,0x0a,0x0a,0x73,0x74,0x72,
    0x75,0x63,0x74,0x20,0x6d,0x61,0x69,0x6e,0x30,0x5f,0x6f,0x75,0x74,0x0a,0x7b,0x0a,
    0x20,0x20,0x20,0x20,0x66,0x6c,0x6f,0x61,0x74,0x34,0x20,0x66,0x72,0x61,0x67,0x43,
    0x6f,0x6c,0x6f,0x72,0x20,0x5b,0x5b,0x63,0x6f,0x6c,0x6f,0x72,0x28,0x30,0x29,0x5d,
    0x5d,0x3b,0x0a,0x7d,0x3b,0x0a,0x0a,0x73,0x74,0x72,0x75,0x63,0x74,0x20,0x6d,0x61,
    0x69,0x6e,0x30,0x5f,0x69,0x6e,0x0a,0x7b,0x0a,0x20,0x20,0x20,0x20,0x66,0x6c,0x6f,
    0x61,0x74,0x33,0x20,0x77,0x6f,0x72,0x6c,0x64,0x50,0x6f,0x73,0x69,0x74,0x69,0x6f,
    0x6e,0x20,0x5b,0x5b,0x75,0x73,0x65,0x72,0x28,0x6c,0x6f,0x63,0x6e,0x30,0x29,0x5d,
    0x5d,0x3b,0x0a,0x20,0x20,0x20,0x20,0x66,0x6c,0x6f,0x61,0x74,0x33,0x20,0x77,0x6f,
    0x72,0x6c,0x64,0x4e,0x6f,0x72,0x6d,0x61,0x6c,0x20,0x5b,0x5b,0x75,0x73,0x65,0x72,
    0x28,0x6c,0x6f,0x63,0x6e,0x31,0x29,0x5d,0x5d,0x3b,0x0a,0x20,0x20,0x20,0x20,0x66,
    0x6c,0x6f,0x61,0x74,0x34,0x20,0x62,0x61,0x73,0x65,0x43,0x6f,0x6c,0x6f,0x72,0x20,
    0x5b,0x5b,0x75,0x73,0x65,0x72,0x28,0x6c,0x6f,0x63,0x6e,0x32,0x29,0x5d,0x5d,0x3b,
    0x0a,0x7d,0x3b,0x0a,0x0a,0x73,0x74,0x61,0x74,0x69,0x63,0x20,0x69,0x6e,0x6c,0x69,
    0x6e,0x65,0x20,0x5f,0x5f,0x61,0x74,0x74,0x72,0x69,0x62,0x75,0x74,0x65,0x5f,0x5f,
    0x28,0x28,0x61,0x6c,0x77,0x61,0x79,0x73,0x5f,0x69,0x6e,0x6c,0x69,0x6e,0x65,0x29,
    0x29,0x0a,0x66,0x6c,0x6f,0x61,0x74,0x33,0x20,0x70,0x6f,0x69,0x6e,0x74,0x4c,0x69,
    0x67,0x68,0x74,0x41,0x74,0x28,0x74,0x68,0x72,0x65,0x61,0x64,0x20,0x63,0x6f,0x6e,
    0x73,0x74,0x20,0x69,0x6e,0x74,0x26,0x20,0x69,0x2c,0x20,0x74,0x68,0x72,0x65,0x61,
    0x64,0x20,0x63,0x6f,0x6e,0x73,0x74,0x20,0x66,0x6c,0x6f,0x61,0x74,0x33,0x26,0x20,
    0x70,0x6f,0x73,0x69,0x74,0x69,0x6f,0x6e,0x2c,0x20,0x74,0x68,0x72,0x65,0x61,0x64,
    0x20,0x63,0x6f,0x6e,0x73,0x74,0x20,0x66,0x6c,0x6f,0x61,0x74,0x33,0x26,0x20,0x6e,
    0x6f,0x72,0x6d,0x61,0x6c,0x2c,0x20,0x63,0x6f,0x6e,0x73,0x74,0x61,0x6e,0x74,0x20,
    0x6c,0x69,0x67,0x68,0x74,0x50,0x61,0x72,0x61,0x6d,0x73,0x26,0x20,0x5f,0x33,0x31,
    0x29,0x0a,0x7b,0x0a,0x20,0x20,0x20,0x20,0x66,0x6c,0x6f,0x61,0x74,0x33,0x20,0x5f,
    0x33,0x39,0x20,0x3d,0x20,0x5f,0x33,0x31,0x2e,0x70,0x6f,0x69,0x6e,0x74,0x4c,0x69,
    0x67,0x68,0x74,0x5b,0x69,0x5d,0x2e,0x78,0x79,0x7a,0x20,0x2d,0x20,0x70,0x6f,0x73,
    0x69,0x74,0x69,0x6f,0x6e,0x3b,0x0a,0x20,0x20,0x20,0x20,0x66,0x6c,0x6f,0x61,0x74,
    0x20,0x5f,0x34,0x32,0x20,0x3d,0x20,0x6c,0x65,0x6e,0x67,0x74,0x68,0x28,0x5f,0x33,
    0x39,0x29,0x3b,0x0a,0x20,0x20,0x20,0x20,0x66,0x6c,0x6f,0x61,0x74,0x20,0x5f,0x35,
    0x35,0x20,0x3d,0x20,0x66,0x61,0x73,0x74,0x3a,0x3a,0x63,0x6c,0x61,0x6d,0x70,0x28,
    0x31,0x2e,0x30,0x20,0x2d,0x20,0x28,0x5f,0x34,0x32,0x20,0x2f,0x20,0x5f,0x33,0x31,
    0x2e,0x70,0x6f,0x69,0x6e,0x74,0x43,0x6f,0x6c,0x6f,0x72,0x5b,0x69,0x5d,0x2e,0x77,
    0x29,0x2c,0x20,0x30,0x2e,0x30,0x2c,0x20,0x31,0x2e,0x30,0x29,0x3b,0x0a,0x20,0x20,
    0x20,0x20,0x72,0x65,0x74,0x75,0x72,0x6e,0x20,0x5f,0x33,0x31,0x2e,0x70,0x6f,0x69,
    0x6e,0x74,0x43,0x6f,0x6c,0x6f,0x72,0x5b,0x69,0x5d,0x2e,0x78,0x79,0x7a,0x20,0x2a,
    0x20,0x28,0x28,0x28,0x5f,0x35,0x35,0x20,0x2a,0x20,0x5f,0x35,0x35,0x29,0x20,0x2a,
    0x20,0x66,0x61,0x73,0x74,0x3a,0x3a,0x6d,0x61,0x78,0x28,0x64,0x6f,0x74,0x28,0x6e,
    0x6f,0x72,0x6d,0x61,0x6c,0x2c,0x20,0x5f,0x33,0x39,0x20,0x2f,0x20,0x66,0x6c,0x6f,
    0x61,0x74,0x33,0x28,0x66,0x61,0x73,0x74,0x3a,0x3a,0x6d,0x61,0x78,0x28,0x5f,0x34,
    0x32,0x2c,0x20,0x39,0x2e,0x39,0x39,0x39,0x39,0x39,0x39,0x37,0x34,0x37,0x33,0x37,
    0x38,0x37,0x35,0x31,0x36,0x33,0x35,0x35,0x35,0x31,0x34,0x35,0x32,0x36,0x33,0x36,
    0x37,0x31,0x38,0x38,0x65,0x2d,0x30,0x35,0x29,0x29,0x29,0x2c,0x20,0x30,0x2e,0x30,
    0x29,0x29,0x20,0x2a,0x20,0x5f,0x33,0x31,0x2e,0x70,0x6f,0x69,0x6e,0x74,0x4c,0x69,
    0x67,0x68,0x74,0x5b,0x69,0x5d,0x2e,0x77,0x29,0x3b,0x0a,0x7d,0x0a,0x0a,0x73,0x74,
    0x61,0x74,0x69,0x63,0x20,0x69,0x6e,0x6c,0x69,0x6e,0x65,0x20,0x5f,0x5f,0x61,0x74,
    0x74,0x72,0x69,0x62,0x75,0x74,0x65,0x5f,0x5f,0x28,0x28,0x61,0x6c,0x77,0x61,0x79,
    0x73,0x5f,0x69,0x6e,0x6c,0x69,0x6e,0x65,0x29,0x29,0x0a,0x66,0x6c,0x6f,0x61,0x74,
    0x33,0x20,0x73,0x61,0x74,0x75,0x72,0x61,0x74,0x65,0x64,0x28,0x74,0x68,0x72,0x65,
    0x61,0x64,0x20,0x63,0x6f,0x6e,0x73,0x74,0x20,0x66,0x6c,0x6f,0x61,0x74,0x33,0x26,
    0x20,0x72,0x67,0x62,0x2c,0x20,0x74,0x68,0x72,0x65,0x61,0x64,0x20,0x63,0x6f,0x6e,
    0x73,0x74,0x20,0x66,0x6c,0x6f,0x61,0x74,0x26,0x20,0x61,0x6d,0x6f,0x75,0x6e,0x74,
    0x29,0x0a,0x7b,0x0a,0x20,0x20,0x20,0x20,0x69,0x66,0x20,0x28,0x61,0x6d,0x6f,0x75,
    0x6e,0x74,0x20,0x3d,0x3d,0x20,0x30,0x2e,0x30,0x29,0x0a,0x20,0x20,0x20,0x20,0x7b,
    0x0a,0x20,0x20,0x20,0x20,0x20,0x20,0x20,0x20,0x72,0x65,0x74,0x75,0x72,0x6e,0x20,
    0x72,0x67,0x62,0x3b,0x0a,0x20,0x20,0x20,0x20,0x7d,0x0a,0x20,0x20,0x20,0x20,0x72,
    0x65,0x74,0x75,0x72,0x6e,0x20,0x28,0x72,0x67,0x62,0x20,0x2a,0x20,0x28,0x61,0x6d,
    0x6f,0x75,0x6e,0x74,0x20,0x2b,0x20,0x31,0x2e,0x30,0x29,0x29,0x20,0x2b,0x20,0x66,
    0x6c,0x6f,0x61,0x74,0x33,0x28,0x64,0x6f,0x74,0x28,0x72,0x67,0x62,0x2c,0x20,0x66,
    0x6c,0x6f,0x61,0x74,0x33,0x28,0x30,0x2e,0x32,0x31,0x32,0x36,0x37,0x30,0x39,0x39,
    0x36,0x37,0x38,0x35,0x31,0x36,0x33,0x38,0x37,0x39,0x33,0x39,0x34,0x35,0x33,0x31,
    0x32,0x35,0x2c,0x20,0x30,0x2e,0x37,0x31,0x35,0x31,0x36,0x30,0x30,0x31,0x32,0x32,
    0x34,0x35,0x31,0x37,0x38,0x32,0x32,0x32,0x36,0x35,0x36,0x32,0x35,0x2c,0x20,0x30,
    0x2e,0x30,0x37,0x32,0x31,0x36,0x38,0x39,0x39,0x38,0x34,0x32,0x30,0x32,0x33,0x38,
    0x34,0x39,0x34,0x38,0x37,0x33,0x30,0x34,0x36,0x38,0x37,0x35,0x29,0x29,0x20,0x2a,
    0x20,0x28,0x2d,0x61,0x6d,0x6f,0x75,0x6e,0x74,0x29,0x29,0x3b,0x0a,0x7d,0x0a,0x0a,
    0x66,0x72,0x61,0x67,0x6d,0x65,0x6e,0x74,0x20,0x6d,0x61,0x69,0x6e,0x30,0x5f,0x6f,
    0x75,0x74,0x20,0x6d,0x61,0x69,0x6e,0x30,0x28,0x6d,0x61,0x69,0x6e,0x30,0x5f,0x69,
    0x6e,0x20,0x69,0x6e,0x20,0x5b,0x5b,0x73,0x74,0x61,0x67,0x65,0x5f,0x69,0x6e,0x5d,
    0x5d,0x2c,0x20,0x63,0x6f,0x6e,0x73,0x74,0x61,0x6e,0x74,0x20,0x6c,0x69,0x67,0x68,
    0x74,0x50,0x61,0x72,0x61,0x6d,0x73,0x26,0x20,0x5f,0x33,0x31,0x20,0x5b,0x5b,0x62,
    0x75,0x66,0x66,0x65,0x72,0x28,0x31,0x29,0x5d,0x5d,0x2c,0x20,0x63,0x6f,0x6e,0x73,
    0x74,0x61,0x6e,0x74,0x20,0x6d,0x61,0x74,0x65,0x72,0x69,0x61,0x6c,0x50,0x61,0x72,
    0x61,0x6d,0x73,0x26,0x20,0x5f,0x31,0x36,0x39,0x20,0x5b,0x5b,0x62,0x75,0x66,0x66,
    0x65,0x72,0x28,0x33,0x29,0x5d,0x5d,0x29,0x0a,0x7b,0x0a,0x20,0x20,0x20,0x20,0x6d,
    0x61,0x69,0x6e,0x30,0x5f,0x6f,0x75,0x74,0x20,0x6f,0x75,0x74,0x20,0x3d,0x20,0x7b,
    0x7d,0x3b,0x0a,0x20,0x20,0x20,0x20,0x66,0x6c,0x6f,0x61,0x74,0x33,0x20,0x5f,0x31,
    0x31,0x34,0x20,0x3d,0x20,0x66,0x61,0x73,0x74,0x3a,0x3a,0x6e,0x6f,0x72,0x6d,0x61,
    0x6c,0x69,0x7a,0x65,0x28,0x69,0x6e,0x2e,0x77,0x6f,0x72,0x6c,0x64,0x4e,0x6f,0x72,
    0x6d,0x61,0x6c,0x29,0x3b,0x0a,0x20,0x20,0x20,0x20,0x66,0x6c,0x6f,0x61,0x74,0x33,
    0x20,0x6c,0x69,0x67,0x68,0x74,0x20,0x3d,0x20,0x5f,0x33,0x31,0x2e,0x61,0x6d,0x62,
    0x69,0x65,0x6e,0x74,0x2e,0x78,0x79,0x7a,0x20,0x2b,0x20,0x28,0x5f,0x33,0x31,0x2e,
    0x64,0x69,0x72,0x43,0x6f,0x6c,0x6f,0x72,0x2e,0x78,0x79,0x7a,0x20,0x2a,0x20,0x28,
    0x66,0x61,0x73,0x74,0x3a,0x3a,0x6d,0x61,0x78,0x28,0x64,0x6f,0x74,0x28,0x5f,0x31,
    0x31,0x34,0x2c,0x20,0x5f,0x33,0x31,0x2e,0x64,0x69,0x72,0x4c,0x69,0x67,0x68,0x74,
    0x2e,0x78,0x79,0x7a,0x29,0x2c,0x20,0x30,0x2e,0x30,0x29,0x20,0x2a,0x20,0x5f,0x33,
    0x31,0x2e,0x64,0x69,0x72,0x4c,0x69,0x67,0x68,0x74,0x2e,0x77,0x29,0x29,0x3b,0x0a,
    0x20,0x20,0x20,0x20,0x66,0x6f,0x72,0x20,0x28,0x69,0x6e,0x74,0x20,0x69,0x20,0x3d,
    0x20,0x30,0x3b,0x20,0x69,0x20,0x3c,0x20,0x69,0x6e,0x74,0x28,0x5f,0x33,0x31,0x2e,
    0x61,0x6d,0x62,0x69,0x65,0x6e,0x74,0x2e,0x77,0x20,0x2b,0x20,0x30,0x2e,0x35,0x29,
    0x3b,0x20,0x69,0x2b,0x2b,0x29,0x0a,0x20,0x20,0x20,0x20,0x7b,0x0a,0x20,0x20,0x20,
    0x20,0x20,0x20,0x20,0x20,0x69,0x6e,0x74,0x20,0x70,0x61,0x72,0x61,0x6d,0x20,0x3d,
    0x20,0x69,0x3b,0x0a,0x20,0x20,0x20,0x20,0x20,0x20,0x20,0x20,0x66,0x6c,0x6f,0x61,
    0x74,0x33,0x20,0x70,0x61,0x72,0x61,0x6d,0x5f,0x31,0x20,0x3d,0x20,0x69,0x6e,0x2e,
    0x77,0x6f,0x72,0x6c,0x64,0x50,0x6f,0x73,0x69,0x74,0x69,0x6f,0x6e,0x3b,0x0a,0x20,
    0x20,0x20,0x20,0x20,0x20,0x20,0x20,0x66,0x6c,0x6f,0x61,0x74,0x33,0x20,0x70,0x61,
    0x72,0x61,0x6d,0x5f,0x32,0x20,0x3d,0x20,0x5f,0x31,0x31,0x34,0x3b,0x0a,0x20,0x20,
    0x20,0x20,0x20,0x20,0x20,0x20,0x6c,0x69,0x67,0x68,0x74,0x20,0x2b,0x3d,0x20,0x70,
    0x6f,0x69,0x6e,0x74,0x4c,0x69,0x67,0x68,0x74,0x41,0x74,0x28,0x70,0x61,0x72,0x61,
    0x6d,0x2c,0x20,0x70,0x61,0x72,0x61,0x6d,0x5f,0x31,0x2c,0x20,0x70,0x61,0x72,0x61,
    0x6d,0x5f,0x32,0x2c,0x20,0x5f,0x33,0x31,0x29,0x3b,0x0a,0x20,0x20,0x20,0x20,0x7d,
    0x0a,0x20,0x20,0x20,0x20,0x66,0x6c,0x6f,0x61,0x74,0x33,0x20,0x70,0x61,0x72,0x61,
    0x6d,0x5f,0x33,0x20,0x3d,0x20,0x69,0x6e,0x2e,0x62,0x61,0x73,0x65,0x43,0x6f,0x6c,
    0x6f,0x72,0x2e,0x78,0x79,0x7a,0x3b,0x0a,0x20,0x20,0x20,0x20,0x66,0x6c,0x6f,0x61,
    0x74,0x20,0x70,0x61,0x72,0x61,0x6d,0x5f,0x34,0x20,0x3d,0x20,0x5f,0x31,0x36,0x39,
    0x2e,0x6d,0x61,0x74,0x65,0x72,0x69,0x61,0x6c,0x2e,0x79,0x3b,0x0a,0x20,0x20,0x20,
    0x20,0x6f,0x75,0x74,0x2e,0x66,0x72,0x61,0x67,0x43,0x6f,0x6c,0x6f,0x72,0x20,0x3d,
    0x20,0x66,0x6c,0x6f,0x61,0x74,0x34,0x28,0x73,0x61,0x74,0x75,0x72,0x61,0x74,0x65,
    0x64,0x28,0x70,0x61,0x72,0x61,0x6d,0x5f,0x33,0x2c,0x20,0x70,0x61,0x72,0x61,0x6d,
    0x5f,0x34,0x29,0x20,0x2a,0x20,0x6c,0x69,0x67,0x68,0x74,0x2c,0x20,0x69,0x6e,0x2e,
    0x62,0x61,0x73,0x65,0x43,0x6f,0x6c,0x6f,0x72,0x2e,0x77,0x29,0x3b,0x0a,0x20,0x20,
    0x20,0x20,0x72,0x65,0x74,0x75,0x72,0x6e,0x20,0x6f,0x75,0x74,0x3b,0x0a,0x7d,0x0a,
    0x0a,0x00,
};
/*
    #include <metal_stdlib>
    #include <simd/simd.h>

    using namespace metal;

    struct vertexParams
    {
        float4x4 viewProj;
        float4 cameraRight;
        float4 cameraUp;
    };

    struct main0_out
    {
        float4 particleColor [[user(locn0)]];
        float4 gl_Position [[position]];
    };

    struct main0_in
    {
        float2 corner [[attribute(0)]];
        float4 root [[attribute(1)]];
        float4 color [[attribute(2)]];
    };

    vertex main0_out main0(main0_in in [[stage_in]], constant vertexParams& _18 [[buffer(0)]])
    {
        main0_out out = {};
        out.gl_Position = _18.viewProj * float4((in.root.xyz + (_18.cameraRight.xyz * (in.corner.x * in.root.w))) + (_18.cameraUp.xyz * (in.corner.y * in.root.w)), 1.0);
        out.particleColor = in.color;
        return out;
    }

*/
static const uint8_t particleVs_source_metal_ios[732] = {
    0x23,0x69,0x6e,0x63,0x6c,0x75,0x64,0x65,0x20,0x3c,0x6d,0x65,0x74,0x61,0x6c,0x5f,
    0x73,0x74,0x64,0x6c,0x69,0x62,0x3e,0x0a,0x23,0x69,0x6e,0x63,0x6c,0x75,0x64,0x65,
    0x20,0x3c,0x73,0x69,0x6d,0x64,0x2f,0x73,0x69,0x6d,0x64,0x2e,0x68,0x3e,0x0a,0x0a,
    0x75,0x73,0x69,0x6e,0x67,0x20,0x6e,0x61,0x6d,0x65,0x73,0x70,0x61,0x63,0x65,0x20,
    0x6d,0x65,0x74,0x61,0x6c,0x3b,0x0a,0x0a,0x73,0x74,0x72,0x75,0x63,0x74,0x20,0x76,
    0x65,0x72,0x74,0x65,0x78,0x50,0x61,0x72,0x61,0x6d,0x73,0x0a,0x7b,0x0a,0x20,0x20,
    0x20,0x20,0x66,0x6c,0x6f,0x61,0x74,0x34,0x78,0x34,0x20,0x76,0x69,0x65,0x77,0x50,
    0x72,0x6f,0x6a,0x3b,0x0a,0x20,0x20,0x20,0x20,0x66,0x6c,0x6f,0x61,0x74,0x34,0x20,
    0x63,0x61,0x6d,0x65,0x72,0x61,0x52,0x69,0x67,0x68,0x74,0x3b,0x0a,0x20,0x20,0x20,
    0x20,0x66,0x6c,0x6f,0x61,0x74,0x34,0x20,0x63,0x61,0x6d,0x65,0x72,0x61,0x55,0x70,
    0x3b,0x0a,0x7d,0x3b,0x0a,0x0a,0x73,0x74,0x72,0x75,0x63,0x74,0x20,0x6d,0x61,0x69,
    0x6e,0x30,0x5f,0x6f,0x75,0x74,0x0a,0x7b,0x0a,0x20,0x20,0x20,0x20,0x66,0x6c,0x6f,
    0x61,0x74,0x34,0x20,0x70,0x61,0x72,0x74,0x69,0x63,0x6c,0x65,0x43,0x6f,0x6c,0x6f,
    0x72,0x20,0x5b,0x5b,0x75,0x73,0x65,0x72,0x28,0x6c,0x6f,0x63,0x6e,0x30,0x29,0x5d,
    0x5d,0x3b,0x0a,0x20,0x20,0x20,0x20,0x66,0x6c,0x6f,0x61,0x74,0x34,0x20,0x67,0x6c,
    0x5f,0x50,0x6f,0x73,0x69,0x74,0x69,0x6f,0x6e,0x20,0x5b,0x5b,0x70,0x6f,0x73,0x69,
    0x74,0x69,0x6f,0x6e,0x5d,0x5d,0x3b,0x0a,0x7d,0x3b,0x0a,0x0a,0x73,0x74,0x72,0x75,
    0x63,0x74,0x20,0x6d,0x61,0x69,0x6e,0x30,0x5f,0x69,0x6e,0x0a,0x7b,0x0a,0x20,0x20,
    0x20,0x20,0x66,0x6c,0x6f,0x61,0x74,0x32,0x20,0x63,0x6f,0x72,0x6e,0x65,0x72,0x20,
    0x5b,0x5b,0x61,0x74,0x74,0x72,0x69,0x62,0x75,0x74,0x65,0x28,0x30,0x29,0x5d,0x5d,
    0x3b,0x0a,0x20,0x20,0x20,0x20,0x66,0x6c,0x6f,0x61,0x74,0x34,0x20,0x72,0x6f,0x6f,
    0x74,0x20,0x5b,0x5b,0x61,0x74,0x74,0x72,0x69,0x62,0x75,0x74,0x65,0x28,0x31,0x29,
    0x5d,0x5d,0x3b,0x0a,0x20,0x20,0x20,0x20,0x66,0x6c,0x6f,0x61,0x74,0x34,0x20,0x63,
    0x6f,0x6c,0x6f,0x72,0x20,0x5b,0x5b,0x61,0x74,0x74,0x72,0x69,0x62,0x75,0x74,0x65,
    0x28,0x32,0x29,0x5d,0x5d,0x3b,0x0a,0x7d,0x3b,0x0a,0x0a,0x76,0x65,0x72,0x74,0x65,
    0x78,0x20,0x6d,0x61,0x69,0x6e,0x30,0x5f,0x6f,0x75,0x74,0x20,0x6d,0x61,0x69,0x6e,
    0x30,0x28,0x6d,0x61,0x69,0x6e,0x30,0x5f,0x69,0x6e,0x20,0x69,0x6e,0x20,0x5b,0x5b,
    0x73,0x74,0x61,0x67,0x65,0x5f,0x69,0x6e,0x5d,0x5d,0x2c,0x20,0x63,0x6f,0x6e,0x73,
    0x74,0x61,0x6e,0x74,0x20,0x76,0x65,0x72,0x74,0x65,0x78,0x50,0x61,0x72,0x61,0x6d,
    0x73,0x26,0x20,0x5f,0x31,0x38,0x20,0x5b,0x5b,0x62,0x75,0x66,0x66,0x65,0x72,0x28,
    0x30,0x29,0x5d,0x5d,0x29,0x0a,0x7b,0x0a,0x20,0x20,0x20,0x20,0x6d,0x61,0x69,0x6e,
    0x30,0x5f,0x6f,0x75,0x74,0x20,0x6f,0x75,0x74,0x20,0x3d,0x20,0x7b,0x7d,0x3b,0x0a,
    0x20,0x20,0x20,0x20,0x6f,0x75,0x74,0x2e,0x67,0x6c,0x5f,0x50,0x6f,0x73,0x69,0x74,
    0x69,0x6f,0x6e,0x20,0x3d,0x20,0x5f,0x31,0x38,0x2e,0x76,0x69,0x65,0x77,0x50,0x72,
    0x6f,0x6a,0x20,0x2a,0x20,0x66,0x6c,0x6f,0x61,0x74,0x34,0x28,0x28,0x69,0x6e,0x2e,
    0x72,0x6f,0x6f,0x74,0x2e,0x78,0x79,0x7a,0x20,0x2b,0x20,0x28,0x5f,0x31,0x38,0x2e,
    0x63,0x61,0x6d,0x65,0x72,0x61,0x52,0x69,0x67,0x68,0x74,0x2e,0x78,0x79,0x7a,0x20,
    0x2a,0x20,0x28,0x69,0x6e,0x2e,0x63,0x6f,0x72,0x6e,0x65,0x72,0x2e,0x78,0x20,0x2a,
    0x20,0x69,0x6e,0x2e,0x72,0x6f,0x6f,0x74,0x2e,0x77,0x29,0x29,0x29,0x20,0x2b,0x20,
    0x28,0x5f,0x31,0x38,0x2e,0x63,0x61,0x6d,0x65,0x72,0x61,0x55,0x70,0x2e,0x78,0x79,
    0x7a,0x20,0x2a,0x20,0x28,0x69,0x6e,0x2e,0x63,0x6f,0x72,0x6e,0x65,0x72,0x2e,0x79,
    0x20,0x2a,0x20,0x69,0x6e,0x2e,0x72,0x6f,0x6f,0x74,0x2e,0x77,0x29,0x29,0x2c,0x20,
    0x31,0x2e,0x30,0x29,0x3b,0x0a,0x20,0x20,0x20,0x20,0x6f,0x75,0x74,0x2e,0x70,0x61,
    0x72,0x74,0x69,0x63,0x6c,0x65,0x43,0x6f,0x6c,0x6f,0x72,0x20,0x3d,0x20,0x69,0x6e,
    0x2e,0x63,0x6f,0x6c,0x6f,0x72,0x3b,0x0a,0x20,0x20,0x20,0x20,0x72,0x65,0x74,0x75,
    0x72,0x6e,0x20,0x6f,0x75,0x74,0x3b,0x0a,0x7d,0x0a,0x0a,0x00,
};
/*
    #include <metal_stdlib>
    #include <simd/simd.h>

    using namespace metal;

    struct main0_out
    {
        float4 fragColor [[color(0)]];
    };

    struct main0_in
    {
        float4 particleColor [[user(locn0)]];
    };

    fragment main0_out main0(main0_in in [[stage_in]])
    {
        main0_out out = {};
        if (in.particleColor.w < 0.5)
        {
            discard_fragment();
        }
        out.fragColor = in.particleColor;
        return out;
    }

*/
static const uint8_t particleFs_source_metal_ios[403] = {
    0x23,0x69,0x6e,0x63,0x6c,0x75,0x64,0x65,0x20,0x3c,0x6d,0x65,0x74,0x61,0x6c,0x5f,
    0x73,0x74,0x64,0x6c,0x69,0x62,0x3e,0x0a,0x23,0x69,0x6e,0x63,0x6c,0x75,0x64,0x65,
    0x20,0x3c,0x73,0x69,0x6d,0x64,0x2f,0x73,0x69,0x6d,0x64,0x2e,0x68,0x3e,0x0a,0x0a,
    0x75,0x73,0x69,0x6e,0x67,0x20,0x6e,0x61,0x6d,0x65,0x73,0x70,0x61,0x63,0x65,0x20,
    0x6d,0x65,0x74,0x61,0x6c,0x3b,0x0a,0x0a,0x73,0x74,0x72,0x75,0x63,0x74,0x20,0x6d,
    0x61,0x69,0x6e,0x30,0x5f,0x6f,0x75,0x74,0x0a,0x7b,0x0a,0x20,0x20,0x20,0x20,0x66,
    0x6c,0x6f,0x61,0x74,0x34,0x20,0x66,0x72,0x61,0x67,0x43,0x6f,0x6c,0x6f,0x72,0x20,
    0x5b,0x5b,0x63,0x6f,0x6c,0x6f,0x72,0x28,0x30,0x29,0x5d,0x5d,0x3b,0x0a,0x7d,0x3b,
    0x0a,0x0a,0x73,0x74,0x72,0x75,0x63,0x74,0x20,0x6d,0x61,0x69,0x6e,0x30,0x5f,0x69,
    0x6e,0x0a,0x7b,0x0a,0x20,0x20,0x20,0x20,0x66,0x6c,0x6f,0x61,0x74,0x34,0x20,0x70,
    0x61,0x72,0x74,0x69,0x63,0x6c,0x65,0x43,0x6f,0x6c,0x6f,0x72,0x20,0x5b,0x5b,0x75,
    0x73,0x65,0x72,0x28,0x6c,0x6f,0x63,0x6e,0x30,0x29,0x5d,0x5d,0x3b,0x0a,0x7d,0x3b,
    0x0a,0x0a,0x66,0x72,0x61,0x67,0x6d,0x65,0x6e,0x74,0x20,0x6d,0x61,0x69,0x6e,0x30,
    0x5f,0x6f,0x75,0x74,0x20,0x6d,0x61,0x69,0x6e,0x30,0x28,0x6d,0x61,0x69,0x6e,0x30,
    0x5f,0x69,0x6e,0x20,0x69,0x6e,0x20,0x5b,0x5b,0x73,0x74,0x61,0x67,0x65,0x5f,0x69,
    0x6e,0x5d,0x5d,0x29,0x0a,0x7b,0x0a,0x20,0x20,0x20,0x20,0x6d,0x61,0x69,0x6e,0x30,
    0x5f,0x6f,0x75,0x74,0x20,0x6f,0x75,0x74,0x20,0x3d,0x20,0x7b,0x7d,0x3b,0x0a,0x20,
    0x20,0x20,0x20,0x69,0x66,0x20,0x28,0x69,0x6e,0x2e,0x70,0x61,0x72,0x74,0x69,0x63,
    0x6c,0x65,0x43,0x6f,0x6c,0x6f,0x72,0x2e,0x77,0x20,0x3c,0x20,0x30,0x2e,0x35,0x29,
    0x0a,0x20,0x20,0x20,0x20,0x7b,0x0a,0x20,0x20,0x20,0x20,0x20,0x20,0x20,0x20,0x64,
    0x69,0x73,0x63,0x61,0x72,0x64,0x5f,0x66,0x72,0x61,0x67,0x6d,0x65,0x6e,0x74,0x28,
    0x29,0x3b,0x0a,0x20,0x20,0x20,0x20,0x7d,0x0a,0x20,0x20,0x20,0x20,0x6f,0x75,0x74,
    0x2e,0x66,0x72,0x61,0x67,0x43,0x6f,0x6c,0x6f,0x72,0x20,0x3d,0x20,0x69,0x6e,0x2e,
    0x70,0x61,0x72,0x74,0x69,0x63,0x6c,0x65,0x43,0x6f,0x6c,0x6f,0x72,0x3b,0x0a,0x20,
    0x20,0x20,0x20,0x72,0x65,0x74,0x75,0x72,0x6e,0x20,0x6f,0x75,0x74,0x3b,0x0a,0x7d,
    0x0a,0x0a,0x00,
};
/*
    #include <metal_stdlib>
    #include <simd/simd.h>

    using namespace metal;

    struct vertexParams
    {
        float4x4 viewProj;
        float4 cameraRight;
        float4 cameraUp;
    };

    struct main0_out
    {
        float3 worldPosition [[user(locn0)]];
        float3 towardCamera [[user(locn1)]];
        float2 uv [[user(locn2)]];
        float4 instanceColor [[user(locn3)]];
        float4 gl_Position [[position]];
    };

    struct main0_in
    {
        float2 corner [[attribute(0)]];
        float3 position [[attribute(1)]];
        float2 size [[attribute(2)]];
        float4 tile [[attribute(3)]];
        float4 color [[attribute(4)]];
    };

    vertex main0_out main0(main0_in in [[stage_in]], constant vertexParams& _17 [[buffer(0)]])
    {
        main0_out out = {};
        float3 _49 = (in.position + (_17.cameraRight.xyz * (in.corner.x * in.size.x))) + (_17.cameraUp.xyz * (in.corner.y * in.size.y));
        out.worldPosition = _49;
        out.towardCamera = cross(_17.cameraRight.xyz, _17.cameraUp.xyz);
        out.gl_Position = _17.viewProj * float4(_49, 1.0);
        float _86;
        if (in.corner.x > 0.0)
        {
            _86 = in.tile.z;
        }
        else
        {
            _86 = in.tile.x;
        }
        float _101;
        if (in.corner.y > 0.0)
        {
            _101 = in.tile.y;
        }
        else
        {
            _101 = in.tile.w;
        }
        out.uv = float2(_86, _101);
        out.instanceColor = in.color;
        return out;
    }

*/
static const uint8_t billboardVs_source_metal_ios[1323] = {
    0x23,0x69,0x6e,0x63,0x6c,0x75,0x64,0x65,0x20,0x3c,0x6d,0x65,0x74,0x61,0x6c,0x5f,
    0x73,0x74,0x64,0x6c,0x69,0x62,0x3e,0x0a,0x23,0x69,0x6e,0x63,0x6c,0x75,0x64,0x65,
    0x20,0x3c,0x73,0x69,0x6d,0x64,0x2f,0x73,0x69,0x6d,0x64,0x2e,0x68,0x3e,0x0a,0x0a,
    0x75,0x73,0x69,0x6e,0x67,0x20,0x6e,0x61,0x6d,0x65,0x73,0x70,0x61,0x63,0x65,0x20,
    0x6d,0x65,0x74,0x61,0x6c,0x3b,0x0a,0x0a,0x73,0x74,0x72,0x75,0x63,0x74,0x20,0x76,
    0x65,0x72,0x74,0x65,0x78,0x50,0x61,0x72,0x61,0x6d,0x73,0x0a,0x7b,0x0a,0x20,0x20,
    0x20,0x20,0x66,0x6c,0x6f,0x61,0x74,0x34,0x78,0x34,0x20,0x76,0x69,0x65,0x77,0x50,
    0x72,0x6f,0x6a,0x3b,0x0a,0x20,0x20,0x20,0x20,0x66,0x6c,0x6f,0x61,0x74,0x34,0x20,
    0x63,0x61,0x6d,0x65,0x72,0x61,0x52,0x69,0x67,0x68,0x74,0x3b,0x0a,0x20,0x20,0x20,
    0x20,0x66,0x6c,0x6f,0x61,0x74,0x34,0x20,0x63,0x61,0x6d,0x65,0x72,0x61,0x55,0x70,
    0x3b,0x0a,0x7d,0x3b,0x0a,0x0a,0x73,0x74,0x72,0x75,0x63,0x74,0x20,0x6d,0x61,0x69,
    0x6e,0x30,0x5f,0x6f,0x75,0x74,0x0a,0x7b,0x0a,0x20,0x20,0x20,0x20,0x66,0x6c,0x6f,
    0x61,0x74,0x33,0x20,0x77,0x6f,0x72,0x6c,0x64,0x50,0x6f,0x73,0x69,0x74,0x69,0x6f,
    0x6e,0x20,0x5b,0x5b,0x75,0x73,0x65,0x72,0x28,0x6c,0x6f,0x63,0x6e,0x30,0x29,0x5d,
    0x5d,0x3b,0x0a,0x20,0x20,0x20,0x20,0x66,0x6c,0x6f,0x61,0x74,0x33,0x20,0x74,0x6f,
    0x77,0x61,0x72,0x64,0x43,0x61,0x6d,0x65,0x72,0x61,0x20,0x5b,0x5b,0x75,0x73,0x65,
    0x72,0x28,0x6c,0x6f,0x63,0x6e,0x31,0x29,0x5d,0x5d,0x3b,0x0a,0x20,0x20,0x20,0x20,
    0x66,0x6c,0x6f,0x61,0x74,0x32,0x20,0x75,0x76,0x20,0x5b,0x5b,0x75,0x73,0x65,0x72,
    0x28,0x6c,0x6f,0x63,0x6e,0x32,0x29,0x5d,0x5d,0x3b,0x0a,0x20,0x20,0x20,0x20,0x66,
    0x6c,0x6f,0x61,0x74,0x34,0x20,0x69,0x6e,0x73,0x74,0x61,0x6e,0x63,0x65,0x43,0x6f,
    0x6c,0x6f,0x72,0x20,0x5b,0x5b,0x75,0x73,0x65,0x72,0x28,0x6c,0x6f,0x63,0x6e,0x33,
    0x29,0x5d,0x5d,0x3b,0x0a,0x20,0x20,0x20,0x20,0x66,0x6c,0x6f,0x61,0x74,0x34,0x20,
    0x67,0x6c,0x5f,0x50,0x6f,0x73,0x69,0x74,0x69,0x6f,0x6e,0x20,0x5b,0x5b,0x70,0x6f,
    0x73,0x69,0x74,0x69,0x6f,0x6e,0x5d,0x5d,0x3b,0x0a,0x7d,0x3b,0x0a,0x0a,0x73,0x74,
    0x72,0x75,0x63,0x74,0x20,0x6d,0x61,0x69,0x6e,0x30,0x5f,0x69,0x6e,0x0a,0x7b,0x0a,
    0x20,0x20,0x20,0x20,0x66,0x6c,0x6f,0x61,0x74,0x32,0x20,0x63,0x6f,0x72,0x6e,0x65,
    0x72,0x20,0x5b,0x5b,0x61,0x74,0x74,0x72,0x69,0x62,0x75,0x74,0x65,0x28,0x30,0x29,
    0x5d,0x5d,0x3b,0x0a,0x20,0x20,0x20,0x20,0x66,0x6c,0x6f,0x61,0x74,0x33,0x20,0x70,
    0x6f,0x73,0x69,0x74,0x69,0x6f,0x6e,0x20,0x5b,0x5b,0x61,0x74,0x74,0x72,0x69,0x62,
    0x75,0x74,0x65,0x28,0x31,0x29,0x5d,0x5d,0x3b,0x0a,0x20,0x20,0x20,0x20,0x66,0x6c,
    0x6f,0x61,0x74,0x32,0x20,0x73,0x69,0x7a,0x65,0x20,0x5b,0x5b,0x61,0x74,0x74,0x72,
    0x69,0x62,0x75,0x74,0x65,0x28,0x32,0x29,0x5d,0x5d,0x3b,0x0a,0x20,0x20,0x20,0x20,
    0x66,0x6c,0x6f,0x61,0x74,0x34,0x20,0x74,0x69,0x6c,0x65,0x20,0x5b,0x5b,0x61,0x74,
    0x74,0x72,0x69,0x62,0x75,0x74,0x65,0x28,0x33,0x29,0x5d,0x5d,0x3b,0x0a,0x20,0x20,
    0x20,0x20,0x66,0x6c,0x6f,0x61,0x74,0x34,0x20,0x63,0x6f,0x6c,0x6f,0x72,0x20,0x5b,
    0x5b,0x61,0x74,0x74,0x72,0x69,0x62,0x75,0x74,0x65,0x28,0x34,0x29,0x5d,0x5d,0x3b,
    0x0a,0x7d,0x3b,0x0a,0x0a,0x76,0x65,0x72,0x74,0x65,0x78,0x20,0x6d,0x61,0x69,0x6e,
    0x30,0x5f,0x6f,0x75,0x74,0x20,0x6d,0x61,0x69,0x6e,0x30,0x28,0x6d,0x61,0x69,0x6e,
    0x30,0x5f,0x69,0x6e,0x20,0x69,0x6e,0x20,0x5b,0x5b,0x73,0x74,0x61,0x67,0x65,0x5f,
    0x69,0x6e,0x5d,0x5d,0x2c,0x20,0x63,0x6f,0x6e,0x73,0x74,0x61,0x6e,0x74,0x20,0x76,
    0x65,0x72,0x74,0x65,0x78,0x50,0x61,0x72,0x61,0x6d,0x73,0x26,0x20,0x5f,0x31,0x37,
    0x20,0x5b,0x5b,0x62,0x75,0x66,0x66,0x65,0x72,0x28,0x30,0x29,0x5d,0x5d,0x29,0x0a,
    0x7b,0x0a,0x20,0x20,0x20,0x20,0x6d,0x61,0x69,0x6e,0x30,0x5f,0x6f,0x75,0x74,0x20,
    0x6f,0x75,0x74,0x20,0x3d,0x20,0x7b,0x7d,0x3b,0x0a,0x20,0x20,0x20,0x20,0x66,0x6c,
    0x6f,0x61,0x74,0x33,0x20,0x5f,0x34,0x39,0x20,0x3d,0x20,0x28,0x69,0x6e,0x2e,0x70,
    0x6f,0x73,0x69,0x74,0x69,0x6f,0x6e,0x20,0x2b,0x20,0x28,0x5f,0x31,0x37,0x2e,0x63,
    0x61,0x6d,0x65,0x72,0x61,0x52,0x69,0x67,0x68,0x74,0x2e,0x78,0x79,0x7a,0x20,0x2a,
    0x20,0x28,0x69,0x6e,0x2e,0x63,0x6f,0x72,0x6e,0x65,0x72,0x2e,0x78,0x20,0x2a,0x20,
    0x69,0x6e,0x2e,0x73,0x69,0x7a,0x65,0x2e,0x78,0x29,0x29,0x29,0x20,0x2b,0x20,0x28,
    0x5f,0x31,0x37,0x2e,0x63,0x61,0x6d,0x65,0x72,0x61,0x55,0x70,0x2e,0x78,0x79,0x7a,
    0x20,0x2a,0x20,0x28,0x69,0x6e,0x2e,0x63,0x6f,0x72,0x6e,0x65,0x72,0x2e,0x79,0x20,
    0x2a,0x20,0x69,0x6e,0x2e,0x73,0x69,0x7a,0x65,0x2e,0x79,0x29,0x29,0x3b,0x0a,0x20,
    0x20,0x20,0x20,0x6f,0x75,0x74,0x2e,0x77,0x6f,0x72,0x6c,0x64,0x50,0x6f,0x73,0x69,
    0x74,0x69,0x6f,0x6e,0x20,0x3d,0x20,0x5f,0x34,0x39,0x3b,0x0a,0x20,0x20,0x20,0x20,
    0x6f,0x75,0x74,0x2e,0x74,0x6f,0x77,0x61,0x72,0x64,0x43,0x61,0x6d,0x65,0x72,0x61,
    0x20,0x3d,0x20,0x63,0x72,0x6f,0x73,0x73,0x28,0x5f,0x31,0x37,0x2e,0x63,0x61,0x6d,
    0x65,0x72,0x61,0x52,0x69,0x67,0x68,0x74,0x2e,0x78,0x79,0x7a,0x2c,0x20,0x5f,0x31,
    0x37,0x2e,0x63,0x61,0x6d,0x65,0x72,0x61,0x55,0x70,0x2e,0x78,0x79,0x7a,0x29,0x3b,
    0x0a,0x20,0x20,0x20,0x20,0x6f,0x75,0x74,0x2e,0x67,0x6c,0x5f,0x50,0x6f,0x73,0x69,
    0x74,0x69,0x6f,0x6e,0x20,0x3d,0x20,0x5f,0x31,0x37,0x2e,0x76,0x69,0x65,0x77,0x50,
    0x72,0x6f,0x6a,0x20,0x2a,0x20,0x66,0x6c,0x6f,0x61,0x74,0x34,0x28,0x5f,0x34,0x39,
    0x2c,0x20,0x31,0x2e,0x30,0x29,0x3b,0x0a,0x20,0x20,0x20,0x20,0x66,0x6c,0x6f,0x61,
    0x74,0x20,0x5f,0x38,0x36,0x3b,0x0a,0x20,0x20,0x20,0x20,0x69,0x66,0x20,0x28,0x69,
    0x6e,0x2e,0x63,0x6f,0x72,0x6e,0x65,0x72,0x2e,0x78,0x20,0x3e,0x20,0x30,0x2e,0x30,
    0x29,0x0a,0x20,0x20,0x20,0x20,0x7b,0x0a,0x20,0x20,0x20,0x20,0x20,0x20,0x20,0x20,
    0x5f,0x38,0x36,0x20,0x3d,0x20,0x69,0x6e,0x2e,0x74,0x69,0x6c,0x65,0x2e,0x7a,0x3b,
    0x0a,0x20,0x20,0x20,0x20,0x7d,0x0a,0x20,0x20,0x20,0x20,0x65,0x6c,0x73,0x65,0x0a,
    0x20,0x20,0x20,0x20,0x7b,0x0a,0x20,0x20,0x20,0x20,0x20,0x20,0x20,0x20,0x5f,0x38,
    0x36,0x20,0x3d,0x20,0x69,0x6e,0x2e,0x74,0x69,0x6c,0x65,0x2e,0x78,0x3b,0x0a,0x20,
    0x20,0x20,0x20,0x7d,0x0a,0x20,0x20,0x20,0x20,0x66,0x6c,0x6f,0x61,0x74,0x20,0x5f,
    0x31,0x30,0x31,0x3b,0x0a,0x20,0x20,0x20,0x20,0x69,0x66,0x20,0x28,0x69,0x6e,0x2e,
    0x63,0x6f,0x72,0x6e,0x65,0x72,0x2e,0x79,0x20,0x3e,0x20,0x30,0x2e,0x30,0x29,0x0a,
    0x20,0x20,0x20,0x20,0x7b,0x0a,0x20,0x20,0x20,0x20,0x20,0x20,0x20,0x20,0x5f,0x31,
    0x30,0x31,0x20,0x3d,0x20,0x69,0x6e,0x2e,0x74,0x69,0x6c,0x65,0x2e,0x79,0x3b,0x0a,
    0x20,0x20,0x20,0x20,0x7d,0x0a,0x20,0x20,0x20,0x20,0x65,0x6c,0x73,0x65,0x0a,0x20,
    0x20,0x20,0x20,0x7b,0x0a,0x20,0x20,0x20,0x20,0x20,0x20,0x20,0x20,0x5f,0x31,0x30,
    0x31,0x20,0x3d,0x20,0x69,0x6e,0x2e,0x74,0x69,0x6c,0x65,0x2e,0x77,0x3b,0x0a,0x20,
    0x20,0x20,0x20,0x7d,0x0a,0x20,0x20,0x20,0x20,0x6f,0x75,0x74,0x2e,0x75,0x76,0x20,
    0x3d,0x20,0x66,0x6c,0x6f,0x61,0x74,0x32,0x28,0x5f,0x38,0x36,0x2c,0x20,0x5f,0x31,
    0x30,0x31,0x29,0x3b,0x0a,0x20,0x20,0x20,0x20,0x6f,0x75,0x74,0x2e,0x69,0x6e,0x73,
    0x74,0x61,0x6e,0x63,0x65,0x43,0x6f,0x6c,0x6f,0x72,0x20,0x3d,0x20,0x69,0x6e,0x2e,
    0x63,0x6f,0x6c,0x6f,0x72,0x3b,0x0a,0x20,0x20,0x20,0x20,0x72,0x65,0x74,0x75,0x72,
    0x6e,0x20,0x6f,0x75,0x74,0x3b,0x0a,0x7d,0x0a,0x0a,0x00,
};
/*
    #pragma clang diagnostic ignored "-Wmissing-prototypes"

    #include <metal_stdlib>
    #include <simd/simd.h>

    using namespace metal;

    struct lightParams
    {
        float4 ambient;
        float4 dirLight;
        float4 dirColor;
        float4 pointLight[4];
        float4 pointColor[4];
    };

    struct billboardParams
    {
        float4 billboardColor;
        float4 billboard;
    };

    struct main0_out
    {
        float4 fragColor [[color(0)]];
    };

    struct main0_in
    {
        float3 worldPosition [[user(locn0)]];
        float3 towardCamera [[user(locn1)]];
        float2 uv [[user(locn2)]];
        float4 instanceColor [[user(locn3)]];
    };

    static inline __attribute__((always_inline))
    float3 pointLightAt(thread const int& i, thread const float3& position, thread const float3& normal, constant lightParams& _25)
    {
        float3 _33 = _25.pointLight[i].xyz - position;
        float _37 = length(_33);
        float _50 = fast::clamp(1.0 - (_37 / _25.pointColor[i].w), 0.0, 1.0);
        return _25.pointColor[i].xyz * (((_50 * _50) * fast::max(dot(normal, _33 / float3(fast::max(_37, 9.9999997473787516355514526367188e-05))), 0.0)) * _25.pointLight[i].w);
    }

    fragment main0_out main0(main0_in in [[stage_in]], constant lightParams& _25 [[buffer(1)]], constant billboardParams& _97 [[buffer(2)]], texture2d<float> billboardTexture [[texture(0)]], sampler billboardSampler [[sampler(0)]])
    {
        main0_out out = {};
        float4 _106 = (_97.billboardColor * billboardTexture.sample(billboardSampler, in.uv)) * in.instanceColor;
        float4 pixel = _106;
        if (_106.w < 0.5)
        {
            discard_fragment();
        }
        if (_97.billboard.y != 0.0)
        {
            float3 _126 = fast::normalize(in.towardCamera);
            float3 light = _25.ambient.xyz + (_25.dirColor.xyz * (fast::max(dot(_126, _25.dirLight.xyz), 0.0) * _25.dirLight.w));
            for (int i = 0; i < int(_25.ambient.w + 0.5); i++)
            {
                int param = i;
                float3 param_1 = in.worldPosition;
                float3 param_2 = _126;
                light += pointLightAt(param, param_1, param_2, _25);
            }
            float4 _173 = pixel;
            float3 _175 = _173.xyz * light;
            float4 _189 = _173;
            _189.x = _175.x;
            _189.y = _175.y;
            _189.z = _175.z;
            pixel = _189;
        }
        out.fragColor = pixel;
        return out;
    }

*/
static const uint8_t billboardFs_source_metal_ios[2258] = {
    0x23,0x70,0x72,0x61,0x67,0x6d,0x61,0x20,0x63,0x6c,0x61,0x6e,0x67,0x20,0x64,0x69,
    0x61,0x67,0x6e,0x6f,0x73,0x74,0x69,0x63,0x20,0x69,0x67,0x6e,0x6f,0x72,0x65,0x64,
    0x20,0x22,0x2d,0x57,0x6d,0x69,0x73,0x73,0x69,0x6e,0x67,0x2d,0x70,0x72,0x6f,0x74,
    0x6f,0x74,0x79,0x70,0x65,0x73,0x22,0x0a,0x0a,0x23,0x69,0x6e,0x63,0x6c,0x75,0x64,
    0x65,0x20,0x3c,0x6d,0x65,0x74,0x61,0x6c,0x5f,0x73,0x74,0x64,0x6c,0x69,0x62,0x3e,
    0x0a,0x23,0x69,0x6e,0x63,0x6c,0x75,0x64,0x65,0x20,0x3c,0x73,0x69,0x6d,0x64,0x2f,
    0x73,0x69,0x6d,0x64,0x2e,0x68,0x3e,0x0a,0x0a,0x75,0x73,0x69,0x6e,0x67,0x20,0x6e,
    0x61,0x6d,0x65,0x73,0x70,0x61,0x63,0x65,0x20,0x6d,0x65,0x74,0x61,0x6c,0x3b,0x0a,
    0x0a,0x73,0x74,0x72,0x75,0x63,0x74,0x20,0x6c,0x69,0x67,0x68,0x74,0x50,0x61,0x72,
    0x61,0x6d,0x73,0x0a,0x7b,0x0a,0x20,0x20,0x20,0x20,0x66,0x6c,0x6f,0x61,0x74,0x34,
    0x20,0x61,0x6d,0x62,0x69,0x65,0x6e,0x74,0x3b,0x0a,0x20,0x20,0x20,0x20,0x66,0x6c,
    0x6f,0x61,0x74,0x34,0x20,0x64,0x69,0x72,0x4c,0x69,0x67,0x68,0x74,0x3b,0x0a,0x20,
    0x20,0x20,0x20,0x66,0x6c,0x6f,0x61,0x74,0x34,0x20,0x64,0x69,0x72,0x43,0x6f,0x6c,
    0x6f,0x72,0x3b,0x0a,0x20,0x20,0x20,0x20,0x66,0x6c,0x6f,0x61,0x74,0x34,0x20,0x70,
    0x6f,0x69,0x6e,0x74,0x4c,0x69,0x67,0x68,0x74,0x5b,0x34,0x5d,0x3b,0x0a,0x20,0x20,
    0x20,0x20,0x66,0x6c,0x6f,0x61,0x74,0x34,0x20,0x70,0x6f,0x69,0x6e,0x74,0x43,0x6f,
    0x6c,0x6f,0x72,0x5b,0x34,0x5d,0x3b,0x0a,0x7d,0x3b,0x0a,0x0a,0x73,0x74,0x72,0x75,
    0x63,0x74,0x20,0x62,0x69,0x6c,0x6c,0x62,0x6f,0x61,0x72,0x64,0x50,0x61,0x72,0x61,
    0x6d,0x73,0x0a,0x7b,0x0a,0x20,0x20,0x20,0x20,0x66,0x6c,0x6f,0x61,0x74,0x34,0x20,
    0x62,0x69,0x6c,0x6c,0x62,0x6f,0x61,0x72,0x64,0x43,0x6f,0x6c,0x6f,0x72,0x3b,0x0a,
    0x20,0x20,0x20,0x20,0x66,0x6c,0x6f,0x61,0x74,0x34,0x20,0x62,0x69,0x6c,0x6c,0x62,
    0x6f,0x61,0x72,0x64,0x3b,0x0a,0x7d,0x3b,0x0a,0x0a,0x73,0x74,0x72,0x75,0x63,0x74,
    0x20,0x6d,0x61,0x69,0x6e,0x30,0x5f,0x6f,0x75,0x74,0x0a,0x7b,0x0a,0x20,0x20,0x20,
    0x20,0x66,0x6c,0x6f,0x61,0x74,0x34,0x20,0x66,0x72,0x61,0x67,0x43,0x6f,0x6c,0x6f,
    0x72,0x20,0x5b,0x5b,0x63,0x6f,0x6c,0x6f,0x72,0x28,0x30,0x29,0x5d,0x5d,0x3b,0x0a,
    0x7d,0x3b,0x0a,0x0a,0x73,0x74,0x72,0x75,0x63,0x74,0x20,0x6d,0x61,0x69,0x6e,0x30,
    0x5f,0x69,0x6e,0x0a,0x7b,0x0a,0x20,0x20,0x20,0x20,0x66,0x6c,0x6f,0x61,0x74,0x33,
    0x20,0x77,0x6f,0x72,0x6c,0x64,0x50,0x6f,0x73,0x69,0x74,0x69,0x6f,0x6e,0x20,0x5b,
    0x5b,0x75,0x73,0x65,0x72,0x28,0x6c,0x6f,0x63,0x6e,0x30,0x29,0x5d,0x5d,0x3b,0x0a,
    0x20,0x20,0x20,0x20,0x66,0x6c,0x6f,0x61,0x74,0x33,0x20,0x74,0x6f,0x77,0x61,0x72,
    0x64,0x43,0x61,0x6d,0x65,0x72,0x61,0x20,0x5b,0x5b,0x75,0x73,0x65,0x72,0x28,0x6c,
    0x6f,0x63,0x6e,0x31,0x29,0x5d,0x5d,0x3b,0x0a,0x20,0x20,0x20,0x20,0x66,0x6c,0x6f,
    0x61,0x74,0x32,0x20,0x75,0x76,0x20,0x5b,0x5b,0x75,0x73,0x65,0x72,0x28,0x6c,0x6f,
    0x63,0x6e,0x32,0x29,0x5d,0x5d,0x3b,0x0a,0x20,0x20,0x20,0x20,0x66,0x6c,0x6f,0x61,
    0x74,0x34,0x20,0x69,0x6e,0x73,0x74,0x61,0x6e,0x63,0x65,0x43,0x6f,0x6c,0x6f,0x72,
    0x20,0x5b,0x5b,0x75,0x73,0x65,0x72,0x28,0x6c,0x6f,0x63,0x6e,0x33,0x29,0x5d,0x5d,
    0x3b,0x0a,0x7d,0x3b,0x0a,0x0a,0x73,0x74,0x61,0x74,0x69,0x63,0x20,0x69,0x6e,0x6c,
    0x69,0x6e,0x65,0x20,0x5f,0x5f,0x61,0x74,0x74,0x72,0x69,0x62,0x75,0x74,0x65,0x5f,
    0x5f,0x28,0x28,0x61,0x6c,0x77,0x61,0x79,0x73,0x5f,0x69,0x6e,0x6c,0x69,0x6e,0x65,
    0x29,0x29,0x0a,0x66,0x6c,0x6f,0x61,0x74,0x33,0x20,0x70,0x6f,0x69,0x6e,0x74,0x4c,
    0x69,0x67,0x68,0x74,0x41,0x74,0x28,0x74,0x68,0x72,0x65,0x61,0x64,0x20,0x63,0x6f,
    0x6e,0x73,0x74,0x20,0x69,0x6e,0x74,0x26,0x20,0x69,0x2c,0x20,0x74,0x68,0x72,0x65,
    0x61,0x64,0x20,0x63,0x6f,0x6e,0x73,0x74,0x20,0x66,0x6c,0x6f,0x61,0x74,0x33,0x26,
    0x20,0x70,0x6f,0x73,0x69,0x74,0x69,0x6f,0x6e,0x2c,0x20,0x74,0x68,0x72,0x65,0x61,
    0x64,0x20,0x63,0x6f,0x6e,0x73,0x74,0x20,0x66,0x6c,0x6f,0x61,0x74,0x33,0x26,0x20,
    0x6e,0x6f,0x72,0x6d,0x61,0x6c,0x2c,0x20,0x63,0x6f,0x6e,0x73,0x74,0x61,0x6e,0x74,
    0x20,0x6c,0x69,0x67,0x68,0x74,0x50,0x61,0x72,0x61,0x6d,0x73,0x26,0x20,0x5f,0x32,
    0x35,0x29,0x0a,0x7b,0x0a,0x20,0x20,0x20,0x20,0x66,0x6c,0x6f,0x61,0x74,0x33,0x20,
    0x5f,0x33,0x33,0x20,0x3d,0x20,0x5f,0x32,0x35,0x2e,0x70,0x6f,0x69,0x6e,0x74,0x4c,
    0x69,0x67,0x68,0x74,0x5b,0x69,0x5d,0x2e,0x78,0x79,0x7a,0x20,0x2d,0x20,0x70,0x6f,
    0x73,0x69,0x74,0x69,0x6f,0x6e,0x3b,0x0a,0x20,0x20,0x20,0x20,0x66,0x6c,0x6f,0x61,
    0x74,0x20,0x5f,0x33,0x37,0x20,0x3d,0x20,0x6c,0x65,0x6e,0x67,0x74,0x68,0x28,0x5f,
    0x33,0x33,0x29,0x3b,0x0a,0x20,0x20,0x20,0x20,0x66,0x6c,0x6f,0x61,0x74,0x20,0x5f,
    0x35,0x30,0x20,0x3d,0x20,0x66,0x61,0x73,0x74,0x3a,0x3a,0x63,0x6c,0x61,0x6d,0x70,
    0x28,0x31,0x2e,0x30,0x20,0x2d,0x20,0x28,0x5f,0x33,0x37,0x20,0x2f,0x20,0x5f,0x32,
    0x35,0x2e,0x70,0x6f,0x69,0x6e,0x74,0x43,0x6f,0x6c,0x6f,0x72,0x5b,0x69,0x5d,0x2e,
    0x77,0x29,0x2c,0x20,0x30,0x2e,0x30,0x2c,0x20,0x31,0x2e,0x30,0x29,0x3b,0x0a,0x20,
    0x20,0x20,0x20,0x72,0x65,0x74,0x75,0x72,0x6e,0x20,0x5f,0x32,0x35,0x2e,0x70,0x6f,
    0x69,0x6e,0x74,0x43,0x6f,0x6c,0x6f,0x72,0x5b,0x69,0x5d,0x2e,0x78,0x79,0x7a,0x20,
    0x2a,0x20,0x28,0x28,0x28,0x5f,0x35,0x30,0x20,0x2a,0x20,0x5f,0x35,0x30,0x29,0x20,
    0x2a,0x20,0x66,0x61,0x73,0x74,0x3a,0x3a,0x6d,0x61,0x78,0x28,0x64,0x6f,0x74,0x28,
    0x6e,0x6f,0x72,0x6d,0x61,0x6c,0x2c,0x20,0x5f,0x33,0x33,0x20,0x2f,0x20,0x66,0x6c,
    0x6f,0x61,0x74,0x33,0x28,0x66,0x61,0x73,0x74,0x3a,0x3a,0x6d,0x61,0x78,0x28,0x5f,
    0x33,0x37,0x2c,0x20,0x39,0x2e,0x39,0x39,0x39,0x39,0x39,0x39,0x37,0x34,0x37,0x33,
    0x37,0x38,0x37,0x35,0x31,0x36,0x33,0x35,0x35,0x35,0x31,0x34,0x35,0x32,0x36,0x33,
    0x36,0x37,0x31,0x38,0x38,0x65,0x2d,0x30,0x35,0x29,0x29,0x29,0x2c,0x20,0x30,0x2e,
    0x30,0x29,0x29,0x20,0x2a,0x20,0x5f,0x32,0x35,0x2e,0x70,0x6f,0x69,0x6e,0x74,0x4c,
    0x69,0x67,0x68,0x74,0x5b,0x69,0x5d,0x2e,0x77,0x29,0x3b,0x0a,0x7d,0x0a,0x0a,0x66,
    0x72,0x61,0x67,0x6d,0x65,0x6e,0x74,0x20,0x6d,0x61,0x69,0x6e,0x30,0x5f,0x6f,0x75,
    0x74,0x20,0x6d,0x61,0x69,0x6e,0x30,0x28,0x6d,0x61,0x69,0x6e,0x30,0x5f,0x69,0x6e,
    0x20,0x69,0x6e,0x20,0x5b,0x5b,0x73,0x74,0x61,0x67,0x65,0x5f,0x69,0x6e,0x5d,0x5d,
    0x2c,0x20,0x63,0x6f,0x6e,0x73,0x74,0x61,0x6e,0x74,0x20,0x6c,0x69,0x67,0x68,0x74,
    0x50,0x61,0x72,0x61,0x6d,0x73,0x26,0x20,0x5f,0x32,0x35,0x20,0x5b,0x5b,0x62,0x75,
    0x66,0x66,0x65,0x72,0x28,0x31,0x29,0x5d,0x5d,0x2c,0x20,0x63,0x6f,0x6e,0x73,0x74,
    0x61,0x6e,0x74,0x20,0x62,0x69,0x6c,0x6c,0x62,0x6f,0x61,0x72,0x64,0x50,0x61,0x72,
    0x61,0x6d,0x73,0x26,0x20,0x5f,0x39,0x37,0x20,0x5b,0x5b,0x62,0x75,0x66,0x66,0x65,
    0x72,0x28,0x32,0x29,0x5d,0x5d,0x2c,0x20,0x74,0x65,0x78,0x74,0x75,0x72,0x65,0x32,
    0x64,0x3c,0x66,0x6c,0x6f,0x61,0x74,0x3e,0x20,0x62,0x69,0x6c,0x6c,0x62,0x6f,0x61,
    0x72,0x64,0x54,0x65,0x78,0x74,0x75,0x72,0x65,0x20,0x5b,0x5b,0x74,0x65,0x78,0x74,
    0x75,0x72,0x65,0x28,0x30,0x29,0x5d,0x5d,0x2c,0x20,0x73,0x61,0x6d,0x70,0x6c,0x65,
    0x72,0x20,0x62,0x69,0x6c,0x6c,0x62,0x6f,0x61,0x72,0x64,0x53,0x61,0x6d,0x70,0x6c,
    0x65,0x72,0x20,0x5b,0x5b,0x73,0x61,0x6d,0x70,0x6c,0x65,0x72,0x28,0x30,0x29,0x5d,
    0x5d,0x29,0x0a,0x7b,0x0a,0x20,0x20,0x20,0x20,0x6d,0x61,0x69,0x6e,0x30,0x5f,0x6f,
    0x75,0x74,0x20,0x6f,0x75,0x74,0x20,0x3d,0x20,0x7b,0x7d,0x3b,0x0a,0x20,0x20,0x20,
    0x20,0x66,0x6c,0x6f,0x61,0x74,0x34,0x20,0x5f,0x31,0x30,0x36,0x20,0x3d,0x20,0x28,
    0x5f,0x39,0x37,0x2e,0x62,0x69,0x6c,0x6c,0x62,0x6f,0x61,0x72,0x64,0x43,0x6f,0x6c,
    0x6f,0x72,0x20,0x2a,0x20,0x62,0x69,0x6c,0x6c,0x62,0x6f,0x61,0x72,0x64,0x54,0x65,
    0x78,0x74,0x75,0x72,0x65,0x2e,0x73,0x61,0x6d,0x70,0x6c,0x65,0x28,0x62,0x69,0x6c,
    0x6c,0x62,0x6f,0x61,0x72,0x64,0x53,0x61,0x6d,0x70,0x6c,0x65,0x72,0x2c,0x20,0x69,
    0x6e,0x2e,0x75,0x76,0x29,0x29,0x20,0x2a,0x20,0x69,0x6e,0x2e,0x69,0x6e,0x73,0x74,
    0x61,0x6e,0x63,0x65,0x43,0x6f,0x6c,0x6f,0x72,0x3b,0x0a,0x20,0x20,0x20,0x20,0x66,
    0x6c,0x6f,0x61,0x74,0x34,0x20,0x70,0x69,0x78,0x65,0x6c,0x20,0x3d,0x20,0x5f,0x31,
    0x30,0x36,0x3b,0x0a,0x20,0x20,0x20,0x20,0x69,0x66,0x20,0x28,0x5f,0x31,0x30,0x36,
    0x2e,0x77,0x20,0x3c,0x20,0x30,0x2e,0x35,0x29,0x0a,0x20,0x20,0x20,0x20,0x7b,0x0a,
    0x20,0x20,0x20,0x20,0x20,0x20,0x20,0x20,0x64,0x69,0x73,0x63,0x61,0x72,0x64,0x5f,
    0x66,0x72,0x61,0x67,0x6d,0x65,0x6e,0x74,0x28,0x29,0x3b,0x0a,0x20,0x20,0x20,0x20,
    0x7d,0x0a,0x20,0x20,0x20,0x20,0x69,0x66,0x20,0x28,0x5f,0x39,0x37,0x2e,0x62,0x69,
    0x6c,0x6c,0x62,0x6f,0x61,0x72,0x64,0x2e,0x79,0x20,0x21,0x3d,0x20,0x30,0x2e,0x30,
    0x29,0x0a,0x20,0x20,0x20,0x20,0x7b,0x0a,0x20,0x20,0x20,0x20,0x20,0x20,0x20,0x20,
    0x66,0x6c,0x6f,0x61,0x74,0x33,0x20,0x5f,0x31,0x32,0x36,0x20,0x3d,0x20,0x66,0x61,
    0x73,0x74,0x3a,0x3a,0x6e,0x6f,0x72,0x6d,0x61,0x6c,0x69,0x7a,0x65,0x28,0x69,0x6e,
    0x2e,0x74,0x6f,0x77,0x61,0x72,0x64,0x43,0x61,0x6d,0x65,0x72,0x61,0x29,0x3b,0x0a,
    0x20,0x20,0x20,0x20,0x20,0x20,0x20,0x20,0x66,0x6c,0x6f,0x61,0x74,0x33,0x20,0x6c,
    0x69,0x67,0x68,0x74,0x20,0x3d,0x20,0x5f,0x32,0x35,0x2e,0x61,0x6d,0x62,0x69,0x65,
    0x6e,0x74,0x2e,0x78,0x79,0x7a,0x20,0x2b,0x20,0x28,0x5f,0x32,0x35,0x2e,0x64,0x69,
    0x72,0x43,0x6f,0x6c,0x6f,0x72,0x2e,0x78,0x79,0x7a,0x20,0x2a,0x20,0x28,0x66,0x61,
    0x73,0x74,0x3a,0x3a,0x6d,0x61,0x78,0x28,0x64,0x6f,0x74,0x28,0x5f,0x31,0x32,0x36,
    0x2c,0x20,0x5f,0x32,0x35,0x2e,0x64,0x69,0x72,0x4c,0x69,0x67,0x68,0x74,0x2e,0x78,
    0x79,0x7a,0x29,0x2c,0x20,0x30,0x2e,0x30,0x29,0x20,0x2a,0x20,0x5f,0x32,0x35,0x2e,
    0x64,0x69,0x72,0x4c,0x69,0x67,0x68,0x74,0x2e,0x77,0x29,0x29,0x3b,0x0a,0x20,0x20,
    0x20,0x20,0x20,0x20,0x20,0x20,0x66,0x6f,0x72,0x20,0x28,0x69,0x6e,0x74,0x20,0x69,
    0x20,0x3d,0x20,0x30,0x3b,0x20,0x69,0x20,0x3c,0x20,0x69,0x6e,0x74,0x28,0x5f,0x32,
    0x35,0x2e,0x61,0x6d,0x62,0x69,0x65,0x6e,0x74,0x2e,0x77,0x20,0x2b,0x20,0x30,0x2e,
    0x35,0x29,0x3b,0x20,0x69,0x2b,0x2b,0x29,0x0a,0x20,0x20,0x20,0x20,0x20,0x20,0x20,
    0x20,0x7b,0x0a,0x20,0x20,0x20,0x20,0x20,0x20,0x20,0x20,0x20,0x20,0x20,0x20,0x69,
    0x6e,0x74,0x20,0x70,0x61,0x72,0x61,0x6d,0x20,0x3d,0x20,0x69,0x3b,0x0a,0x20,0x20,
    0x20,0x20,0x20,0x20,0x20,0x20,0x20,0x20,0x20,0x20,0x66,0x6c,0x6f,0x61,0x74,0x33,
    0x20,0x70,0x61,0x72,0x61,0x6d,0x5f,0x31,0x20,0x3d,0x20,0x69,0x6e,0x2e,0x77,0x6f,
    0x72,0x6c,0x64,0x50,0x6f,0x73,0x69,0x74,0x69,0x6f,0x6e,0x3b,0x0a,0x20,0x20,0x20,
    0x20,0x20,0x20,0x20,0x20,0x20,0x20,0x20,0x20,0x66,0x6c,0x6f,0x61,0x74,0x33,0x20,
    0x70,0x61,0x72,0x61,0x6d,0x5f,0x32,0x20,0x3d,0x20,0x5f,0x31,0x32,0x36,0x3b,0x0a,
    0x20,0x20,0x20,0x20,0x20,0x20,0x20,0x20,0x20,0x20,0x20,0x20,0x6c,0x69,0x67,0x68,
    0x74,0x20,0x2b,0x3d,0x20,0x70,0x6f,0x69,0x6e,0x74,0x4c,0x69,0x67,0x68,0x74,0x41,
    0x74,0x28,0x70,0x61,0x72,0x61,0x6d,0x2c,0x20,0x70,0x61,0x72,0x61,0x6d,0x5f,0x31,
    0x2c,0x20,0x70,0x61,0x72,0x61,0x6d,0x5f,0x32,0x2c,0x20,0x5f,0x32,0x35,0x29,0x3b,
    0x0a,0x20,0x20,0x20,0x20,0x20,0x20,0x20,0x20,0x7d,0x0a,0x20,0x20,0x20,0x20,0x20,
    0x20,0x20,0x20,0x66,0x6c,0x6f,0x61,0x74,0x34,0x20,0x5f,0x31,0x37,0x33,0x20,0x3d,
    0x20,0x70,0x69,0x78,0x65,0x6c,0x3b,0x0a,0x20,0x20,0x20,0x20,0x20,0x20,0x20,0x20,
    0x66,0x6c,0x6f,0x61,0x74,0x33,0x20,0x5f,0x31,0x37,0x35,0x20,0x3d,0x20,0x5f,0x31,
    0x37,0x33,0x2e,0x78,0x79,0x7a,0x20,0x2a,0x20,0x6c,0x69,0x67,0x68,0x74,0x3b,0x0a,
    0x20,0x20,0x20,0x20,0x20,0x20,0x20,0x20,0x66,0x6c,0x6f,0x61,0x74,0x34,0x20,0x5f,
    0x31,0x38,0x39,0x20,0x3d,0x20,0x5f,0x31,0x37,0x33,0x3b,0x0a,0x20,0x20,0x20,0x20,
    0x20,0x20,0x20,0x20,0x5f,0x31,0x38,0x39,0x2e,0x78,0x20,0x3d,0x20,0x5f,0x31,0x37,
    0x35,0x2e,0x78,0x3b,0x0a,0x20,0x20,0x20,0x20,0x20,0x20,0x20,0x20,0x5f,0x31,0x38,
    0x39,0x2e,0x79,0x20,0x3d,0x20,0x5f,0x31,0x37,0x35,0x2e,0x79,0x3b,0x0a,0x20,0x20,
    0x20,0x20,0x20,0x20,0x20,0x20,0x5f,0x31,0x38,0x39,0x2e,0x7a,0x20,0x3d,0x20,0x5f,
    0x31,0x37,0x35,0x2e,0x7a,0x3b,0x0a,0x20,0x20,0x20,0x20,0x20,0x20,0x20,0x20,0x70,
    0x69,0x78,0x65,0x6c,0x20,0x3d,0x20,0x5f,0x31,0x38,0x39,0x3b,0x0a,0x20,0x20,0x20,
    0x20,0x7d,0x0a,0x20,0x20,0x20,0x20,0x6f,0x75,0x74,0x2e,0x66,0x72,0x61,0x67,0x43,
    0x6f,0x6c,0x6f,0x72,0x20,0x3d,0x20,0x70,0x69,0x78,0x65,0x6c,0x3b,0x0a,0x20,0x20,
    0x20,0x20,0x72,0x65,0x74,0x75,0x72,0x6e,0x20,0x6f,0x75,0x74,0x3b,0x0a,0x7d,0x0a,
    0x0a,0x00,
};
/*
    #include <metal_stdlib>
    #include <simd/simd.h>

    using namespace metal;

    struct main0_out
    {
        float4 gl_Position [[position]];
    };

    struct main0_in
    {
        float2 position [[attribute(0)]];
    };

    vertex main0_out main0(main0_in in [[stage_in]])
    {
        main0_out out = {};
        out.gl_Position = float4(in.position, 0.5, 1.0);
        return out;
    }

*/
static const uint8_t fullscreenVs_source_metal_ios[340] = {
    0x23,0x69,0x6e,0x63,0x6c,0x75,0x64,0x65,0x20,0x3c,0x6d,0x65,0x74,0x61,0x6c,0x5f,
    0x73,0x74,0x64,0x6c,0x69,0x62,0x3e,0x0a,0x23,0x69,0x6e,0x63,0x6c,0x75,0x64,0x65,
    0x20,0x3c,0x73,0x69,0x6d,0x64,0x2f,0x73,0x69,0x6d,0x64,0x2e,0x68,0x3e,0x0a,0x0a,
    0x75,0x73,0x69,0x6e,0x67,0x20,0x6e,0x61,0x6d,0x65,0x73,0x70,0x61,0x63,0x65,0x20,
    0x6d,0x65,0x74,0x61,0x6c,0x3b,0x0a,0x0a,0x73,0x74,0x72,0x75,0x63,0x74,0x20,0x6d,
    0x61,0x69,0x6e,0x30,0x5f,0x6f,0x75,0x74,0x0a,0x7b,0x0a,0x20,0x20,0x20,0x20,0x66,
    0x6c,0x6f,0x61,0x74,0x34,0x20,0x67,0x6c,0x5f,0x50,0x6f,0x73,0x69,0x74,0x69,0x6f,
    0x6e,0x20,0x5b,0x5b,0x70,0x6f,0x73,0x69,0x74,0x69,0x6f,0x6e,0x5d,0x5d,0x3b,0x0a,
    0x7d,0x3b,0x0a,0x0a,0x73,0x74,0x72,0x75,0x63,0x74,0x20,0x6d,0x61,0x69,0x6e,0x30,
    0x5f,0x69,0x6e,0x0a,0x7b,0x0a,0x20,0x20,0x20,0x20,0x66,0x6c,0x6f,0x61,0x74,0x32,
    0x20,0x70,0x6f,0x73,0x69,0x74,0x69,0x6f,0x6e,0x20,0x5b,0x5b,0x61,0x74,0x74,0x72,
    0x69,0x62,0x75,0x74,0x65,0x28,0x30,0x29,0x5d,0x5d,0x3b,0x0a,0x7d,0x3b,0x0a,0x0a,
    0x76,0x65,0x72,0x74,0x65,0x78,0x20,0x6d,0x61,0x69,0x6e,0x30,0x5f,0x6f,0x75,0x74,
    0x20,0x6d,0x61,0x69,0x6e,0x30,0x28,0x6d,0x61,0x69,0x6e,0x30,0x5f,0x69,0x6e,0x20,
    0x69,0x6e,0x20,0x5b,0x5b,0x73,0x74,0x61,0x67,0x65,0x5f,0x69,0x6e,0x5d,0x5d,0x29,
    0x0a,0x7b,0x0a,0x20,0x20,0x20,0x20,0x6d,0x61,0x69,0x6e,0x30,0x5f,0x6f,0x75,0x74,
    0x20,0x6f,0x75,0x74,0x20,0x3d,0x20,0x7b,0x7d,0x3b,0x0a,0x20,0x20,0x20,0x20,0x6f,
    0x75,0x74,0x2e,0x67,0x6c,0x5f,0x50,0x6f,0x73,0x69,0x74,0x69,0x6f,0x6e,0x20,0x3d,
    0x20,0x66,0x6c,0x6f,0x61,0x74,0x34,0x28,0x69,0x6e,0x2e,0x70,0x6f,0x73,0x69,0x74,
    0x69,0x6f,0x6e,0x2c,0x20,0x30,0x2e,0x35,0x2c,0x20,0x31,0x2e,0x30,0x29,0x3b,0x0a,
    0x20,0x20,0x20,0x20,0x72,0x65,0x74,0x75,0x72,0x6e,0x20,0x6f,0x75,0x74,0x3b,0x0a,
    0x7d,0x0a,0x0a,0x00,
};
/*
    #include <metal_stdlib>
    #include <simd/simd.h>

    using namespace metal;

    struct main0_out
    {
        float4 fragColor [[color(0)]];
    };

    fragment main0_out main0(texture2d<float> sourceTexture [[texture(0)]], sampler pointSampler [[sampler(0)]], float4 gl_FragCoord [[position]])
    {
        main0_out out = {};
        out.fragColor = float4(sourceTexture.read(uint2(clamp(int2(gl_FragCoord.xy), int2(0), int2(sourceTexture.get_width(), sourceTexture.get_height()) - int2(1))), 0).xyz, 1.0);
        return out;
    }

*/
static const uint8_t copyFs_source_metal_ios[496] = {
    0x23,0x69,0x6e,0x63,0x6c,0x75,0x64,0x65,0x20,0x3c,0x6d,0x65,0x74,0x61,0x6c,0x5f,
    0x73,0x74,0x64,0x6c,0x69,0x62,0x3e,0x0a,0x23,0x69,0x6e,0x63,0x6c,0x75,0x64,0x65,
    0x20,0x3c,0x73,0x69,0x6d,0x64,0x2f,0x73,0x69,0x6d,0x64,0x2e,0x68,0x3e,0x0a,0x0a,
    0x75,0x73,0x69,0x6e,0x67,0x20,0x6e,0x61,0x6d,0x65,0x73,0x70,0x61,0x63,0x65,0x20,
    0x6d,0x65,0x74,0x61,0x6c,0x3b,0x0a,0x0a,0x73,0x74,0x72,0x75,0x63,0x74,0x20,0x6d,
    0x61,0x69,0x6e,0x30,0x5f,0x6f,0x75,0x74,0x0a,0x7b,0x0a,0x20,0x20,0x20,0x20,0x66,
    0x6c,0x6f,0x61,0x74,0x34,0x20,0x66,0x72,0x61,0x67,0x43,0x6f,0x6c,0x6f,0x72,0x20,
    0x5b,0x5b,0x63,0x6f,0x6c,0x6f,0x72,0x28,0x30,0x29,0x5d,0x5d,0x3b,0x0a,0x7d,0x3b,
    0x0a,0x0a,0x66,0x72,0x61,0x67,0x6d,0x65,0x6e,0x74,0x20,0x6d,0x61,0x69,0x6e,0x30,
    0x5f,0x6f,0x75,0x74,0x20,0x6d,0x61,0x69,0x6e,0x30,0x28,0x74,0x65,0x78,0x74,0x75,
    0x72,0x65,0x32,0x64,0x3c,0x66,0x6c,0x6f,0x61,0x74,0x3e,0x20,0x73,0x6f,0x75,0x72,
    0x63,0x65,0x54,0x65,0x78,0x74,0x75,0x72,0x65,0x20,0x5b,0x5b,0x74,0x65,0x78,0x74,
    0x75,0x72,0x65,0x28,0x30,0x29,0x5d,0x5d,0x2c,0x20,0x73,0x61,0x6d,0x70,0x6c,0x65,
    0x72,0x20,0x70,0x6f,0x69,0x6e,0x74,0x53,0x61,0x6d,0x70,0x6c,0x65,0x72,0x20,0x5b,
    0x5b,0x73,0x61,0x6d,0x70,0x6c,0x65,0x72,0x28,0x30,0x29,0x5d,0x5d,0x2c,0x20,0x66,
    0x6c,0x6f,0x61,0x74,0x34,0x20,0x67,0x6c,0x5f,0x46,0x72,0x61,0x67,0x43,0x6f,0x6f,
    0x72,0x64,0x20,0x5b,0x5b,0x70,0x6f,0x73,0x69,0x74,0x69,0x6f,0x6e,0x5d,0x5d,0x29,
    0x0a,0x7b,0x0a,0x20,0x20,0x20,0x20,0x6d,0x61,0x69,0x6e,0x30,0x5f,0x6f,0x75,0x74,
    0x20,0x6f,0x75,0x74,0x20,0x3d,0x20,0x7b,0x7d,0x3b,0x0a,0x20,0x20,0x20,0x20,0x6f,
    0x75,0x74,0x2e,0x66,0x72,0x61,0x67,0x43,0x6f,0x6c,0x6f,0x72,0x20,0x3d,0x20,0x66,
    0x6c,0x6f,0x61,0x74,0x34,0x28,0x73,0x6f,0x75,0x72,0x63,0x65,0x54,0x65,0x78,0x74,
    0x75,0x72,0x65,0x2e,0x72,0x65,0x61,0x64,0x28,0x75,0x69,0x6e,0x74,0x32,0x28,0x63,
    0x6c,0x61,0x6d,0x70,0x28,0x69,0x6e,0x74,0x32,0x28,0x67,0x6c,0x5f,0x46,0x72,0x61,
    0x67,0x43,0x6f,0x6f,0x72,0x64,0x2e,0x78,0x79,0x29,0x2c,0x20,0x69,0x6e,0x74,0x32,
    0x28,0x30,0x29,0x2c,0x20,0x69,0x6e,0x74,0x32,0x28,0x73,0x6f,0x75,0x72,0x63,0x65,
    0x54,0x65,0x78,0x74,0x75,0x72,0x65,0x2e,0x67,0x65,0x74,0x5f,0x77,0x69,0x64,0x74,
    0x68,0x28,0x29,0x2c,0x20,0x73,0x6f,0x75,0x72,0x63,0x65,0x54,0x65,0x78,0x74,0x75,
    0x72,0x65,0x2e,0x67,0x65,0x74,0x5f,0x68,0x65,0x69,0x67,0x68,0x74,0x28,0x29,0x29,
    0x20,0x2d,0x20,0x69,0x6e,0x74,0x32,0x28,0x31,0x29,0x29,0x29,0x2c,0x20,0x30,0x29,
    0x2e,0x78,0x79,0x7a,0x2c,0x20,0x31,0x2e,0x30,0x29,0x3b,0x0a,0x20,0x20,0x20,0x20,
    0x72,0x65,0x74,0x75,0x72,0x6e,0x20,0x6f,0x75,0x74,0x3b,0x0a,0x7d,0x0a,0x0a,0x00,

};
/*
    #include <metal_stdlib>
    #include <simd/simd.h>

    using namespace metal;

    struct modelParams
    {
        float4x4 model;
        float4x4 normalModel;
    };

    struct vertexParams
    {
        float4x4 viewProj;
        float4 cameraRight;
        float4 cameraUp;
    };

    struct main0_out
    {
        float3 worldPosition [[user(locn0)]];
        float3 worldNormal [[user(locn1)]];
        float4 baseColor [[user(locn2)]];
        float4 gl_Position [[position]];
    };

    struct main0_in
    {
        float3 position [[attribute(0)]];
        float3 normal [[attribute(1)]];
        float4 color [[attribute(2)]];
    };

    vertex main0_out main0(main0_in in [[stage_in]], constant vertexParams& _61 [[buffer(0)]], constant modelParams& _13 [[buffer(4)]])
    {
        main0_out out = {};
        float4 _28 = _13.model * float4(in.position, 1.0);
        out.worldPosition = _28.xyz;
        out.worldNormal = float3x3(_13.normalModel[0].xyz, _13.normalModel[1].xyz, _13.normalModel[2].xyz) * in.normal;
        out.baseColor = in.color;
        out.gl_Position = _61.viewProj * _28;
        return out;
    }

*/
static const uint8_t litVs_source_metal_sim[1002] = {
    0x23,0x69,0x6e,0x63,0x6c,0x75,0x64,0x65,0x20,0x3c,0x6d,0x65,0x74,0x61,0x6c,0x5f,
    0x73,0x74,0x64,0x6c,0x69,0x62,0x3e,0x0a,0x23,0x69,0x6e,0x63,0x6c,0x75,0x64,0x65,
    0x20,0x3c,0x73,0x69,0x6d,0x64,0x2f,0x73,0x69,0x6d,0x64,0x2e,0x68,0x3e,0x0a,0x0a,
    0x75,0x73,0x69,0x6e,0x67,0x20,0x6e,0x61,0x6d,0x65,0x73,0x70,0x61,0x63,0x65,0x20,
    0x6d,0x65,0x74,0x61,0x6c,0x3b,0x0a,0x0a,0x73,0x74,0x72,0x75,0x63,0x74,0x20,0x6d,
    0x6f,0x64,0x65,0x6c,0x50,0x61,0x72,0x61,0x6d,0x73,0x0a,0x7b,0x0a,0x20,0x20,0x20,
    0x20,0x66,0x6c,0x6f,0x61,0x74,0x34,0x78,0x34,0x20,0x6d,0x6f,0x64,0x65,0x6c,0x3b,
    0x0a,0x20,0x20,0x20,0x20,0x66,0x6c,0x6f,0x61,0x74,0x34,0x78,0x34,0x20,0x6e,0x6f,
    0x72,0x6d,0x61,0x6c,0x4d,0x6f,0x64,0x65,0x6c,0x3b,0x0a,0x7d,0x3b,0x0a,0x0a,0x73,
    0x74,0x72,0x75,0x63,0x74,0x20,0x76,0x65,0x72,0x74,0x65,0x78,0x50,0x61,0x72,0x61,
    0x6d,0x73,0x0a,0x7b,0x0a,0x20,0x20,0x20,0x20,0x66,0x6c,0x6f,0x61,0x74,0x34,0x78,
    0x34,0x20,0x76,0x69,0x65,0x77,0x50,0x72,0x6f,0x6a,0x3b,0x0a,0x20,0x20,0x20,0x20,
    0x66,0x6c,0x6f,0x61,0x74,0x34,0x20,0x63,0x61,0x6d,0x65,0x72,0x61,0x52,0x69,0x67,
    0x68,0x74,0x3b,0x0a,0x20,0x20,0x20,0x20,0x66,0x6c,0x6f,0x61,0x74,0x34,0x20,0x63,
    0x61,0x6d,0x65,0x72,0x61,0x55,0x70,0x3b,0x0a,0x7d,0x3b,0x0a,0x0a,0x73,0x74,0x72,
    0x75,0x63,0x74,0x20,0x6d,0x61,0x69,0x6e,0x30,0x5f,0x6f,0x75,0x74,0x0a,0x7b,0x0a,
    0x20,0x20,0x20,0x20,0x66,0x6c,0x6f,0x61,0x74,0x33,0x20,0x77,0x6f,0x72,0x6c,0x64,
    0x50,0x6f,0x73,0x69,0x74,0x69,0x6f,0x6e,0x20,0x5b,0x5b,0x75,0x73,0x65,0x72,0x28,
    0x6c,0x6f,0x63,0x6e,0x30,0x29,0x5d,0x5d,0x3b,0x0a,0x20,0x20,0x20,0x20,0x66,0x6c,
    0x6f,0x61,0x74,0x33,0x20,0x77,0x6f,0x72,0x6c,0x64,0x4e,0x6f,0x72,0x6d,0x61,0x6c,
    0x20,0x5b,0x5b,0x75,0x73,0x65,0x72,0x28,0x6c,0x6f,0x63,0x6e,0x31,0x29,0x5d,0x5d,
    0x3b,0x0a,0x20,0x20,0x20,0x20,0x66,0x6c,0x6f,0x61,0x74,0x34,0x20,0x62,0x61,0x73,
    0x65,0x43,0x6f,0x6c,0x6f,0x72,0x20,0x5b,0x5b,0x75,0x73,0x65,0x72,0x28,0x6c,0x6f,
    0x63,0x6e,0x32,0x29,0x5d,0x5d,0x3b,0x0a,0x20,0x20,0x20,0x20,0x66,0x6c,0x6f,0x61,
    0x74,0x34,0x20,0x67,0x6c,0x5f,0x50,0x6f,0x73,0x69,0x74,0x69,0x6f,0x6e,0x20,0x5b,
    0x5b,0x70,0x6f,0x73,0x69,0x74,0x69,0x6f,0x6e,0x5d,0x5d,0x3b,0x0a,0x7d,0x3b,0x0a,
    0x0a,0x73,0x74,0x72,0x75,0x63,0x74,0x20,0x6d,0x61,0x69,0x6e,0x30,0x5f,0x69,0x6e,
    0x0a,0x7b,0x0a,0x20,0x20,0x20,0x20,0x66,0x6c,0x6f,0x61,0x74,0x33,0x20,0x70,0x6f,
    0x73,0x69,0x74,0x69,0x6f,0x6e,0x20,0x5b,0x5b,0x61,0x74,0x74,0x72,0x69,0x62,0x75,
    0x74,0x65,0x28,0x30,0x29,0x5d,0x5d,0x3b,0x0a,0x20,0x20,0x20,0x20,0x66,0x6c,0x6f,
    0x61,0x74,0x33,0x20,0x6e,0x6f,0x72,0x6d,0x61,0x6c,0x20,0x5b,0x5b,0x61,0x74,0x74,
    0x72,0x69,0x62,0x75,0x74,0x65,0x28,0x31,0x29,0x5d,0x5d,0x3b,0x0a,0x20,0x20,0x20,
    0x20,0x66,0x6c,0x6f,0x61,0x74,0x34,0x20,0x63,0x6f,0x6c,0x6f,0x72,0x20,0x5b,0x5b,
    0x61,0x74,0x74,0x72,0x69,0x62,0x75,0x74,0x65,0x28,0x32,0x29,0x5d,0x5d,0x3b,0x0a,
    0x7d,0x3b,0x0a,0x0a,0x76,0x65,0x72,0x74,0x65,0x78,0x20,0x6d,0x61,0x69,0x6e,0x30,
    0x5f,0x6f,0x75,0x74,0x20,0x6d,0x61,0x69,0x6e,0x30,0x28,0x6d,0x61,0x69,0x6e,0x30,
    0x5f,0x69,0x6e,0x20,0x69,0x6e,0x20,0x5b,0x5b,0x73,0x74,0x61,0x67,0x65,0x5f,0x69,
    0x6e,0x5d,0x5d,0x2c,0x20,0x63,0x6f,0x6e,0x73,0x74,0x61,0x6e,0x74,0x20,0x76,0x65,
    0x72,0x74,0x65,0x78,0x50,0x61,0x72,0x61,0x6d,0x73,0x26,0x20,0x5f,0x36,0x31,0x20,
    0x5b,0x5b,0x62,0x75,0x66,0x66,0x65,0x72,0x28,0x30,0x29,0x5d,0x5d,0x2c,0x20,0x63,
    0x6f,0x6e,0x73,0x74,0x61,0x6e,0x74,0x20,0x6d,0x6f,0x64,0x65,0x6c,0x50,0x61,0x72,
    0x61,0x6d,0x73,0x26,0x20,0x5f,0x31,0x33,0x20,0x5b,0x5b,0x62,0x75,0x66,0x66,0x65,
    0x72,0x28,0x34,0x29,0x5d,0x5d,0x29,0x0a,0x7b,0x0a,0x20,0x20,0x20,0x20,0x6d,0x61,
    0x69,0x6e,0x30,0x5f,0x6f,0x75,0x74,0x20,0x6f,0x75,0x74,0x20,0x3d,0x20,0x7b,0x7d,
    0x3b,0x0a,0x20,0x20,0x20,0x20,0x66,0x6c,0x6f,0x61,0x74,0x34,0x20,0x5f,0x32,0x38,
    0x20,0x3d,0x20,0x5f,0x31,0x33,0x2e,0x6d,0x6f,0x64,0x65,0x6c,0x20,0x2a,0x20,0x66,
    0x6c,0x6f,0x61,0x74,0x34,0x28,0x69,0x6e,0x2e,0x70,0x6f,0x73,0x69,0x74,0x69,0x6f,
    0x6e,0x2c,0x20,0x31,0x2e,0x30,0x29,0x3b,0x0a,0x20,0x20,0x20,0x20,0x6f,0x75,0x74,
    0x2e,0x77,0x6f,0x72,0x6c,0x64,0x50,0x6f,0x73,0x69,0x74,0x69,0x6f,0x6e,0x20,0x3d,
    0x20,0x5f,0x32,0x38,0x2e,0x78,0x79,0x7a,0x3b,0x0a,0x20,0x20,0x20,0x20,0x6f,0x75,
    0x74,0x2e,0x77,0x6f,0x72,0x6c,0x64,0x4e,0x6f,0x72,0x6d,0x61,0x6c,0x20,0x3d,0x20,
    0x66,0x6c,0x6f,0x61,0x74,0x33,0x78,0x33,0x28,0x5f,0x31,0x33,0x2e,0x6e,0x6f,0x72,
    0x6d,0x61,0x6c,0x4d,0x6f,0x64,0x65,0x6c,0x5b,0x30,0x5d,0x2e,0x78,0x79,0x7a,0x2c,
    0x20,0x5f,0x31,0x33,0x2e,0x6e,0x6f,0x72,0x6d,0x61,0x6c,0x4d,0x6f,0x64,0x65,0x6c,
    0x5b,0x31,0x5d,0x2e,0x78,0x79,0x7a,0x2c,0x20,0x5f,0x31,0x33,0x2e,0x6e,0x6f,0x72,
    0x6d,0x61,0x6c,0x4d,0x6f,0x64,0x65,0x6c,0x5b,0x32,0x5d,0x2e,0x78,0x79,0x7a,0x29,
    0x20,0x2a,0x20,0x69,0x6e,0x2e,0x6e,0x6f,0x72,0x6d,0x61,0x6c,0x3b,0x0a,0x20,0x20,
    0x20,0x20,0x6f,0x75,0x74,0x2e,0x62,0x61,0x73,0x65,0x43,0x6f,0x6c,0x6f,0x72,0x20,
    0x3d,0x20,0x69,0x6e,0x2e,0x63,0x6f,0x6c,0x6f,0x72,0x3b,0x0a,0x20,0x20,0x20,0x20,
    0x6f,0x75,0x74,0x2e,0x67,0x6c,0x5f,0x50,0x6f,0x73,0x69,0x74,0x69,0x6f,0x6e,0x20,
    0x3d,0x20,0x5f,0x36,0x31,0x2e,0x76,0x69,0x65,0x77,0x50,0x72,0x6f,0x6a,0x20,0x2a,
    0x20,0x5f,0x32,0x38,0x3b,0x0a,0x20,0x20,0x20,0x20,0x72,0x65,0x74,0x75,0x72,0x6e,
    0x20,0x6f,0x75,0x74,0x3b,0x0a,0x7d,0x0a,0x0a,0x00,
};
/*
    #pragma clang diagnostic ignored "-Wmissing-prototypes"

    #include <metal_stdlib>
    #include <simd/simd.h>

    using namespace metal;

    struct lightParams
    {
        float4 ambient;
        float4 dirLight;
        float4 dirColor;
        float4 pointLight[4];
        float4 pointColor[4];
    };

    struct materialParams
    {
        float4 material;
    };

    struct main0_out
    {
        float4 fragColor [[color(0)]];
    };

    struct main0_in
    {
        float3 worldPosition [[user(locn0)]];
        float3 worldNormal [[user(locn1)]];
        float4 baseColor [[user(locn2)]];
    };

    static inline __attribute__((always_inline))
    float3 pointLightAt(thread const int& i, thread const float3& position, thread const float3& normal, constant lightParams& _31)
    {
        float3 _39 = _31.pointLight[i].xyz - position;
        float _42 = length(_39);
        float _55 = fast::clamp(1.0 - (_42 / _31.pointColor[i].w), 0.0, 1.0);
        return _31.pointColor[i].xyz * (((_55 * _55) * fast::max(dot(normal, _39 / float3(fast::max(_42, 9.9999997473787516355514526367188e-05))), 0.0)) * _31.pointLight[i].w);
    }

    static inline __attribute__((always_inline))
    float3 saturated(thread const float3& rgb, thread const float& amount)
    {
        if (amount == 0.0)
        {
            return rgb;
        }
        return (rgb * (amount + 1.0)) + float3(dot(rgb, float3(0.21267099678516387939453125, 0.71516001224517822265625, 0.072168998420238494873046875)) * (-amount));
    }

    fragment main0_out main0(main0_in in [[stage_in]], constant lightParams& _31 [[buffer(1)]], constant materialParams& _169 [[buffer(3)]])
    {
        main0_out out = {};
        float3 _114 = fast::normalize(in.worldNormal);
        float3 light = _31.ambient.xyz + (_31.dirColor.xyz * (fast::max(dot(_114, _31.dirLight.xyz), 0.0) * _31.dirLight.w));
        for (int i = 0; i < int(_31.ambient.w + 0.5); i++)
        {
            int param = i;
            float3 param_1 = in.worldPosition;
            float3 param_2 = _114;
            light += pointLightAt(param, param_1, param_2, _31);
        }
        float3 param_3 = in.baseColor.xyz;
        float param_4 = _169.material.y;
        out.fragColor = float4(saturated(param_3, param_4) * light, in.baseColor.w);
        return out;
    }

*/
static const uint8_t litFs_source_metal_sim[2098] = {
    0x23,0x70,0x72,0x61,0x67,0x6d,0x61,0x20,0x63,0x6c,0x61,0x6e,0x67,0x20,0x64,0x69,
    0x61,0x67,0x6e,0x6f,0x73,0x74,0x69,0x63,0x20,0x69,0x67,0x6e,0x6f,0x72,0x65,0x64,
    0x20,0x22,0x2d,0x57,0x6d,0x69,0x73,0x73,0x69,0x6e,0x67,0x2d,0x70,0x72,0x6f,0x74,
    0x6f,0x74,0x79,0x70,0x65,0x73,0x22,0x0a,0x0a,0x23,0x69,0x6e,0x63,0x6c,0x75,0x64,
    0x65,0x20,0x3c,0x6d,0x65,0x74,0x61,0x6c,0x5f,0x73,0x74,0x64,0x6c,0x69,0x62,0x3e,
    0x0a,0x23,0x69,0x6e,0x63,0x6c,0x75,0x64,0x65,0x20,0x3c,0x73,0x69,0x6d,0x64,0x2f,
    0x73,0x69,0x6d,0x64,0x2e,0x68,0x3e,0x0a,0x0a,0x75,0x73,0x69,0x6e,0x67,0x20,0x6e,
    0x61,0x6d,0x65,0x73,0x70,0x61,0x63,0x65,0x20,0x6d,0x65,0x74,0x61,0x6c,0x3b,0x0a,
    0x0a,0x73,0x74,0x72,0x75,0x63,0x74,0x20,0x6c,0x69,0x67,0x68,0x74,0x50,0x61,0x72,
    0x61,0x6d,0x73,0x0a,0x7b,0x0a,0x20,0x20,0x20,0x20,0x66,0x6c,0x6f,0x61,0x74,0x34,
    0x20,0x61,0x6d,0x62,0x69,0x65,0x6e,0x74,0x3b,0x0a,0x20,0x20,0x20,0x20,0x66,0x6c,
    0x6f,0x61,0x74,0x34,0x20,0x64,0x69,0x72,0x4c,0x69,0x67,0x68,0x74,0x3b,0x0a,0x20,
    0x20,0x20,0x20,0x66,0x6c,0x6f,0x61,0x74,0x34,0x20,0x64,0x69,0x72,0x43,0x6f,0x6c,
    0x6f,0x72,0x3b,0x0a,0x20,0x20,0x20,0x20,0x66,0x6c,0x6f,0x61,0x74,0x34,0x20,0x70,
    0x6f,0x69,0x6e,0x74,0x4c,0x69,0x67,0x68,0x74,0x5b,0x34,0x5d,0x3b,0x0a,0x20,0x20,
    0x20,0x20,0x66,0x6c,0x6f,0x61,0x74,0x34,0x20,0x70,0x6f,0x69,0x6e,0x74,0x43,0x6f,
    0x6c,0x6f,0x72,0x5b,0x34,0x5d,0x3b,0x0a,0x7d,0x3b,0x0a,0x0a,0x73,0x74,0x72,0x75,
    0x63,0x74,0x20,0x6d,0x61,0x74,0x65,0x72,0x69,0x61,0x6c,0x50,0x61,0x72,0x61,0x6d,
    0x73,0x0a,0x7b,0x0a,0x20,0x20,0x20,0x20,0x66,0x6c,0x6f,0x61,0x74,0x34,0x20,0x6d,
    0x61,0x74,0x65,0x72,0x69,0x61,0x6c,0x3b,0x0a,0x7d,0x3b,0x0a,0x0a,0x73,0x74,0x72,
    0x75,0x63,0x74,0x20,0x6d,0x61,0x69,0x6e,0x30,0x5f,0x6f,0x75,0x74,0x0a,0x7b,0x0a,
    0x20,0x20,0x20,0x20,0x66,0x6c,0x6f,0x61,0x74,0x34,0x20,0x66,0x72,0x61,0x67,0x43,
    0x6f,0x6c,0x6f,0x72,0x20,0x5b,0x5b,0x63,0x6f,0x6c,0x6f,0x72,0x28,0x30,0x29,0x5d,
    0x5d,0x3b,0x0a,0x7d,0x3b,0x0a,0x0a,0x73,0x74,0x72,0x75,0x63,0x74,0x20,0x6d,0x61,
    0x69,0x6e,0x30,0x5f,0x69,0x6e,0x0a,0x7b,0x0a,0x20,0x20,0x20,0x20,0x66,0x6c,0x6f,
    0x61,0x74,0x33,0x20,0x77,0x6f,0x72,0x6c,0x64,0x50,0x6f,0x73,0x69,0x74,0x69,0x6f,
    0x6e,0x20,0x5b,0x5b,0x75,0x73,0x65,0x72,0x28,0x6c,0x6f,0x63,0x6e,0x30,0x29,0x5d,
    0x5d,0x3b,0x0a,0x20,0x20,0x20,0x20,0x66,0x6c,0x6f,0x61,0x74,0x33,0x20,0x77,0x6f,
    0x72,0x6c,0x64,0x4e,0x6f,0x72,0x6d,0x61,0x6c,0x20,0x5b,0x5b,0x75,0x73,0x65,0x72,
    0x28,0x6c,0x6f,0x63,0x6e,0x31,0x29,0x5d,0x5d,0x3b,0x0a,0x20,0x20,0x20,0x20,0x66,
    0x6c,0x6f,0x61,0x74,0x34,0x20,0x62,0x61,0x73,0x65,0x43,0x6f,0x6c,0x6f,0x72,0x20,
    0x5b,0x5b,0x75,0x73,0x65,0x72,0x28,0x6c,0x6f,0x63,0x6e,0x32,0x29,0x5d,0x5d,0x3b,
    0x0a,0x7d,0x3b,0x0a,0x0a,0x73,0x74,0x61,0x74,0x69,0x63,0x20,0x69,0x6e,0x6c,0x69,
    0x6e,0x65,0x20,0x5f,0x5f,0x61,0x74,0x74,0x72,0x69,0x62,0x75,0x74,0x65,0x5f,0x5f,
    0x28,0x28,0x61,0x6c,0x77,0x61,0x79,0x73,0x5f,0x69,0x6e,0x6c,0x69,0x6e,0x65,0x29,
    0x29,0x0a,0x66,0x6c,0x6f,0x61,0x74,0x33,0x20,0x70,0x6f,0x69,0x6e,0x74,0x4c,0x69,
    0x67,0x68,0x74,0x41,0x74,0x28,0x74,0x68,0x72,0x65,0x61,0x64,0x20,0x63,0x6f,0x6e,
    0x73,0x74,0x20,0x69,0x6e,0x74,0x26,0x20,0x69,0x2c,0x20,0x74,0x68,0x72,0x65,0x61,
    0x64,0x20,0x63,0x6f,0x6e,0x73,0x74,0x20,0x66,0x6c,0x6f,0x61,0x74,0x33,0x26,0x20,
    0x70,0x6f,0x73,0x69,0x74,0x69,0x6f,0x6e,0x2c,0x20,0x74,0x68,0x72,0x65,0x61,0x64,
    0x20,0x63,0x6f,0x6e,0x73,0x74,0x20,0x66,0x6c,0x6f,0x61,0x74,0x33,0x26,0x20,0x6e,
    0x6f,0x72,0x6d,0x61,0x6c,0x2c,0x20,0x63,0x6f,0x6e,0x73,0x74,0x61,0x6e,0x74,0x20,
    0x6c,0x69,0x67,0x68,0x74,0x50,0x61,0x72,0x61,0x6d,0x73,0x26,0x20,0x5f,0x33,0x31,
    0x29,0x0a,0x7b,0x0a,0x20,0x20,0x20,0x20,0x66,0x6c,0x6f,0x61,0x74,0x33,0x20,0x5f,
    0x33,0x39,0x20,0x3d,0x20,0x5f,0x33,0x31,0x2e,0x70,0x6f,0x69,0x6e,0x74,0x4c,0x69,
    0x67,0x68,0x74,0x5b,0x69,0x5d,0x2e,0x78,0x79,0x7a,0x20,0x2d,0x20,0x70,0x6f,0x73,
    0x69,0x74,0x69,0x6f,0x6e,0x3b,0x0a,0x20,0x20,0x20,0x20,0x66,0x6c,0x6f,0x61,0x74,
    0x20,0x5f,0x34,0x32,0x20,0x3d,0x20,0x6c,0x65,0x6e,0x67,0x74,0x68,0x28,0x5f,0x33,
    0x39,0x29,0x3b,0x0a,0x20,0x20,0x20,0x20,0x66,0x6c,0x6f,0x61,0x74,0x20,0x5f,0x35,
    0x35,0x20,0x3d,0x20,0x66,0x61,0x73,0x74,0x3a,0x3a,0x63,0x6c,0x61,0x6d,0x70,0x28,
    0x31,0x2e,0x30,0x20,0x2d,0x20,0x28,0x5f,0x34,0x32,0x20,0x2f,0x20,0x5f,0x33,0x31,
    0x2e,0x70,0x6f,0x69,0x6e,0x74,0x43,0x6f,0x6c,0x6f,0x72,0x5b,0x69,0x5d,0x2e,0x77,
    0x29,0x2c,0x20,0x30,0x2e,0x30,0x2c,0x20,0x31,0x2e,0x30,0x29,0x3b,0x0a,0x20,0x20,
    0x20,0x20,0x72,0x65,0x74,0x75,0x72,0x6e,0x20,0x5f,0x33,0x31,0x2e,0x70,0x6f,0x69,
    0x6e,0x74,0x43,0x6f,0x6c,0x6f,0x72,0x5b,0x69,0x5d,0x2e,0x78,0x79,0x7a,0x20,0x2a,
    0x20,0x28,0x28,0x28,0x5f,0x35,0x35,0x20,0x2a,0x20,0x5f,0x35,0x35,0x29,0x20,0x2a,
    0x20,0x66,0x61,0x73,0x74,0x3a,0x3a,0x6d,0x61,0x78,0x28,0x64,0x6f,0x74,0x28,0x6e,
    0x6f,0x72,0x6d,0x61,0x6c,0x2c,0x20,0x5f,0x33,0x39,0x20,0x2f,0x20,0x66,0x6c,0x6f,
    0x61,0x74,0x33,0x28,0x66,0x61,0x73,0x74,0x3a,0x3a,0x6d,0x61,0x78,0x28,0x5f,0x34,
    0x32,0x2c,0x20,0x39,0x2e,0x39,0x39,0x39,0x39,0x39,0x39,0x37,0x34,0x37,0x33,0x37,
    0x38,0x37,0x35,0x31,0x36,0x33,0x35,0x35,0x35,0x31,0x34,0x35,0x32,0x36,0x33,0x36,
    0x37,0x31,0x38,0x38,0x65,0x2d,0x30,0x35,0x29,0x29,0x29,0x2c,0x20,0x30,0x2e,0x30,
    0x29,0x29,0x20,0x2a,0x20,0x5f,0x33,0x31,0x2e,0x70,0x6f,0x69,0x6e,0x74,0x4c,0x69,
    0x67,0x68,0x74,0x5b,0x69,0x5d,0x2e,0x77,0x29,0x3b,0x0a,0x7d,0x0a,0x0a,0x73,0x74,
    0x61,0x74,0x69,0x63,0x20,0x69,0x6e,0x6c,0x69,0x6e,0x65,0x20,0x5f,0x5f,0x61,0x74,
    0x74,0x72,0x69,0x62,0x75,0x74,0x65,0x5f,0x5f,0x28,0x28,0x61,0x6c,0x77,0x61,0x79,
    0x73,0x5f,0x69,0x6e,0x6c,0x69,0x6e,0x65,0x29,0x29,0x0a,0x66,0x6c,0x6f,0x61,0x74,
    0x33,0x20,0x73,0x61,0x74,0x75,0x72,0x61,0x74,0x65,0x64,0x28,0x74,0x68,0x72,0x65,
    0x61,0x64,0x20,0x63,0x6f,0x6e,0x73,0x74,0x20,0x66,0x6c,0x6f,0x61,0x74,0x33,0x26,
    0x20,0x72,0x67,0x62,0x2c,0x20,0x74,0x68,0x72,0x65,0x61,0x64,0x20,0x63,0x6f,0x6e,
    0x73,0x74,0x20,0x66,0x6c,0x6f,0x61,0x74,0x26,0x20,0x61,0x6d,0x6f,0x75,0x6e,0x74,
    0x29,0x0a,0x7b,0x0a,0x20,0x20,0x20,0x20,0x69,0x66,0x20,0x28,0x61,0x6d,0x6f,0x75,
    0x6e,0x74,0x20,0x3d,0x3d,0x20,0x30,0x2e,0x30,0x29,0x0a,0x20,0x20,0x20,0x20,0x7b,
    0x0a,0x20,0x20,0x20,0x20,0x20,0x20,0x20,0x20,0x72,0x65,0x74,0x75,0x72,0x6e,0x20,
    0x72,0x67,0x62,0x3b,0x0a,0x20,0x20,0x20,0x20,0x7d,0x0a,0x20,0x20,0x20,0x20,0x72,
    0x65,0x74,0x75,0x72,0x6e,0x20,0x28,0x72,0x67,0x62,0x20,0x2a,0x20,0x28,0x61,0x6d,
    0x6f,0x75,0x6e,0x74,0x20,0x2b,0x20,0x31,0x2e,0x30,0x29,0x29,0x20,0x2b,0x20,0x66,
    0x6c,0x6f,0x61,0x74,0x33,0x28,0x64,0x6f,0x74,0x28,0x72,0x67,0x62,0x2c,0x20,0x66,
    0x6c,0x6f,0x61,0x74,0x33,0x28,0x30,0x2e,0x32,0x31,0x32,0x36,0x37,0x30,0x39,0x39,
    0x36,0x37,0x38,0x35,0x31,0x36,0x33,0x38,0x37,0x39,0x33,0x39,0x34,0x35,0x33,0x31,
    0x32,0x35,0x2c,0x20,0x30,0x2e,0x37,0x31,0x35,0x31,0x36,0x30,0x30,0x31,0x32,0x32,
    0x34,0x35,0x31,0x37,0x38,0x32,0x32,0x32,0x36,0x35,0x36,0x32,0x35,0x2c,0x20,0x30,
    0x2e,0x30,0x37,0x32,0x31,0x36,0x38,0x39,0x39,0x38,0x34,0x32,0x30,0x32,0x33,0x38,
    0x34,0x39,0x34,0x38,0x37,0x33,0x30,0x34,0x36,0x38,0x37,0x35,0x29,0x29,0x20,0x2a,
    0x20,0x28,0x2d,0x61,0x6d,0x6f,0x75,0x6e,0x74,0x29,0x29,0x3b,0x0a,0x7d,0x0a,0x0a,
    0x66,0x72,0x61,0x67,0x6d,0x65,0x6e,0x74,0x20,0x6d,0x61,0x69,0x6e,0x30,0x5f,0x6f,
    0x75,0x74,0x20,0x6d,0x61,0x69,0x6e,0x30,0x28,0x6d,0x61,0x69,0x6e,0x30,0x5f,0x69,
    0x6e,0x20,0x69,0x6e,0x20,0x5b,0x5b,0x73,0x74,0x61,0x67,0x65,0x5f,0x69,0x6e,0x5d,
    0x5d,0x2c,0x20,0x63,0x6f,0x6e,0x73,0x74,0x61,0x6e,0x74,0x20,0x6c,0x69,0x67,0x68,
    0x74,0x50,0x61,0x72,0x61,0x6d,0x73,0x26,0x20,0x5f,0x33,0x31,0x20,0x5b,0x5b,0x62,
    0x75,0x66,0x66,0x65,0x72,0x28,0x31,0x29,0x5d,0x5d,0x2c,0x20,0x63,0x6f,0x6e,0x73,
    0x74,0x61,0x6e,0x74,0x20,0x6d,0x61,0x74,0x65,0x72,0x69,0x61,0x6c,0x50,0x61,0x72,
    0x61,0x6d,0x73,0x26,0x20,0x5f,0x31,0x36,0x39,0x20,0x5b,0x5b,0x62,0x75,0x66,0x66,
    0x65,0x72,0x28,0x33,0x29,0x5d,0x5d,0x29,0x0a,0x7b,0x0a,0x20,0x20,0x20,0x20,0x6d,
    0x61,0x69,0x6e,0x30,0x5f,0x6f,0x75,0x74,0x20,0x6f,0x75,0x74,0x20,0x3d,0x20,0x7b,
    0x7d,0x3b,0x0a,0x20,0x20,0x20,0x20,0x66,0x6c,0x6f,0x61,0x74,0x33,0x20,0x5f,0x31,
    0x31,0x34,0x20,0x3d,0x20,0x66,0x61,0x73,0x74,0x3a,0x3a,0x6e,0x6f,0x72,0x6d,0x61,
    0x6c,0x69,0x7a,0x65,0x28,0x69,0x6e,0x2e,0x77,0x6f,0x72,0x6c,0x64,0x4e,0x6f,0x72,
    0x6d,0x61,0x6c,0x29,0x3b,0x0a,0x20,0x20,0x20,0x20,0x66,0x6c,0x6f,0x61,0x74,0x33,
    0x20,0x6c,0x69,0x67,0x68,0x74,0x20,0x3d,0x20,0x5f,0x33,0x31,0x2e,0x61,0x6d,0x62,
    0x69,0x65,0x6e,0x74,0x2e,0x78,0x79,0x7a,0x20,0x2b,0x20,0x28,0x5f,0x33,0x31,0x2e,
    0x64,0x69,0x72,0x43,0x6f,0x6c,0x6f,0x72,0x2e,0x78,0x79,0x7a,0x20,0x2a,0x20,0x28,
    0x66,0x61,0x73,0x74,0x3a,0x3a,0x6d,0x61,0x78,0x28,0x64,0x6f,0x74,0x28,0x5f,0x31,
    0x31,0x34,0x2c,0x20,0x5f,0x33,0x31,0x2e,0x64,0x69,0x72,0x4c,0x69,0x67,0x68,0x74,
    0x2e,0x78,0x79,0x7a,0x29,0x2c,0x20,0x30,0x2e,0x30,0x29,0x20,0x2a,0x20,0x5f,0x33,
    0x31,0x2e,0x64,0x69,0x72,0x4c,0x69,0x67,0x68,0x74,0x2e,0x77,0x29,0x29,0x3b,0x0a,
    0x20,0x20,0x20,0x20,0x66,0x6f,0x72,0x20,0x28,0x69,0x6e,0x74,0x20,0x69,0x20,0x3d,
    0x20,0x30,0x3b,0x20,0x69,0x20,0x3c,0x20,0x69,0x6e,0x74,0x28,0x5f,0x33,0x31,0x2e,
    0x61,0x6d,0x62,0x69,0x65,0x6e,0x74,0x2e,0x77,0x20,0x2b,0x20,0x30,0x2e,0x35,0x29,
    0x3b,0x20,0x69,0x2b,0x2b,0x29,0x0a,0x20,0x20,0x20,0x20,0x7b,0x0a,0x20,0x20,0x20,
    0x20,0x20,0x20,0x20,0x20,0x69,0x6e,0x74,0x20,0x70,0x61,0x72,0x61,0x6d,0x20,0x3d,
    0x20,0x69,0x3b,0x0a,0x20,0x20,0x20,0x20,0x20,0x20,0x20,0x20,0x66,0x6c,0x6f,0x61,
    0x74,0x33,0x20,0x70,0x61,0x72,0x61,0x6d,0x5f,0x31,0x20,0x3d,0x20,0x69,0x6e,0x2e,
    0x77,0x6f,0x72,0x6c,0x64,0x50,0x6f,0x73,0x69,0x74,0x69,0x6f,0x6e,0x3b,0x0a,0x20,
    0x20,0x20,0x20,0x20,0x20,0x20,0x20,0x66,0x6c,0x6f,0x61,0x74,0x33,0x20,0x70,0x61,
    0x72,0x61,0x6d,0x5f,0x32,0x20,0x3d,0x20,0x5f,0x31,0x31,0x34,0x3b,0x0a,0x20,0x20,
    0x20,0x20,0x20,0x20,0x20,0x20,0x6c,0x69,0x67,0x68,0x74,0x20,0x2b,0x3d,0x20,0x70,
    0x6f,0x69,0x6e,0x74,0x4c,0x69,0x67,0x68,0x74,0x41,0x74,0x28,0x70,0x61,0x72,0x61,
    0x6d,0x2c,0x20,0x70,0x61,0x72,0x61,0x6d,0x5f,0x31,0x2c,0x20,0x70,0x61,0x72,0x61,
    0x6d,0x5f,0x32,0x2c,0x20,0x5f,0x33,0x31,0x29,0x3b,0x0a,0x20,0x20,0x20,0x20,0x7d,
    0x0a,0x20,0x20,0x20,0x20,0x66,0x6c,0x6f,0x61,0x74,0x33,0x20,0x70,0x61,0x72,0x61,
    0x6d,0x5f,0x33,0x20,0x3d,0x20,0x69,0x6e,0x2e,0x62,0x61,0x73,0x65,0x43,0x6f,0x6c,
    0x6f,0x72,0x2e,0x78,0x79,0x7a,0x3b,0x0a,0x20,0x20,0x20,0x20,0x66,0x6c,0x6f,0x61,
    0x74,0x20,0x70,0x61,0x72,0x61,0x6d,0x5f,0x34,0x20,0x3d,0x20,0x5f,0x31,0x36,0x39,
    0x2e,0x6d,0x61,0x74,0x65,0x72,0x69,0x61,0x6c,0x2e,0x79,0x3b,0x0a,0x20,0x20,0x20,
    0x20,0x6f,0x75,0x74,0x2e,0x66,0x72,0x61,0x67,0x43,0x6f,0x6c,0x6f,0x72,0x20,0x3d,
    0x20,0x66,0x6c,0x6f,0x61,0x74,0x34,0x28,0x73,0x61,0x74,0x75,0x72,0x61,0x74,0x65,
    0x64,0x28,0x70,0x61,0x72,0x61,0x6d,0x5f,0x33,0x2c,0x20,0x70,0x61,0x72,0x61,0x6d,
    0x5f,0x34,0x29,0x20,0x2a,0x20,0x6c,0x69,0x67,0x68,0x74,0x2c,0x20,0x69,0x6e,0x2e,
    0x62,0x61,0x73,0x65,0x43,0x6f,0x6c,0x6f,0x72,0x2e,0x77,0x29,0x3b,0x0a,0x20,0x20,
    0x20,0x20,0x72,0x65,0x74,0x75,0x72,0x6e,0x20,0x6f,0x75,0x74,0x3b,0x0a,0x7d,0x0a,
    0x0a,0x00,
};
/*
    #include <metal_stdlib>
    #include <simd/simd.h>

    using namespace metal;

    struct vertexParams
    {
        float4x4 viewProj;
        float4 cameraRight;
        float4 cameraUp;
    };

    struct main0_out
    {
        float4 particleColor [[user(locn0)]];
        float4 gl_Position [[position]];
    };

    struct main0_in
    {
        float2 corner [[attribute(0)]];
        float4 root [[attribute(1)]];
        float4 color [[attribute(2)]];
    };

    vertex main0_out main0(main0_in in [[stage_in]], constant vertexParams& _18 [[buffer(0)]])
    {
        main0_out out = {};
        out.gl_Position = _18.viewProj * float4((in.root.xyz + (_18.cameraRight.xyz * (in.corner.x * in.root.w))) + (_18.cameraUp.xyz * (in.corner.y * in.root.w)), 1.0);
        out.particleColor = in.color;
        return out;
    }

*/
static const uint8_t particleVs_source_metal_sim[732] = {
    0x23,0x69,0x6e,0x63,0x6c,0x75,0x64,0x65,0x20,0x3c,0x6d,0x65,0x74,0x61,0x6c,0x5f,
    0x73,0x74,0x64,0x6c,0x69,0x62,0x3e,0x0a,0x23,0x69,0x6e,0x63,0x6c,0x75,0x64,0x65,
    0x20,0x3c,0x73,0x69,0x6d,0x64,0x2f,0x73,0x69,0x6d,0x64,0x2e,0x68,0x3e,0x0a,0x0a,
    0x75,0x73,0x69,0x6e,0x67,0x20,0x6e,0x61,0x6d,0x65,0x73,0x70,0x61,0x63,0x65,0x20,
    0x6d,0x65,0x74,0x61,0x6c,0x3b,0x0a,0x0a,0x73,0x74,0x72,0x75,0x63,0x74,0x20,0x76,
    0x65,0x72,0x74,0x65,0x78,0x50,0x61,0x72,0x61,0x6d,0x73,0x0a,0x7b,0x0a,0x20,0x20,
    0x20,0x20,0x66,0x6c,0x6f,0x61,0x74,0x34,0x78,0x34,0x20,0x76,0x69,0x65,0x77,0x50,
    0x72,0x6f,0x6a,0x3b,0x0a,0x20,0x20,0x20,0x20,0x66,0x6c,0x6f,0x61,0x74,0x34,0x20,
    0x63,0x61,0x6d,0x65,0x72,0x61,0x52,0x69,0x67,0x68,0x74,0x3b,0x0a,0x20,0x20,0x20,
    0x20,0x66,0x6c,0x6f,0x61,0x74,0x34,0x20,0x63,0x61,0x6d,0x65,0x72,0x61,0x55,0x70,
    0x3b,0x0a,0x7d,0x3b,0x0a,0x0a,0x73,0x74,0x72,0x75,0x63,0x74,0x20,0x6d,0x61,0x69,
    0x6e,0x30,0x5f,0x6f,0x75,0x74,0x0a,0x7b,0x0a,0x20,0x20,0x20,0x20,0x66,0x6c,0x6f,
    0x61,0x74,0x34,0x20,0x70,0x61,0x72,0x74,0x69,0x63,0x6c,0x65,0x43,0x6f,0x6c,0x6f,
    0x72,0x20,0x5b,0x5b,0x75,0x73,0x65,0x72,0x28,0x6c,0x6f,0x63,0x6e,0x30,0x29,0x5d,
    0x5d,0x3b,0x0a,0x20,0x20,0x20,0x20,0x66,0x6c,0x6f,0x61,0x74,0x34,0x20,0x67,0x6c,
    0x5f,0x50,0x6f,0x73,0x69,0x74,0x69,0x6f,0x6e,0x20,0x5b,0x5b,0x70,0x6f,0x73,0x69,
    0x74,0x69,0x6f,0x6e,0x5d,0x5d,0x3b,0x0a,0x7d,0x3b,0x0a,0x0a,0x73,0x74,0x72,0x75,
    0x63,0x74,0x20,0x6d,0x61,0x69,0x6e,0x30,0x5f,0x69,0x6e,0x0a,0x7b,0x0a,0x20,0x20,
    0x20,0x20,0x66,0x6c,0x6f,0x61,0x74,0x32,0x20,0x63,0x6f,0x72,0x6e,0x65,0x72,0x20,
    0x5b,0x5b,0x61,0x74,0x74,0x72,0x69,0x62,0x75,0x74,0x65,0x28,0x30,0x29,0x5d,0x5d,
    0x3b,0x0a,0x20,0x20,0x20,0x20,0x66,0x6c,0x6f,0x61,0x74,0x34,0x20,0x72,0x6f,0x6f,
    0x74,0x20,0x5b,0x5b,0x61,0x74,0x74,0x72,0x69,0x62,0x75,0x74,0x65,0x28,0x31,0x29,
    0x5d,0x5d,0x3b,0x0a,0x20,0x20,0x20,0x20,0x66,0x6c,0x6f,0x61,0x74,0x34,0x20,0x63,
    0x6f,0x6c,0x6f,0x72,0x20,0x5b,0x5b,0x61,0x74,0x74,0x72,0x69,0x62,0x75,0x74,0x65,
    0x28,0x32,0x29,0x5d,0x5d,0x3b,0x0a,0x7d,0x3b,0x0a,0x0a,0x76,0x65,0x72,0x74,0x65,
    0x78,0x20,0x6d,0x61,0x69,0x6e,0x30,0x5f,0x6f,0x75,0x74,0x20,0x6d,0x61,0x69,0x6e,
    0x30,0x28,0x6d,0x61,0x69,0x6e,0x30,0x5f,0x69,0x6e,0x20,0x69,0x6e,0x20,0x5b,0x5b,
    0x73,0x74,0x61,0x67,0x65,0x5f,0x69,0x6e,0x5d,0x5d,0x2c,0x20,0x63,0x6f,0x6e,0x73,
    0x74,0x61,0x6e,0x74,0x20,0x76,0x65,0x72,0x74,0x65,0x78,0x50,0x61,0x72,0x61,0x6d,
    0x73,0x26,0x20,0x5f,0x31,0x38,0x20,0x5b,0x5b,0x62,0x75,0x66,0x66,0x65,0x72,0x28,
    0x30,0x29,0x5d,0x5d,0x29,0x0a,0x7b,0x0a,0x20,0x20,0x20,0x20,0x6d,0x61,0x69,0x6e,
    0x30,0x5f,0x6f,0x75,0x74,0x20,0x6f,0x75,0x74,0x20,0x3d,0x20,0x7b,0x7d,0x3b,0x0a,
    0x20,0x20,0x20,0x20,0x6f,0x75,0x74,0x2e,0x67,0x6c,0x5f,0x50,0x6f,0x73,0x69,0x74,
    0x69,0x6f,0x6e,0x20,0x3d,0x20,0x5f,0x31,0x38,0x2e,0x76,0x69,0x65,0x77,0x50,0x72,
    0x6f,0x6a,0x20,0x2a,0x20,0x66,0x6c,0x6f,0x61,0x74,0x34,0x28,0x28,0x69,0x6e,0x2e,
    0x72,0x6f,0x6f,0x74,0x2e,0x78,0x79,0x7a,0x20,0x2b,0x20,0x28,0x5f,0x31,0x38,0x2e,
    0x63,0x61,0x6d,0x65,0x72,0x61,0x52,0x69,0x67,0x68,0x74,0x2e,0x78,0x79,0x7a,0x20,
    0x2a,0x20,0x28,0x69,0x6e,0x2e,0x63,0x6f,0x72,0x6e,0x65,0x72,0x2e,0x78,0x20,0x2a,
    0x20,0x69,0x6e,0x2e,0x72,0x6f,0x6f,0x74,0x2e,0x77,0x29,0x29,0x29,0x20,0x2b,0x20,
    0x28,0x5f,0x31,0x38,0x2e,0x63,0x61,0x6d,0x65,0x72,0x61,0x55,0x70,0x2e,0x78,0x79,
    0x7a,0x20,0x2a,0x20,0x28,0x69,0x6e,0x2e,0x63,0x6f,0x72,0x6e,0x65,0x72,0x2e,0x79,
    0x20,0x2a,0x20,0x69,0x6e,0x2e,0x72,0x6f,0x6f,0x74,0x2e,0x77,0x29,0x29,0x2c,0x20,
    0x31,0x2e,0x30,0x29,0x3b,0x0a,0x20,0x20,0x20,0x20,0x6f,0x75,0x74,0x2e,0x70,0x61,
    0x72,0x74,0x69,0x63,0x6c,0x65,0x43,0x6f,0x6c,0x6f,0x72,0x20,0x3d,0x20,0x69,0x6e,
    0x2e,0x63,0x6f,0x6c,0x6f,0x72,0x3b,0x0a,0x20,0x20,0x20,0x20,0x72,0x65,0x74,0x75,
    0x72,0x6e,0x20,0x6f,0x75,0x74,0x3b,0x0a,0x7d,0x0a,0x0a,0x00,
};
/*
    #include <metal_stdlib>
    #include <simd/simd.h>

    using namespace metal;

    struct main0_out
    {
        float4 fragColor [[color(0)]];
    };

    struct main0_in
    {
        float4 particleColor [[user(locn0)]];
    };

    fragment main0_out main0(main0_in in [[stage_in]])
    {
        main0_out out = {};
        if (in.particleColor.w < 0.5)
        {
            discard_fragment();
        }
        out.fragColor = in.particleColor;
        return out;
    }

*/
static const uint8_t particleFs_source_metal_sim[403] = {
    0x23,0x69,0x6e,0x63,0x6c,0x75,0x64,0x65,0x20,0x3c,0x6d,0x65,0x74,0x61,0x6c,0x5f,
    0x73,0x74,0x64,0x6c,0x69,0x62,0x3e,0x0a,0x23,0x69,0x6e,0x63,0x6c,0x75,0x64,0x65,
    0x20,0x3c,0x73,0x69,0x6d,0x64,0x2f,0x73,0x69,0x6d,0x64,0x2e,0x68,0x3e,0x0a,0x0a,
    0x75,0x73,0x69,0x6e,0x67,0x20,0x6e,0x61,0x6d,0x65,0x73,0x70,0x61,0x63,0x65,0x20,
    0x6d,0x65,0x74,0x61,0x6c,0x3b,0x0a,0x0a,0x73,0x74,0x72,0x75,0x63,0x74,0x20,0x6d,
    0x61,0x69,0x6e,0x30,0x5f,0x6f,0x75,0x74,0x0a,0x7b,0x0a,0x20,0x20,0x20,0x20,0x66,
    0x6c,0x6f,0x61,0x74,0x34,0x20,0x66,0x72,0x61,0x67,0x43,0x6f,0x6c,0x6f,0x72,0x20,
    0x5b,0x5b,0x63,0x6f,0x6c,0x6f,0x72,0x28,0x30,0x29,0x5d,0x5d,0x3b,0x0a,0x7d,0x3b,
    0x0a,0x0a,0x73,0x74,0x72,0x75,0x63,0x74,0x20,0x6d,0x61,0x69,0x6e,0x30,0x5f,0x69,
    0x6e,0x0a,0x7b,0x0a,0x20,0x20,0x20,0x20,0x66,0x6c,0x6f,0x61,0x74,0x34,0x20,0x70,
    0x61,0x72,0x74,0x69,0x63,0x6c,0x65,0x43,0x6f,0x6c,0x6f,0x72,0x20,0x5b,0x5b,0x75,
    0x73,0x65,0x72,0x28,0x6c,0x6f,0x63,0x6e,0x30,0x29,0x5d,0x5d,0x3b,0x0a,0x7d,0x3b,
    0x0a,0x0a,0x66,0x72,0x61,0x67,0x6d,0x65,0x6e,0x74,0x20,0x6d,0x61,0x69,0x6e,0x30,
    0x5f,0x6f,0x75,0x74,0x20,0x6d,0x61,0x69,0x6e,0x30,0x28,0x6d,0x61,0x69,0x6e,0x30,
    0x5f,0x69,0x6e,0x20,0x69,0x6e,0x20,0x5b,0x5b,0x73,0x74,0x61,0x67,0x65,0x5f,0x69,
    0x6e,0x5d,0x5d,0x29,0x0a,0x7b,0x0a,0x20,0x20,0x20,0x20,0x6d,0x61,0x69,0x6e,0x30,
    0x5f,0x6f,0x75,0x74,0x20,0x6f,0x75,0x74,0x20,0x3d,0x20,0x7b,0x7d,0x3b,0x0a,0x20,
    0x20,0x20,0x20,0x69,0x66,0x20,0x28,0x69,0x6e,0x2e,0x70,0x61,0x72,0x74,0x69,0x63,
    0x6c,0x65,0x43,0x6f,0x6c,0x6f,0x72,0x2e,0x77,0x20,0x3c,0x20,0x30,0x2e,0x35,0x29,
    0x0a,0x20,0x20,0x20,0x20,0x7b,0x0a,0x20,0x20,0x20,0x20,0x20,0x20,0x20,0x20,0x64,
    0x69,0x73,0x63,0x61,0x72,0x64,0x5f,0x66,0x72,0x61,0x67,0x6d,0x65,0x6e,0x74,0x28,
    0x29,0x3b,0x0a,0x20,0x20,0x20,0x20,0x7d,0x0a,0x20,0x20,0x20,0x20,0x6f,0x75,0x74,
    0x2e,0x66,0x72,0x61,0x67,0x43,0x6f,0x6c,0x6f,0x72,0x20,0x3d,0x20,0x69,0x6e,0x2e,
    0x70,0x61,0x72,0x74,0x69,0x63,0x6c,0x65,0x43,0x6f,0x6c,0x6f,0x72,0x3b,0x0a,0x20,
    0x20,0x20,0x20,0x72,0x65,0x74,0x75,0x72,0x6e,0x20,0x6f,0x75,0x74,0x3b,0x0a,0x7d,
    0x0a,0x0a,0x00,
};
/*
    #include <metal_stdlib>
    #include <simd/simd.h>

    using namespace metal;

    struct vertexParams
    {
        float4x4 viewProj;
        float4 cameraRight;
        float4 cameraUp;
    };

    struct main0_out
    {
        float3 worldPosition [[user(locn0)]];
        float3 towardCamera [[user(locn1)]];
        float2 uv [[user(locn2)]];
        float4 instanceColor [[user(locn3)]];
        float4 gl_Position [[position]];
    };

    struct main0_in
    {
        float2 corner [[attribute(0)]];
        float3 position [[attribute(1)]];
        float2 size [[attribute(2)]];
        float4 tile [[attribute(3)]];
        float4 color [[attribute(4)]];
    };

    vertex main0_out main0(main0_in in [[stage_in]], constant vertexParams& _17 [[buffer(0)]])
    {
        main0_out out = {};
        float3 _49 = (in.position + (_17.cameraRight.xyz * (in.corner.x * in.size.x))) + (_17.cameraUp.xyz * (in.corner.y * in.size.y));
        out.worldPosition = _49;
        out.towardCamera = cross(_17.cameraRight.xyz, _17.cameraUp.xyz);
        out.gl_Position = _17.viewProj * float4(_49, 1.0);
        float _86;
        if (in.corner.x > 0.0)
        {
            _86 = in.tile.z;
        }
        else
        {
            _86 = in.tile.x;
        }
        float _101;
        if (in.corner.y > 0.0)
        {
            _101 = in.tile.y;
        }
        else
        {
            _101 = in.tile.w;
        }
        out.uv = float2(_86, _101);
        out.instanceColor = in.color;
        return out;
    }

*/
static const uint8_t billboardVs_source_metal_sim[1323] = {
    0x23,0x69,0x6e,0x63,0x6c,0x75,0x64,0x65,0x20,0x3c,0x6d,0x65,0x74,0x61,0x6c,0x5f,
    0x73,0x74,0x64,0x6c,0x69,0x62,0x3e,0x0a,0x23,0x69,0x6e,0x63,0x6c,0x75,0x64,0x65,
    0x20,0x3c,0x73,0x69,0x6d,0x64,0x2f,0x73,0x69,0x6d,0x64,0x2e,0x68,0x3e,0x0a,0x0a,
    0x75,0x73,0x69,0x6e,0x67,0x20,0x6e,0x61,0x6d,0x65,0x73,0x70,0x61,0x63,0x65,0x20,
    0x6d,0x65,0x74,0x61,0x6c,0x3b,0x0a,0x0a,0x73,0x74,0x72,0x75,0x63,0x74,0x20,0x76,
    0x65,0x72,0x74,0x65,0x78,0x50,0x61,0x72,0x61,0x6d,0x73,0x0a,0x7b,0x0a,0x20,0x20,
    0x20,0x20,0x66,0x6c,0x6f,0x61,0x74,0x34,0x78,0x34,0x20,0x76,0x69,0x65,0x77,0x50,
    0x72,0x6f,0x6a,0x3b,0x0a,0x20,0x20,0x20,0x20,0x66,0x6c,0x6f,0x61,0x74,0x34,0x20,
    0x63,0x61,0x6d,0x65,0x72,0x61,0x52,0x69,0x67,0x68,0x74,0x3b,0x0a,0x20,0x20,0x20,
    0x20,0x66,0x6c,0x6f,0x61,0x74,0x34,0x20,0x63,0x61,0x6d,0x65,0x72,0x61,0x55,0x70,
    0x3b,0x0a,0x7d,0x3b,0x0a,0x0a,0x73,0x74,0x72,0x75,0x63,0x74,0x20,0x6d,0x61,0x69,
    0x6e,0x30,0x5f,0x6f,0x75,0x74,0x0a,0x7b,0x0a,0x20,0x20,0x20,0x20,0x66,0x6c,0x6f,
    0x61,0x74,0x33,0x20,0x77,0x6f,0x72,0x6c,0x64,0x50,0x6f,0x73,0x69,0x74,0x69,0x6f,
    0x6e,0x20,0x5b,0x5b,0x75,0x73,0x65,0x72,0x28,0x6c,0x6f,0x63,0x6e,0x30,0x29,0x5d,
    0x5d,0x3b,0x0a,0x20,0x20,0x20,0x20,0x66,0x6c,0x6f,0x61,0x74,0x33,0x20,0x74,0x6f,
    0x77,0x61,0x72,0x64,0x43,0x61,0x6d,0x65,0x72,0x61,0x20,0x5b,0x5b,0x75,0x73,0x65,
    0x72,0x28,0x6c,0x6f,0x63,0x6e,0x31,0x29,0x5d,0x5d,0x3b,0x0a,0x20,0x20,0x20,0x20,
    0x66,0x6c,0x6f,0x61,0x74,0x32,0x20,0x75,0x76,0x20,0x5b,0x5b,0x75,0x73,0x65,0x72,
    0x28,0x6c,0x6f,0x63,0x6e,0x32,0x29,0x5d,0x5d,0x3b,0x0a,0x20,0x20,0x20,0x20,0x66,
    0x6c,0x6f,0x61,0x74,0x34,0x20,0x69,0x6e,0x73,0x74,0x61,0x6e,0x63,0x65,0x43,0x6f,
    0x6c,0x6f,0x72,0x20,0x5b,0x5b,0x75,0x73,0x65,0x72,0x28,0x6c,0x6f,0x63,0x6e,0x33,
    0x29,0x5d,0x5d,0x3b,0x0a,0x20,0x20,0x20,0x20,0x66,0x6c,0x6f,0x61,0x74,0x34,0x20,
    0x67,0x6c,0x5f,0x50,0x6f,0x73,0x69,0x74,0x69,0x6f,0x6e,0x20,0x5b,0x5b,0x70,0x6f,
    0x73,0x69,0x74,0x69,0x6f,0x6e,0x5d,0x5d,0x3b,0x0a,0x7d,0x3b,0x0a,0x0a,0x73,0x74,
    0x72,0x75,0x63,0x74,0x20,0x6d,0x61,0x69,0x6e,0x30,0x5f,0x69,0x6e,0x0a,0x7b,0x0a,
    0x20,0x20,0x20,0x20,0x66,0x6c,0x6f,0x61,0x74,0x32,0x20,0x63,0x6f,0x72,0x6e,0x65,
    0x72,0x20,0x5b,0x5b,0x61,0x74,0x74,0x72,0x69,0x62,0x75,0x74,0x65,0x28,0x30,0x29,
    0x5d,0x5d,0x3b,0x0a,0x20,0x20,0x20,0x20,0x66,0x6c,0x6f,0x61,0x74,0x33,0x20,0x70,
    0x6f,0x73,0x69,0x74,0x69,0x6f,0x6e,0x20,0x5b,0x5b,0x61,0x74,0x74,0x72,0x69,0x62,
    0x75,0x74,0x65,0x28,0x31,0x29,0x5d,0x5d,0x3b,0x0a,0x20,0x20,0x20,0x20,0x66,0x6c,
    0x6f,0x61,0x74,0x32,0x20,0x73,0x69,0x7a,0x65,0x20,0x5b,0x5b,0x61,0x74,0x74,0x72,
    0x69,0x62,0x75,0x74,0x65,0x28,0x32,0x29,0x5d,0x5d,0x3b,0x0a,0x20,0x20,0x20,0x20,
    0x66,0x6c,0x6f,0x61,0x74,0x34,0x20,0x74,0x69,0x6c,0x65,0x20,0x5b,0x5b,0x61,0x74,
    0x74,0x72,0x69,0x62,0x75,0x74,0x65,0x28,0x33,0x29,0x5d,0x5d,0x3b,0x0a,0x20,0x20,
    0x20,0x20,0x66,0x6c,0x6f,0x61,0x74,0x34,0x20,0x63,0x6f,0x6c,0x6f,0x72,0x20,0x5b,
    0x5b,0x61,0x74,0x74,0x72,0x69,0x62,0x75,0x74,0x65,0x28,0x34,0x29,0x5d,0x5d,0x3b,
    0x0a,0x7d,0x3b,0x0a,0x0a,0x76,0x65,0x72,0x74,0x65,0x78,0x20,0x6d,0x61,0x69,0x6e,
    0x30,0x5f,0x6f,0x75,0x74,0x20,0x6d,0x61,0x69,0x6e,0x30,0x28,0x6d,0x61,0x69,0x6e,
    0x30,0x5f,0x69,0x6e,0x20,0x69,0x6e,0x20,0x5b,0x5b,0x73,0x74,0x61,0x67,0x65,0x5f,
    0x69,0x6e,0x5d,0x5d,0x2c,0x20,0x63,0x6f,0x6e,0x73,0x74,0x61,0x6e,0x74,0x20,0x76,
    0x65,0x72,0x74,0x65,0x78,0x50,0x61,0x72,0x61,0x6d,0x73,0x26,0x20,0x5f,0x31,0x37,
    0x20,0x5b,0x5b,0x62,0x75,0x66,0x66,0x65,0x72,0x28,0x30,0x29,0x5d,0x5d,0x29,0x0a,
    0x7b,0x0a,0x20,0x20,0x20,0x20,0x6d,0x61,0x69,0x6e,0x30,0x5f,0x6f,0x75,0x74,0x20,
    0x6f,0x75,0x74,0x20,0x3d,0x20,0x7b,0x7d,0x3b,0x0a,0x20,0x20,0x20,0x20,0x66,0x6c,
    0x6f,0x61,0x74,0x33,0x20,0x5f,0x34,0x39,0x20,0x3d,0x20,0x28,0x69,0x6e,0x2e,0x70,
    0x6f,0x73,0x69,0x74,0x69,0x6f,0x6e,0x20,0x2b,0x20,0x28,0x5f,0x31,0x37,0x2e,0x63,
    0x61,0x6d,0x65,0x72,0x61,0x52,0x69,0x67,0x68,0x74,0x2e,0x78,0x79,0x7a,0x20,0x2a,
    0x20,0x28,0x69,0x6e,0x2e,0x63,0x6f,0x72,0x6e,0x65,0x72,0x2e,0x78,0x20,0x2a,0x20,
    0x69,0x6e,0x2e,0x73,0x69,0x7a,0x65,0x2e,0x78,0x29,0x29,0x29,0x20,0x2b,0x20,0x28,
    0x5f,0x31,0x37,0x2e,0x63,0x61,0x6d,0x65,0x72,0x61,0x55,0x70,0x2e,0x78,0x79,0x7a,
    0x20,0x2a,0x20,0x28,0x69,0x6e,0x2e,0x63,0x6f,0x72,0x6e,0x65,0x72,0x2e,0x79,0x20,
    0x2a,0x20,0x69,0x6e,0x2e,0x73,0x69,0x7a,0x65,0x2e,0x79,0x29,0x29,0x3b,0x0a,0x20,
    0x20,0x20,0x20,0x6f,0x75,0x74,0x2e,0x77,0x6f,0x72,0x6c,0x64,0x50,0x6f,0x73,0x69,
    0x74,0x69,0x6f,0x6e,0x20,0x3d,0x20,0x5f,0x34,0x39,0x3b,0x0a,0x20,0x20,0x20,0x20,
    0x6f,0x75,0x74,0x2e,0x74,0x6f,0x77,0x61,0x72,0x64,0x43,0x61,0x6d,0x65,0x72,0x61,
    0x20,0x3d,0x20,0x63,0x72,0x6f,0x73,0x73,0x28,0x5f,0x31,0x37,0x2e,0x63,0x61,0x6d,
    0x65,0x72,0x61,0x52,0x69,0x67,0x68,0x74,0x2e,0x78,0x79,0x7a,0x2c,0x20,0x5f,0x31,
    0x37,0x2e,0x63,0x61,0x6d,0x65,0x72,0x61,0x55,0x70,0x2e,0x78,0x79,0x7a,0x29,0x3b,
    0x0a,0x20,0x20,0x20,0x20,0x6f,0x75,0x74,0x2e,0x67,0x6c,0x5f,0x50,0x6f,0x73,0x69,
    0x74,0x69,0x6f,0x6e,0x20,0x3d,0x20,0x5f,0x31,0x37,0x2e,0x76,0x69,0x65,0x77,0x50,
    0x72,0x6f,0x6a,0x20,0x2a,0x20,0x66,0x6c,0x6f,0x61,0x74,0x34,0x28,0x5f,0x34,0x39,
    0x2c,0x20,0x31,0x2e,0x30,0x29,0x3b,0x0a,0x20,0x20,0x20,0x20,0x66,0x6c,0x6f,0x61,
    0x74,0x20,0x5f,0x38,0x36,0x3b,0x0a,0x20,0x20,0x20,0x20,0x69,0x66,0x20,0x28,0x69,
    0x6e,0x2e,0x63,0x6f,0x72,0x6e,0x65,0x72,0x2e,0x78,0x20,0x3e,0x20,0x30,0x2e,0x30,
    0x29,0x0a,0x20,0x20,0x20,0x20,0x7b,0x0a,0x20,0x20,0x20,0x20,0x20,0x20,0x20,0x20,
    0x5f,0x38,0x36,0x20,0x3d,0x20,0x69,0x6e,0x2e,0x74,0x69,0x6c,0x65,0x2e,0x7a,0x3b,
    0x0a,0x20,0x20,0x20,0x20,0x7d,0x0a,0x20,0x20,0x20,0x20,0x65,0x6c,0x73,0x65,0x0a,
    0x20,0x20,0x20,0x20,0x7b,0x0a,0x20,0x20,0x20,0x20,0x20,0x20,0x20,0x20,0x5f,0x38,
    0x36,0x20,0x3d,0x20,0x69,0x6e,0x2e,0x74,0x69,0x6c,0x65,0x2e,0x78,0x3b,0x0a,0x20,
    0x20,0x20,0x20,0x7d,0x0a,0x20,0x20,0x20,0x20,0x66,0x6c,0x6f,0x61,0x74,0x20,0x5f,
    0x31,0x30,0x31,0x3b,0x0a,0x20,0x20,0x20,0x20,0x69,0x66,0x20,0x28,0x69,0x6e,0x2e,
    0x63,0x6f,0x72,0x6e,0x65,0x72,0x2e,0x79,0x20,0x3e,0x20,0x30,0x2e,0x30,0x29,0x0a,
    0x20,0x20,0x20,0x20,0x7b,0x0a,0x20,0x20,0x20,0x20,0x20,0x20,0x20,0x20,0x5f,0x31,
    0x30,0x31,0x20,0x3d,0x20,0x69,0x6e,0x2e,0x74,0x69,0x6c,0x65,0x2e,0x79,0x3b,0x0a,
    0x20,0x20,0x20,0x20,0x7d,0x0a,0x20,0x20,0x20,0x20,0x65,0x6c,0x73,0x65,0x0a,0x20,
    0x20,0x20,0x20,0x7b,0x0a,0x20,0x20,0x20,0x20,0x20,0x20,0x20,0x20,0x5f,0x31,0x30,
    0x31,0x20,0x3d,0x20,0x69,0x6e,0x2e,0x74,0x69,0x6c,0x65,0x2e,0x77,0x3b,0x0a,0x20,
    0x20,0x20,0x20,0x7d,0x0a,0x20,0x20,0x20,0x20,0x6f,0x75,0x74,0x2e,0x75,0x76,0x20,
    0x3d,0x20,0x66,0x6c,0x6f,0x61,0x74,0x32,0x28,0x5f,0x38,0x36,0x2c,0x20,0x5f,0x31,
    0x30,0x31,0x29,0x3b,0x0a,0x20,0x20,0x20,0x20,0x6f,0x75,0x74,0x2e,0x69,0x6e,0x73,
    0x74,0x61,0x6e,0x63,0x65,0x43,0x6f,0x6c,0x6f,0x72,0x20,0x3d,0x20,0x69,0x6e,0x2e,
    0x63,0x6f,0x6c,0x6f,0x72,0x3b,0x0a,0x20,0x20,0x20,0x20,0x72,0x65,0x74,0x75,0x72,
    0x6e,0x20,0x6f,0x75,0x74,0x3b,0x0a,0x7d,0x0a,0x0a,0x00,
};
/*
    #pragma clang diagnostic ignored "-Wmissing-prototypes"

    #include <metal_stdlib>
    #include <simd/simd.h>

    using namespace metal;

    struct lightParams
    {
        float4 ambient;
        float4 dirLight;
        float4 dirColor;
        float4 pointLight[4];
        float4 pointColor[4];
    };

    struct billboardParams
    {
        float4 billboardColor;
        float4 billboard;
    };

    struct main0_out
    {
        float4 fragColor [[color(0)]];
    };

    struct main0_in
    {
        float3 worldPosition [[user(locn0)]];
        float3 towardCamera [[user(locn1)]];
        float2 uv [[user(locn2)]];
        float4 instanceColor [[user(locn3)]];
    };

    static inline __attribute__((always_inline))
    float3 pointLightAt(thread const int& i, thread const float3& position, thread const float3& normal, constant lightParams& _25)
    {
        float3 _33 = _25.pointLight[i].xyz - position;
        float _37 = length(_33);
        float _50 = fast::clamp(1.0 - (_37 / _25.pointColor[i].w), 0.0, 1.0);
        return _25.pointColor[i].xyz * (((_50 * _50) * fast::max(dot(normal, _33 / float3(fast::max(_37, 9.9999997473787516355514526367188e-05))), 0.0)) * _25.pointLight[i].w);
    }

    fragment main0_out main0(main0_in in [[stage_in]], constant lightParams& _25 [[buffer(1)]], constant billboardParams& _97 [[buffer(2)]], texture2d<float> billboardTexture [[texture(0)]], sampler billboardSampler [[sampler(0)]])
    {
        main0_out out = {};
        float4 _106 = (_97.billboardColor * billboardTexture.sample(billboardSampler, in.uv)) * in.instanceColor;
        float4 pixel = _106;
        if (_106.w < 0.5)
        {
            discard_fragment();
        }
        if (_97.billboard.y != 0.0)
        {
            float3 _126 = fast::normalize(in.towardCamera);
            float3 light = _25.ambient.xyz + (_25.dirColor.xyz * (fast::max(dot(_126, _25.dirLight.xyz), 0.0) * _25.dirLight.w));
            for (int i = 0; i < int(_25.ambient.w + 0.5); i++)
            {
                int param = i;
                float3 param_1 = in.worldPosition;
                float3 param_2 = _126;
                light += pointLightAt(param, param_1, param_2, _25);
            }
            float4 _173 = pixel;
            float3 _175 = _173.xyz * light;
            float4 _189 = _173;
            _189.x = _175.x;
            _189.y = _175.y;
            _189.z = _175.z;
            pixel = _189;
        }
        out.fragColor = pixel;
        return out;
    }

*/
static const uint8_t billboardFs_source_metal_sim[2258] = {
    0x23,0x70,0x72,0x61,0x67,0x6d,0x61,0x20,0x63,0x6c,0x61,0x6e,0x67,0x20,0x64,0x69,
    0x61,0x67,0x6e,0x6f,0x73,0x74,0x69,0x63,0x20,0x69,0x67,0x6e,0x6f,0x72,0x65,0x64,
    0x20,0x22,0x2d,0x57,0x6d,0x69,0x73,0x73,0x69,0x6e,0x67,0x2d,0x70,0x72,0x6f,0x74,
    0x6f,0x74,0x79,0x70,0x65,0x73,0x22,0x0a,0x0a,0x23,0x69,0x6e,0x63,0x6c,0x75,0x64,
    0x65,0x20,0x3c,0x6d,0x65,0x74,0x61,0x6c,0x5f,0x73,0x74,0x64,0x6c,0x69,0x62,0x3e,
    0x0a,0x23,0x69,0x6e,0x63,0x6c,0x75,0x64,0x65,0x20,0x3c,0x73,0x69,0x6d,0x64,0x2f,
    0x73,0x69,0x6d,0x64,0x2e,0x68,0x3e,0x0a,0x0a,0x75,0x73,0x69,0x6e,0x67,0x20,0x6e,
    0x61,0x6d,0x65,0x73,0x70,0x61,0x63,0x65,0x20,0x6d,0x65,0x74,0x61,0x6c,0x3b,0x0a,
    0x0a,0x73,0x74,0x72,0x75,0x63,0x74,0x20,0x6c,0x69,0x67,0x68,0x74,0x50,0x61,0x72,
    0x61,0x6d,0x73,0x0a,0x7b,0x0a,0x20,0x20,0x20,0x20,0x66,0x6c,0x6f,0x61,0x74,0x34,
    0x20,0x61,0x6d,0x62,0x69,0x65,0x6e,0x74,0x3b,0x0a,0x20,0x20,0x20,0x20,0x66,0x6c,
    0x6f,0x61,0x74,0x34,0x20,0x64,0x69,0x72,0x4c,0x69,0x67,0x68,0x74,0x3b,0x0a,0x20,
    0x20,0x20,0x20,0x66,0x6c,0x6f,0x61,0x74,0x34,0x20,0x64,0x69,0x72,0x43,0x6f,0x6c,
    0x6f,0x72,0x3b,0x0a,0x20,0x20,0x20,0x20,0x66,0x6c,0x6f,0x61,0x74,0x34,0x20,0x70,
    0x6f,0x69,0x6e,0x74,0x4c,0x69,0x67,0x68,0x74,0x5b,0x34,0x5d,0x3b,0x0a,0x20,0x20,
    0x20,0x20,0x66,0x6c,0x6f,0x61,0x74,0x34,0x20,0x70,0x6f,0x69,0x6e,0x74,0x43,0x6f,
    0x6c,0x6f,0x72,0x5b,0x34,0x5d,0x3b,0x0a,0x7d,0x3b,0x0a,0x0a,0x73,0x74,0x72,0x75,
    0x63,0x74,0x20,0x62,0x69,0x6c,0x6c,0x62,0x6f,0x61,0x72,0x64,0x50,0x61,0x72,0x61,
    0x6d,0x73,0x0a,0x7b,0x0a,0x20,0x20,0x20,0x20,0x66,0x6c,0x6f,0x61,0x74,0x34,0x20,
    0x62,0x69,0x6c,0x6c,0x62,0x6f,0x61,0x72,0x64,0x43,0x6f,0x6c,0x6f,0x72,0x3b,0x0a,
    0x20,0x20,0x20,0x20,0x66,0x6c,0x6f,0x61,0x74,0x34,0x20,0x62,0x69,0x6c,0x6c,0x62,
    0x6f,0x61,0x72,0x64,0x3b,0x0a,0x7d,0x3b,0x0a,0x0a,0x73,0x74,0x72,0x75,0x63,0x74,
    0x20,0x6d,0x61,0x69,0x6e,0x30,0x5f,0x6f,0x75,0x74,0x0a,0x7b,0x0a,0x20,0x20,0x20,
    0x20,0x66,0x6c,0x6f,0x61,0x74,0x34,0x20,0x66,0x72,0x61,0x67,0x43,0x6f,0x6c,0x6f,
    0x72,0x20,0x5b,0x5b,0x63,0x6f,0x6c,0x6f,0x72,0x28,0x30,0x29,0x5d,0x5d,0x3b,0x0a,
    0x7d,0x3b,0x0a,0x0a,0x73,0x74,0x72,0x75,0x63,0x74,0x20,0x6d,0x61,0x69,0x6e,0x30,
    0x5f,0x69,0x6e,0x0a,0x7b,0x0a,0x20,0x20,0x20,0x20,0x66,0x6c,0x6f,0x61,0x74,0x33,
    0x20,0x77,0x6f,0x72,0x6c,0x64,0x50,0x6f,0x73,0x69,0x74,0x69,0x6f,0x6e,0x20,0x5b,
    0x5b,0x75,0x73,0x65,0x72,0x28,0x6c,0x6f,0x63,0x6e,0x30,0x29,0x5d,0x5d,0x3b,0x0a,
    0x20,0x20,0x20,0x20,0x66,0x6c,0x6f,0x61,0x74,0x33,0x20,0x74,0x6f,0x77,0x61,0x72,
    0x64,0x43,0x61,0x6d,0x65,0x72,0x61,0x20,0x5b,0x5b,0x75,0x73,0x65,0x72,0x28,0x6c,
    0x6f,0x63,0x6e,0x31,0x29,0x5d,0x5d,0x3b,0x0a,0x20,0x20,0x20,0x20,0x66,0x6c,0x6f,
    0x61,0x74,0x32,0x20,0x75,0x76,0x20,0x5b,0x5b,0x75,0x73,0x65,0x72,0x28,0x6c,0x6f,
    0x63,0x6e,0x32,0x29,0x5d,0x5d,0x3b,0x0a,0x20,0x20,0x20,0x20,0x66,0x6c,0x6f,0x61,
    0x74,0x34,0x20,0x69,0x6e,0x73,0x74,0x61,0x6e,0x63,0x65,0x43,0x6f,0x6c,0x6f,0x72,
    0x20,0x5b,0x5b,0x75,0x73,0x65,0x72,0x28,0x6c,0x6f,0x63,0x6e,0x33,0x29,0x5d,0x5d,
    0x3b,0x0a,0x7d,0x3b,0x0a,0x0a,0x73,0x74,0x61,0x74,0x69,0x63,0x20,0x69,0x6e,0x6c,
    0x69,0x6e,0x65,0x20,0x5f,0x5f,0x61,0x74,0x74,0x72,0x69,0x62,0x75,0x74,0x65,0x5f,
    0x5f,0x28,0x28,0x61,0x6c,0x77,0x61,0x79,0x73,0x5f,0x69,0x6e,0x6c,0x69,0x6e,0x65,
    0x29,0x29,0x0a,0x66,0x6c,0x6f,0x61,0x74,0x33,0x20,0x70,0x6f,0x69,0x6e,0x74,0x4c,
    0x69,0x67,0x68,0x74,0x41,0x74,0x28,0x74,0x68,0x72,0x65,0x61,0x64,0x20,0x63,0x6f,
    0x6e,0x73,0x74,0x20,0x69,0x6e,0x74,0x26,0x20,0x69,0x2c,0x20,0x74,0x68,0x72,0x65,
    0x61,0x64,0x20,0x63,0x6f,0x6e,0x73,0x74,0x20,0x66,0x6c,0x6f,0x61,0x74,0x33,0x26,
    0x20,0x70,0x6f,0x73,0x69,0x74,0x69,0x6f,0x6e,0x2c,0x20,0x74,0x68,0x72,0x65,0x61,
    0x64,0x20,0x63,0x6f,0x6e,0x73,0x74,0x20,0x66,0x6c,0x6f,0x61,0x74,0x33,0x26,0x20,
    0x6e,0x6f,0x72,0x6d,0x61,0x6c,0x2c,0x20,0x63,0x6f,0x6e,0x73,0x74,0x61,0x6e,0x74,
    0x20,0x6c,0x69,0x67,0x68,0x74,0x50,0x61,0x72,0x61,0x6d,0x73,0x26,0x20,0x5f,0x32,
    0x35,0x29,0x0a,0x7b,0x0a,0x20,0x20,0x20,0x20,0x66,0x6c,0x6f,0x61,0x74,0x33,0x20,
    0x5f,0x33,0x33,0x20,0x3d,0x20,0x5f,0x32,0x35,0x2e,0x70,0x6f,0x69,0x6e,0x74,0x4c,
    0x69,0x67,0x68,0x74,0x5b,0x69,0x5d,0x2e,0x78,0x79,0x7a,0x20,0x2d,0x20,0x70,0x6f,
    0x73,0x69,0x74,0x69,0x6f,0x6e,0x3b,0x0a,0x20,0x20,0x20,0x20,0x66,0x6c,0x6f,0x61,
    0x74,0x20,0x5f,0x33,0x37,0x20,0x3d,0x20,0x6c,0x65,0x6e,0x67,0x74,0x68,0x28,0x5f,
    0x33,0x33,0x29,0x3b,0x0a,0x20,0x20,0x20,0x20,0x66,0x6c,0x6f,0x61,0x74,0x20,0x5f,
    0x35,0x30,0x20,0x3d,0x20,0x66,0x61,0x73,0x74,0x3a,0x3a,0x63,0x6c,0x61,0x6d,0x70,
    0x28,0x31,0x2e,0x30,0x20,0x2d,0x20,0x28,0x5f,0x33,0x37,0x20,0x2f,0x20,0x5f,0x32,
    0x35,0x2e,0x70,0x6f,0x69,0x6e,0x74,0x43,0x6f,0x6c,0x6f,0x72,0x5b,0x69,0x5d,0x2e,
    0x77,0x29,0x2c,0x20,0x30,0x2e,0x30,0x2c,0x20,0x31,0x2e,0x30,0x29,0x3b,0x0a,0x20,
    0x20,0x20,0x20,0x72,0x65,0x74,0x75,0x72,0x6e,0x20,0x5f,0x32,0x35,0x2e,0x70,0x6f,
    0x69,0x6e,0x74,0x43,0x6f,0x6c,0x6f,0x72,0x5b,0x69,0x5d,0x2e,0x78,0x79,0x7a,0x20,
    0x2a,0x20,0x28,0x28,0x28,0x5f,0x35,0x30,0x20,0x2a,0x20,0x5f,0x35,0x30,0x29,0x20,
    0x2a,0x20,0x66,0x61,0x73,0x74,0x3a,0x3a,0x6d,0x61,0x78,0x28,0x64,0x6f,0x74,0x28,
    0x6e,0x6f,0x72,0x6d,0x61,0x6c,0x2c,0x20,0x5f,0x33,0x33,0x20,0x2f,0x20,0x66,0x6c,
    0x6f,0x61,0x74,0x33,0x28,0x66,0x61,0x73,0x74,0x3a,0x3a,0x6d,0x61,0x78,0x28,0x5f,
    0x33,0x37,0x2c,0x20,0x39,0x2e,0x39,0x39,0x39,0x39,0x39,0x39,0x37,0x34,0x37,0x33,
    0x37,0x38,0x37,0x35,0x31,0x36,0x33,0x35,0x35,0x35,0x31,0x34,0x35,0x32,0x36,0x33,
    0x36,0x37,0x31,0x38,0x38,0x65,0x2d,0x30,0x35,0x29,0x29,0x29,0x2c,0x20,0x30,0x2e,
    0x30,0x29,0x29,0x20,0x2a,0x20,0x5f,0x32,0x35,0x2e,0x70,0x6f,0x69,0x6e,0x74,0x4c,
    0x69,0x67,0x68,0x74,0x5b,0x69,0x5d,0x2e,0x77,0x29,0x3b,0x0a,0x7d,0x0a,0x0a,0x66,
    0x72,0x61,0x67,0x6d,0x65,0x6e,0x74,0x20,0x6d,0x61,0x69,0x6e,0x30,0x5f,0x6f,0x75,
    0x74,0x20,0x6d,0x61,0x69,0x6e,0x30,0x28,0x6d,0x61,0x69,0x6e,0x30,0x5f,0x69,0x6e,
    0x20,0x69,0x6e,0x20,0x5b,0x5b,0x73,0x74,0x61,0x67,0x65,0x5f,0x69,0x6e,0x5d,0x5d,
    0x2c,0x20,0x63,0x6f,0x6e,0x73,0x74,0x61,0x6e,0x74,0x20,0x6c,0x69,0x67,0x68,0x74,
    0x50,0x61,0x72,0x61,0x6d,0x73,0x26,0x20,0x5f,0x32,0x35,0x20,0x5b,0x5b,0x62,0x75,
    0x66,0x66,0x65,0x72,0x28,0x31,0x29,0x5d,0x5d,0x2c,0x20,0x63,0x6f,0x6e,0x73,0x74,
    0x61,0x6e,0x74,0x20,0x62,0x69,0x6c,0x6c,0x62,0x6f,0x61,0x72,0x64,0x50,0x61,0x72,
    0x61,0x6d,0x73,0x26,0x20,0x5f,0x39,0x37,0x20,0x5b,0x5b,0x62,0x75,0x66,0x66,0x65,
    0x72,0x28,0x32,0x29,0x5d,0x5d,0x2c,0x20,0x74,0x65,0x78,0x74,0x75,0x72,0x65,0x32,
    0x64,0x3c,0x66,0x6c,0x6f,0x61,0x74,0x3e,0x20,0x62,0x69,0x6c,0x6c,0x62,0x6f,0x61,
    0x72,0x64,0x54,0x65,0x78,0x74,0x75,0x72,0x65,0x20,0x5b,0x5b,0x74,0x65,0x78,0x74,
    0x75,0x72,0x65,0x28,0x30,0x29,0x5d,0x5d,0x2c,0x20,0x73,0x61,0x6d,0x70,0x6c,0x65,
    0x72,0x20,0x62,0x69,0x6c,0x6c,0x62,0x6f,0x61,0x72,0x64,0x53,0x61,0x6d,0x70,0x6c,
    0x65,0x72,0x20,0x5b,0x5b,0x73,0x61,0x6d,0x70,0x6c,0x65,0x72,0x28,0x30,0x29,0x5d,
    0x5d,0x29,0x0a,0x7b,0x0a,0x20,0x20,0x20,0x20,0x6d,0x61,0x69,0x6e,0x30,0x5f,0x6f,
    0x75,0x74,0x20,0x6f,0x75,0x74,0x20,0x3d,0x20,0x7b,0x7d,0x3b,0x0a,0x20,0x20,0x20,
    0x20,0x66,0x6c,0x6f,0x61,0x74,0x34,0x20,0x5f,0x31,0x30,0x36,0x20,0x3d,0x20,0x28,
    0x5f,0x39,0x37,0x2e,0x62,0x69,0x6c,0x6c,0x62,0x6f,0x61,0x72,0x64,0x43,0x6f,0x6c,
    0x6f,0x72,0x20,0x2a,0x20,0x62,0x69,0x6c,0x6c,0x62,0x6f,0x61,0x72,0x64,0x54,0x65,
    0x78,0x74,0x75,0x72,0x65,0x2e,0x73,0x61,0x6d,0x70,0x6c,0x65,0x28,0x62,0x69,0x6c,
    0x6c,0x62,0x6f,0x61,0x72,0x64,0x53,0x61,0x6d,0x70,0x6c,0x65,0x72,0x2c,0x20,0x69,
    0x6e,0x2e,0x75,0x76,0x29,0x29,0x20,0x2a,0x20,0x69,0x6e,0x2e,0x69,0x6e,0x73,0x74,
    0x61,0x6e,0x63,0x65,0x43,0x6f,0x6c,0x6f,0x72,0x3b,0x0a,0x20,0x20,0x20,0x20,0x66,
    0x6c,0x6f,0x61,0x74,0x34,0x20,0x70,0x69,0x78,0x65,0x6c,0x20,0x3d,0x20,0x5f,0x31,
    0x30,0x36,0x3b,0x0a,0x20,0x20,0x20,0x20,0x69,0x66,0x20,0x28,0x5f,0x31,0x30,0x36,
    0x2e,0x77,0x20,0x3c,0x20,0x30,0x2e,0x35,0x29,0x0a,0x20,0x20,0x20,0x20,0x7b,0x0a,
    0x20,0x20,0x20,0x20,0x20,0x20,0x20,0x20,0x64,0x69,0x73,0x63,0x61,0x72,0x64,0x5f,
    0x66,0x72,0x61,0x67,0x6d,0x65,0x6e,0x74,0x28,0x29,0x3b,0x0a,0x20,0x20,0x20,0x20,
    0x7d,0x0a,0x20,0x20,0x20,0x20,0x69,0x66,0x20,0x28,0x5f,0x39,0x37,0x2e,0x62,0x69,
    0x6c,0x6c,0x62,0x6f,0x61,0x72,0x64,0x2e,0x79,0x20,0x21,0x3d,0x20,0x30,0x2e,0x30,
    0x29,0x0a,0x20,0x20,0x20,0x20,0x7b,0x0a,0x20,0x20,0x20,0x20,0x20,0x20,0x20,0x20,
    0x66,0x6c,0x6f,0x61,0x74,0x33,0x20,0x5f,0x31,0x32,0x36,0x20,0x3d,0x20,0x66,0x61,
    0x73,0x74,0x3a,0x3a,0x6e,0x6f,0x72,0x6d,0x61,0x6c,0x69,0x7a,0x65,0x28,0x69,0x6e,
    0x2e,0x74,0x6f,0x77,0x61,0x72,0x64,0x43,0x61,0x6d,0x65,0x72,0x61,0x29,0x3b,0x0a,
    0x20,0x20,0x20,0x20,0x20,0x20,0x20,0x20,0x66,0x6c,0x6f,0x61,0x74,0x33,0x20,0x6c,
    0x69,0x67,0x68,0x74,0x20,0x3d,0x20,0x5f,0x32,0x35,0x2e,0x61,0x6d,0x62,0x69,0x65,
    0x6e,0x74,0x2e,0x78,0x79,0x7a,0x20,0x2b,0x20,0x28,0x5f,0x32,0x35,0x2e,0x64,0x69,
    0x72,0x43,0x6f,0x6c,0x6f,0x72,0x2e,0x78,0x79,0x7a,0x20,0x2a,0x20,0x28,0x66,0x61,
    0x73,0x74,0x3a,0x3a,0x6d,0x61,0x78,0x28,0x64,0x6f,0x74,0x28,0x5f,0x31,0x32,0x36,
    0x2c,0x20,0x5f,0x32,0x35,0x2e,0x64,0x69,0x72,0x4c,0x69,0x67,0x68,0x74,0x2e,0x78,
    0x79,0x7a,0x29,0x2c,0x20,0x30,0x2e,0x30,0x29,0x20,0x2a,0x20,0x5f,0x32,0x35,0x2e,
    0x64,0x69,0x72,0x4c,0x69,0x67,0x68,0x74,0x2e,0x77,0x29,0x29,0x3b,0x0a,0x20,0x20,
    0x20,0x20,0x20,0x20,0x20,0x20,0x66,0x6f,0x72,0x20,0x28,0x69,0x6e,0x74,0x20,0x69,
    0x20,0x3d,0x20,0x30,0x3b,0x20,0x69,0x20,0x3c,0x20,0x69,0x6e,0x74,0x28,0x5f,0x32,
    0x35,0x2e,0x61,0x6d,0x62,0x69,0x65,0x6e,0x74,0x2e,0x77,0x20,0x2b,0x20,0x30,0x2e,
    0x35,0x29,0x3b,0x20,0x69,0x2b,0x2b,0x29,0x0a,0x20,0x20,0x20,0x20,0x20,0x20,0x20,
    0x20,0x7b,0x0a,0x20,0x20,0x20,0x20,0x20,0x20,0x20,0x20,0x20,0x20,0x20,0x20,0x69,
    0x6e,0x74,0x20,0x70,0x61,0x72,0x61,0x6d,0x20,0x3d,0x20,0x69,0x3b,0x0a,0x20,0x20,
    0x20,0x20,0x20,0x20,0x20,0x20,0x20,0x20,0x20,0x20,0x66,0x6c,0x6f,0x61,0x74,0x33,
    0x20,0x70,0x61,0x72,0x61,0x6d,0x5f,0x31,0x20,0x3d,0x20,0x69,0x6e,0x2e,0x77,0x6f,
    0x72,0x6c,0x64,0x50,0x6f,0x73,0x69,0x74,0x69,0x6f,0x6e,0x3b,0x0a,0x20,0x20,0x20,
    0x20,0x20,0x20,0x20,0x20,0x20,0x20,0x20,0x20,0x66,0x6c,0x6f,0x61,0x74,0x33,0x20,
    0x70,0x61,0x72,0x61,0x6d,0x5f,0x32,0x20,0x3d,0x20,0x5f,0x31,0x32,0x36,0x3b,0x0a,
    0x20,0x20,0x20,0x20,0x20,0x20,0x20,0x20,0x20,0x20,0x20,0x20,0x6c,0x69,0x67,0x68,
    0x74,0x20,0x2b,0x3d,0x20,0x70,0x6f,0x69,0x6e,0x74,0x4c,0x69,0x67,0x68,0x74,0x41,
    0x74,0x28,0x70,0x61,0x72,0x61,0x6d,0x2c,0x20,0x70,0x61,0x72,0x61,0x6d,0x5f,0x31,
    0x2c,0x20,0x70,0x61,0x72,0x61,0x6d,0x5f,0x32,0x2c,0x20,0x5f,0x32,0x35,0x29,0x3b,
    0x0a,0x20,0x20,0x20,0x20,0x20,0x20,0x20,0x20,0x7d,0x0a,0x20,0x20,0x20,0x20,0x20,
    0x20,0x20,0x20,0x66,0x6c,0x6f,0x61,0x74,0x34,0x20,0x5f,0x31,0x37,0x33,0x20,0x3d,
    0x20,0x70,0x69,0x78,0x65,0x6c,0x3b,0x0a,0x20,0x20,0x20,0x20,0x20,0x20,0x20,0x20,
    0x66,0x6c,0x6f,0x61,0x74,0x33,0x20,0x5f,0x31,0x37,0x35,0x20,0x3d,0x20,0x5f,0x31,
    0x37,0x33,0x2e,0x78,0x79,0x7a,0x20,0x2a,0x20,0x6c,0x69,0x67,0x68,0x74,0x3b,0x0a,
    0x20,0x20,0x20,0x20,0x20,0x20,0x20,0x20,0x66,0x6c,0x6f,0x61,0x74,0x34,0x20,0x5f,
    0x31,0x38,0x39,0x20,0x3d,0x20,0x5f,0x31,0x37,0x33,0x3b,0x0a,0x20,0x20,0x20,0x20,
    0x20,0x20,0x20,0x20,0x5f,0x31,0x38,0x39,0x2e,0x78,0x20,0x3d,0x20,0x5f,0x31,0x37,
    0x35,0x2e,0x78,0x3b,0x0a,0x20,0x20,0x20,0x20,0x20,0x20,0x20,0x20,0x5f,0x31,0x38,
    0x39,0x2e,0x79,0x20,0x3d,0x20,0x5f,0x31,0x37,0x35,0x2e,0x79,0x3b,0x0a,0x20,0x20,
    0x20,0x20,0x20,0x20,0x20,0x20,0x5f,0x31,0x38,0x39,0x2e,0x7a,0x20,0x3d,0x20,0x5f,
    0x31,0x37,0x35,0x2e,0x7a,0x3b,0x0a,0x20,0x20,0x20,0x20,0x20,0x20,0x20,0x20,0x70,
    0x69,0x78,0x65,0x6c,0x20,0x3d,0x20,0x5f,0x31,0x38,0x39,0x3b,0x0a,0x20,0x20,0x20,
    0x20,0x7d,0x0a,0x20,0x20,0x20,0x20,0x6f,0x75,0x74,0x2e,0x66,0x72,0x61,0x67,0x43,
    0x6f,0x6c,0x6f,0x72,0x20,0x3d,0x20,0x70,0x69,0x78,0x65,0x6c,0x3b,0x0a,0x20,0x20,
    0x20,0x20,0x72,0x65,0x74,0x75,0x72,0x6e,0x20,0x6f,0x75,0x74,0x3b,0x0a,0x7d,0x0a,
    0x0a,0x00,
};
/*
    #include <metal_stdlib>
    #include <simd/simd.h>

    using namespace metal;

    struct main0_out
    {
        float4 gl_Position [[position]];
    };

    struct main0_in
    {
        float2 position [[attribute(0)]];
    };

    vertex main0_out main0(main0_in in [[stage_in]])
    {
        main0_out out = {};
        out.gl_Position = float4(in.position, 0.5, 1.0);
        return out;
    }

*/
static const uint8_t fullscreenVs_source_metal_sim[340] = {
    0x23,0x69,0x6e,0x63,0x6c,0x75,0x64,0x65,0x20,0x3c,0x6d,0x65,0x74,0x61,0x6c,0x5f,
    0x73,0x74,0x64,0x6c,0x69,0x62,0x3e,0x0a,0x23,0x69,0x6e,0x63,0x6c,0x75,0x64,0x65,
    0x20,0x3c,0x73,0x69,0x6d,0x64,0x2f,0x73,0x69,0x6d,0x64,0x2e,0x68,0x3e,0x0a,0x0a,
    0x75,0x73,0x69,0x6e,0x67,0x20,0x6e,0x61,0x6d,0x65,0x73,0x70,0x61,0x63,0x65,0x20,
    0x6d,0x65,0x74,0x61,0x6c,0x3b,0x0a,0x0a,0x73,0x74,0x72,0x75,0x63,0x74,0x20,0x6d,
    0x61,0x69,0x6e,0x30,0x5f,0x6f,0x75,0x74,0x0a,0x7b,0x0a,0x20,0x20,0x20,0x20,0x66,
    0x6c,0x6f,0x61,0x74,0x34,0x20,0x67,0x6c,0x5f,0x50,0x6f,0x73,0x69,0x74,0x69,0x6f,
    0x6e,0x20,0x5b,0x5b,0x70,0x6f,0x73,0x69,0x74,0x69,0x6f,0x6e,0x5d,0x5d,0x3b,0x0a,
    0x7d,0x3b,0x0a,0x0a,0x73,0x74,0x72,0x75,0x63,0x74,0x20,0x6d,0x61,0x69,0x6e,0x30,
    0x5f,0x69,0x6e,0x0a,0x7b,0x0a,0x20,0x20,0x20,0x20,0x66,0x6c,0x6f,0x61,0x74,0x32,
    0x20,0x70,0x6f,0x73,0x69,0x74,0x69,0x6f,0x6e,0x20,0x5b,0x5b,0x61,0x74,0x74,0x72,
    0x69,0x62,0x75,0x74,0x65,0x28,0x30,0x29,0x5d,0x5d,0x3b,0x0a,0x7d,0x3b,0x0a,0x0a,
    0x76,0x65,0x72,0x74,0x65,0x78,0x20,0x6d,0x61,0x69,0x6e,0x30,0x5f,0x6f,0x75,0x74,
    0x20,0x6d,0x61,0x69,0x6e,0x30,0x28,0x6d,0x61,0x69,0x6e,0x30,0x5f,0x69,0x6e,0x20,
    0x69,0x6e,0x20,0x5b,0x5b,0x73,0x74,0x61,0x67,0x65,0x5f,0x69,0x6e,0x5d,0x5d,0x29,
    0x0a,0x7b,0x0a,0x20,0x20,0x20,0x20,0x6d,0x61,0x69,0x6e,0x30,0x5f,0x6f,0x75,0x74,
    0x20,0x6f,0x75,0x74,0x20,0x3d,0x20,0x7b,0x7d,0x3b,0x0a,0x20,0x20,0x20,0x20,0x6f,
    0x75,0x74,0x2e,0x67,0x6c,0x5f,0x50,0x6f,0x73,0x69,0x74,0x69,0x6f,0x6e,0x20,0x3d,
    0x20,0x66,0x6c,0x6f,0x61,0x74,0x34,0x28,0x69,0x6e,0x2e,0x70,0x6f,0x73,0x69,0x74,
    0x69,0x6f,0x6e,0x2c,0x20,0x30,0x2e,0x35,0x2c,0x20,0x31,0x2e,0x30,0x29,0x3b,0x0a,
    0x20,0x20,0x20,0x20,0x72,0x65,0x74,0x75,0x72,0x6e,0x20,0x6f,0x75,0x74,0x3b,0x0a,
    0x7d,0x0a,0x0a,0x00,
};
/*
    #include <metal_stdlib>
    #include <simd/simd.h>

    using namespace metal;

    struct main0_out
    {
        float4 fragColor [[color(0)]];
    };

    fragment main0_out main0(texture2d<float> sourceTexture [[texture(0)]], sampler pointSampler [[sampler(0)]], float4 gl_FragCoord [[position]])
    {
        main0_out out = {};
        out.fragColor = float4(sourceTexture.read(uint2(clamp(int2(gl_FragCoord.xy), int2(0), int2(sourceTexture.get_width(), sourceTexture.get_height()) - int2(1))), 0).xyz, 1.0);
        return out;
    }

*/
static const uint8_t copyFs_source_metal_sim[496] = {
    0x23,0x69,0x6e,0x63,0x6c,0x75,0x64,0x65,0x20,0x3c,0x6d,0x65,0x74,0x61,0x6c,0x5f,
    0x73,0x74,0x64,0x6c,0x69,0x62,0x3e,0x0a,0x23,0x69,0x6e,0x63,0x6c,0x75,0x64,0x65,
    0x20,0x3c,0x73,0x69,0x6d,0x64,0x2f,0x73,0x69,0x6d,0x64,0x2e,0x68,0x3e,0x0a,0x0a,
    0x75,0x73,0x69,0x6e,0x67,0x20,0x6e,0x61,0x6d,0x65,0x73,0x70,0x61,0x63,0x65,0x20,
    0x6d,0x65,0x74,0x61,0x6c,0x3b,0x0a,0x0a,0x73,0x74,0x72,0x75,0x63,0x74,0x20,0x6d,
    0x61,0x69,0x6e,0x30,0x5f,0x6f,0x75,0x74,0x0a,0x7b,0x0a,0x20,0x20,0x20,0x20,0x66,
    0x6c,0x6f,0x61,0x74,0x34,0x20,0x66,0x72,0x61,0x67,0x43,0x6f,0x6c,0x6f,0x72,0x20,
    0x5b,0x5b,0x63,0x6f,0x6c,0x6f,0x72,0x28,0x30,0x29,0x5d,0x5d,0x3b,0x0a,0x7d,0x3b,
    0x0a,0x0a,0x66,0x72,0x61,0x67,0x6d,0x65,0x6e,0x74,0x20,0x6d,0x61,0x69,0x6e,0x30,
    0x5f,0x6f,0x75,0x74,0x20,0x6d,0x61,0x69,0x6e,0x30,0x28,0x74,0x65,0x78,0x74,0x75,
    0x72,0x65,0x32,0x64,0x3c,0x66,0x6c,0x6f,0x61,0x74,0x3e,0x20,0x73,0x6f,0x75,0x72,
    0x63,0x65,0x54,0x65,0x78,0x74,0x75,0x72,0x65,0x20,0x5b,0x5b,0x74,0x65,0x78,0x74,
    0x75,0x72,0x65,0x28,0x30,0x29,0x5d,0x5d,0x2c,0x20,0x73,0x61,0x6d,0x70,0x6c,0x65,
    0x72,0x20,0x70,0x6f,0x69,0x6e,0x74,0x53,0x61,0x6d,0x70,0x6c,0x65,0x72,0x20,0x5b,
    0x5b,0x73,0x61,0x6d,0x70,0x6c,0x65,0x72,0x28,0x30,0x29,0x5d,0x5d,0x2c,0x20,0x66,
    0x6c,0x6f,0x61,0x74,0x34,0x20,0x67,0x6c,0x5f,0x46,0x72,0x61,0x67,0x43,0x6f,0x6f,
    0x72,0x64,0x20,0x5b,0x5b,0x70,0x6f,0x73,0x69,0x74,0x69,0x6f,0x6e,0x5d,0x5d,0x29,
    0x0a,0x7b,0x0a,0x20,0x20,0x20,0x20,0x6d,0x61,0x69,0x6e,0x30,0x5f,0x6f,0x75,0x74,
    0x20,0x6f,0x75,0x74,0x20,0x3d,0x20,0x7b,0x7d,0x3b,0x0a,0x20,0x20,0x20,0x20,0x6f,
    0x75,0x74,0x2e,0x66,0x72,0x61,0x67,0x43,0x6f,0x6c,0x6f,0x72,0x20,0x3d,0x20,0x66,
    0x6c,0x6f,0x61,0x74,0x34,0x28,0x73,0x6f,0x75,0x72,0x63,0x65,0x54,0x65,0x78,0x74,
    0x75,0x72,0x65,0x2e,0x72,0x65,0x61,0x64,0x28,0x75,0x69,0x6e,0x74,0x32,0x28,0x63,
    0x6c,0x61,0x6d,0x70,0x28,0x69,0x6e,0x74,0x32,0x28,0x67,0x6c,0x5f,0x46,0x72,0x61,
    0x67,0x43,0x6f,0x6f,0x72,0x64,0x2e,0x78,0x79,0x29,0x2c,0x20,0x69,0x6e,0x74,0x32,
    0x28,0x30,0x29,0x2c,0x20,0x69,0x6e,0x74,0x32,0x28,0x73,0x6f,0x75,0x72,0x63,0x65,
    0x54,0x65,0x78,0x74,0x75,0x72,0x65,0x2e,0x67,0x65,0x74,0x5f,0x77,0x69,0x64,0x74,
    0x68,0x28,0x29,0x2c,0x20,0x73,0x6f,0x75,0x72,0x63,0x65,0x54,0x65,0x78,0x74,0x75,
    0x72,0x65,0x2e,0x67,0x65,0x74,0x5f,0x68,0x65,0x69,0x67,0x68,0x74,0x28,0x29,0x29,
    0x20,0x2d,0x20,0x69,0x6e,0x74,0x32,0x28,0x31,0x29,0x29,0x29,0x2c,0x20,0x30,0x29,
    0x2e,0x78,0x79,0x7a,0x2c,0x20,0x31,0x2e,0x30,0x29,0x3b,0x0a,0x20,0x20,0x20,0x20,
    0x72,0x65,0x74,0x75,0x72,0x6e,0x20,0x6f,0x75,0x74,0x3b,0x0a,0x7d,0x0a,0x0a,0x00,

};
/*
    diagnostic(off, derivative_uniformity);

    struct modelParams {
      /_ @offset(0) _/
      model : mat4x4f,
      /_ @offset(64) _/
      normalModel : mat4x4f,
    }

    struct vertexParams {
      /_ @offset(0) _/
      viewProj : mat4x4f,
      /_ @offset(64) _/
      cameraRight : vec4f,
      /_ @offset(80) _/
      cameraUp : vec4f,
    }

    @binding(4) @group(0) var<uniform> x_13 : modelParams;

    var<private> position_1 : vec3f;

    var<private> worldPosition : vec3f;

    var<private> worldNormal : vec3f;

    var<private> normal : vec3f;

    var<private> baseColor : vec4f;

    var<private> color : vec4f;

    @binding(0) @group(0) var<uniform> x_61 : vertexParams;

    var<private> gl_Position : vec4f;

    fn main_1() {
      let x_28 = (x_13.model * vec4f(position_1.x, position_1.y, position_1.z, 1.0f));
      worldPosition = x_28.xyz;
      let x_36 = x_13.normalModel;
      worldNormal = (mat3x3f(x_36[0u].xyz, x_36[1u].xyz, x_36[2u].xyz) * normal);
      baseColor = color;
      gl_Position = (x_61.viewProj * x_28);
      return;
    }

    struct main_out {
      @location(0)
      worldPosition_1 : vec3f,
      @location(1)
      worldNormal_1 : vec3f,
      @location(2)
      baseColor_1 : vec4f,
      @builtin(position)
      gl_Position : vec4f,
    }

    @vertex
    fn main(@location(0) position_1_param : vec3f, @location(1) normal_param : vec3f, @location(2) color_param : vec4f) -> main_out {
      position_1 = position_1_param;
      normal = normal_param;
      color = color_param;
      main_1();
      return main_out(worldPosition, worldNormal, baseColor, gl_Position);
    }
*/
static const uint8_t litVs_source_wgsl[1441] = {
    0x64,0x69,0x61,0x67,0x6e,0x6f,0x73,0x74,0x69,0x63,0x28,0x6f,0x66,0x66,0x2c,0x20,
    0x64,0x65,0x72,0x69,0x76,0x61,0x74,0x69,0x76,0x65,0x5f,0x75,0x6e,0x69,0x66,0x6f,
    0x72,0x6d,0x69,0x74,0x79,0x29,0x3b,0x0a,0x0a,0x73,0x74,0x72,0x75,0x63,0x74,0x20,
    0x6d,0x6f,0x64,0x65,0x6c,0x50,0x61,0x72,0x61,0x6d,0x73,0x20,0x7b,0x0a,0x20,0x20,
    0x2f,0x2a,0x20,0x40,0x6f,0x66,0x66,0x73,0x65,0x74,0x28,0x30,0x29,0x20,0x2a,0x2f,
    0x0a,0x20,0x20,0x6d,0x6f,0x64,0x65,0x6c,0x20,0x3a,0x20,0x6d,0x61,0x74,0x34,0x78,
    0x34,0x66,0x2c,0x0a,0x20,0x20,0x2f,0x2a,0x20,0x40,0x6f,0x66,0x66,0x73,0x65,0x74,
    0x28,0x36,0x34,0x29,0x20,0x2a,0x2f,0x0a,0x20,0x20,0x6e,0x6f,0x72,0x6d,0x61,0x6c,
    0x4d,0x6f,0x64,0x65,0x6c,0x20,0x3a,0x20,0x6d,0x61,0x74,0x34,0x78,0x34,0x66,0x2c,
    0x0a,0x7d,0x0a,0x0a,0x73,0x74,0x72,0x75,0x63,0x74,0x20,0x76,0x65,0x72,0x74,0x65,
    0x78,0x50,0x61,0x72,0x61,0x6d,0x73,0x20,0x7b,0x0a,0x20,0x20,0x2f,0x2a,0x20,0x40,
    0x6f,0x66,0x66,0x73,0x65,0x74,0x28,0x30,0x29,0x20,0x2a,0x2f,0x0a,0x20,0x20,0x76,
    0x69,0x65,0x77,0x50,0x72,0x6f,0x6a,0x20,0x3a,0x20,0x6d,0x61,0x74,0x34,0x78,0x34,
    0x66,0x2c,0x0a,0x20,0x20,0x2f,0x2a,0x20,0x40,0x6f,0x66,0x66,0x73,0x65,0x74,0x28,
    0x36,0x34,0x29,0x20,0x2a,0x2f,0x0a,0x20,0x20,0x63,0x61,0x6d,0x65,0x72,0x61,0x52,
    0x69,0x67,0x68,0x74,0x20,0x3a,0x20,0x76,0x65,0x63,0x34,0x66,0x2c,0x0a,0x20,0x20,
    0x2f,0x2a,0x20,0x40,0x6f,0x66,0x66,0x73,0x65,0x74,0x28,0x38,0x30,0x29,0x20,0x2a,
    0x2f,0x0a,0x20,0x20,0x63,0x61,0x6d,0x65,0x72,0x61,0x55,0x70,0x20,0x3a,0x20,0x76,
    0x65,0x63,0x34,0x66,0x2c,0x0a,0x7d,0x0a,0x0a,0x40,0x62,0x69,0x6e,0x64,0x69,0x6e,
    0x67,0x28,0x34,0x29,0x20,0x40,0x67,0x72,0x6f,0x75,0x70,0x28,0x30,0x29,0x20,0x76,
    0x61,0x72,0x3c,0x75,0x6e,0x69,0x66,0x6f,0x72,0x6d,0x3e,0x20,0x78,0x5f,0x31,0x33,
    0x20,0x3a,0x20,0x6d,0x6f,0x64,0x65,0x6c,0x50,0x61,0x72,0x61,0x6d,0x73,0x3b,0x0a,
    0x0a,0x76,0x61,0x72,0x3c,0x70,0x72,0x69,0x76,0x61,0x74,0x65,0x3e,0x20,0x70,0x6f,
    0x73,0x69,0x74,0x69,0x6f,0x6e,0x5f,0x31,0x20,0x3a,0x20,0x76,0x65,0x63,0x33,0x66,
    0x3b,0x0a,0x0a,0x76,0x61,0x72,0x3c,0x70,0x72,0x69,0x76,0x61,0x74,0x65,0x3e,0x20,
    0x77,0x6f,0x72,0x6c,0x64,0x50,0x6f,0x73,0x69,0x74,0x69,0x6f,0x6e,0x20,0x3a,0x20,
    0x76,0x65,0x63,0x33,0x66,0x3b,0x0a,0x0a,0x76,0x61,0x72,0x3c,0x70,0x72,0x69,0x76,
    0x61,0x74,0x65,0x3e,0x20,0x77,0x6f,0x72,0x6c,0x64,0x4e,0x6f,0x72,0x6d,0x61,0x6c,
    0x20,0x3a,0x20,0x76,0x65,0x63,0x33,0x66,0x3b,0x0a,0x0a,0x76,0x61,0x72,0x3c,0x70,
    0x72,0x69,0x76,0x61,0x74,0x65,0x3e,0x20,0x6e,0x6f,0x72,0x6d,0x61,0x6c,0x20,0x3a,
    0x20,0x76,0x65,0x63,0x33,0x66,0x3b,0x0a,0x0a,0x76,0x61,0x72,0x3c,0x70,0x72,0x69,
    0x76,0x61,0x74,0x65,0x3e,0x20,0x62,0x61,0x73,0x65,0x43,0x6f,0x6c,0x6f,0x72,0x20,
    0x3a,0x20,0x76,0x65,0x63,0x34,0x66,0x3b,0x0a,0x0a,0x76,0x61,0x72,0x3c,0x70,0x72,
    0x69,0x76,0x61,0x74,0x65,0x3e,0x20,0x63,0x6f,0x6c,0x6f,0x72,0x20,0x3a,0x20,0x76,
    0x65,0x63,0x34,0x66,0x3b,0x0a,0x0a,0x40,0x62,0x69,0x6e,0x64,0x69,0x6e,0x67,0x28,
    0x30,0x29,0x20,0x40,0x67,0x72,0x6f,0x75,0x70,0x28,0x30,0x29,0x20,0x76,0x61,0x72,
    0x3c,0x75,0x6e,0x69,0x66,0x6f,0x72,0x6d,0x3e,0x20,0x78,0x5f,0x36,0x31,0x20,0x3a,
    0x20,0x76,0x65,0x72,0x74,0x65,0x78,0x50,0x61,0x72,0x61,0x6d,0x73,0x3b,0x0a,0x0a,
    0x76,0x61,0x72,0x3c,0x70,0x72,0x69,0x76,0x61,0x74,0x65,0x3e,0x20,0x67,0x6c,0x5f,
    0x50,0x6f,0x73,0x69,0x74,0x69,0x6f,0x6e,0x20,0x3a,0x20,0x76,0x65,0x63,0x34,0x66,
    0x3b,0x0a,0x0a,0x66,0x6e,0x20,0x6d,0x61,0x69,0x6e,0x5f,0x31,0x28,0x29,0x20,0x7b,
    0x0a,0x20,0x20,0x6c,0x65,0x74,0x20,0x78,0x5f,0x32,0x38,0x20,0x3d,0x20,0x28,0x78,
    0x5f,0x31,0x33,0x2e,0x6d,0x6f,0x64,0x65,0x6c,0x20,0x2a,0x20,0x76,0x65,0x63,0x34,
    0x66,0x28,0x70,0x6f,0x73,0x69,0x74,0x69,0x6f,0x6e,0x5f,0x31,0x2e,0x78,0x2c,0x20,
    0x70,0x6f,0x73,0x69,0x74,0x69,0x6f,0x6e,0x5f,0x31,0x2e,0x79,0x2c,0x20,0x70,0x6f,
    0x73,0x69,0x74,0x69,0x6f,0x6e,0x5f,0x31,0x2e,0x7a,0x2c,0x20,0x31,0x2e,0x30,0x66,
    0x29,0x29,0x3b,0x0a,0x20,0x20,0x77,0x6f,0x72,0x6c,0x64,0x50,0x6f,0x73,0x69,0x74,
    0x69,0x6f,0x6e,0x20,0x3d,0x20,0x78,0x5f,0x32,0x38,0x2e,0x78,0x79,0x7a,0x3b,0x0a,
    0x20,0x20,0x6c,0x65,0x74,0x20,0x78,0x5f,0x33,0x36,0x20,0x3d,0x20,0x78,0x5f,0x31,
    0x33,0x2e,0x6e,0x6f,0x72,0x6d,0x61,0x6c,0x4d,0x6f,0x64,0x65,0x6c,0x3b,0x0a,0x20,
    0x20,0x77,0x6f,0x72,0x6c,0x64,0x4e,0x6f,0x72,0x6d,0x61,0x6c,0x20,0x3d,0x20,0x28,
    0x6d,0x61,0x74,0x33,0x78,0x33,0x66,0x28,0x78,0x5f,0x33,0x36,0x5b,0x30,0x75,0x5d,
    0x2e,0x78,0x79,0x7a,0x2c,0x20,0x78,0x5f,0x33,0x36,0x5b,0x31,0x75,0x5d,0x2e,0x78,
    0x79,0x7a,0x2c,0x20,0x78,0x5f,0x33,0x36,0x5b,0x32,0x75,0x5d,0x2e,0x78,0x79,0x7a,
    0x29,0x20,0x2a,0x20,0x6e,0x6f,0x72,0x6d,0x61,0x6c,0x29,0x3b,0x0a,0x20,0x20,0x62,
    0x61,0x73,0x65,0x43,0x6f,0x6c,0x6f,0x72,0x20,0x3d,0x20,0x63,0x6f,0x6c,0x6f,0x72,
    0x3b,0x0a,0x20,0x20,0x67,0x6c,0x5f,0x50,0x6f,0x73,0x69,0x74,0x69,0x6f,0x6e,0x20,
    0x3d,0x20,0x28,0x78,0x5f,0x36,0x31,0x2e,0x76,0x69,0x65,0x77,0x50,0x72,0x6f,0x6a,
    0x20,0x2a,0x20,0x78,0x5f,0x32,0x38,0x29,0x3b,0x0a,0x20,0x20,0x72,0x65,0x74,0x75,
    0x72,0x6e,0x3b,0x0a,0x7d,0x0a,0x0a,0x73,0x74,0x72,0x75,0x63,0x74,0x20,0x6d,0x61,
    0x69,0x6e,0x5f,0x6f,0x75,0x74,0x20,0x7b,0x0a,0x20,0x20,0x40,0x6c,0x6f,0x63,0x61,
    0x74,0x69,0x6f,0x6e,0x28,0x30,0x29,0x0a,0x20,0x20,0x77,0x6f,0x72,0x6c,0x64,0x50,
    0x6f,0x73,0x69,0x74,0x69,0x6f,0x6e,0x5f,0x31,0x20,0x3a,0x20,0x76,0x65,0x63,0x33,
    0x66,0x2c,0x0a,0x20,0x20,0x40,0x6c,0x6f,0x63,0x61,0x74,0x69,0x6f,0x6e,0x28,0x31,
    0x29,0x0a,0x20,0x20,0x77,0x6f,0x72,0x6c,0x64,0x4e,0x6f,0x72,0x6d,0x61,0x6c,0x5f,
    0x31,0x20,0x3a,0x20,0x76,0x65,0x63,0x33,0x66,0x2c,0x0a,0x20,0x20,0x40,0x6c,0x6f,
    0x63,0x61,0x74,0x69,0x6f,0x6e,0x28,0x32,0x29,0x0a,0x20,0x20,0x62,0x61,0x73,0x65,
    0x43,0x6f,0x6c,0x6f,0x72,0x5f,0x31,0x20,0x3a,0x20,0x76,0x65,0x63,0x34,0x66,0x2c,
    0x0a,0x20,0x20,0x40,0x62,0x75,0x69,0x6c,0x74,0x69,0x6e,0x28,0x70,0x6f,0x73,0x69,
    0x74,0x69,0x6f,0x6e,0x29,0x0a,0x20,0x20,0x67,0x6c,0x5f,0x50,0x6f,0x73,0x69,0x74,
    0x69,0x6f,0x6e,0x20,0x3a,0x20,0x76,0x65,0x63,0x34,0x66,0x2c,0x0a,0x7d,0x0a,0x0a,
    0x40,0x76,0x65,0x72,0x74,0x65,0x78,0x0a,0x66,0x6e,0x20,0x6d,0x61,0x69,0x6e,0x28,
    0x40,0x6c,0x6f,0x63,0x61,0x74,0x69,0x6f,0x6e,0x28,0x30,0x29,0x20,0x70,0x6f,0x73,
    0x69,0x74,0x69,0x6f,0x6e,0x5f,0x31,0x5f,0x70,0x61,0x72,0x61,0x6d,0x20,0x3a,0x20,
    0x76,0x65,0x63,0x33,0x66,0x2c,0x20,0x40,0x6c,0x6f,0x63,0x61,0x74,0x69,0x6f,0x6e,
    0x28,0x31,0x29,0x20,0x6e,0x6f,0x72,0x6d,0x61,0x6c,0x5f,0x70,0x61,0x72,0x61,0x6d,
    0x20,0x3a,0x20,0x76,0x65,0x63,0x33,0x66,0x2c,0x20,0x40,0x6c,0x6f,0x63,0x61,0x74,
    0x69,0x6f,0x6e,0x28,0x32,0x29,0x20,0x63,0x6f,0x6c,0x6f,0x72,0x5f,0x70,0x61,0x72,
    0x61,0x6d,0x20,0x3a,0x20,0x76,0x65,0x63,0x34,0x66,0x29,0x20,0x2d,0x3e,0x20,0x6d,
    0x61,0x69,0x6e,0x5f,0x6f,0x75,0x74,0x20,0x7b,0x0a,0x20,0x20,0x70,0x6f,0x73,0x69,
    0x74,0x69,0x6f,0x6e,0x5f,0x31,0x20,0x3d,0x20,0x70,0x6f,0x73,0x69,0x74,0x69,0x6f,
    0x6e,0x5f,0x31,0x5f,0x70,0x61,0x72,0x61,0x6d,0x3b,0x0a,0x20,0x20,0x6e,0x6f,0x72,
    0x6d,0x61,0x6c,0x20,0x3d,0x20,0x6e,0x6f,0x72,0x6d,0x61,0x6c,0x5f,0x70,0x61,0x72,
    0x61,0x6d,0x3b,0x0a,0x20,0x20,0x63,0x6f,0x6c,0x6f,0x72,0x20,0x3d,0x20,0x63,0x6f,
    0x6c,0x6f,0x72,0x5f,0x70,0x61,0x72,0x61,0x6d,0x3b,0x0a,0x20,0x20,0x6d,0x61,0x69,
    0x6e,0x5f,0x31,0x28,0x29,0x3b,0x0a,0x20,0x20,0x72,0x65,0x74,0x75,0x72,0x6e,0x20,
    0x6d,0x61,0x69,0x6e,0x5f,0x6f,0x75,0x74,0x28,0x77,0x6f,0x72,0x6c,0x64,0x50,0x6f,
    0x73,0x69,0x74,0x69,0x6f,0x6e,0x2c,0x20,0x77,0x6f,0x72,0x6c,0x64,0x4e,0x6f,0x72,
    0x6d,0x61,0x6c,0x2c,0x20,0x62,0x61,0x73,0x65,0x43,0x6f,0x6c,0x6f,0x72,0x2c,0x20,
    0x67,0x6c,0x5f,0x50,0x6f,0x73,0x69,0x74,0x69,0x6f,0x6e,0x29,0x3b,0x0a,0x7d,0x0a,
    0x00,
};
/*
    diagnostic(off, derivative_uniformity);

    alias Arr = array<vec4f, 4u>;

    alias Arr_1 = array<vec4f, 4u>;

    struct lightParams {
      /_ @offset(0) _/
      ambient : vec4f,
      /_ @offset(16) _/
      dirLight : vec4f,
      /_ @offset(32) _/
      dirColor : vec4f,
      /_ @offset(48) _/
      pointLight : Arr,
      /_ @offset(112) _/
      pointColor : Arr_1,
    }

    struct materialParams {
      /_ @offset(0) _/
      material : vec4f,
    }

    @binding(1) @group(0) var<uniform> x_31 : lightParams;

    var<private> worldNormal : vec3f;

    var<private> worldPosition : vec3f;

    var<private> fragColor : vec4f;

    var<private> baseColor : vec4f;

    @binding(3) @group(0) var<uniform> x_169 : materialParams;

    fn pointLightAt_i1_vf3_vf3_(i : ptr<function, i32>, position_1 : ptr<function, vec3f>, normal : ptr<function, vec3f>) -> vec3f {
      let x_39 = (x_31.pointLight[*(i)].xyz - *(position_1));
      let x_42 = length(x_39);
      let x_55 = clamp((1.0f - (x_42 / x_31.pointColor[*(i)].w)), 0.0f, 1.0f);
      let x_57 = *(normal);
      let x_61 = max(x_42, 0.00009999999747378752f);
      let x_68 = x_31.pointColor[*(i)];
      let x_77 = x_31.pointLight[*(i)].w;
      return (x_68.xyz * (((x_55 * x_55) * max(dot(x_57, (x_39 / vec3f(x_61))), 0.0f)) * x_77));
    }

    fn saturated_vf3_f1_(rgb : ptr<function, vec3f>, amount : ptr<function, f32>) -> vec3f {
      if ((*(amount) == 0.0f)) {
        let x_87 = *(rgb);
        return x_87;
      }
      let x_97 = *(amount);
      let x_99 = *(rgb);
      let x_105 = (dot(*(rgb), vec3f(0.21267099678516387939f, 0.71516001224517822266f, 0.07216899842023849487f)) * -(x_97));
      return ((x_99 * (x_97 + 1.0f)) + vec3f(x_105));
    }

    fn main_1() {
      var light : vec3f;
      var i_1 : i32;
      var param : i32;
      var param_1 : vec3f;
      var param_2 : vec3f;
      var param_3 : vec3f;
      var param_4 : f32;
      let x_114 = normalize(worldNormal);
      light = (x_31.ambient.xyz + (x_31.dirColor.xyz * (max(dot(x_114, x_31.dirLight.xyz), 0.0f) * x_31.dirLight.w)));
      i_1 = 0i;
      loop {
        if ((i_1 < i32((x_31.ambient.w + 0.5f)))) {
        } else {
          break;
        }
        param = i_1;
        param_1 = worldPosition;
        param_2 = x_114;
        let x_158 = pointLightAt_i1_vf3_vf3_(&(param), &(param_1), &(param_2));
        light = (light + x_158);

        continuing {
          i_1 = (i_1 + 1i);
        }
      }
      param_3 = baseColor.xyz;
      param_4 = x_169.material.y;
      let x_177 = saturated_vf3_f1_(&(param_3), &(param_4));
      let x_179 = (x_177 * light);
      fragColor = vec4f(x_179.x, x_179.y, x_179.z, baseColor.w);
      return;
    }

    struct main_out {
      @location(0)
      fragColor_1 : vec4f,
    }

    @fragment
    fn main(@location(1) worldNormal_param : vec3f, @location(0) worldPosition_param : vec3f, @location(2) baseColor_param : vec4f) -> main_out {
      worldNormal = worldNormal_param;
      worldPosition = worldPosition_param;
      baseColor = baseColor_param;
      main_1();
      return main_out(fragColor);
    }
*/
static const uint8_t litFs_source_wgsl[2782] = {
    0x64,0x69,0x61,0x67,0x6e,0x6f,0x73,0x74,0x69,0x63,0x28,0x6f,0x66,0x66,0x2c,0x20,
    0x64,0x65,0x72,0x69,0x76,0x61,0x74,0x69,0x76,0x65,0x5f,0x75,0x6e,0x69,0x66,0x6f,
    0x72,0x6d,0x69,0x74,0x79,0x29,0x3b,0x0a,0x0a,0x61,0x6c,0x69,0x61,0x73,0x20,0x41,
    0x72,0x72,0x20,0x3d,0x20,0x61,0x72,0x72,0x61,0x79,0x3c,0x76,0x65,0x63,0x34,0x66,
    0x2c,0x20,0x34,0x75,0x3e,0x3b,0x0a,0x0a,0x61,0x6c,0x69,0x61,0x73,0x20,0x41,0x72,
    0x72,0x5f,0x31,0x20,0x3d,0x20,0x61,0x72,0x72,0x61,0x79,0x3c,0x76,0x65,0x63,0x34,
    0x66,0x2c,0x20,0x34,0x75,0x3e,0x3b,0x0a,0x0a,0x73,0x74,0x72,0x75,0x63,0x74,0x20,
    0x6c,0x69,0x67,0x68,0x74,0x50,0x61,0x72,0x61,0x6d,0x73,0x20,0x7b,0x0a,0x20,0x20,
    0x2f,0x2a,0x20,0x40,0x6f,0x66,0x66,0x73,0x65,0x74,0x28,0x30,0x29,0x20,0x2a,0x2f,
    0x0a,0x20,0x20,0x61,0x6d,0x62,0x69,0x65,0x6e,0x74,0x20,0x3a,0x20,0x76,0x65,0x63,
    0x34,0x66,0x2c,0x0a,0x20,0x20,0x2f,0x2a,0x20,0x40,0x6f,0x66,0x66,0x73,0x65,0x74,
    0x28,0x31,0x36,0x29,0x20,0x2a,0x2f,0x0a,0x20,0x20,0x64,0x69,0x72,0x4c,0x69,0x67,
    0x68,0x74,0x20,0x3a,0x20,0x76,0x65,0x63,0x34,0x66,0x2c,0x0a,0x20,0x20,0x2f,0x2a,
    0x20,0x40,0x6f,0x66,0x66,0x73,0x65,0x74,0x28,0x33,0x32,0x29,0x20,0x2a,0x2f,0x0a,
    0x20,0x20,0x64,0x69,0x72,0x43,0x6f,0x6c,0x6f,0x72,0x20,0x3a,0x20,0x76,0x65,0x63,
    0x34,0x66,0x2c,0x0a,0x20,0x20,0x2f,0x2a,0x20,0x40,0x6f,0x66,0x66,0x73,0x65,0x74,
    0x28,0x34,0x38,0x29,0x20,0x2a,0x2f,0x0a,0x20,0x20,0x70,0x6f,0x69,0x6e,0x74,0x4c,
    0x69,0x67,0x68,0x74,0x20,0x3a,0x20,0x41,0x72,0x72,0x2c,0x0a,0x20,0x20,0x2f,0x2a,
    0x20,0x40,0x6f,0x66,0x66,0x73,0x65,0x74,0x28,0x31,0x31,0x32,0x29,0x20,0x2a,0x2f,
    0x0a,0x20,0x20,0x70,0x6f,0x69,0x6e,0x74,0x43,0x6f,0x6c,0x6f,0x72,0x20,0x3a,0x20,
    0x41,0x72,0x72,0x5f,0x31,0x2c,0x0a,0x7d,0x0a,0x0a,0x73,0x74,0x72,0x75,0x63,0x74,
    0x20,0x6d,0x61,0x74,0x65,0x72,0x69,0x61,0x6c,0x50,0x61,0x72,0x61,0x6d,0x73,0x20,
    0x7b,0x0a,0x20,0x20,0x2f,0x2a,0x20,0x40,0x6f,0x66,0x66,0x73,0x65,0x74,0x28,0x30,
    0x29,0x20,0x2a,0x2f,0x0a,0x20,0x20,0x6d,0x61,0x74,0x65,0x72,0x69,0x61,0x6c,0x20,
    0x3a,0x20,0x76,0x65,0x63,0x34,0x66,0x2c,0x0a,0x7d,0x0a,0x0a,0x40,0x62,0x69,0x6e,
    0x64,0x69,0x6e,0x67,0x28,0x31,0x29,0x20,0x40,0x67,0x72,0x6f,0x75,0x70,0x28,0x30,
    0x29,0x20,0x76,0x61,0x72,0x3c,0x75,0x6e,0x69,0x66,0x6f,0x72,0x6d,0x3e,0x20,0x78,
    0x5f,0x33,0x31,0x20,0x3a,0x20,0x6c,0x69,0x67,0x68,0x74,0x50,0x61,0x72,0x61,0x6d,
    0x73,0x3b,0x0a,0x0a,0x76,0x61,0x72,0x3c,0x70,0x72,0x69,0x76,0x61,0x74,0x65,0x3e,
    0x20,0x77,0x6f,0x72,0x6c,0x64,0x4e,0x6f,0x72,0x6d,0x61,0x6c,0x20,0x3a,0x20,0x76,
    0x65,0x63,0x33,0x66,0x3b,0x0a,0x0a,0x76,0x61,0x72,0x3c,0x70,0x72,0x69,0x76,0x61,
    0x74,0x65,0x3e,0x20,0x77,0x6f,0x72,0x6c,0x64,0x50,0x6f,0x73,0x69,0x74,0x69,0x6f,
    0x6e,0x20,0x3a,0x20,0x76,0x65,0x63,0x33,0x66,0x3b,0x0a,0x0a,0x76,0x61,0x72,0x3c,
    0x70,0x72,0x69,0x76,0x61,0x74,0x65,0x3e,0x20,0x66,0x72,0x61,0x67,0x43,0x6f,0x6c,
    0x6f,0x72,0x20,0x3a,0x20,0x76,0x65,0x63,0x34,0x66,0x3b,0x0a,0x0a,0x76,0x61,0x72,
    0x3c,0x70,0x72,0x69,0x76,0x61,0x74,0x65,0x3e,0x20,0x62,0x61,0x73,0x65,0x43,0x6f,
    0x6c,0x6f,0x72,0x20,0x3a,0x20,0x76,0x65,0x63,0x34,0x66,0x3b,0x0a,0x0a,0x40,0x62,
    0x69,0x6e,0x64,0x69,0x6e,0x67,0x28,0x33,0x29,0x20,0x40,0x67,0x72,0x6f,0x75,0x70,
    0x28,0x30,0x29,0x20,0x76,0x61,0x72,0x3c,0x75,0x6e,0x69,0x66,0x6f,0x72,0x6d,0x3e,
    0x20,0x78,0x5f,0x31,0x36,0x39,0x20,0x3a,0x20,0x6d,0x61,0x74,0x65,0x72,0x69,0x61,
    0x6c,0x50,0x61,0x72,0x61,0x6d,0x73,0x3b,0x0a,0x0a,0x66,0x6e,0x20,0x70,0x6f,0x69,
    0x6e,0x74,0x4c,0x69,0x67,0x68,0x74,0x41,0x74,0x5f,0x69,0x31,0x5f,0x76,0x66,0x33,
    0x5f,0x76,0x66,0x33,0x5f,0x28,0x69,0x20,0x3a,0x20,0x70,0x74,0x72,0x3c,0x66,0x75,
    0x6e,0x63,0x74,0x69,0x6f,0x6e,0x2c,0x20,0x69,0x33,0x32,0x3e,0x2c,0x20,0x70,0x6f,
    0x73,0x69,0x74,0x69,0x6f,0x6e,0x5f,0x31,0x20,0x3a,0x20,0x70,0x74,0x72,0x3c,0x66,
    0x75,0x6e,0x63,0x74,0x69,0x6f,0x6e,0x2c,0x20,0x76,0x65,0x63,0x33,0x66,0x3e,0x2c,
    0x20,0x6e,0x6f,0x72,0x6d,0x61,0x6c,0x20,0x3a,0x20,0x70,0x74,0x72,0x3c,0x66,0x75,
    0x6e,0x63,0x74,0x69,0x6f,0x6e,0x2c,0x20,0x76,0x65,0x63,0x33,0x66,0x3e,0x29,0x20,
    0x2d,0x3e,0x20,0x76,0x65,0x63,0x33,0x66,0x20,0x7b,0x0a,0x20,0x20,0x6c,0x65,0x74,
    0x20,0x78,0x5f,0x33,0x39,0x20,0x3d,0x20,0x28,0x78,0x5f,0x33,0x31,0x2e,0x70,0x6f,
    0x69,0x6e,0x74,0x4c,0x69,0x67,0x68,0x74,0x5b,0x2a,0x28,0x69,0x29,0x5d,0x2e,0x78,
    0x79,0x7a,0x20,0x2d,0x20,0x2a,0x28,0x70,0x6f,0x73,0x69,0x74,0x69,0x6f,0x6e,0x5f,
    0x31,0x29,0x29,0x3b,0x0a,0x20,0x20,0x6c,0x65,0x74,0x20,0x78,0x5f,0x34,0x32,0x20,
    0x3d,0x20,0x6c,0x65,0x6e,0x67,0x74,0x68,0x28,0x78,0x5f,0x33,0x39,0x29,0x3b,0x0a,
    0x20,0x20,0x6c,0x65,0x74,0x20,0x78,0x5f,0x35,0x35,0x20,0x3d,0x20,0x63,0x6c,0x61,
    0x6d,0x70,0x28,0x28,0x31,0x2e,0x30,0x66,0x20,0x2d,0x20,0x28,0x78,0x5f,0x34,0x32,
    0x20,0x2f,0x20,0x78,0x5f,0x33,0x31,0x2e,0x70,0x6f,0x69,0x6e,0x74,0x43,0x6f,0x6c,
    0x6f,0x72,0x5b,0x2a,0x28,0x69,0x29,0x5d,0x2e,0x77,0x29,0x29,0x2c,0x20,0x30,0x2e,
    0x30,0x66,0x2c,0x20,0x31,0x2e,0x30,0x66,0x29,0x3b,0x0a,0x20,0x20,0x6c,0x65,0x74,
    0x20,0x78,0x5f,0x35,0x37,0x20,0x3d,0x20,0x2a,0x28,0x6e,0x6f,0x72,0x6d,0x61,0x6c,
    0x29,0x3b,0x0a,0x20,0x20,0x6c,0x65,0x74,0x20,0x78,0x5f,0x36,0x31,0x20,0x3d,0x20,
    0x6d,0x61,0x78,0x28,0x78,0x5f,0x34,0x32,0x2c,0x20,0x30,0x2e,0x30,0x30,0x30,0x30,
    0x39,0x39,0x39,0x39,0x39,0x39,0x39,0x37,0x34,0x37,0x33,0x37,0x38,0x37,0x35,0x32,
    0x66,0x29,0x3b,0x0a,0x20,0x20,0x6c,0x65,0x74,0x20,0x78,0x5f,0x36,0x38,0x20,0x3d,
    0x20,0x78,0x5f,0x33,0x31,0x2e,0x70,0x6f,0x69,0x6e,0x74,0x43,0x6f,0x6c,0x6f,0x72,
    0x5b,0x2a,0x28,0x69,0x29,0x5d,0x3b,0x0a,0x20,0x20,0x6c,0x65,0x74,0x20,0x78,0x5f,
    0x37,0x37,0x20,0x3d,0x20,0x78,0x5f,0x33,0x31,0x2e,0x70,0x6f,0x69,0x6e,0x74,0x4c,
    0x69,0x67,0x68,0x74,0x5b,0x2a,0x28,0x69,0x29,0x5d,0x2e,0x77,0x3b,0x0a,0x20,0x20,
    0x72,0x65,0x74,0x75,0x72,0x6e,0x20,0x28,0x78,0x5f,0x36,0x38,0x2e,0x78,0x79,0x7a,
    0x20,0x2a,0x20,0x28,0x28,0x28,0x78,0x5f,0x35,0x35,0x20,0x2a,0x20,0x78,0x5f,0x35,
    0x35,0x29,0x20,0x2a,0x20,0x6d,0x61,0x78,0x28,0x64,0x6f,0x74,0x28,0x78,0x5f,0x35,
    0x37,0x2c,0x20,0x28,0x78,0x5f,0x33,0x39,0x20,0x2f,0x20,0x76,0x65,0x63,0x33,0x66,
    0x28,0x78,0x5f,0x36,0x31,0x29,0x29,0x29,0x2c,0x20,0x30,0x2e,0x30,0x66,0x29,0x29,
    0x20,0x2a,0x20,0x78,0x5f,0x37,0x37,0x29,0x29,0x3b,0x0a,0x7d,0x0a,0x0a,0x66,0x6e,
    0x20,0x73,0x61,0x74,0x75,0x72,0x61,0x74,0x65,0x64,0x5f,0x76,0x66,0x33,0x5f,0x66,
    0x31,0x5f,0x28,0x72,0x67,0x62,0x20,0x3a,0x20,0x70,0x74,0x72,0x3c,0x66,0x75,0x6e,
    0x63,0x74,0x69,0x6f,0x6e,0x2c,0x20,0x76,0x65,0x63,0x33,0x66,0x3e,0x2c,0x20,0x61,
    0x6d,0x6f,0x75,0x6e,0x74,0x20,0x3a,0x20,0x70,0x74,0x72,0x3c,0x66,0x75,0x6e,0x63,
    0x74,0x69,0x6f,0x6e,0x2c,0x20,0x66,0x33,0x32,0x3e,0x29,0x20,0x2d,0x3e,0x20,0x76,
    0x65,0x63,0x33,0x66,0x20,0x7b,0x0a,0x20,0x20,0x69,0x66,0x20,0x28,0x28,0x2a,0x28,
    0x61,0x6d,0x6f,0x75,0x6e,0x74,0x29,0x20,0x3d,0x3d,0x20,0x30,0x2e,0x30,0x66,0x29,
    0x29,0x20,0x7b,0x0a,0x20,0x20,0x20,0x20,0x6c,0x65,0x74,0x20,0x78,0x5f,0x38,0x37,
    0x20,0x3d,0x20,0x2a,0x28,0x72,0x67,0x62,0x29,0x3b,0x0a,0x20,0x20,0x20,0x20,0x72,
    0x65,0x74,0x75,0x72,0x6e,0x20,0x78,0x5f,0x38,0x37,0x3b,0x0a,0x20,0x20,0x7d,0x0a,
    0x20,0x20,0x6c,0x65,0x74,0x20,0x78,0x5f,0x39,0x37,0x20,0x3d,0x20,0x2a,0x28,0x61,
    0x6d,0x6f,0x75,0x6e,0x74,0x29,0x3b,0x0a,0x20,0x20,0x6c,0x65,0x74,0x20,0x78,0x5f,
    0x39,0x39,0x20,0x3d,0x20,0x2a,0x28,0x72,0x67,0x62,0x29,0x3b,0x0a,0x20,0x20,0x6c,
    0x65,0x74,0x20,0x78,0x5f,0x31,0x30,0x35,0x20,0x3d,0x20,0x28,0x64,0x6f,0x74,0x28,
    0x2a,0x28,0x72,0x67,0x62,0x29,0x2c,0x20,0x76,0x65,0x63,0x33,0x66,0x28,0x30,0x2e,
    0x32,0x31,0x32,0x36,0x37,0x30,0x39,0x39,0x36,0x37,0x38,0x35,0x31,0x36,0x33,0x38,
    0x37,0x39,0x33,0x39,0x66,0x2c,0x20,0x30,0x2e,0x37,0x31,0x35,0x31,0x36,0x30,0x30,
    0x31,0x32,0x32,0x34,0x35,0x31,0x37,0x38,0x32,0x32,0x32,0x36,0x36,0x66,0x2c,0x20,
    0x30,0x2e,0x30,0x37,0x32,0x31,0x36,0x38,0x39,0x39,0x38,0x34,0x32,0x30,0x32,0x33,
    0x38,0x34,0x39,0x34,0x38,0x37,0x66,0x29,0x29,0x20,0x2a,0x20,0x2d,0x28,0x78,0x5f,
    0x39,0x37,0x29,0x29,0x3b,0x0a,0x20,0x20,0x72,0x65,0x74,0x75,0x72,0x6e,0x20,0x28,
    0x28,0x78,0x5f,0x39,0x39,0x20,0x2a,0x20,0x28,0x78,0x5f,0x39,0x37,0x20,0x2b,0x20,
    0x31,0x2e,0x30,0x66,0x29,0x29,0x20,0x2b,0x20,0x76,0x65,0x63,0x33,0x66,0x28,0x78,
    0x5f,0x31,0x30,0x35,0x29,0x29,0x3b,0x0a,0x7d,0x0a,0x0a,0x66,0x6e,0x20,0x6d,0x61,
    0x69,0x6e,0x5f,0x31,0x28,0x29,0x20,0x7b,0x0a,0x20,0x20,0x76,0x61,0x72,0x20,0x6c,
    0x69,0x67,0x68,0x74,0x20,0x3a,0x20,0x76,0x65,0x63,0x33,0x66,0x3b,0x0a,0x20,0x20,
    0x76,0x61,0x72,0x20,0x69,0x5f,0x31,0x20,0x3a,0x20,0x69,0x33,0x32,0x3b,0x0a,0x20,
    0x20,0x76,0x61,0x72,0x20,0x70,0x61,0x72,0x61,0x6d,0x20,0x3a,0x20,0x69,0x33,0x32,
    0x3b,0x0a,0x20,0x20,0x76,0x61,0x72,0x20,0x70,0x61,0x72,0x61,0x6d,0x5f,0x31,0x20,
    0x3a,0x20,0x76,0x65,0x63,0x33,0x66,0x3b,0x0a,0x20,0x20,0x76,0x61,0x72,0x20,0x70,
    0x61,0x72,0x61,0x6d,0x5f,0x32,0x20,0x3a,0x20,0x76,0x65,0x63,0x33,0x66,0x3b,0x0a,
    0x20,0x20,0x76,0x61,0x72,0x20,0x70,0x61,0x72,0x61,0x6d,0x5f,0x33,0x20,0x3a,0x20,
    0x76,0x65,0x63,0x33,0x66,0x3b,0x0a,0x20,0x20,0x76,0x61,0x72,0x20,0x70,0x61,0x72,
    0x61,0x6d,0x5f,0x34,0x20,0x3a,0x20,0x66,0x33,0x32,0x3b,0x0a,0x20,0x20,0x6c,0x65,
    0x74,0x20,0x78,0x5f,0x31,0x31,0x34,0x20,0x3d,0x20,0x6e,0x6f,0x72,0x6d,0x61,0x6c,
    0x69,0x7a,0x65,0x28,0x77,0x6f,0x72,0x6c,0x64,0x4e,0x6f,0x72,0x6d,0x61,0x6c,0x29,
    0x3b,0x0a,0x20,0x20,0x6c,0x69,0x67,0x68,0x74,0x20,0x3d,0x20,0x28,0x78,0x5f,0x33,
    0x31,0x2e,0x61,0x6d,0x62,0x69,0x65,0x6e,0x74,0x2e,0x78,0x79,0x7a,0x20,0x2b,0x20,
    0x28,0x78,0x5f,0x33,0x31,0x2e,0x64,0x69,0x72,0x43,0x6f,0x6c,0x6f,0x72,0x2e,0x78,
    0x79,0x7a,0x20,0x2a,0x20,0x28,0x6d,0x61,0x78,0x28,0x64,0x6f,0x74,0x28,0x78,0x5f,
    0x31,0x31,0x34,0x2c,0x20,0x78,0x5f,0x33,0x31,0x2e,0x64,0x69,0x72,0x4c,0x69,0x67,
    0x68,0x74,0x2e,0x78,0x79,0x7a,0x29,0x2c,0x20,0x30,0x2e,0x30,0x66,0x29,0x20,0x2a,
    0x20,0x78,0x5f,0x33,0x31,0x2e,0x64,0x69,0x72,0x4c,0x69,0x67,0x68,0x74,0x2e,0x77,
    0x29,0x29,0x29,0x3b,0x0a,0x20,0x20,0x69,0x5f,0x31,0x20,0x3d,0x20,0x30,0x69,0x3b,
    0x0a,0x20,0x20,0x6c,0x6f,0x6f,0x70,0x20,0x7b,0x0a,0x20,0x20,0x20,0x20,0x69,0x66,
    0x20,0x28,0x28,0x69,0x5f,0x31,0x20,0x3c,0x20,0x69,0x33,0x32,0x28,0x28,0x78,0x5f,
    0x33,0x31,0x2e,0x61,0x6d,0x62,0x69,0x65,0x6e,0x74,0x2e,0x77,0x20,0x2b,0x20,0x30,
    0x2e,0x35,0x66,0x29,0x29,0x29,0x29,0x20,0x7b,0x0a,0x20,0x20,0x20,0x20,0x7d,0x20,
    0x65,0x6c,0x73,0x65,0x20,0x7b,0x0a,0x20,0x20,0x20,0x20,0x20,0x20,0x62,0x72,0x65,
    0x61,0x6b,0x3b,0x0a,0x20,0x20,0x20,0x20,0x7d,0x0a,0x20,0x20,0x20,0x20,0x70,0x61,
    0x72,0x61,0x6d,0x20,0x3d,0x20,0x69,0x5f,0x31,0x3b,0x0a,0x20,0x20,0x20,0x20,0x70,
    0x61,0x72,0x61,0x6d,0x5f,0x31,0x20,0x3d,0x20,0x77,0x6f,0x72,0x6c,0x64,0x50,0x6f,
    0x73,0x69,0x74,0x69,0x6f,0x6e,0x3b,0x0a,0x20,0x20,0x20,0x20,0x70,0x61,0x72,0x61,
    0x6d,0x5f,0x32,0x20,0x3d,0x20,0x78,0x5f,0x31,0x31,0x34,0x3b,0x0a,0x20,0x20,0x20,
    0x20,0x6c,0x65,0x74,0x20,0x78,0x5f,0x31,0x35,0x38,0x20,0x3d,0x20,0x70,0x6f,0x69,
    0x6e,0x74,0x4c,0x69,0x67,0x68,0x74,0x41,0x74,0x5f,0x69,0x31,0x5f,0x76,0x66,0x33,
    0x5f,0x76,0x66,0x33,0x5f,0x28,0x26,0x28,0x70,0x61,0x72,0x61,0x6d,0x29,0x2c,0x20,
    0x26,0x28,0x70,0x61,0x72,0x61,0x6d,0x5f,0x31,0x29,0x2c,0x20,0x26,0x28,0x70,0x61,
    0x72,0x61,0x6d,0x5f,0x32,0x29,0x29,0x3b,0x0a,0x20,0x20,0x20,0x20,0x6c,0x69,0x67,
    0x68,0x74,0x20,0x3d,0x20,0x28,0x6c,0x69,0x67,0x68,0x74,0x20,0x2b,0x20,0x78,0x5f,
    0x31,0x35,0x38,0x29,0x3b,0x0a,0x0a,0x20,0x20,0x20,0x20,0x63,0x6f,0x6e,0x74,0x69,
    0x6e,0x75,0x69,0x6e,0x67,0x20,0x7b,0x0a,0x20,0x20,0x20,0x20,0x20,0x20,0x69,0x5f,
    0x31,0x20,0x3d,0x20,0x28,0x69,0x5f,0x31,0x20,0x2b,0x20,0x31,0x69,0x29,0x3b,0x0a,
    0x20,0x20,0x20,0x20,0x7d,0x0a,0x20,0x20,0x7d,0x0a,0x20,0x20,0x70,0x61,0x72,0x61,
    0x6d,0x5f,0x33,0x20,0x3d,0x20,0x62,0x61,0x73,0x65,0x43,0x6f,0x6c,0x6f,0x72,0x2e,
    0x78,0x79,0x7a,0x3b,0x0a,0x20,0x20,0x70,0x61,0x72,0x61,0x6d,0x5f,0x34,0x20,0x3d,
    0x20,0x78,0x5f,0x31,0x36,0x39,0x2e,0x6d,0x61,0x74,0x65,0x72,0x69,0x61,0x6c,0x2e,
    0x79,0x3b,0x0a,0x20,0x20,0x6c,0x65,0x74,0x20,0x78,0x5f,0x31,0x37,0x37,0x20,0x3d,
    0x20,0x73,0x61,0x74,0x75,0x72,0x61,0x74,0x65,0x64,0x5f,0x76,0x66,0x33,0x5f,0x66,
    0x31,0x5f,0x28,0x26,0x28,0x70,0x61,0x72,0x61,0x6d,0x5f,0x33,0x29,0x2c,0x20,0x26,
    0x28,0x70,0x61,0x72,0x61,0x6d,0x5f,0x34,0x29,0x29,0x3b,0x0a,0x20,0x20,0x6c,0x65,
    0x74,0x20,0x78,0x5f,0x31,0x37,0x39,0x20,0x3d,0x20,0x28,0x78,0x5f,0x31,0x37,0x37,
    0x20,0x2a,0x20,0x6c,0x69,0x67,0x68,0x74,0x29,0x3b,0x0a,0x20,0x20,0x66,0x72,0x61,
    0x67,0x43,0x6f,0x6c,0x6f,0x72,0x20,0x3d,0x20,0x76,0x65,0x63,0x34,0x66,0x28,0x78,
    0x5f,0x31,0x37,0x39,0x2e,0x78,0x2c,0x20,0x78,0x5f,0x31,0x37,0x39,0x2e,0x79,0x2c,
    0x20,0x78,0x5f,0x31,0x37,0x39,0x2e,0x7a,0x2c,0x20,0x62,0x61,0x73,0x65,0x43,0x6f,
    0x6c,0x6f,0x72,0x2e,0x77,0x29,0x3b,0x0a,0x20,0x20,0x72,0x65,0x74,0x75,0x72,0x6e,
    0x3b,0x0a,0x7d,0x0a,0x0a,0x73,0x74,0x72,0x75,0x63,0x74,0x20,0x6d,0x61,0x69,0x6e,
    0x5f,0x6f,0x75,0x74,0x20,0x7b,0x0a,0x20,0x20,0x40,0x6c,0x6f,0x63,0x61,0x74,0x69,
    0x6f,0x6e,0x28,0x30,0x29,0x0a,0x20,0x20,0x66,0x72,0x61,0x67,0x43,0x6f,0x6c,0x6f,
    0x72,0x5f,0x31,0x20,0x3a,0x20,0x76,0x65,0x63,0x34,0x66,0x2c,0x0a,0x7d,0x0a,0x0a,
    0x40,0x66,0x72,0x61,0x67,0x6d,0x65,0x6e,0x74,0x0a,0x66,0x6e,0x20,0x6d,0x61,0x69,
    0x6e,0x28,0x40,0x6c,0x6f,0x63,0x61,0x74,0x69,0x6f,0x6e,0x28,0x31,0x29,0x20,0x77,
    0x6f,0x72,0x6c,0x64,0x4e,0x6f,0x72,0x6d,0x61,0x6c,0x5f,0x70,0x61,0x72,0x61,0x6d,
    0x20,0x3a,0x20,0x76,0x65,0x63,0x33,0x66,0x2c,0x20,0x40,0x6c,0x6f,0x63,0x61,0x74,
    0x69,0x6f,0x6e,0x28,0x30,0x29,0x20,0x77,0x6f,0x72,0x6c,0x64,0x50,0x6f,0x73,0x69,
    0x74,0x69,0x6f,0x6e,0x5f,0x70,0x61,0x72,0x61,0x6d,0x20,0x3a,0x20,0x76,0x65,0x63,
    0x33,0x66,0x2c,0x20,0x40,0x6c,0x6f,0x63,0x61,0x74,0x69,0x6f,0x6e,0x28,0x32,0x29,
    0x20,0x62,0x61,0x73,0x65,0x43,0x6f,0x6c,0x6f,0x72,0x5f,0x70,0x61,0x72,0x61,0x6d,
    0x20,0x3a,0x20,0x76,0x65,0x63,0x34,0x66,0x29,0x20,0x2d,0x3e,0x20,0x6d,0x61,0x69,
    0x6e,0x5f,0x6f,0x75,0x74,0x20,0x7b,0x0a,0x20,0x20,0x77,0x6f,0x72,0x6c,0x64,0x4e,
    0x6f,0x72,0x6d,0x61,0x6c,0x20,0x3d,0x20,0x77,0x6f,0x72,0x6c,0x64,0x4e,0x6f,0x72,
    0x6d,0x61,0x6c,0x5f,0x70,0x61,0x72,0x61,0x6d,0x3b,0x0a,0x20,0x20,0x77,0x6f,0x72,
    0x6c,0x64,0x50,0x6f,0x73,0x69,0x74,0x69,0x6f,0x6e,0x20,0x3d,0x20,0x77,0x6f,0x72,
    0x6c,0x64,0x50,0x6f,0x73,0x69,0x74,0x69,0x6f,0x6e,0x5f,0x70,0x61,0x72,0x61,0x6d,
    0x3b,0x0a,0x20,0x20,0x62,0x61,0x73,0x65,0x43,0x6f,0x6c,0x6f,0x72,0x20,0x3d,0x20,
    0x62,0x61,0x73,0x65,0x43,0x6f,0x6c,0x6f,0x72,0x5f,0x70,0x61,0x72,0x61,0x6d,0x3b,
    0x0a,0x20,0x20,0x6d,0x61,0x69,0x6e,0x5f,0x31,0x28,0x29,0x3b,0x0a,0x20,0x20,0x72,
    0x65,0x74,0x75,0x72,0x6e,0x20,0x6d,0x61,0x69,0x6e,0x5f,0x6f,0x75,0x74,0x28,0x66,
    0x72,0x61,0x67,0x43,0x6f,0x6c,0x6f,0x72,0x29,0x3b,0x0a,0x7d,0x0a,0x00,
};
/*
    diagnostic(off, derivative_uniformity);

    struct vertexParams {
      /_ @offset(0) _/
      viewProj : mat4x4f,
      /_ @offset(64) _/
      cameraRight : vec4f,
      /_ @offset(80) _/
      cameraUp : vec4f,
    }

    var<private> root : vec4f;

    @binding(0) @group(0) var<uniform> x_18 : vertexParams;

    var<private> corner : vec2f;

    var<private> particleColor : vec4f;

    var<private> color : vec4f;

    var<private> gl_Position : vec4f;

    fn main_1() {
      let x_35 = root.w;
      let x_50 = ((root.xyz + (x_18.cameraRight.xyz * (corner.x * x_35))) + (x_18.cameraUp.xyz * (corner.y * x_35)));
      gl_Position = (x_18.viewProj * vec4f(x_50.x, x_50.y, x_50.z, 1.0f));
      particleColor = color;
      return;
    }

    struct main_out {
      @builtin(position)
      gl_Position : vec4f,
      @location(0)
      particleColor_1 : vec4f,
    }

    @vertex
    fn main(@location(1) root_param : vec4f, @location(0) corner_param : vec2f, @location(2) color_param : vec4f) -> main_out {
      root = root_param;
      corner = corner_param;
      color = color_param;
      main_1();
      return main_out(gl_Position, particleColor);
    }
*/
static const uint8_t particleVs_source_wgsl[1034] = {
    0x64,0x69,0x61,0x67,0x6e,0x6f,0x73,0x74,0x69,0x63,0x28,0x6f,0x66,0x66,0x2c,0x20,
    0x64,0x65,0x72,0x69,0x76,0x61,0x74,0x69,0x76,0x65,0x5f,0x75,0x6e,0x69,0x66,0x6f,
    0x72,0x6d,0x69,0x74,0x79,0x29,0x3b,0x0a,0x0a,0x73,0x74,0x72,0x75,0x63,0x74,0x20,
    0x76,0x65,0x72,0x74,0x65,0x78,0x50,0x61,0x72,0x61,0x6d,0x73,0x20,0x7b,0x0a,0x20,
    0x20,0x2f,0x2a,0x20,0x40,0x6f,0x66,0x66,0x73,0x65,0x74,0x28,0x30,0x29,0x20,0x2a,
    0x2f,0x0a,0x20,0x20,0x76,0x69,0x65,0x77,0x50,0x72,0x6f,0x6a,0x20,0x3a,0x20,0x6d,
    0x61,0x74,0x34,0x78,0x34,0x66,0x2c,0x0a,0x20,0x20,0x2f,0x2a,0x20,0x40,0x6f,0x66,
    0x66,0x73,0x65,0x74,0x28,0x36,0x34,0x29,0x20,0x2a,0x2f,0x0a,0x20,0x20,0x63,0x61,
    0x6d,0x65,0x72,0x61,0x52,0x69,0x67,0x68,0x74,0x20,0x3a,0x20,0x76,0x65,0x63,0x34,
    0x66,0x2c,0x0a,0x20,0x20,0x2f,0x2a,0x20,0x40,0x6f,0x66,0x66,0x73,0x65,0x74,0x28,
    0x38,0x30,0x29,0x20,0x2a,0x2f,0x0a,0x20,0x20,0x63,0x61,0x6d,0x65,0x72,0x61,0x55,
    0x70,0x20,0x3a,0x20,0x76,0x65,0x63,0x34,0x66,0x2c,0x0a,0x7d,0x0a,0x0a,0x76,0x61,
    0x72,0x3c,0x70,0x72,0x69,0x76,0x61,0x74,0x65,0x3e,0x20,0x72,0x6f,0x6f,0x74,0x20,
    0x3a,0x20,0x76,0x65,0x63,0x34,0x66,0x3b,0x0a,0x0a,0x40,0x62,0x69,0x6e,0x64,0x69,
    0x6e,0x67,0x28,0x30,0x29,0x20,0x40,0x67,0x72,0x6f,0x75,0x70,0x28,0x30,0x29,0x20,
    0x76,0x61,0x72,0x3c,0x75,0x6e,0x69,0x66,0x6f,0x72,0x6d,0x3e,0x20,0x78,0x5f,0x31,
    0x38,0x20,0x3a,0x20,0x76,0x65,0x72,0x74,0x65,0x78,0x50,0x61,0x72,0x61,0x6d,0x73,
    0x3b,0x0a,0x0a,0x76,0x61,0x72,0x3c,0x70,0x72,0x69,0x76,0x61,0x74,0x65,0x3e,0x20,
    0x63,0x6f,0x72,0x6e,0x65,0x72,0x20,0x3a,0x20,0x76,0x65,0x63,0x32,0x66,0x3b,0x0a,
    0x0a,0x76,0x61,0x72,0x3c,0x70,0x72,0x69,0x76,0x61,0x74,0x65,0x3e,0x20,0x70,0x61,
    0x72,0x74,0x69,0x63,0x6c,0x65,0x43,0x6f,0x6c,0x6f,0x72,0x20,0x3a,0x20,0x76,0x65,
    0x63,0x34,0x66,0x3b,0x0a,0x0a,0x76,0x61,0x72,0x3c,0x70,0x72,0x69,0x76,0x61,0x74,
    0x65,0x3e,0x20,0x63,0x6f,0x6c,0x6f,0x72,0x20,0x3a,0x20,0x76,0x65,0x63,0x34,0x66,
    0x3b,0x0a,0x0a,0x76,0x61,0x72,0x3c,0x70,0x72,0x69,0x76,0x61,0x74,0x65,0x3e,0x20,
    0x67,0x6c,0x5f,0x50,0x6f,0x73,0x69,0x74,0x69,0x6f,0x6e,0x20,0x3a,0x20,0x76,0x65,
    0x63,0x34,0x66,0x3b,0x0a,0x0a,0x66,0x6e,0x20,0x6d,0x61,0x69,0x6e,0x5f,0x31,0x28,
    0x29,0x20,0x7b,0x0a,0x20,0x20,0x6c,0x65,0x74,0x20,0x78,0x5f,0x33,0x35,0x20,0x3d,
    0x20,0x72,0x6f,0x6f,0x74,0x2e,0x77,0x3b,0x0a,0x20,0x20,0x6c,0x65,0x74,0x20,0x78,
    0x5f,0x35,0x30,0x20,0x3d,0x20,0x28,0x28,0x72,0x6f,0x6f,0x74,0x2e,0x78,0x79,0x7a,
    0x20,0x2b,0x20,0x28,0x78,0x5f,0x31,0x38,0x2e,0x63,0x61,0x6d,0x65,0x72,0x61,0x52,
    0x69,0x67,0x68,0x74,0x2e,0x78,0x79,0x7a,0x20,0x2a,0x20,0x28,0x63,0x6f,0x72,0x6e,
    0x65,0x72,0x2e,0x78,0x20,0x2a,0x20,0x78,0x5f,0x33,0x35,0x29,0x29,0x29,0x20,0x2b,
    0x20,0x28,0x78,0x5f,0x31,0x38,0x2e,0x63,0x61,0x6d,0x65,0x72,0x61,0x55,0x70,0x2e,
    0x78,0x79,0x7a,0x20,0x2a,0x20,0x28,0x63,0x6f,0x72,0x6e,0x65,0x72,0x2e,0x79,0x20,
    0x2a,0x20,0x78,0x5f,0x33,0x35,0x29,0x29,0x29,0x3b,0x0a,0x20,0x20,0x67,0x6c,0x5f,
    0x50,0x6f,0x73,0x69,0x74,0x69,0x6f,0x6e,0x20,0x3d,0x20,0x28,0x78,0x5f,0x31,0x38,
    0x2e,0x76,0x69,0x65,0x77,0x50,0x72,0x6f,0x6a,0x20,0x2a,0x20,0x76,0x65,0x63,0x34,
    0x66,0x28,0x78,0x5f,0x35,0x30,0x2e,0x78,0x2c,0x20,0x78,0x5f,0x35,0x30,0x2e,0x79,
    0x2c,0x20,0x78,0x5f,0x35,0x30,0x2e,0x7a,0x2c,0x20,0x31,0x2e,0x30,0x66,0x29,0x29,
    0x3b,0x0a,0x20,0x20,0x70,0x61,0x72,0x74,0x69,0x63,0x6c,0x65,0x43,0x6f,0x6c,0x6f,
    0x72,0x20,0x3d,0x20,0x63,0x6f,0x6c,0x6f,0x72,0x3b,0x0a,0x20,0x20,0x72,0x65,0x74,
    0x75,0x72,0x6e,0x3b,0x0a,0x7d,0x0a,0x0a,0x73,0x74,0x72,0x75,0x63,0x74,0x20,0x6d,
    0x61,0x69,0x6e,0x5f,0x6f,0x75,0x74,0x20,0x7b,0x0a,0x20,0x20,0x40,0x62,0x75,0x69,
    0x6c,0x74,0x69,0x6e,0x28,0x70,0x6f,0x73,0x69,0x74,0x69,0x6f,0x6e,0x29,0x0a,0x20,
    0x20,0x67,0x6c,0x5f,0x50,0x6f,0x73,0x69,0x74,0x69,0x6f,0x6e,0x20,0x3a,0x20,0x76,
    0x65,0x63,0x34,0x66,0x2c,0x0a,0x20,0x20,0x40,0x6c,0x6f,0x63,0x61,0x74,0x69,0x6f,
    0x6e,0x28,0x30,0x29,0x0a,0x20,0x20,0x70,0x61,0x72,0x74,0x69,0x63,0x6c,0x65,0x43,
    0x6f,0x6c,0x6f,0x72,0x5f,0x31,0x20,0x3a,0x20,0x76,0x65,0x63,0x34,0x66,0x2c,0x0a,
    0x7d,0x0a,0x0a,0x40,0x76,0x65,0x72,0x74,0x65,0x78,0x0a,0x66,0x6e,0x20,0x6d,0x61,
    0x69,0x6e,0x28,0x40,0x6c,0x6f,0x63,0x61,0x74,0x69,0x6f,0x6e,0x28,0x31,0x29,0x20,
    0x72,0x6f,0x6f,0x74,0x5f,0x70,0x61,0x72,0x61,0x6d,0x20,0x3a,0x20,0x76,0x65,0x63,
    0x34,0x66,0x2c,0x20,0x40,0x6c,0x6f,0x63,0x61,0x74,0x69,0x6f,0x6e,0x28,0x30,0x29,
    0x20,0x63,0x6f,0x72,0x6e,0x65,0x72,0x5f,0x70,0x61,0x72,0x61,0x6d,0x20,0x3a,0x20,
    0x76,0x65,0x63,0x32,0x66,0x2c,0x20,0x40,0x6c,0x6f,0x63,0x61,0x74,0x69,0x6f,0x6e,
    0x28,0x32,0x29,0x20,0x63,0x6f,0x6c,0x6f,0x72,0x5f,0x70,0x61,0x72,0x61,0x6d,0x20,
    0x3a,0x20,0x76,0x65,0x63,0x34,0x66,0x29,0x20,0x2d,0x3e,0x20,0x6d,0x61,0x69,0x6e,
    0x5f,0x6f,0x75,0x74,0x20,0x7b,0x0a,0x20,0x20,0x72,0x6f,0x6f,0x74,0x20,0x3d,0x20,
    0x72,0x6f,0x6f,0x74,0x5f,0x70,0x61,0x72,0x61,0x6d,0x3b,0x0a,0x20,0x20,0x63,0x6f,
    0x72,0x6e,0x65,0x72,0x20,0x3d,0x20,0x63,0x6f,0x72,0x6e,0x65,0x72,0x5f,0x70,0x61,
    0x72,0x61,0x6d,0x3b,0x0a,0x20,0x20,0x63,0x6f,0x6c,0x6f,0x72,0x20,0x3d,0x20,0x63,
    0x6f,0x6c,0x6f,0x72,0x5f,0x70,0x61,0x72,0x61,0x6d,0x3b,0x0a,0x20,0x20,0x6d,0x61,
    0x69,0x6e,0x5f,0x31,0x28,0x29,0x3b,0x0a,0x20,0x20,0x72,0x65,0x74,0x75,0x72,0x6e,
    0x20,0x6d,0x61,0x69,0x6e,0x5f,0x6f,0x75,0x74,0x28,0x67,0x6c,0x5f,0x50,0x6f,0x73,
    0x69,0x74,0x69,0x6f,0x6e,0x2c,0x20,0x70,0x61,0x72,0x74,0x69,0x63,0x6c,0x65,0x43,
    0x6f,0x6c,0x6f,0x72,0x29,0x3b,0x0a,0x7d,0x0a,0x00,
};
/*
    diagnostic(off, derivative_uniformity);

    var<private> particleColor : vec4f;

    var<private> fragColor : vec4f;

    fn main_1() {
      if ((particleColor.w < 0.5f)) {
        discard;
      }
      fragColor = particleColor;
      return;
    }

    struct main_out {
      @location(0)
      fragColor_1 : vec4f,
    }

    @fragment
    fn main(@location(0) particleColor_param : vec4f) -> main_out {
      particleColor = particleColor_param;
      main_1();
      return main_out(fragColor);
    }
*/
static const uint8_t particleFs_source_wgsl[435] = {
    0x64,0x69,0x61,0x67,0x6e,0x6f,0x73,0x74,0x69,0x63,0x28,0x6f,0x66,0x66,0x2c,0x20,
    0x64,0x65,0x72,0x69,0x76,0x61,0x74,0x69,0x76,0x65,0x5f,0x75,0x6e,0x69,0x66,0x6f,
    0x72,0x6d,0x69,0x74,0x79,0x29,0x3b,0x0a,0x0a,0x76,0x61,0x72,0x3c,0x70,0x72,0x69,
    0x76,0x61,0x74,0x65,0x3e,0x20,0x70,0x61,0x72,0x74,0x69,0x63,0x6c,0x65,0x43,0x6f,
    0x6c,0x6f,0x72,0x20,0x3a,0x20,0x76,0x65,0x63,0x34,0x66,0x3b,0x0a,0x0a,0x76,0x61,
    0x72,0x3c,0x70,0x72,0x69,0x76,0x61,0x74,0x65,0x3e,0x20,0x66,0x72,0x61,0x67,0x43,
    0x6f,0x6c,0x6f,0x72,0x20,0x3a,0x20,0x76,0x65,0x63,0x34,0x66,0x3b,0x0a,0x0a,0x66,
    0x6e,0x20,0x6d,0x61,0x69,0x6e,0x5f,0x31,0x28,0x29,0x20,0x7b,0x0a,0x20,0x20,0x69,
    0x66,0x20,0x28,0x28,0x70,0x61,0x72,0x74,0x69,0x63,0x6c,0x65,0x43,0x6f,0x6c,0x6f,
    0x72,0x2e,0x77,0x20,0x3c,0x20,0x30,0x2e,0x35,0x66,0x29,0x29,0x20,0x7b,0x0a,0x20,
    0x20,0x20,0x20,0x64,0x69,0x73,0x63,0x61,0x72,0x64,0x3b,0x0a,0x20,0x20,0x7d,0x0a,
    0x20,0x20,0x66,0x72,0x61,0x67,0x43,0x6f,0x6c,0x6f,0x72,0x20,0x3d,0x20,0x70,0x61,
    0x72,0x74,0x69,0x63,0x6c,0x65,0x43,0x6f,0x6c,0x6f,0x72,0x3b,0x0a,0x20,0x20,0x72,
    0x65,0x74,0x75,0x72,0x6e,0x3b,0x0a,0x7d,0x0a,0x0a,0x73,0x74,0x72,0x75,0x63,0x74,
    0x20,0x6d,0x61,0x69,0x6e,0x5f,0x6f,0x75,0x74,0x20,0x7b,0x0a,0x20,0x20,0x40,0x6c,
    0x6f,0x63,0x61,0x74,0x69,0x6f,0x6e,0x28,0x30,0x29,0x0a,0x20,0x20,0x66,0x72,0x61,
    0x67,0x43,0x6f,0x6c,0x6f,0x72,0x5f,0x31,0x20,0x3a,0x20,0x76,0x65,0x63,0x34,0x66,
    0x2c,0x0a,0x7d,0x0a,0x0a,0x40,0x66,0x72,0x61,0x67,0x6d,0x65,0x6e,0x74,0x0a,0x66,
    0x6e,0x20,0x6d,0x61,0x69,0x6e,0x28,0x40,0x6c,0x6f,0x63,0x61,0x74,0x69,0x6f,0x6e,
    0x28,0x30,0x29,0x20,0x70,0x61,0x72,0x74,0x69,0x63,0x6c,0x65,0x43,0x6f,0x6c,0x6f,
    0x72,0x5f,0x70,0x61,0x72,0x61,0x6d,0x20,0x3a,0x20,0x76,0x65,0x63,0x34,0x66,0x29,
    0x20,0x2d,0x3e,0x20,0x6d,0x61,0x69,0x6e,0x5f,0x6f,0x75,0x74,0x20,0x7b,0x0a,0x20,
    0x20,0x70,0x61,0x72,0x74,0x69,0x63,0x6c,0x65,0x43,0x6f,0x6c,0x6f,0x72,0x20,0x3d,
    0x20,0x70,0x61,0x72,0x74,0x69,0x63,0x6c,0x65,0x43,0x6f,0x6c,0x6f,0x72,0x5f,0x70,
    0x61,0x72,0x61,0x6d,0x3b,0x0a,0x20,0x20,0x6d,0x61,0x69,0x6e,0x5f,0x31,0x28,0x29,
    0x3b,0x0a,0x20,0x20,0x72,0x65,0x74,0x75,0x72,0x6e,0x20,0x6d,0x61,0x69,0x6e,0x5f,
    0x6f,0x75,0x74,0x28,0x66,0x72,0x61,0x67,0x43,0x6f,0x6c,0x6f,0x72,0x29,0x3b,0x0a,
    0x7d,0x0a,0x00,
};
/*
    diagnostic(off, derivative_uniformity);

    struct vertexParams {
      /_ @offset(0) _/
      viewProj : mat4x4f,
      /_ @offset(64) _/
      cameraRight : vec4f,
      /_ @offset(80) _/
      cameraUp : vec4f,
    }

    var<private> position_1 : vec3f;

    @binding(0) @group(0) var<uniform> x_17 : vertexParams;

    var<private> corner : vec2f;

    var<private> size : vec2f;

    var<private> worldPosition : vec3f;

    var<private> towardCamera : vec3f;

    var<private> uv : vec2f;

    var<private> tile : vec4f;

    var<private> instanceColor : vec4f;

    var<private> color : vec4f;

    var<private> gl_Position : vec4f;

    fn main_1() {
      var x_86 : f32;
      var x_101 : f32;
      let x_23 = x_17.cameraRight.xyz;
      let x_31 = corner.x;
      let x_41 = x_17.cameraUp.xyz;
      let x_44 = corner.y;
      let x_49 = ((position_1 + (x_23 * (x_31 * size.x))) + (x_41 * (x_44 * size.y)));
      worldPosition = x_49;
      towardCamera = cross(x_23, x_41);
      gl_Position = (x_17.viewProj * vec4f(x_49.x, x_49.y, x_49.z, 1.0f));
      if ((x_31 > 0.0f)) {
        x_86 = tile.z;
      } else {
        x_86 = tile.x;
      }
      let x_97 = x_86;
      if ((x_44 > 0.0f)) {
        x_101 = tile.y;
      } else {
        x_101 = tile.w;
      }
      uv = vec2f(x_97, x_101);
      instanceColor = color;
      return;
    }

    struct main_out {
      @location(0)
      worldPosition_1 : vec3f,
      @location(1)
      towardCamera_1 : vec3f,
      @builtin(position)
      gl_Position : vec4f,
      @location(2)
      uv_1 : vec2f,
      @location(3)
      instanceColor_1 : vec4f,
    }

    @vertex
    fn main(@location(1) position_1_param : vec3f, @location(0) corner_param : vec2f, @location(2) size_param : vec2f, @location(3) tile_param : vec4f, @location(4) color_param : vec4f) -> main_out {
      position_1 = position_1_param;
      corner = corner_param;
      size = size_param;
      tile = tile_param;
      color = color_param;
      main_1();
      return main_out(worldPosition, towardCamera, gl_Position, uv, instanceColor);
    }
*/
static const uint8_t billboardVs_source_wgsl[1826] = {
    0x64,0x69,0x61,0x67,0x6e,0x6f,0x73,0x74,0x69,0x63,0x28,0x6f,0x66,0x66,0x2c,0x20,
    0x64,0x65,0x72,0x69,0x76,0x61,0x74,0x69,0x76,0x65,0x5f,0x75,0x6e,0x69,0x66,0x6f,
    0x72,0x6d,0x69,0x74,0x79,0x29,0x3b,0x0a,0x0a,0x73,0x74,0x72,0x75,0x63,0x74,0x20,
    0x76,0x65,0x72,0x74,0x65,0x78,0x50,0x61,0x72,0x61,0x6d,0x73,0x20,0x7b,0x0a,0x20,
    0x20,0x2f,0x2a,0x20,0x40,0x6f,0x66,0x66,0x73,0x65,0x74,0x28,0x30,0x29,0x20,0x2a,
    0x2f,0x0a,0x20,0x20,0x76,0x69,0x65,0x77,0x50,0x72,0x6f,0x6a,0x20,0x3a,0x20,0x6d,
    0x61,0x74,0x34,0x78,0x34,0x66,0x2c,0x0a,0x20,0x20,0x2f,0x2a,0x20,0x40,0x6f,0x66,
    0x66,0x73,0x65,0x74,0x28,0x36,0x34,0x29,0x20,0x2a,0x2f,0x0a,0x20,0x20,0x63,0x61,
    0x6d,0x65,0x72,0x61,0x52,0x69,0x67,0x68,0x74,0x20,0x3a,0x20,0x76,0x65,0x63,0x34,
    0x66,0x2c,0x0a,0x20,0x20,0x2f,0x2a,0x20,0x40,0x6f,0x66,0x66,0x73,0x65,0x74,0x28,
    0x38,0x30,0x29,0x20,0x2a,0x2f,0x0a,0x20,0x20,0x63,0x61,0x6d,0x65,0x72,0x61,0x55,
    0x70,0x20,0x3a,0x20,0x76,0x65,0x63,0x34,0x66,0x2c,0x0a,0x7d,0x0a,0x0a,0x76,0x61,
    0x72,0x3c,0x70,0x72,0x69,0x76,0x61,0x74,0x65,0x3e,0x20,0x70,0x6f,0x73,0x69,0x74,
    0x69,0x6f,0x6e,0x5f,0x31,0x20,0x3a,0x20,0x76,0x65,0x63,0x33,0x66,0x3b,0x0a,0x0a,
    0x40,0x62,0x69,0x6e,0x64,0x69,0x6e,0x67,0x28,0x30,0x29,0x20,0x40,0x67,0x72,0x6f,
    0x75,0x70,0x28,0x30,0x29,0x20,0x76,0x61,0x72,0x3c,0x75,0x6e,0x69,0x66,0x6f,0x72,
    0x6d,0x3e,0x20,0x78,0x5f,0x31,0x37,0x20,0x3a,0x20,0x76,0x65,0x72,0x74,0x65,0x78,
    0x50,0x61,0x72,0x61,0x6d,0x73,0x3b,0x0a,0x0a,0x76,0x61,0x72,0x3c,0x70,0x72,0x69,
    0x76,0x61,0x74,0x65,0x3e,0x20,0x63,0x6f,0x72,0x6e,0x65,0x72,0x20,0x3a,0x20,0x76,
    0x65,0x63,0x32,0x66,0x3b,0x0a,0x0a,0x76,0x61,0x72,0x3c,0x70,0x72,0x69,0x76,0x61,
    0x74,0x65,0x3e,0x20,0x73,0x69,0x7a,0x65,0x20,0x3a,0x20,0x76,0x65,0x63,0x32,0x66,
    0x3b,0x0a,0x0a,0x76,0x61,0x72,0x3c,0x70,0x72,0x69,0x76,0x61,0x74,0x65,0x3e,0x20,
    0x77,0x6f,0x72,0x6c,0x64,0x50,0x6f,0x73,0x69,0x74,0x69,0x6f,0x6e,0x20,0x3a,0x20,
    0x76,0x65,0x63,0x33,0x66,0x3b,0x0a,0x0a,0x76,0x61,0x72,0x3c,0x70,0x72,0x69,0x76,
    0x61,0x74,0x65,0x3e,0x20,0x74,0x6f,0x77,0x61,0x72,0x64,0x43,0x61,0x6d,0x65,0x72,
    0x61,0x20,0x3a,0x20,0x76,0x65,0x63,0x33,0x66,0x3b,0x0a,0x0a,0x76,0x61,0x72,0x3c,
    0x70,0x72,0x69,0x76,0x61,0x74,0x65,0x3e,0x20,0x75,0x76,0x20,0x3a,0x20,0x76,0x65,
    0x63,0x32,0x66,0x3b,0x0a,0x0a,0x76,0x61,0x72,0x3c,0x70,0x72,0x69,0x76,0x61,0x74,
    0x65,0x3e,0x20,0x74,0x69,0x6c,0x65,0x20,0x3a,0x20,0x76,0x65,0x63,0x34,0x66,0x3b,
    0x0a,0x0a,0x76,0x61,0x72,0x3c,0x70,0x72,0x69,0x76,0x61,0x74,0x65,0x3e,0x20,0x69,
    0x6e,0x73,0x74,0x61,0x6e,0x63,0x65,0x43,0x6f,0x6c,0x6f,0x72,0x20,0x3a,0x20,0x76,
    0x65,0x63,0x34,0x66,0x3b,0x0a,0x0a,0x76,0x61,0x72,0x3c,0x70,0x72,0x69,0x76,0x61,
    0x74,0x65,0x3e,0x20,0x63,0x6f,0x6c,0x6f,0x72,0x20,0x3a,0x20,0x76,0x65,0x63,0x34,
    0x66,0x3b,0x0a,0x0a,0x76,0x61,0x72,0x3c,0x70,0x72,0x69,0x76,0x61,0x74,0x65,0x3e,
    0x20,0x67,0x6c,0x5f,0x50,0x6f,0x73,0x69,0x74,0x69,0x6f,0x6e,0x20,0x3a,0x20,0x76,
    0x65,0x63,0x34,0x66,0x3b,0x0a,0x0a,0x66,0x6e,0x20,0x6d,0x61,0x69,0x6e,0x5f,0x31,
    0x28,0x29,0x20,0x7b,0x0a,0x20,0x20,0x76,0x61,0x72,0x20,0x78,0x5f,0x38,0x36,0x20,
    0x3a,0x20,0x66,0x33,0x32,0x3b,0x0a,0x20,0x20,0x76,0x61,0x72,0x20,0x78,0x5f,0x31,
    0x30,0x31,0x20,0x3a,0x20,0x66,0x33,0x32,0x3b,0x0a,0x20,0x20,0x6c,0x65,0x74,0x20,
    0x78,0x5f,0x32,0x33,0x20,0x3d,0x20,0x78,0x5f,0x31,0x37,0x2e,0x63,0x61,0x6d,0x65,
    0x72,0x61,0x52,0x69,0x67,0x68,0x74,0x2e,0x78,0x79,0x7a,0x3b,0x0a,0x20,0x20,0x6c,
    0x65,0x74,0x20,0x78,0x5f,0x33,0x31,0x20,0x3d,0x20,0x63,0x6f,0x72,0x6e,0x65,0x72,
    0x2e,0x78,0x3b,0x0a,0x20,0x20,0x6c,0x65,0x74,0x20,0x78,0x5f,0x34,0x31,0x20,0x3d,
    0x20,0x78,0x5f,0x31,0x37,0x2e,0x63,0x61,0x6d,0x65,0x72,0x61,0x55,0x70,0x2e,0x78,
    0x79,0x7a,0x3b,0x0a,0x20,0x20,0x6c,0x65,0x74,0x20,0x78,0x5f,0x34,0x34,0x20,0x3d,
    0x20,0x63,0x6f,0x72,0x6e,0x65,0x72,0x2e,0x79,0x3b,0x0a,0x20,0x20,0x6c,0x65,0x74,
    0x20,0x78,0x5f,0x34,0x39,0x20,0x3d,0x20,0x28,0x28,0x70,0x6f,0x73,0x69,0x74,0x69,
    0x6f,0x6e,0x5f,0x31,0x20,0x2b,0x20,0x28,0x78,0x5f,0x32,0x33,0x20,0x2a,0x20,0x28,
    0x78,0x5f,0x33,0x31,0x20,0x2a,0x20,0x73,0x69,0x7a,0x65,0x2e,0x78,0x29,0x29,0x29,
    0x20,0x2b,0x20,0x28,0x78,0x5f,0x34,0x31,0x20,0x2a,0x20,0x28,0x78,0x5f,0x34,0x34,
    0x20,0x2a,0x20,0x73,0x69,0x7a,0x65,0x2e,0x79,0x29,0x29,0x29,0x3b,0x0a,0x20,0x20,
    0x77,0x6f,0x72,0x6c,0x64,0x50,0x6f,0x73,0x69,0x74,0x69,0x6f,0x6e,0x20,0x3d,0x20,
    0x78,0x5f,0x34,0x39,0x3b,0x0a,0x20,0x20,0x74,0x6f,0x77,0x61,0x72,0x64,0x43,0x61,
    0x6d,0x65,0x72,0x61,0x20,0x3d,0x20,0x63,0x72,0x6f,0x73,0x73,0x28,0x78,0x5f,0x32,
    0x33,0x2c,0x20,0x78,0x5f,0x34,0x31,0x29,0x3b,0x0a,0x20,0x20,0x67,0x6c,0x5f,0x50,
    0x6f,0x73,0x69,0x74,0x69,0x6f,0x6e,0x20,0x3d,0x20,0x28,0x78,0x5f,0x31,0x37,0x2e,
    0x76,0x69,0x65,0x77,0x50,0x72,0x6f,0x6a,0x20,0x2a,0x20,0x76,0x65,0x63,0x34,0x66,
    0x28,0x78,0x5f,0x34,0x39,0x2e,0x78,0x2c,0x20,0x78,0x5f,0x34,0x39,0x2e,0x79,0x2c,
    0x20,0x78,0x5f,0x34,0x39,0x2e,0x7a,0x2c,0x20,0x31,0x2e,0x30,0x66,0x29,0x29,0x3b,
    0x0a,0x20,0x20,0x69,0x66,0x20,0x28,0x28,0x78,0x5f,0x33,0x31,0x20,0x3e,0x20,0x30,
    0x2e,0x30,0x66,0x29,0x29,0x20,0x7b,0x0a,0x20,0x20,0x20,0x20,0x78,0x5f,0x38,0x36,
    0x20,0x3d,0x20,0x74,0x69,0x6c,0x65,0x2e,0x7a,0x3b,0x0a,0x20,0x20,0x7d,0x20,0x65,
    0x6c,0x73,0x65,0x20,0x7b,0x0a,0x20,0x20,0x20,0x20,0x78,0x5f,0x38,0x36,0x20,0x3d,
    0x20,0x74,0x69,0x6c,0x65,0x2e,0x78,0x3b,0x0a,0x20,0x20,0x7d,0x0a,0x20,0x20,0x6c,
    0x65,0x74,0x20,0x78,0x5f,0x39,0x37,0x20,0x3d,0x20,0x78,0x5f,0x38,0x36,0x3b,0x0a,
    0x20,0x20,0x69,0x66,0x20,0x28,0x28,0x78,0x5f,0x34,0x34,0x20,0x3e,0x20,0x30,0x2e,
    0x30,0x66,0x29,0x29,0x20,0x7b,0x0a,0x20,0x20,0x20,0x20,0x78,0x5f,0x31,0x30,0x31,
    0x20,0x3d,0x20,0x74,0x69,0x6c,0x65,0x2e,0x79,0x3b,0x0a,0x20,0x20,0x7d,0x20,0x65,
    0x6c,0x73,0x65,0x20,0x7b,0x0a,0x20,0x20,0x20,0x20,0x78,0x5f,0x31,0x30,0x31,0x20,
    0x3d,0x20,0x74,0x69,0x6c,0x65,0x2e,0x77,0x3b,0x0a,0x20,0x20,0x7d,0x0a,0x20,0x20,
    0x75,0x76,0x20,0x3d,0x20,0x76,0x65,0x63,0x32,0x66,0x28,0x78,0x5f,0x39,0x37,0x2c,
    0x20,0x78,0x5f,0x31,0x30,0x31,0x29,0x3b,0x0a,0x20,0x20,0x69,0x6e,0x73,0x74,0x61,
    0x6e,0x63,0x65,0x43,0x6f,0x6c,0x6f,0x72,0x20,0x3d,0x20,0x63,0x6f,0x6c,0x6f,0x72,
    0x3b,0x0a,0x20,0x20,0x72,0x65,0x74,0x75,0x72,0x6e,0x3b,0x0a,0x7d,0x0a,0x0a,0x73,
    0x74,0x72,0x75,0x63,0x74,0x20,0x6d,0x61,0x69,0x6e,0x5f,0x6f,0x75,0x74,0x20,0x7b,
    0x0a,0x20,0x20,0x40,0x6c,0x6f,0x63,0x61,0x74,0x69,0x6f,0x6e,0x28,0x30,0x29,0x0a,
    0x20,0x20,0x77,0x6f,0x72,0x6c,0x64,0x50,0x6f,0x73,0x69,0x74,0x69,0x6f,0x6e,0x5f,
    0x31,0x20,0x3a,0x20,0x76,0x65,0x63,0x33,0x66,0x2c,0x0a,0x20,0x20,0x40,0x6c,0x6f,
    0x63,0x61,0x74,0x69,0x6f,0x6e,0x28,0x31,0x29,0x0a,0x20,0x20,0x74,0x6f,0x77,0x61,
    0x72,0x64,0x43,0x61,0x6d,0x65,0x72,0x61,0x5f,0x31,0x20,0x3a,0x20,0x76,0x65,0x63,
    0x33,0x66,0x2c,0x0a,0x20,0x20,0x40,0x62,0x75,0x69,0x6c,0x74,0x69,0x6e,0x28,0x70,
    0x6f,0x73,0x69,0x74,0x69,0x6f,0x6e,0x29,0x0a,0x20,0x20,0x67,0x6c,0x5f,0x50,0x6f,
    0x73,0x69,0x74,0x69,0x6f,0x6e,0x20,0x3a,0x20,0x76,0x65,0x63,0x34,0x66,0x2c,0x0a,
    0x20,0x20,0x40,0x6c,0x6f,0x63,0x61,0x74,0x69,0x6f,0x6e,0x28,0x32,0x29,0x0a,0x20,
    0x20,0x75,0x76,0x5f,0x31,0x20,0x3a,0x20,0x76,0x65,0x63,0x32,0x66,0x2c,0x0a,0x20,
    0x20,0x40,0x6c,0x6f,0x63,0x61,0x74,0x69,0x6f,0x6e,0x28,0x33,0x29,0x0a,0x20,0x20,
    0x69,0x6e,0x73,0x74,0x61,0x6e,0x63,0x65,0x43,0x6f,0x6c,0x6f,0x72,0x5f,0x31,0x20,
    0x3a,0x20,0x76,0x65,0x63,0x34,0x66,0x2c,0x0a,0x7d,0x0a,0x0a,0x40,0x76,0x65,0x72,
    0x74,0x65,0x78,0x0a,0x66,0x6e,0x20,0x6d,0x61,0x69,0x6e,0x28,0x40,0x6c,0x6f,0x63,
    0x61,0x74,0x69,0x6f,0x6e,0x28,0x31,0x29,0x20,0x70,0x6f,0x73,0x69,0x74,0x69,0x6f,
    0x6e,0x5f,0x31,0x5f,0x70,0x61,0x72,0x61,0x6d,0x20,0x3a,0x20,0x76,0x65,0x63,0x33,
    0x66,0x2c,0x20,0x40,0x6c,0x6f,0x63,0x61,0x74,0x69,0x6f,0x6e,0x28,0x30,0x29,0x20,
    0x63,0x6f,0x72,0x6e,0x65,0x72,0x5f,0x70,0x61,0x72,0x61,0x6d,0x20,0x3a,0x20,0x76,
    0x65,0x63,0x32,0x66,0x2c,0x20,0x40,0x6c,0x6f,0x63,0x61,0x74,0x69,0x6f,0x6e,0x28,
    0x32,0x29,0x20,0x73,0x69,0x7a,0x65,0x5f,0x70,0x61,0x72,0x61,0x6d,0x20,0x3a,0x20,
    0x76,0x65,0x63,0x32,0x66,0x2c,0x20,0x40,0x6c,0x6f,0x63,0x61,0x74,0x69,0x6f,0x6e,
    0x28,0x33,0x29,0x20,0x74,0x69,0x6c,0x65,0x5f,0x70,0x61,0x72,0x61,0x6d,0x20,0x3a,
    0x20,0x76,0x65,0x63,0x34,0x66,0x2c,0x20,0x40,0x6c,0x6f,0x63,0x61,0x74,0x69,0x6f,
    0x6e,0x28,0x34,0x29,0x20,0x63,0x6f,0x6c,0x6f,0x72,0x5f,0x70,0x61,0x72,0x61,0x6d,
    0x20,0x3a,0x20,0x76,0x65,0x63,0x34,0x66,0x29,0x20,0x2d,0x3e,0x20,0x6d,0x61,0x69,
    0x6e,0x5f,0x6f,0x75,0x74,0x20,0x7b,0x0a,0x20,0x20,0x70,0x6f,0x73,0x69,0x74,0x69,
    0x6f,0x6e,0x5f,0x31,0x20,0x3d,0x20,0x70,0x6f,0x73,0x69,0x74,0x69,0x6f,0x6e,0x5f,
    0x31,0x5f,0x70,0x61,0x72,0x61,0x6d,0x3b,0x0a,0x20,0x20,0x63,0x6f,0x72,0x6e,0x65,
    0x72,0x20,0x3d,0x20,0x63,0x6f,0x72,0x6e,0x65,0x72,0x5f,0x70,0x61,0x72,0x61,0x6d,
    0x3b,0x0a,0x20,0x20,0x73,0x69,0x7a,0x65,0x20,0x3d,0x20,0x73,0x69,0x7a,0x65,0x5f,
    0x70,0x61,0x72,0x61,0x6d,0x3b,0x0a,0x20,0x20,0x74,0x69,0x6c,0x65,0x20,0x3d,0x20,
    0x74,0x69,0x6c,0x65,0x5f,0x70,0x61,0x72,0x61,0x6d,0x3b,0x0a,0x20,0x20,0x63,0x6f,
    0x6c,0x6f,0x72,0x20,0x3d,0x20,0x63,0x6f,0x6c,0x6f,0x72,0x5f,0x70,0x61,0x72,0x61,
    0x6d,0x3b,0x0a,0x20,0x20,0x6d,0x61,0x69,0x6e,0x5f,0x31,0x28,0x29,0x3b,0x0a,0x20,
    0x20,0x72,0x65,0x74,0x75,0x72,0x6e,0x20,0x6d,0x61,0x69,0x6e,0x5f,0x6f,0x75,0x74,
    0x28,0x77,0x6f,0x72,0x6c,0x64,0x50,0x6f,0x73,0x69,0x74,0x69,0x6f,0x6e,0x2c,0x20,
    0x74,0x6f,0x77,0x61,0x72,0x64,0x43,0x61,0x6d,0x65,0x72,0x61,0x2c,0x20,0x67,0x6c,
    0x5f,0x50,0x6f,0x73,0x69,0x74,0x69,0x6f,0x6e,0x2c,0x20,0x75,0x76,0x2c,0x20,0x69,
    0x6e,0x73,0x74,0x61,0x6e,0x63,0x65,0x43,0x6f,0x6c,0x6f,0x72,0x29,0x3b,0x0a,0x7d,
    0x0a,0x00,
};
/*
    diagnostic(off, derivative_uniformity);

    alias Arr = array<vec4f, 4u>;

    alias Arr_1 = array<vec4f, 4u>;

    struct lightParams {
      /_ @offset(0) _/
      ambient : vec4f,
      /_ @offset(16) _/
      dirLight : vec4f,
      /_ @offset(32) _/
      dirColor : vec4f,
      /_ @offset(48) _/
      pointLight : Arr,
      /_ @offset(112) _/
      pointColor : Arr_1,
    }

    struct billboardParams {
      /_ @offset(0) _/
      billboardColor : vec4f,
      /_ @offset(16) _/
      billboard : vec4f,
    }

    @binding(1) @group(0) var<uniform> x_25 : lightParams;

    @binding(0) @group(1) var billboardTexture : texture_2d<f32>;

    @binding(32) @group(1) var billboardSampler : sampler;

    var<private> uv : vec2f;

    @binding(2) @group(0) var<uniform> x_97 : billboardParams;

    var<private> instanceColor : vec4f;

    var<private> towardCamera : vec3f;

    var<private> worldPosition : vec3f;

    var<private> fragColor : vec4f;

    fn pointLightAt_i1_vf3_vf3_(i : ptr<function, i32>, position_1 : ptr<function, vec3f>, normal : ptr<function, vec3f>) -> vec3f {
      let x_33 = (x_25.pointLight[*(i)].xyz - *(position_1));
      let x_37 = length(x_33);
      let x_50 = clamp((1.0f - (x_37 / x_25.pointColor[*(i)].w)), 0.0f, 1.0f);
      let x_52 = *(normal);
      let x_56 = max(x_37, 0.00009999999747378752f);
      let x_63 = x_25.pointColor[*(i)];
      let x_72 = x_25.pointLight[*(i)].w;
      return (x_63.xyz * (((x_50 * x_50) * max(dot(x_52, (x_33 / vec3f(x_56))), 0.0f)) * x_72));
    }

    fn main_1() {
      var pixel : vec4f;
      var light : vec3f;
      var i_1 : i32;
      var param : i32;
      var param_1 : vec3f;
      var param_2 : vec3f;
      let x_92 = uv;
      let x_93 = textureSample(billboardTexture, billboardSampler, x_92);
      let x_106 = ((x_97.billboardColor * x_93) * instanceColor);
      pixel = x_106;
      if ((x_106.w < 0.5f)) {
        discard;
      }
      if (!((x_97.billboard.y == 0.0f))) {
        let x_126 = normalize(towardCamera);
        light = (x_25.ambient.xyz + (x_25.dirColor.xyz * (max(dot(x_126, x_25.dirLight.xyz), 0.0f) * x_25.dirLight.w)));
        i_1 = 0i;
        loop {
          if ((i_1 < i32((x_25.ambient.w + 0.5f)))) {
          } else {
            break;
          }
          param = i_1;
          param_1 = worldPosition;
          param_2 = x_126;
          let x_167 = pointLightAt_i1_vf3_vf3_(&(param), &(param_1), &(param_2));
          light = (light + x_167);

          continuing {
            i_1 = (i_1 + 1i);
          }
        }
        let x_173 = pixel;
        let x_175 = (pixel.xyz * light);
        var x_189_1 = x_173;
        x_189_1.x = x_175.x;
        let x_189 = x_189_1;
        var x_191_1 = x_189;
        x_191_1.y = x_175.y;
        let x_191 = x_191_1;
        var x_193_1 = x_191;
        x_193_1.z = x_175.z;
        pixel = x_193_1;
      }
      fragColor = pixel;
      return;
    }

    struct main_out {
      @location(0)
      fragColor_1 : vec4f,
    }

    @fragment
    fn main(@location(2) uv_param : vec2f, @location(3) instanceColor_param : vec4f, @location(1) towardCamera_param : vec3f, @location(0) worldPosition_param : vec3f) -> main_out {
      uv = uv_param;
      instanceColor = instanceColor_param;
      towardCamera = towardCamera_param;
      worldPosition = worldPosition_param;
      main_1();
      return main_out(fragColor);
    }
*/
static const uint8_t billboardFs_source_wgsl[3022] = {
    0x64,0x69,0x61,0x67,0x6e,0x6f,0x73,0x74,0x69,0x63,0x28,0x6f,0x66,0x66,0x2c,0x20,
    0x64,0x65,0x72,0x69,0x76,0x61,0x74,0x69,0x76,0x65,0x5f,0x75,0x6e,0x69,0x66,0x6f,
    0x72,0x6d,0x69,0x74,0x79,0x29,0x3b,0x0a,0x0a,0x61,0x6c,0x69,0x61,0x73,0x20,0x41,
    0x72,0x72,0x20,0x3d,0x20,0x61,0x72,0x72,0x61,0x79,0x3c,0x76,0x65,0x63,0x34,0x66,
    0x2c,0x20,0x34,0x75,0x3e,0x3b,0x0a,0x0a,0x61,0x6c,0x69,0x61,0x73,0x20,0x41,0x72,
    0x72,0x5f,0x31,0x20,0x3d,0x20,0x61,0x72,0x72,0x61,0x79,0x3c,0x76,0x65,0x63,0x34,
    0x66,0x2c,0x20,0x34,0x75,0x3e,0x3b,0x0a,0x0a,0x73,0x74,0x72,0x75,0x63,0x74,0x20,
    0x6c,0x69,0x67,0x68,0x74,0x50,0x61,0x72,0x61,0x6d,0x73,0x20,0x7b,0x0a,0x20,0x20,
    0x2f,0x2a,0x20,0x40,0x6f,0x66,0x66,0x73,0x65,0x74,0x28,0x30,0x29,0x20,0x2a,0x2f,
    0x0a,0x20,0x20,0x61,0x6d,0x62,0x69,0x65,0x6e,0x74,0x20,0x3a,0x20,0x76,0x65,0x63,
    0x34,0x66,0x2c,0x0a,0x20,0x20,0x2f,0x2a,0x20,0x40,0x6f,0x66,0x66,0x73,0x65,0x74,
    0x28,0x31,0x36,0x29,0x20,0x2a,0x2f,0x0a,0x20,0x20,0x64,0x69,0x72,0x4c,0x69,0x67,
    0x68,0x74,0x20,0x3a,0x20,0x76,0x65,0x63,0x34,0x66,0x2c,0x0a,0x20,0x20,0x2f,0x2a,
    0x20,0x40,0x6f,0x66,0x66,0x73,0x65,0x74,0x28,0x33,0x32,0x29,0x20,0x2a,0x2f,0x0a,
    0x20,0x20,0x64,0x69,0x72,0x43,0x6f,0x6c,0x6f,0x72,0x20,0x3a,0x20,0x76,0x65,0x63,
    0x34,0x66,0x2c,0x0a,0x20,0x20,0x2f,0x2a,0x20,0x40,0x6f,0x66,0x66,0x73,0x65,0x74,
    0x28,0x34,0x38,0x29,0x20,0x2a,0x2f,0x0a,0x20,0x20,0x70,0x6f,0x69,0x6e,0x74,0x4c,
    0x69,0x67,0x68,0x74,0x20,0x3a,0x20,0x41,0x72,0x72,0x2c,0x0a,0x20,0x20,0x2f,0x2a,
    0x20,0x40,0x6f,0x66,0x66,0x73,0x65,0x74,0x28,0x31,0x31,0x32,0x29,0x20,0x2a,0x2f,
    0x0a,0x20,0x20,0x70,0x6f,0x69,0x6e,0x74,0x43,0x6f,0x6c,0x6f,0x72,0x20,0x3a,0x20,
    0x41,0x72,0x72,0x5f,0x31,0x2c,0x0a,0x7d,0x0a,0x0a,0x73,0x74,0x72,0x75,0x63,0x74,
    0x20,0x62,0x69,0x6c,0x6c,0x62,0x6f,0x61,0x72,0x64,0x50,0x61,0x72,0x61,0x6d,0x73,
    0x20,0x7b,0x0a,0x20,0x20,0x2f,0x2a,0x20,0x40,0x6f,0x66,0x66,0x73,0x65,0x74,0x28,
    0x30,0x29,0x20,0x2a,0x2f,0x0a,0x20,0x20,0x62,0x69,0x6c,0x6c,0x62,0x6f,0x61,0x72,
    0x64,0x43,0x6f,0x6c,0x6f,0x72,0x20,0x3a,0x20,0x76,0x65,0x63,0x34,0x66,0x2c,0x0a,
    0x20,0x20,0x2f,0x2a,0x20,0x40,0x6f,0x66,0x66,0x73,0x65,0x74,0x28,0x31,0x36,0x29,
    0x20,0x2a,0x2f,0x0a,0x20,0x20,0x62,0x69,0x6c,0x6c,0x62,0x6f,0x61,0x72,0x64,0x20,
    0x3a,0x20,0x76,0x65,0x63,0x34,0x66,0x2c,0x0a,0x7d,0x0a,0x0a,0x40,0x62,0x69,0x6e,
    0x64,0x69,0x6e,0x67,0x28,0x31,0x29,0x20,0x40,0x67,0x72,0x6f,0x75,0x70,0x28,0x30,
    0x29,0x20,0x76,0x61,0x72,0x3c,0x75,0x6e,0x69,0x66,0x6f,0x72,0x6d,0x3e,0x20,0x78,
    0x5f,0x32,0x35,0x20,0x3a,0x20,0x6c,0x69,0x67,0x68,0x74,0x50,0x61,0x72,0x61,0x6d,
    0x73,0x3b,0x0a,0x0a,0x40,0x62,0x69,0x6e,0x64,0x69,0x6e,0x67,0x28,0x30,0x29,0x20,
    0x40,0x67,0x72,0x6f,0x75,0x70,0x28,0x31,0x29,0x20,0x76,0x61,0x72,0x20,0x62,0x69,
    0x6c,0x6c,0x62,0x6f,0x61,0x72,0x64,0x54,0x65,0x78,0x74,0x75,0x72,0x65,0x20,0x3a,
    0x20,0x74,0x65,0x78,0x74,0x75,0x72,0x65,0x5f,0x32,0x64,0x3c,0x66,0x33,0x32,0x3e,
    0x3b,0x0a,0x0a,0x40,0x62,0x69,0x6e,0x64,0x69,0x6e,0x67,0x28,0x33,0x32,0x29,0x20,
    0x40,0x67,0x72,0x6f,0x75,0x70,0x28,0x31,0x29,0x20,0x76,0x61,0x72,0x20,0x62,0x69,
    0x6c,0x6c,0x62,0x6f,0x61,0x72,0x64,0x53,0x61,0x6d,0x70,0x6c,0x65,0x72,0x20,0x3a,
    0x20,0x73,0x61,0x6d,0x70,0x6c,0x65,0x72,0x3b,0x0a,0x0a,0x76,0x61,0x72,0x3c,0x70,
    0x72,0x69,0x76,0x61,0x74,0x65,0x3e,0x20,0x75,0x76,0x20,0x3a,0x20,0x76,0x65,0x63,
    0x32,0x66,0x3b,0x0a,0x0a,0x40,0x62,0x69,0x6e,0x64,0x69,0x6e,0x67,0x28,0x32,0x29,
    0x20,0x40,0x67,0x72,0x6f,0x75,0x70,0x28,0x30,0x29,0x20,0x76,0x61,0x72,0x3c,0x75,
    0x6e,0x69,0x66,0x6f,0x72,0x6d,0x3e,0x20,0x78,0x5f,0x39,0x37,0x20,0x3a,0x20,0x62,
    0x69,0x6c,0x6c,0x62,0x6f,0x61,0x72,0x64,0x50,0x61,0x72,0x61,0x6d,0x73,0x3b,0x0a,
    0x0a,0x76,0x61,0x72,0x3c,0x70,0x72,0x69,0x76,0x61,0x74,0x65,0x3e,0x20,0x69,0x6e,
    0x73,0x74,0x61,0x6e,0x63,0x65,0x43,0x6f,0x6c,0x6f,0x72,0x20,0x3a,0x20,0x76,0x65,
    0x63,0x34,0x66,0x3b,0x0a,0x0a,0x76,0x61,0x72,0x3c,0x70,0x72,0x69,0x76,0x61,0x74,
    0x65,0x3e,0x20,0x74,0x6f,0x77,0x61,0x72,0x64,0x43,0x61,0x6d,0x65,0x72,0x61,0x20,
    0x3a,0x20,0x76,0x65,0x63,0x33,0x66,0x3b,0x0a,0x0a,0x76,0x61,0x72,0x3c,0x70,0x72,
    0x69,0x76,0x61,0x74,0x65,0x3e,0x20,0x77,0x6f,0x72,0x6c,0x64,0x50,0x6f,0x73,0x69,
    0x74,0x69,0x6f,0x6e,0x20,0x3a,0x20,0x76,0x65,0x63,0x33,0x66,0x3b,0x0a,0x0a,0x76,
    0x61,0x72,0x3c,0x70,0x72,0x69,0x76,0x61,0x74,0x65,0x3e,0x20,0x66,0x72,0x61,0x67,
    0x43,0x6f,0x6c,0x6f,0x72,0x20,0x3a,0x20,0x76,0x65,0x63,0x34,0x66,0x3b,0x0a,0x0a,
    0x66,0x6e,0x20,0x70,0x6f,0x69,0x6e,0x74,0x4c,0x69,0x67,0x68,0x74,0x41,0x74,0x5f,
    0x69,0x31,0x5f,0x76,0x66,0x33,0x5f,0x76,0x66,0x33,0x5f,0x28,0x69,0x20,0x3a,0x20,
    0x70,0x74,0x72,0x3c,0x66,0x75,0x6e,0x63,0x74,0x69,0x6f,0x6e,0x2c,0x20,0x69,0x33,
    0x32,0x3e,0x2c,0x20,0x70,0x6f,0x73,0x69,0x74,0x69,0x6f,0x6e,0x5f,0x31,0x20,0x3a,
    0x20,0x70,0x74,0x72,0x3c,0x66,0x75,0x6e,0x63,0x74,0x69,0x6f,0x6e,0x2c,0x20,0x76,
    0x65,0x63,0x33,0x66,0x3e,0x2c,0x20,0x6e,0x6f,0x72,0x6d,0x61,0x6c,0x20,0x3a,0x20,
    0x70,0x74,0x72,0x3c,0x66,0x75,0x6e,0x63,0x74,0x69,0x6f,0x6e,0x2c,0x20,0x76,0x65,
    0x63,0x33,0x66,0x3e,0x29,0x20,0x2d,0x3e,0x20,0x76,0x65,0x63,0x33,0x66,0x20,0x7b,
    0x0a,0x20,0x20,0x6c,0x65,0x74,0x20,0x78,0x5f,0x33,0x33,0x20,0x3d,0x20,0x28,0x78,
    0x5f,0x32,0x35,0x2e,0x70,0x6f,0x69,0x6e,0x74,0x4c,0x69,0x67,0x68,0x74,0x5b,0x2a,
    0x28,0x69,0x29,0x5d,0x2e,0x78,0x79,0x7a,0x20,0x2d,0x20,0x2a,0x28,0x70,0x6f,0x73,
    0x69,0x74,0x69,0x6f,0x6e,0x5f,0x31,0x29,0x29,0x3b,0x0a,0x20,0x20,0x6c,0x65,0x74,
    0x20,0x78,0x5f,0x33,0x37,0x20,0x3d,0x20,0x6c,0x65,0x6e,0x67,0x74,0x68,0x28,0x78,
    0x5f,0x33,0x33,0x29,0x3b,0x0a,0x20,0x20,0x6c,0x65,0x74,0x20,0x78,0x5f,0x35,0x30,
    0x20,0x3d,0x20,0x63,0x6c,0x61,0x6d,0x70,0x28,0x28,0x31,0x2e,0x30,0x66,0x20,0x2d,
    0x20,0x28,0x78,0x5f,0x33,0x37,0x20,0x2f,0x20,0x78,0x5f,0x32,0x35,0x2e,0x70,0x6f,
    0x69,0x6e,0x74,0x43,0x6f,0x6c,0x6f,0x72,0x5b,0x2a,0x28,0x69,0x29,0x5d,0x2e,0x77,
    0x29,0x29,0x2c,0x20,0x30,0x2e,0x30,0x66,0x2c,0x20,0x31,0x2e,0x30,0x66,0x29,0x3b,
    0x0a,0x20,0x20,0x6c,0x65,0x74,0x20,0x78,0x5f,0x35,0x32,0x20,0x3d,0x20,0x2a,0x28,
    0x6e,0x6f,0x72,0x6d,0x61,0x6c,0x29,0x3b,0x0a,0x20,0x20,0x6c,0x65,0x74,0x20,0x78,
    0x5f,0x35,0x36,0x20,0x3d,0x20,0x6d,0x61,0x78,0x28,0x78,0x5f,0x33,0x37,0x2c,0x20,
    0x30,0x2e,0x30,0x30,0x30,0x30,0x39,0x39,0x39,0x39,0x39,0x39,0x39,0x37,0x34,0x37,
    0x33,0x37,0x38,0x37,0x35,0x32,0x66,0x29,0x3b,0x0a,0x20,0x20,0x6c,0x65,0x74,0x20,
    0x78,0x5f,0x36,0x33,0x20,0x3d,0x20,0x78,0x5f,0x32,0x35,0x2e,0x70,0x6f,0x69,0x6e,
    0x74,0x43,0x6f,0x6c,0x6f,0x72,0x5b,0x2a,0x28,0x69,0x29,0x5d,0x3b,0x0a,0x20,0x20,
    0x6c,0x65,0x74,0x20,0x78,0x5f,0x37,0x32,0x20,0x3d,0x20,0x78,0x5f,0x32,0x35,0x2e,
    0x70,0x6f,0x69,0x6e,0x74,0x4c,0x69,0x67,0x68,0x74,0x5b,0x2a,0x28,0x69,0x29,0x5d,
    0x2e,0x77,0x3b,0x0a,0x20,0x20,0x72,0x65,0x74,0x75,0x72,0x6e,0x20,0x28,0x78,0x5f,
    0x36,0x33,0x2e,0x78,0x79,0x7a,0x20,0x2a,0x20,0x28,0x28,0x28,0x78,0x5f,0x35,0x30,
    0x20,0x2a,0x20,0x78,0x5f,0x35,0x30,0x29,0x20,0x2a,0x20,0x6d,0x61,0x78,0x28,0x64,
    0x6f,0x74,0x28,0x78,0x5f,0x35,0x32,0x2c,0x20,0x28,0x78,0x5f,0x33,0x33,0x20,0x2f,
    0x20,0x76,0x65,0x63,0x33,0x66,0x28,0x78,0x5f,0x35,0x36,0x29,0x29,0x29,0x2c,0x20,
    0x30,0x2e,0x30,0x66,0x29,0x29,0x20,0x2a,0x20,0x78,0x5f,0x37,0x32,0x29,0x29,0x3b,
    0x0a,0x7d,0x0a,0x0a,0x66,0x6e,0x20,0x6d,0x61,0x69,0x6e,0x5f,0x31,0x28,0x29,0x20,
    0x7b,0x0a,0x20,0x20,0x76,0x61,0x72,0x20,0x70,0x69,0x78,0x65,0x6c,0x20,0x3a,0x20,
    0x76,0x65,0x63,0x34,0x66,0x3b,0x0a,0x20,0x20,0x76,0x61,0x72,0x20,0x6c,0x69,0x67,
    0x68,0x74,0x20,0x3a,0x20,0x76,0x65,0x63,0x33,0x66,0x3b,0x0a,0x20,0x20,0x76,0x61,
    0x72,0x20,0x69,0x5f,0x31,0x20,0x3a,0x20,0x69,0x33,0x32,0x3b,0x0a,0x20,0x20,0x76,
    0x61,0x72,0x20,0x70,0x61,0x72,0x61,0x6d,0x20,0x3a,0x20,0x69,0x33,0x32,0x3b,0x0a,
    0x20,0x20,0x76,0x61,0x72,0x20,0x70,0x61,0x72,0x61,0x6d,0x5f,0x31,0x20,0x3a,0x20,
    0x76,0x65,0x63,0x33,0x66,0x3b,0x0a,0x20,0x20,0x76,0x61,0x72,0x20,0x70,0x61,0x72,
    0x61,0x6d,0x5f,0x32,0x20,0x3a,0x20,0x76,0x65,0x63,0x33,0x66,0x3b,0x0a,0x20,0x20,
    0x6c,0x65,0x74,0x20,0x78,0x5f,0x39,0x32,0x20,0x3d,0x20,0x75,0x76,0x3b,0x0a,0x20,
    0x20,0x6c,0x65,0x74,0x20,0x78,0x5f,0x39,0x33,0x20,0x3d,0x20,0x74,0x65,0x78,0x74,
    0x75,0x72,0x65,0x53,0x61,0x6d,0x70,0x6c,0x65,0x28,0x62,0x69,0x6c,0x6c,0x62,0x6f,
    0x61,0x72,0x64,0x54,0x65,0x78,0x74,0x75,0x72,0x65,0x2c,0x20,0x62,0x69,0x6c,0x6c,
    0x62,0x6f,0x61,0x72,0x64,0x53,0x61,0x6d,0x70,0x6c,0x65,0x72,0x2c,0x20,0x78,0x5f,
    0x39,0x32,0x29,0x3b,0x0a,0x20,0x20,0x6c,0x65,0x74,0x20,0x78,0x5f,0x31,0x30,0x36,
    0x20,0x3d,0x20,0x28,0x28,0x78,0x5f,0x39,0x37,0x2e,0x62,0x69,0x6c,0x6c,0x62,0x6f,
    0x61,0x72,0x64,0x43,0x6f,0x6c,0x6f,0x72,0x20,0x2a,0x20,0x78,0x5f,0x39,0x33,0x29,
    0x20,0x2a,0x20,0x69,0x6e,0x73,0x74,0x61,0x6e,0x63,0x65,0x43,0x6f,0x6c,0x6f,0x72,
    0x29,0x3b,0x0a,0x20,0x20,0x70,0x69,0x78,0x65,0x6c,0x20,0x3d,0x20,0x78,0x5f,0x31,
    0x30,0x36,0x3b,0x0a,0x20,0x20,0x69,0x66,0x20,0x28,0x28,0x78,0x5f,0x31,0x30,0x36,
    0x2e,0x77,0x20,0x3c,0x20,0x30,0x2e,0x35,0x66,0x29,0x29,0x20,0x7b,0x0a,0x20,0x20,
    0x20,0x20,0x64,0x69,0x73,0x63,0x61,0x72,0x64,0x3b,0x0a,0x20,0x20,0x7d,0x0a,0x20,
    0x20,0x69,0x66,0x20,0x28,0x21,0x28,0x28,0x78,0x5f,0x39,0x37,0x2e,0x62,0x69,0x6c,
    0x6c,0x62,0x6f,0x61,0x72,0x64,0x2e,0x79,0x20,0x3d,0x3d,0x20,0x30,0x2e,0x30,0x66,
    0x29,0x29,0x29,0x20,0x7b,0x0a,0x20,0x20,0x20,0x20,0x6c,0x65,0x74,0x20,0x78,0x5f,
    0x31,0x32,0x36,0x20,0x3d,0x20,0x6e,0x6f,0x72,0x6d,0x61,0x6c,0x69,0x7a,0x65,0x28,
    0x74,0x6f,0x77,0x61,0x72,0x64,0x43,0x61,0x6d,0x65,0x72,0x61,0x29,0x3b,0x0a,0x20,
    0x20,0x20,0x20,0x6c,0x69,0x67,0x68,0x74,0x20,0x3d,0x20,0x28,0x78,0x5f,0x32,0x35,
    0x2e,0x61,0x6d,0x62,0x69,0x65,0x6e,0x74,0x2e,0x78,0x79,0x7a,0x20,0x2b,0x20,0x28,
    0x78,0x5f,0x32,0x35,0x2e,0x64,0x69,0x72,0x43,0x6f,0x6c,0x6f,0x72,0x2e,0x78,0x79,
    0x7a,0x20,0x2a,0x20,0x28,0x6d,0x61,0x78,0x28,0x64,0x6f,0x74,0x28,0x78,0x5f,0x31,
    0x32,0x36,0x2c,0x20,0x78,0x5f,0x32,0x35,0x2e,0x64,0x69,0x72,0x4c,0x69,0x67,0x68,
    0x74,0x2e,0x78,0x79,0x7a,0x29,0x2c,0x20,0x30,0x2e,0x30,0x66,0x29,0x20,0x2a,0x20,
    0x78,0x5f,0x32,0x35,0x2e,0x64,0x69,0x72,0x4c,0x69,0x67,0x68,0x74,0x2e,0x77,0x29,
    0x29,0x29,0x3b,0x0a,0x20,0x20,0x20,0x20,0x69,0x5f,0x31,0x20,0x3d,0x20,0x30,0x69,
    0x3b,0x0a,0x20,0x20,0x20,0x20,0x6c,0x6f,0x6f,0x70,0x20,0x7b,0x0a,0x20,0x20,0x20,
    0x20,0x20,0x20,0x69,0x66,0x20,0x28,0x28,0x69,0x5f,0x31,0x20,0x3c,0x20,0x69,0x33,
    0x32,0x28,0x28,0x78,0x5f,0x32,0x35,0x2e,0x61,0x6d,0x62,0x69,0x65,0x6e,0x74,0x2e,
    0x77,0x20,0x2b,0x20,0x30,0x2e,0x35,0x66,0x29,0x29,0x29,0x29,0x20,0x7b,0x0a,0x20,
    0x20,0x20,0x20,0x20,0x20,0x7d,0x20,0x65,0x6c,0x73,0x65,0x20,0x7b,0x0a,0x20,0x20,
    0x20,0x20,0x20,0x20,0x20,0x20,0x62,0x72,0x65,0x61,0x6b,0x3b,0x0a,0x20,0x20,0x20,
    0x20,0x20,0x20,0x7d,0x0a,0x20,0x20,0x20,0x20,0x20,0x20,0x70,0x61,0x72,0x61,0x6d,
    0x20,0x3d,0x20,0x69,0x5f,0x31,0x3b,0x0a,0x20,0x20,0x20,0x20,0x20,0x20,0x70,0x61,
    0x72,0x61,0x6d,0x5f,0x31,0x20,0x3d,0x20,0x77,0x6f,0x72,0x6c,0x64,0x50,0x6f,0x73,
    0x69,0x74,0x69,0x6f,0x6e,0x3b,0x0a,0x20,0x20,0x20,0x20,0x20,0x20,0x70,0x61,0x72,
    0x61,0x6d,0x5f,0x32,0x20,0x3d,0x20,0x78,0x5f,0x31,0x32,0x36,0x3b,0x0a,0x20,0x20,
    0x20,0x20,0x20,0x20,0x6c,0x65,0x74,0x20,0x78,0x5f,0x31,0x36,0x37,0x20,0x3d,0x20,
    0x70,0x6f,0x69,0x6e,0x74,0x4c,0x69,0x67,0x68,0x74,0x41,0x74,0x5f,0x69,0x31,0x5f,
    0x76,0x66,0x33,0x5f,0x76,0x66,0x33,0x5f,0x28,0x26,0x28,0x70,0x61,0x72,0x61,0x6d,
    0x29,0x2c,0x20,0x26,0x28,0x70,0x61,0x72,0x61,0x6d,0x5f,0x31,0x29,0x2c,0x20,0x26,
    0x28,0x70,0x61,0x72,0x61,0x6d,0x5f,0x32,0x29,0x29,0x3b,0x0a,0x20,0x20,0x20,0x20,
    0x20,0x20,0x6c,0x69,0x67,0x68,0x74,0x20,0x3d,0x20,0x28,0x6c,0x69,0x67,0x68,0x74,
    0x20,0x2b,0x20,0x78,0x5f,0x31,0x36,0x37,0x29,0x3b,0x0a,0x0a,0x20,0x20,0x20,0x20,
    0x20,0x20,0x63,0x6f,0x6e,0x74,0x69,0x6e,0x75,0x69,0x6e,0x67,0x20,0x7b,0x0a,0x20,
    0x20,0x20,0x20,0x20,0x20,0x20,0x20,0x69,0x5f,0x31,0x20,0x3d,0x20,0x28,0x69,0x5f,
    0x31,0x20,0x2b,0x20,0x31,0x69,0x29,0x3b,0x0a,0x20,0x20,0x20,0x20,0x20,0x20,0x7d,
    0x0a,0x20,0x20,0x20,0x20,0x7d,0x0a,0x20,0x20,0x20,0x20,0x6c,0x65,0x74,0x20,0x78,
    0x5f,0x31,0x37,0x33,0x20,0x3d,0x20,0x70,0x69,0x78,0x65,0x6c,0x3b,0x0a,0x20,0x20,
    0x20,0x20,0x6c,0x65,0x74,0x20,0x78,0x5f,0x31,0x37,0x35,0x20,0x3d,0x20,0x28,0x70,
    0x69,0x78,0x65,0x6c,0x2e,0x78,0x79,0x7a,0x20,0x2a,0x20,0x6c,0x69,0x67,0x68,0x74,
    0x29,0x3b,0x0a,0x20,0x20,0x20,0x20,0x76,0x61,0x72,0x20,0x78,0x5f,0x31,0x38,0x39,
    0x5f,0x31,0x20,0x3d,0x20,0x78,0x5f,0x31,0x37,0x33,0x3b,0x0a,0x20,0x20,0x20,0x20,
    0x78,0x5f,0x31,0x38,0x39,0x5f,0x31,0x2e,0x78,0x20,0x3d,0x20,0x78,0x5f,0x31,0x37,
    0x35,0x2e,0x78,0x3b,0x0a,0x20,0x20,0x20,0x20,0x6c,0x65,0x74,0x20,0x78,0x5f,0x31,
    0x38,0x39,0x20,0x3d,0x20,0x78,0x5f,0x31,0x38,0x39,0x5f,0x31,0x3b,0x0a,0x20,0x20,
    0x20,0x20,0x76,0x61,0x72,0x20,0x78,0x5f,0x31,0x39,0x31,0x5f,0x31,0x20,0x3d,0x20,
    0x78,0x5f,0x31,0x38,0x39,0x3b,0x0a,0x20,0x20,0x20,0x20,0x78,0x5f,0x31,0x39,0x31,
    0x5f,0x31,0x2e,0x79,0x20,0x3d,0x20,0x78,0x5f,0x31,0x37,0x35,0x2e,0x79,0x3b,0x0a,
    0x20,0x20,0x20,0x20,0x6c,0x65,0x74,0x20,0x78,0x5f,0x31,0x39,0x31,0x20,0x3d,0x20,
    0x78,0x5f,0x31,0x39,0x31,0x5f,0x31,0x3b,0x0a,0x20,0x20,0x20,0x20,0x76,0x61,0x72,
    0x20,0x78,0x5f,0x31,0x39,0x33,0x5f,0x31,0x20,0x3d,0x20,0x78,0x5f,0x31,0x39,0x31,
    0x3b,0x0a,0x20,0x20,0x20,0x20,0x78,0x5f,0x31,0x39,0x33,0x5f,0x31,0x2e,0x7a,0x20,
    0x3d,0x20,0x78,0x5f,0x31,0x37,0x35,0x2e,0x7a,0x3b,0x0a,0x20,0x20,0x20,0x20,0x70,
    0x69,0x78,0x65,0x6c,0x20,0x3d,0x20,0x78,0x5f,0x31,0x39,0x33,0x5f,0x31,0x3b,0x0a,
    0x20,0x20,0x7d,0x0a,0x20,0x20,0x66,0x72,0x61,0x67,0x43,0x6f,0x6c,0x6f,0x72,0x20,
    0x3d,0x20,0x70,0x69,0x78,0x65,0x6c,0x3b,0x0a,0x20,0x20,0x72,0x65,0x74,0x75,0x72,
    0x6e,0x3b,0x0a,0x7d,0x0a,0x0a,0x73,0x74,0x72,0x75,0x63,0x74,0x20,0x6d,0x61,0x69,
    0x6e,0x5f,0x6f,0x75,0x74,0x20,0x7b,0x0a,0x20,0x20,0x40,0x6c,0x6f,0x63,0x61,0x74,
    0x69,0x6f,0x6e,0x28,0x30,0x29,0x0a,0x20,0x20,0x66,0x72,0x61,0x67,0x43,0x6f,0x6c,
    0x6f,0x72,0x5f,0x31,0x20,0x3a,0x20,0x76,0x65,0x63,0x34,0x66,0x2c,0x0a,0x7d,0x0a,
    0x0a,0x40,0x66,0x72,0x61,0x67,0x6d,0x65,0x6e,0x74,0x0a,0x66,0x6e,0x20,0x6d,0x61,
    0x69,0x6e,0x28,0x40,0x6c,0x6f,0x63,0x61,0x74,0x69,0x6f,0x6e,0x28,0x32,0x29,0x20,
    0x75,0x76,0x5f,0x70,0x61,0x72,0x61,0x6d,0x20,0x3a,0x20,0x76,0x65,0x63,0x32,0x66,
    0x2c,0x20,0x40,0x6c,0x6f,0x63,0x61,0x74,0x69,0x6f,0x6e,0x28,0x33,0x29,0x20,0x69,
    0x6e,0x73,0x74,0x61,0x6e,0x63,0x65,0x43,0x6f,0x6c,0x6f,0x72,0x5f,0x70,0x61,0x72,
    0x61,0x6d,0x20,0x3a,0x20,0x76,0x65,0x63,0x34,0x66,0x2c,0x20,0x40,0x6c,0x6f,0x63,
    0x61,0x74,0x69,0x6f,0x6e,0x28,0x31,0x29,0x20,0x74,0x6f,0x77,0x61,0x72,0x64,0x43,
    0x61,0x6d,0x65,0x72,0x61,0x5f,0x70,0x61,0x72,0x61,0x6d,0x20,0x3a,0x20,0x76,0x65,
    0x63,0x33,0x66,0x2c,0x20,0x40,0x6c,0x6f,0x63,0x61,0x74,0x69,0x6f,0x6e,0x28,0x30,
    0x29,0x20,0x77,0x6f,0x72,0x6c,0x64,0x50,0x6f,0x73,0x69,0x74,0x69,0x6f,0x6e,0x5f,
    0x70,0x61,0x72,0x61,0x6d,0x20,0x3a,0x20,0x76,0x65,0x63,0x33,0x66,0x29,0x20,0x2d,
    0x3e,0x20,0x6d,0x61,0x69,0x6e,0x5f,0x6f,0x75,0x74,0x20,0x7b,0x0a,0x20,0x20,0x75,
    0x76,0x20,0x3d,0x20,0x75,0x76,0x5f,0x70,0x61,0x72,0x61,0x6d,0x3b,0x0a,0x20,0x20,
    0x69,0x6e,0x73,0x74,0x61,0x6e,0x63,0x65,0x43,0x6f,0x6c,0x6f,0x72,0x20,0x3d,0x20,
    0x69,0x6e,0x73,0x74,0x61,0x6e,0x63,0x65,0x43,0x6f,0x6c,0x6f,0x72,0x5f,0x70,0x61,
    0x72,0x61,0x6d,0x3b,0x0a,0x20,0x20,0x74,0x6f,0x77,0x61,0x72,0x64,0x43,0x61,0x6d,
    0x65,0x72,0x61,0x20,0x3d,0x20,0x74,0x6f,0x77,0x61,0x72,0x64,0x43,0x61,0x6d,0x65,
    0x72,0x61,0x5f,0x70,0x61,0x72,0x61,0x6d,0x3b,0x0a,0x20,0x20,0x77,0x6f,0x72,0x6c,
    0x64,0x50,0x6f,0x73,0x69,0x74,0x69,0x6f,0x6e,0x20,0x3d,0x20,0x77,0x6f,0x72,0x6c,
    0x64,0x50,0x6f,0x73,0x69,0x74,0x69,0x6f,0x6e,0x5f,0x70,0x61,0x72,0x61,0x6d,0x3b,
    0x0a,0x20,0x20,0x6d,0x61,0x69,0x6e,0x5f,0x31,0x28,0x29,0x3b,0x0a,0x20,0x20,0x72,
    0x65,0x74,0x75,0x72,0x6e,0x20,0x6d,0x61,0x69,0x6e,0x5f,0x6f,0x75,0x74,0x28,0x66,
    0x72,0x61,0x67,0x43,0x6f,0x6c,0x6f,0x72,0x29,0x3b,0x0a,0x7d,0x0a,0x00,
};
/*
    diagnostic(off, derivative_uniformity);

    var<private> position_1 : vec2f;

    var<private> gl_Position : vec4f;

    fn main_1() {
      gl_Position = vec4f(position_1.x, position_1.y, 0.5f, 1.0f);
      return;
    }

    struct main_out {
      @builtin(position)
      gl_Position : vec4f,
    }

    @vertex
    fn main(@location(0) position_1_param : vec2f) -> main_out {
      position_1 = position_1_param;
      main_1();
      return main_out(gl_Position);
    }
*/
static const uint8_t fullscreenVs_source_wgsl[414] = {
    0x64,0x69,0x61,0x67,0x6e,0x6f,0x73,0x74,0x69,0x63,0x28,0x6f,0x66,0x66,0x2c,0x20,
    0x64,0x65,0x72,0x69,0x76,0x61,0x74,0x69,0x76,0x65,0x5f,0x75,0x6e,0x69,0x66,0x6f,
    0x72,0x6d,0x69,0x74,0x79,0x29,0x3b,0x0a,0x0a,0x76,0x61,0x72,0x3c,0x70,0x72,0x69,
    0x76,0x61,0x74,0x65,0x3e,0x20,0x70,0x6f,0x73,0x69,0x74,0x69,0x6f,0x6e,0x5f,0x31,
    0x20,0x3a,0x20,0x76,0x65,0x63,0x32,0x66,0x3b,0x0a,0x0a,0x76,0x61,0x72,0x3c,0x70,
    0x72,0x69,0x76,0x61,0x74,0x65,0x3e,0x20,0x67,0x6c,0x5f,0x50,0x6f,0x73,0x69,0x74,
    0x69,0x6f,0x6e,0x20,0x3a,0x20,0x76,0x65,0x63,0x34,0x66,0x3b,0x0a,0x0a,0x66,0x6e,
    0x20,0x6d,0x61,0x69,0x6e,0x5f,0x31,0x28,0x29,0x20,0x7b,0x0a,0x20,0x20,0x67,0x6c,
    0x5f,0x50,0x6f,0x73,0x69,0x74,0x69,0x6f,0x6e,0x20,0x3d,0x20,0x76,0x65,0x63,0x34,
    0x66,0x28,0x70,0x6f,0x73,0x69,0x74,0x69,0x6f,0x6e,0x5f,0x31,0x2e,0x78,0x2c,0x20,
    0x70,0x6f,0x73,0x69,0x74,0x69,0x6f,0x6e,0x5f,0x31,0x2e,0x79,0x2c,0x20,0x30,0x2e,
    0x35,0x66,0x2c,0x20,0x31,0x2e,0x30,0x66,0x29,0x3b,0x0a,0x20,0x20,0x72,0x65,0x74,
    0x75,0x72,0x6e,0x3b,0x0a,0x7d,0x0a,0x0a,0x73,0x74,0x72,0x75,0x63,0x74,0x20,0x6d,
    0x61,0x69,0x6e,0x5f,0x6f,0x75,0x74,0x20,0x7b,0x0a,0x20,0x20,0x40,0x62,0x75,0x69,
    0x6c,0x74,0x69,0x6e,0x28,0x70,0x6f,0x73,0x69,0x74,0x69,0x6f,0x6e,0x29,0x0a,0x20,
    0x20,0x67,0x6c,0x5f,0x50,0x6f,0x73,0x69,0x74,0x69,0x6f,0x6e,0x20,0x3a,0x20,0x76,
    0x65,0x63,0x34,0x66,0x2c,0x0a,0x7d,0x0a,0x0a,0x40,0x76,0x65,0x72,0x74,0x65,0x78,
    0x0a,0x66,0x6e,0x20,0x6d,0x61,0x69,0x6e,0x28,0x40,0x6c,0x6f,0x63,0x61,0x74,0x69,
    0x6f,0x6e,0x28,0x30,0x29,0x20,0x70,0x6f,0x73,0x69,0x74,0x69,0x6f,0x6e,0x5f,0x31,
    0x5f,0x70,0x61,0x72,0x61,0x6d,0x20,0x3a,0x20,0x76,0x65,0x63,0x32,0x66,0x29,0x20,
    0x2d,0x3e,0x20,0x6d,0x61,0x69,0x6e,0x5f,0x6f,0x75,0x74,0x20,0x7b,0x0a,0x20,0x20,
    0x70,0x6f,0x73,0x69,0x74,0x69,0x6f,0x6e,0x5f,0x31,0x20,0x3d,0x20,0x70,0x6f,0x73,
    0x69,0x74,0x69,0x6f,0x6e,0x5f,0x31,0x5f,0x70,0x61,0x72,0x61,0x6d,0x3b,0x0a,0x20,
    0x20,0x6d,0x61,0x69,0x6e,0x5f,0x31,0x28,0x29,0x3b,0x0a,0x20,0x20,0x72,0x65,0x74,
    0x75,0x72,0x6e,0x20,0x6d,0x61,0x69,0x6e,0x5f,0x6f,0x75,0x74,0x28,0x67,0x6c,0x5f,
    0x50,0x6f,0x73,0x69,0x74,0x69,0x6f,0x6e,0x29,0x3b,0x0a,0x7d,0x0a,0x00,
};
/*
    diagnostic(off, derivative_uniformity);

    @binding(0) @group(1) var sourceTexture : texture_2d<f32>;

    @binding(32) @group(1) var pointSampler : sampler;

    var<private> gl_FragCoord : vec4f;

    var<private> fragColor : vec4f;

    fn main_1() {
      let x_45 = textureLoad(sourceTexture, clamp(vec2i(gl_FragCoord.xy), vec2i(), (vec2i(textureDimensions(sourceTexture, 0i)) - vec2i(1i))), 0i);
      fragColor = vec4f(x_45.x, x_45.y, x_45.z, 1.0f);
      return;
    }

    struct main_out {
      @location(0)
      fragColor_1 : vec4f,
    }

    @fragment
    fn main(@builtin(position) gl_FragCoord_param : vec4f) -> main_out {
      gl_FragCoord = gl_FragCoord_param;
      main_1();
      return main_out(fragColor);
    }
*/
static const uint8_t copyFs_source_wgsl[664] = {
    0x64,0x69,0x61,0x67,0x6e,0x6f,0x73,0x74,0x69,0x63,0x28,0x6f,0x66,0x66,0x2c,0x20,
    0x64,0x65,0x72,0x69,0x76,0x61,0x74,0x69,0x76,0x65,0x5f,0x75,0x6e,0x69,0x66,0x6f,
    0x72,0x6d,0x69,0x74,0x79,0x29,0x3b,0x0a,0x0a,0x40,0x62,0x69,0x6e,0x64,0x69,0x6e,
    0x67,0x28,0x30,0x29,0x20,0x40,0x67,0x72,0x6f,0x75,0x70,0x28,0x31,0x29,0x20,0x76,
    0x61,0x72,0x20,0x73,0x6f,0x75,0x72,0x63,0x65,0x54,0x65,0x78,0x74,0x75,0x72,0x65,
    0x20,0x3a,0x20,0x74,0x65,0x78,0x74,0x75,0x72,0x65,0x5f,0x32,0x64,0x3c,0x66,0x33,
    0x32,0x3e,0x3b,0x0a,0x0a,0x40,0x62,0x69,0x6e,0x64,0x69,0x6e,0x67,0x28,0x33,0x32,
    0x29,0x20,0x40,0x67,0x72,0x6f,0x75,0x70,0x28,0x31,0x29,0x20,0x76,0x61,0x72,0x20,
    0x70,0x6f,0x69,0x6e,0x74,0x53,0x61,0x6d,0x70,0x6c,0x65,0x72,0x20,0x3a,0x20,0x73,
    0x61,0x6d,0x70,0x6c,0x65,0x72,0x3b,0x0a,0x0a,0x76,0x61,0x72,0x3c,0x70,0x72,0x69,
    0x76,0x61,0x74,0x65,0x3e,0x20,0x67,0x6c,0x5f,0x46,0x72,0x61,0x67,0x43,0x6f,0x6f,
    0x72,0x64,0x20,0x3a,0x20,0x76,0x65,0x63,0x34,0x66,0x3b,0x0a,0x0a,0x76,0x61,0x72,
    0x3c,0x70,0x72,0x69,0x76,0x61,0x74,0x65,0x3e,0x20,0x66,0x72,0x61,0x67,0x43,0x6f,
    0x6c,0x6f,0x72,0x20,0x3a,0x20,0x76,0x65,0x63,0x34,0x66,0x3b,0x0a,0x0a,0x66,0x6e,
    0x20,0x6d,0x61,0x69,0x6e,0x5f,0x31,0x28,0x29,0x20,0x7b,0x0a,0x20,0x20,0x6c,0x65,
    0x74,0x20,0x78,0x5f,0x34,0x35,0x20,0x3d,0x20,0x74,0x65,0x78,0x74,0x75,0x72,0x65,
    0x4c,0x6f,0x61,0x64,0x28,0x73,0x6f,0x75,0x72,0x63,0x65,0x54,0x65,0x78,0x74,0x75,
    0x72,0x65,0x2c,0x20,0x63,0x6c,0x61,0x6d,0x70,0x28,0x76,0x65,0x63,0x32,0x69,0x28,
    0x67,0x6c,0x5f,0x46,0x72,0x61,0x67,0x43,0x6f,0x6f,0x72,0x64,0x2e,0x78,0x79,0x29,
    0x2c,0x20,0x76,0x65,0x63,0x32,0x69,0x28,0x29,0x2c,0x20,0x28,0x76,0x65,0x63,0x32,
    0x69,0x28,0x74,0x65,0x78,0x74,0x75,0x72,0x65,0x44,0x69,0x6d,0x65,0x6e,0x73,0x69,
    0x6f,0x6e,0x73,0x28,0x73,0x6f,0x75,0x72,0x63,0x65,0x54,0x65,0x78,0x74,0x75,0x72,
    0x65,0x2c,0x20,0x30,0x69,0x29,0x29,0x20,0x2d,0x20,0x76,0x65,0x63,0x32,0x69,0x28,
    0x31,0x69,0x29,0x29,0x29,0x2c,0x20,0x30,0x69,0x29,0x3b,0x0a,0x20,0x20,0x66,0x72,
    0x61,0x67,0x43,0x6f,0x6c,0x6f,0x72,0x20,0x3d,0x20,0x76,0x65,0x63,0x34,0x66,0x28,
    0x78,0x5f,0x34,0x35,0x2e,0x78,0x2c,0x20,0x78,0x5f,0x34,0x35,0x2e,0x79,0x2c,0x20,
    0x78,0x5f,0x34,0x35,0x2e,0x7a,0x2c,0x20,0x31,0x2e,0x30,0x66,0x29,0x3b,0x0a,0x20,
    0x20,0x72,0x65,0x74,0x75,0x72,0x6e,0x3b,0x0a,0x7d,0x0a,0x0a,0x73,0x74,0x72,0x75,
    0x63,0x74,0x20,0x6d,0x61,0x69,0x6e,0x5f,0x6f,0x75,0x74,0x20,0x7b,0x0a,0x20,0x20,
    0x40,0x6c,0x6f,0x63,0x61,0x74,0x69,0x6f,0x6e,0x28,0x30,0x29,0x0a,0x20,0x20,0x66,
    0x72,0x61,0x67,0x43,0x6f,0x6c,0x6f,0x72,0x5f,0x31,0x20,0x3a,0x20,0x76,0x65,0x63,
    0x34,0x66,0x2c,0x0a,0x7d,0x0a,0x0a,0x40,0x66,0x72,0x61,0x67,0x6d,0x65,0x6e,0x74,
    0x0a,0x66,0x6e,0x20,0x6d,0x61,0x69,0x6e,0x28,0x40,0x62,0x75,0x69,0x6c,0x74,0x69,
    0x6e,0x28,0x70,0x6f,0x73,0x69,0x74,0x69,0x6f,0x6e,0x29,0x20,0x67,0x6c,0x5f,0x46,
    0x72,0x61,0x67,0x43,0x6f,0x6f,0x72,0x64,0x5f,0x70,0x61,0x72,0x61,0x6d,0x20,0x3a,
    0x20,0x76,0x65,0x63,0x34,0x66,0x29,0x20,0x2d,0x3e,0x20,0x6d,0x61,0x69,0x6e,0x5f,
    0x6f,0x75,0x74,0x20,0x7b,0x0a,0x20,0x20,0x67,0x6c,0x5f,0x46,0x72,0x61,0x67,0x43,
    0x6f,0x6f,0x72,0x64,0x20,0x3d,0x20,0x67,0x6c,0x5f,0x46,0x72,0x61,0x67,0x43,0x6f,
    0x6f,0x72,0x64,0x5f,0x70,0x61,0x72,0x61,0x6d,0x3b,0x0a,0x20,0x20,0x6d,0x61,0x69,
    0x6e,0x5f,0x31,0x28,0x29,0x3b,0x0a,0x20,0x20,0x72,0x65,0x74,0x75,0x72,0x6e,0x20,
    0x6d,0x61,0x69,0x6e,0x5f,0x6f,0x75,0x74,0x28,0x66,0x72,0x61,0x67,0x43,0x6f,0x6c,
    0x6f,0x72,0x29,0x3b,0x0a,0x7d,0x0a,0x00,
};
static inline const sg_shader_desc* billboard_shader_desc(sg_backend backend) {
    if (backend == SG_BACKEND_GLES3) {
        static sg_shader_desc desc;
        static bool valid;
        if (!valid) {
            valid = true;
            desc.vertex_func.source = (const char*)billboardVs_source_glsl300es;
            desc.vertex_func.entry = "main";
            desc.fragment_func.source = (const char*)billboardFs_source_glsl300es;
            desc.fragment_func.entry = "main";
            desc.attrs[0].base_type = SG_SHADERATTRBASETYPE_FLOAT;
            desc.attrs[0].glsl_name = "corner";
            desc.attrs[1].base_type = SG_SHADERATTRBASETYPE_FLOAT;
            desc.attrs[1].glsl_name = "position";
            desc.attrs[2].base_type = SG_SHADERATTRBASETYPE_FLOAT;
            desc.attrs[2].glsl_name = "size";
            desc.attrs[3].base_type = SG_SHADERATTRBASETYPE_FLOAT;
            desc.attrs[3].glsl_name = "tile";
            desc.attrs[4].base_type = SG_SHADERATTRBASETYPE_FLOAT;
            desc.attrs[4].glsl_name = "color";
            desc.uniform_blocks[0].stage = SG_SHADERSTAGE_VERTEX;
            desc.uniform_blocks[0].layout = SG_UNIFORMLAYOUT_STD140;
            desc.uniform_blocks[0].size = 96;
            desc.uniform_blocks[0].glsl_uniforms[0].type = SG_UNIFORMTYPE_FLOAT4;
            desc.uniform_blocks[0].glsl_uniforms[0].array_count = 6;
            desc.uniform_blocks[0].glsl_uniforms[0].glsl_name = "vertexParams";
            desc.uniform_blocks[1].stage = SG_SHADERSTAGE_FRAGMENT;
            desc.uniform_blocks[1].layout = SG_UNIFORMLAYOUT_STD140;
            desc.uniform_blocks[1].size = 176;
            desc.uniform_blocks[1].glsl_uniforms[0].type = SG_UNIFORMTYPE_FLOAT4;
            desc.uniform_blocks[1].glsl_uniforms[0].array_count = 11;
            desc.uniform_blocks[1].glsl_uniforms[0].glsl_name = "lightParams";
            desc.uniform_blocks[2].stage = SG_SHADERSTAGE_FRAGMENT;
            desc.uniform_blocks[2].layout = SG_UNIFORMLAYOUT_STD140;
            desc.uniform_blocks[2].size = 32;
            desc.uniform_blocks[2].glsl_uniforms[0].type = SG_UNIFORMTYPE_FLOAT4;
            desc.uniform_blocks[2].glsl_uniforms[0].array_count = 2;
            desc.uniform_blocks[2].glsl_uniforms[0].glsl_name = "billboardParams";
            desc.views[0].texture.stage = SG_SHADERSTAGE_FRAGMENT;
            desc.views[0].texture.image_type = SG_IMAGETYPE_2D;
            desc.views[0].texture.sample_type = SG_IMAGESAMPLETYPE_FLOAT;
            desc.views[0].texture.multisampled = false;
            desc.samplers[0].stage = SG_SHADERSTAGE_FRAGMENT;
            desc.samplers[0].sampler_type = SG_SAMPLERTYPE_FILTERING;
            desc.texture_sampler_pairs[0].stage = SG_SHADERSTAGE_FRAGMENT;
            desc.texture_sampler_pairs[0].view_slot = 0;
            desc.texture_sampler_pairs[0].sampler_slot = 0;
            desc.texture_sampler_pairs[0].glsl_name = "billboardTexture_billboardSampler";
            desc.label = "billboard_shader";
        }
        return &desc;
    }
    if (backend == SG_BACKEND_D3D11) {
        static sg_shader_desc desc;
        static bool valid;
        if (!valid) {
            valid = true;
            desc.vertex_func.source = (const char*)billboardVs_source_hlsl5;
            desc.vertex_func.d3d11_target = "vs_5_0";
            desc.vertex_func.entry = "main";
            desc.fragment_func.source = (const char*)billboardFs_source_hlsl5;
            desc.fragment_func.d3d11_target = "ps_5_0";
            desc.fragment_func.entry = "main";
            desc.attrs[0].base_type = SG_SHADERATTRBASETYPE_FLOAT;
            desc.attrs[0].hlsl_sem_name = "TEXCOORD";
            desc.attrs[0].hlsl_sem_index = 0;
            desc.attrs[1].base_type = SG_SHADERATTRBASETYPE_FLOAT;
            desc.attrs[1].hlsl_sem_name = "TEXCOORD";
            desc.attrs[1].hlsl_sem_index = 1;
            desc.attrs[2].base_type = SG_SHADERATTRBASETYPE_FLOAT;
            desc.attrs[2].hlsl_sem_name = "TEXCOORD";
            desc.attrs[2].hlsl_sem_index = 2;
            desc.attrs[3].base_type = SG_SHADERATTRBASETYPE_FLOAT;
            desc.attrs[3].hlsl_sem_name = "TEXCOORD";
            desc.attrs[3].hlsl_sem_index = 3;
            desc.attrs[4].base_type = SG_SHADERATTRBASETYPE_FLOAT;
            desc.attrs[4].hlsl_sem_name = "TEXCOORD";
            desc.attrs[4].hlsl_sem_index = 4;
            desc.uniform_blocks[0].stage = SG_SHADERSTAGE_VERTEX;
            desc.uniform_blocks[0].layout = SG_UNIFORMLAYOUT_STD140;
            desc.uniform_blocks[0].size = 96;
            desc.uniform_blocks[0].hlsl_register_b_n = 0;
            desc.uniform_blocks[1].stage = SG_SHADERSTAGE_FRAGMENT;
            desc.uniform_blocks[1].layout = SG_UNIFORMLAYOUT_STD140;
            desc.uniform_blocks[1].size = 176;
            desc.uniform_blocks[1].hlsl_register_b_n = 1;
            desc.uniform_blocks[2].stage = SG_SHADERSTAGE_FRAGMENT;
            desc.uniform_blocks[2].layout = SG_UNIFORMLAYOUT_STD140;
            desc.uniform_blocks[2].size = 32;
            desc.uniform_blocks[2].hlsl_register_b_n = 2;
            desc.views[0].texture.stage = SG_SHADERSTAGE_FRAGMENT;
            desc.views[0].texture.image_type = SG_IMAGETYPE_2D;
            desc.views[0].texture.sample_type = SG_IMAGESAMPLETYPE_FLOAT;
            desc.views[0].texture.multisampled = false;
            desc.views[0].texture.hlsl_register_t_n = 0;
            desc.samplers[0].stage = SG_SHADERSTAGE_FRAGMENT;
            desc.samplers[0].sampler_type = SG_SAMPLERTYPE_FILTERING;
            desc.samplers[0].hlsl_register_s_n = 0;
            desc.texture_sampler_pairs[0].stage = SG_SHADERSTAGE_FRAGMENT;
            desc.texture_sampler_pairs[0].view_slot = 0;
            desc.texture_sampler_pairs[0].sampler_slot = 0;
            desc.label = "billboard_shader";
        }
        return &desc;
    }
    if (backend == SG_BACKEND_METAL_MACOS) {
        static sg_shader_desc desc;
        static bool valid;
        if (!valid) {
            valid = true;
            desc.vertex_func.source = (const char*)billboardVs_source_metal_macos;
            desc.vertex_func.entry = "main0";
            desc.fragment_func.source = (const char*)billboardFs_source_metal_macos;
            desc.fragment_func.entry = "main0";
            desc.attrs[0].base_type = SG_SHADERATTRBASETYPE_FLOAT;
            desc.attrs[1].base_type = SG_SHADERATTRBASETYPE_FLOAT;
            desc.attrs[2].base_type = SG_SHADERATTRBASETYPE_FLOAT;
            desc.attrs[3].base_type = SG_SHADERATTRBASETYPE_FLOAT;
            desc.attrs[4].base_type = SG_SHADERATTRBASETYPE_FLOAT;
            desc.uniform_blocks[0].stage = SG_SHADERSTAGE_VERTEX;
            desc.uniform_blocks[0].layout = SG_UNIFORMLAYOUT_STD140;
            desc.uniform_blocks[0].size = 96;
            desc.uniform_blocks[0].msl_buffer_n = 0;
            desc.uniform_blocks[1].stage = SG_SHADERSTAGE_FRAGMENT;
            desc.uniform_blocks[1].layout = SG_UNIFORMLAYOUT_STD140;
            desc.uniform_blocks[1].size = 176;
            desc.uniform_blocks[1].msl_buffer_n = 1;
            desc.uniform_blocks[2].stage = SG_SHADERSTAGE_FRAGMENT;
            desc.uniform_blocks[2].layout = SG_UNIFORMLAYOUT_STD140;
            desc.uniform_blocks[2].size = 32;
            desc.uniform_blocks[2].msl_buffer_n = 2;
            desc.views[0].texture.stage = SG_SHADERSTAGE_FRAGMENT;
            desc.views[0].texture.image_type = SG_IMAGETYPE_2D;
            desc.views[0].texture.sample_type = SG_IMAGESAMPLETYPE_FLOAT;
            desc.views[0].texture.multisampled = false;
            desc.views[0].texture.msl_texture_n = 0;
            desc.samplers[0].stage = SG_SHADERSTAGE_FRAGMENT;
            desc.samplers[0].sampler_type = SG_SAMPLERTYPE_FILTERING;
            desc.samplers[0].msl_sampler_n = 0;
            desc.texture_sampler_pairs[0].stage = SG_SHADERSTAGE_FRAGMENT;
            desc.texture_sampler_pairs[0].view_slot = 0;
            desc.texture_sampler_pairs[0].sampler_slot = 0;
            desc.label = "billboard_shader";
        }
        return &desc;
    }
    if (backend == SG_BACKEND_METAL_IOS) {
        static sg_shader_desc desc;
        static bool valid;
        if (!valid) {
            valid = true;
            desc.vertex_func.source = (const char*)billboardVs_source_metal_ios;
            desc.vertex_func.entry = "main0";
            desc.fragment_func.source = (const char*)billboardFs_source_metal_ios;
            desc.fragment_func.entry = "main0";
            desc.attrs[0].base_type = SG_SHADERATTRBASETYPE_FLOAT;
            desc.attrs[1].base_type = SG_SHADERATTRBASETYPE_FLOAT;
            desc.attrs[2].base_type = SG_SHADERATTRBASETYPE_FLOAT;
            desc.attrs[3].base_type = SG_SHADERATTRBASETYPE_FLOAT;
            desc.attrs[4].base_type = SG_SHADERATTRBASETYPE_FLOAT;
            desc.uniform_blocks[0].stage = SG_SHADERSTAGE_VERTEX;
            desc.uniform_blocks[0].layout = SG_UNIFORMLAYOUT_STD140;
            desc.uniform_blocks[0].size = 96;
            desc.uniform_blocks[0].msl_buffer_n = 0;
            desc.uniform_blocks[1].stage = SG_SHADERSTAGE_FRAGMENT;
            desc.uniform_blocks[1].layout = SG_UNIFORMLAYOUT_STD140;
            desc.uniform_blocks[1].size = 176;
            desc.uniform_blocks[1].msl_buffer_n = 1;
            desc.uniform_blocks[2].stage = SG_SHADERSTAGE_FRAGMENT;
            desc.uniform_blocks[2].layout = SG_UNIFORMLAYOUT_STD140;
            desc.uniform_blocks[2].size = 32;
            desc.uniform_blocks[2].msl_buffer_n = 2;
            desc.views[0].texture.stage = SG_SHADERSTAGE_FRAGMENT;
            desc.views[0].texture.image_type = SG_IMAGETYPE_2D;
            desc.views[0].texture.sample_type = SG_IMAGESAMPLETYPE_FLOAT;
            desc.views[0].texture.multisampled = false;
            desc.views[0].texture.msl_texture_n = 0;
            desc.samplers[0].stage = SG_SHADERSTAGE_FRAGMENT;
            desc.samplers[0].sampler_type = SG_SAMPLERTYPE_FILTERING;
            desc.samplers[0].msl_sampler_n = 0;
            desc.texture_sampler_pairs[0].stage = SG_SHADERSTAGE_FRAGMENT;
            desc.texture_sampler_pairs[0].view_slot = 0;
            desc.texture_sampler_pairs[0].sampler_slot = 0;
            desc.label = "billboard_shader";
        }
        return &desc;
    }
    if (backend == SG_BACKEND_METAL_SIMULATOR) {
        static sg_shader_desc desc;
        static bool valid;
        if (!valid) {
            valid = true;
            desc.vertex_func.source = (const char*)billboardVs_source_metal_sim;
            desc.vertex_func.entry = "main0";
            desc.fragment_func.source = (const char*)billboardFs_source_metal_sim;
            desc.fragment_func.entry = "main0";
            desc.attrs[0].base_type = SG_SHADERATTRBASETYPE_FLOAT;
            desc.attrs[1].base_type = SG_SHADERATTRBASETYPE_FLOAT;
            desc.attrs[2].base_type = SG_SHADERATTRBASETYPE_FLOAT;
            desc.attrs[3].base_type = SG_SHADERATTRBASETYPE_FLOAT;
            desc.attrs[4].base_type = SG_SHADERATTRBASETYPE_FLOAT;
            desc.uniform_blocks[0].stage = SG_SHADERSTAGE_VERTEX;
            desc.uniform_blocks[0].layout = SG_UNIFORMLAYOUT_STD140;
            desc.uniform_blocks[0].size = 96;
            desc.uniform_blocks[0].msl_buffer_n = 0;
            desc.uniform_blocks[1].stage = SG_SHADERSTAGE_FRAGMENT;
            desc.uniform_blocks[1].layout = SG_UNIFORMLAYOUT_STD140;
            desc.uniform_blocks[1].size = 176;
            desc.uniform_blocks[1].msl_buffer_n = 1;
            desc.uniform_blocks[2].stage = SG_SHADERSTAGE_FRAGMENT;
            desc.uniform_blocks[2].layout = SG_UNIFORMLAYOUT_STD140;
            desc.uniform_blocks[2].size = 32;
            desc.uniform_blocks[2].msl_buffer_n = 2;
            desc.views[0].texture.stage = SG_SHADERSTAGE_FRAGMENT;
            desc.views[0].texture.image_type = SG_IMAGETYPE_2D;
            desc.views[0].texture.sample_type = SG_IMAGESAMPLETYPE_FLOAT;
            desc.views[0].texture.multisampled = false;
            desc.views[0].texture.msl_texture_n = 0;
            desc.samplers[0].stage = SG_SHADERSTAGE_FRAGMENT;
            desc.samplers[0].sampler_type = SG_SAMPLERTYPE_FILTERING;
            desc.samplers[0].msl_sampler_n = 0;
            desc.texture_sampler_pairs[0].stage = SG_SHADERSTAGE_FRAGMENT;
            desc.texture_sampler_pairs[0].view_slot = 0;
            desc.texture_sampler_pairs[0].sampler_slot = 0;
            desc.label = "billboard_shader";
        }
        return &desc;
    }
    if (backend == SG_BACKEND_WGPU) {
        static sg_shader_desc desc;
        static bool valid;
        if (!valid) {
            valid = true;
            desc.vertex_func.source = (const char*)billboardVs_source_wgsl;
            desc.vertex_func.entry = "main";
            desc.fragment_func.source = (const char*)billboardFs_source_wgsl;
            desc.fragment_func.entry = "main";
            desc.attrs[0].base_type = SG_SHADERATTRBASETYPE_FLOAT;
            desc.attrs[1].base_type = SG_SHADERATTRBASETYPE_FLOAT;
            desc.attrs[2].base_type = SG_SHADERATTRBASETYPE_FLOAT;
            desc.attrs[3].base_type = SG_SHADERATTRBASETYPE_FLOAT;
            desc.attrs[4].base_type = SG_SHADERATTRBASETYPE_FLOAT;
            desc.uniform_blocks[0].stage = SG_SHADERSTAGE_VERTEX;
            desc.uniform_blocks[0].layout = SG_UNIFORMLAYOUT_STD140;
            desc.uniform_blocks[0].size = 96;
            desc.uniform_blocks[0].wgsl_group0_binding_n = 0;
            desc.uniform_blocks[1].stage = SG_SHADERSTAGE_FRAGMENT;
            desc.uniform_blocks[1].layout = SG_UNIFORMLAYOUT_STD140;
            desc.uniform_blocks[1].size = 176;
            desc.uniform_blocks[1].wgsl_group0_binding_n = 1;
            desc.uniform_blocks[2].stage = SG_SHADERSTAGE_FRAGMENT;
            desc.uniform_blocks[2].layout = SG_UNIFORMLAYOUT_STD140;
            desc.uniform_blocks[2].size = 32;
            desc.uniform_blocks[2].wgsl_group0_binding_n = 2;
            desc.views[0].texture.stage = SG_SHADERSTAGE_FRAGMENT;
            desc.views[0].texture.image_type = SG_IMAGETYPE_2D;
            desc.views[0].texture.sample_type = SG_IMAGESAMPLETYPE_FLOAT;
            desc.views[0].texture.multisampled = false;
            desc.views[0].texture.wgsl_group1_binding_n = 0;
            desc.samplers[0].stage = SG_SHADERSTAGE_FRAGMENT;
            desc.samplers[0].sampler_type = SG_SAMPLERTYPE_FILTERING;
            desc.samplers[0].wgsl_group1_binding_n = 32;
            desc.texture_sampler_pairs[0].stage = SG_SHADERSTAGE_FRAGMENT;
            desc.texture_sampler_pairs[0].view_slot = 0;
            desc.texture_sampler_pairs[0].sampler_slot = 0;
            desc.label = "billboard_shader";
        }
        return &desc;
    }
    return 0;
}
static inline const sg_shader_desc* copy_shader_desc(sg_backend backend) {
    if (backend == SG_BACKEND_GLES3) {
        static sg_shader_desc desc;
        static bool valid;
        if (!valid) {
            valid = true;
            desc.vertex_func.source = (const char*)fullscreenVs_source_glsl300es;
            desc.vertex_func.entry = "main";
            desc.fragment_func.source = (const char*)copyFs_source_glsl300es;
            desc.fragment_func.entry = "main";
            desc.attrs[0].base_type = SG_SHADERATTRBASETYPE_FLOAT;
            desc.attrs[0].glsl_name = "position";
            desc.views[0].texture.stage = SG_SHADERSTAGE_FRAGMENT;
            desc.views[0].texture.image_type = SG_IMAGETYPE_2D;
            desc.views[0].texture.sample_type = SG_IMAGESAMPLETYPE_FLOAT;
            desc.views[0].texture.multisampled = false;
            desc.samplers[0].stage = SG_SHADERSTAGE_FRAGMENT;
            desc.samplers[0].sampler_type = SG_SAMPLERTYPE_FILTERING;
            desc.texture_sampler_pairs[0].stage = SG_SHADERSTAGE_FRAGMENT;
            desc.texture_sampler_pairs[0].view_slot = 0;
            desc.texture_sampler_pairs[0].sampler_slot = 0;
            desc.texture_sampler_pairs[0].glsl_name = "sourceTexture_pointSampler";
            desc.label = "copy_shader";
        }
        return &desc;
    }
    if (backend == SG_BACKEND_D3D11) {
        static sg_shader_desc desc;
        static bool valid;
        if (!valid) {
            valid = true;
            desc.vertex_func.source = (const char*)fullscreenVs_source_hlsl5;
            desc.vertex_func.d3d11_target = "vs_5_0";
            desc.vertex_func.entry = "main";
            desc.fragment_func.source = (const char*)copyFs_source_hlsl5;
            desc.fragment_func.d3d11_target = "ps_5_0";
            desc.fragment_func.entry = "main";
            desc.attrs[0].base_type = SG_SHADERATTRBASETYPE_FLOAT;
            desc.attrs[0].hlsl_sem_name = "TEXCOORD";
            desc.attrs[0].hlsl_sem_index = 0;
            desc.views[0].texture.stage = SG_SHADERSTAGE_FRAGMENT;
            desc.views[0].texture.image_type = SG_IMAGETYPE_2D;
            desc.views[0].texture.sample_type = SG_IMAGESAMPLETYPE_FLOAT;
            desc.views[0].texture.multisampled = false;
            desc.views[0].texture.hlsl_register_t_n = 0;
            desc.samplers[0].stage = SG_SHADERSTAGE_FRAGMENT;
            desc.samplers[0].sampler_type = SG_SAMPLERTYPE_FILTERING;
            desc.samplers[0].hlsl_register_s_n = 0;
            desc.texture_sampler_pairs[0].stage = SG_SHADERSTAGE_FRAGMENT;
            desc.texture_sampler_pairs[0].view_slot = 0;
            desc.texture_sampler_pairs[0].sampler_slot = 0;
            desc.label = "copy_shader";
        }
        return &desc;
    }
    if (backend == SG_BACKEND_METAL_MACOS) {
        static sg_shader_desc desc;
        static bool valid;
        if (!valid) {
            valid = true;
            desc.vertex_func.source = (const char*)fullscreenVs_source_metal_macos;
            desc.vertex_func.entry = "main0";
            desc.fragment_func.source = (const char*)copyFs_source_metal_macos;
            desc.fragment_func.entry = "main0";
            desc.attrs[0].base_type = SG_SHADERATTRBASETYPE_FLOAT;
            desc.views[0].texture.stage = SG_SHADERSTAGE_FRAGMENT;
            desc.views[0].texture.image_type = SG_IMAGETYPE_2D;
            desc.views[0].texture.sample_type = SG_IMAGESAMPLETYPE_FLOAT;
            desc.views[0].texture.multisampled = false;
            desc.views[0].texture.msl_texture_n = 0;
            desc.samplers[0].stage = SG_SHADERSTAGE_FRAGMENT;
            desc.samplers[0].sampler_type = SG_SAMPLERTYPE_FILTERING;
            desc.samplers[0].msl_sampler_n = 0;
            desc.texture_sampler_pairs[0].stage = SG_SHADERSTAGE_FRAGMENT;
            desc.texture_sampler_pairs[0].view_slot = 0;
            desc.texture_sampler_pairs[0].sampler_slot = 0;
            desc.label = "copy_shader";
        }
        return &desc;
    }
    if (backend == SG_BACKEND_METAL_IOS) {
        static sg_shader_desc desc;
        static bool valid;
        if (!valid) {
            valid = true;
            desc.vertex_func.source = (const char*)fullscreenVs_source_metal_ios;
            desc.vertex_func.entry = "main0";
            desc.fragment_func.source = (const char*)copyFs_source_metal_ios;
            desc.fragment_func.entry = "main0";
            desc.attrs[0].base_type = SG_SHADERATTRBASETYPE_FLOAT;
            desc.views[0].texture.stage = SG_SHADERSTAGE_FRAGMENT;
            desc.views[0].texture.image_type = SG_IMAGETYPE_2D;
            desc.views[0].texture.sample_type = SG_IMAGESAMPLETYPE_FLOAT;
            desc.views[0].texture.multisampled = false;
            desc.views[0].texture.msl_texture_n = 0;
            desc.samplers[0].stage = SG_SHADERSTAGE_FRAGMENT;
            desc.samplers[0].sampler_type = SG_SAMPLERTYPE_FILTERING;
            desc.samplers[0].msl_sampler_n = 0;
            desc.texture_sampler_pairs[0].stage = SG_SHADERSTAGE_FRAGMENT;
            desc.texture_sampler_pairs[0].view_slot = 0;
            desc.texture_sampler_pairs[0].sampler_slot = 0;
            desc.label = "copy_shader";
        }
        return &desc;
    }
    if (backend == SG_BACKEND_METAL_SIMULATOR) {
        static sg_shader_desc desc;
        static bool valid;
        if (!valid) {
            valid = true;
            desc.vertex_func.source = (const char*)fullscreenVs_source_metal_sim;
            desc.vertex_func.entry = "main0";
            desc.fragment_func.source = (const char*)copyFs_source_metal_sim;
            desc.fragment_func.entry = "main0";
            desc.attrs[0].base_type = SG_SHADERATTRBASETYPE_FLOAT;
            desc.views[0].texture.stage = SG_SHADERSTAGE_FRAGMENT;
            desc.views[0].texture.image_type = SG_IMAGETYPE_2D;
            desc.views[0].texture.sample_type = SG_IMAGESAMPLETYPE_FLOAT;
            desc.views[0].texture.multisampled = false;
            desc.views[0].texture.msl_texture_n = 0;
            desc.samplers[0].stage = SG_SHADERSTAGE_FRAGMENT;
            desc.samplers[0].sampler_type = SG_SAMPLERTYPE_FILTERING;
            desc.samplers[0].msl_sampler_n = 0;
            desc.texture_sampler_pairs[0].stage = SG_SHADERSTAGE_FRAGMENT;
            desc.texture_sampler_pairs[0].view_slot = 0;
            desc.texture_sampler_pairs[0].sampler_slot = 0;
            desc.label = "copy_shader";
        }
        return &desc;
    }
    if (backend == SG_BACKEND_WGPU) {
        static sg_shader_desc desc;
        static bool valid;
        if (!valid) {
            valid = true;
            desc.vertex_func.source = (const char*)fullscreenVs_source_wgsl;
            desc.vertex_func.entry = "main";
            desc.fragment_func.source = (const char*)copyFs_source_wgsl;
            desc.fragment_func.entry = "main";
            desc.attrs[0].base_type = SG_SHADERATTRBASETYPE_FLOAT;
            desc.views[0].texture.stage = SG_SHADERSTAGE_FRAGMENT;
            desc.views[0].texture.image_type = SG_IMAGETYPE_2D;
            desc.views[0].texture.sample_type = SG_IMAGESAMPLETYPE_FLOAT;
            desc.views[0].texture.multisampled = false;
            desc.views[0].texture.wgsl_group1_binding_n = 0;
            desc.samplers[0].stage = SG_SHADERSTAGE_FRAGMENT;
            desc.samplers[0].sampler_type = SG_SAMPLERTYPE_FILTERING;
            desc.samplers[0].wgsl_group1_binding_n = 32;
            desc.texture_sampler_pairs[0].stage = SG_SHADERSTAGE_FRAGMENT;
            desc.texture_sampler_pairs[0].view_slot = 0;
            desc.texture_sampler_pairs[0].sampler_slot = 0;
            desc.label = "copy_shader";
        }
        return &desc;
    }
    return 0;
}
static inline const sg_shader_desc* lit_shader_desc(sg_backend backend) {
    if (backend == SG_BACKEND_GLES3) {
        static sg_shader_desc desc;
        static bool valid;
        if (!valid) {
            valid = true;
            desc.vertex_func.source = (const char*)litVs_source_glsl300es;
            desc.vertex_func.entry = "main";
            desc.fragment_func.source = (const char*)litFs_source_glsl300es;
            desc.fragment_func.entry = "main";
            desc.attrs[0].base_type = SG_SHADERATTRBASETYPE_FLOAT;
            desc.attrs[0].glsl_name = "position";
            desc.attrs[1].base_type = SG_SHADERATTRBASETYPE_FLOAT;
            desc.attrs[1].glsl_name = "normal";
            desc.attrs[2].base_type = SG_SHADERATTRBASETYPE_FLOAT;
            desc.attrs[2].glsl_name = "color";
            desc.uniform_blocks[0].stage = SG_SHADERSTAGE_VERTEX;
            desc.uniform_blocks[0].layout = SG_UNIFORMLAYOUT_STD140;
            desc.uniform_blocks[0].size = 96;
            desc.uniform_blocks[0].glsl_uniforms[0].type = SG_UNIFORMTYPE_FLOAT4;
            desc.uniform_blocks[0].glsl_uniforms[0].array_count = 6;
            desc.uniform_blocks[0].glsl_uniforms[0].glsl_name = "vertexParams";
            desc.uniform_blocks[1].stage = SG_SHADERSTAGE_FRAGMENT;
            desc.uniform_blocks[1].layout = SG_UNIFORMLAYOUT_STD140;
            desc.uniform_blocks[1].size = 176;
            desc.uniform_blocks[1].glsl_uniforms[0].type = SG_UNIFORMTYPE_FLOAT4;
            desc.uniform_blocks[1].glsl_uniforms[0].array_count = 11;
            desc.uniform_blocks[1].glsl_uniforms[0].glsl_name = "lightParams";
            desc.uniform_blocks[3].stage = SG_SHADERSTAGE_FRAGMENT;
            desc.uniform_blocks[3].layout = SG_UNIFORMLAYOUT_STD140;
            desc.uniform_blocks[3].size = 16;
            desc.uniform_blocks[3].glsl_uniforms[0].type = SG_UNIFORMTYPE_FLOAT4;
            desc.uniform_blocks[3].glsl_uniforms[0].array_count = 1;
            desc.uniform_blocks[3].glsl_uniforms[0].glsl_name = "materialParams";
            desc.uniform_blocks[4].stage = SG_SHADERSTAGE_VERTEX;
            desc.uniform_blocks[4].layout = SG_UNIFORMLAYOUT_STD140;
            desc.uniform_blocks[4].size = 128;
            desc.uniform_blocks[4].glsl_uniforms[0].type = SG_UNIFORMTYPE_FLOAT4;
            desc.uniform_blocks[4].glsl_uniforms[0].array_count = 8;
            desc.uniform_blocks[4].glsl_uniforms[0].glsl_name = "modelParams";
            desc.label = "lit_shader";
        }
        return &desc;
    }
    if (backend == SG_BACKEND_D3D11) {
        static sg_shader_desc desc;
        static bool valid;
        if (!valid) {
            valid = true;
            desc.vertex_func.source = (const char*)litVs_source_hlsl5;
            desc.vertex_func.d3d11_target = "vs_5_0";
            desc.vertex_func.entry = "main";
            desc.fragment_func.source = (const char*)litFs_source_hlsl5;
            desc.fragment_func.d3d11_target = "ps_5_0";
            desc.fragment_func.entry = "main";
            desc.attrs[0].base_type = SG_SHADERATTRBASETYPE_FLOAT;
            desc.attrs[0].hlsl_sem_name = "TEXCOORD";
            desc.attrs[0].hlsl_sem_index = 0;
            desc.attrs[1].base_type = SG_SHADERATTRBASETYPE_FLOAT;
            desc.attrs[1].hlsl_sem_name = "TEXCOORD";
            desc.attrs[1].hlsl_sem_index = 1;
            desc.attrs[2].base_type = SG_SHADERATTRBASETYPE_FLOAT;
            desc.attrs[2].hlsl_sem_name = "TEXCOORD";
            desc.attrs[2].hlsl_sem_index = 2;
            desc.uniform_blocks[0].stage = SG_SHADERSTAGE_VERTEX;
            desc.uniform_blocks[0].layout = SG_UNIFORMLAYOUT_STD140;
            desc.uniform_blocks[0].size = 96;
            desc.uniform_blocks[0].hlsl_register_b_n = 0;
            desc.uniform_blocks[1].stage = SG_SHADERSTAGE_FRAGMENT;
            desc.uniform_blocks[1].layout = SG_UNIFORMLAYOUT_STD140;
            desc.uniform_blocks[1].size = 176;
            desc.uniform_blocks[1].hlsl_register_b_n = 1;
            desc.uniform_blocks[3].stage = SG_SHADERSTAGE_FRAGMENT;
            desc.uniform_blocks[3].layout = SG_UNIFORMLAYOUT_STD140;
            desc.uniform_blocks[3].size = 16;
            desc.uniform_blocks[3].hlsl_register_b_n = 3;
            desc.uniform_blocks[4].stage = SG_SHADERSTAGE_VERTEX;
            desc.uniform_blocks[4].layout = SG_UNIFORMLAYOUT_STD140;
            desc.uniform_blocks[4].size = 128;
            desc.uniform_blocks[4].hlsl_register_b_n = 4;
            desc.label = "lit_shader";
        }
        return &desc;
    }
    if (backend == SG_BACKEND_METAL_MACOS) {
        static sg_shader_desc desc;
        static bool valid;
        if (!valid) {
            valid = true;
            desc.vertex_func.source = (const char*)litVs_source_metal_macos;
            desc.vertex_func.entry = "main0";
            desc.fragment_func.source = (const char*)litFs_source_metal_macos;
            desc.fragment_func.entry = "main0";
            desc.attrs[0].base_type = SG_SHADERATTRBASETYPE_FLOAT;
            desc.attrs[1].base_type = SG_SHADERATTRBASETYPE_FLOAT;
            desc.attrs[2].base_type = SG_SHADERATTRBASETYPE_FLOAT;
            desc.uniform_blocks[0].stage = SG_SHADERSTAGE_VERTEX;
            desc.uniform_blocks[0].layout = SG_UNIFORMLAYOUT_STD140;
            desc.uniform_blocks[0].size = 96;
            desc.uniform_blocks[0].msl_buffer_n = 0;
            desc.uniform_blocks[1].stage = SG_SHADERSTAGE_FRAGMENT;
            desc.uniform_blocks[1].layout = SG_UNIFORMLAYOUT_STD140;
            desc.uniform_blocks[1].size = 176;
            desc.uniform_blocks[1].msl_buffer_n = 1;
            desc.uniform_blocks[3].stage = SG_SHADERSTAGE_FRAGMENT;
            desc.uniform_blocks[3].layout = SG_UNIFORMLAYOUT_STD140;
            desc.uniform_blocks[3].size = 16;
            desc.uniform_blocks[3].msl_buffer_n = 3;
            desc.uniform_blocks[4].stage = SG_SHADERSTAGE_VERTEX;
            desc.uniform_blocks[4].layout = SG_UNIFORMLAYOUT_STD140;
            desc.uniform_blocks[4].size = 128;
            desc.uniform_blocks[4].msl_buffer_n = 4;
            desc.label = "lit_shader";
        }
        return &desc;
    }
    if (backend == SG_BACKEND_METAL_IOS) {
        static sg_shader_desc desc;
        static bool valid;
        if (!valid) {
            valid = true;
            desc.vertex_func.source = (const char*)litVs_source_metal_ios;
            desc.vertex_func.entry = "main0";
            desc.fragment_func.source = (const char*)litFs_source_metal_ios;
            desc.fragment_func.entry = "main0";
            desc.attrs[0].base_type = SG_SHADERATTRBASETYPE_FLOAT;
            desc.attrs[1].base_type = SG_SHADERATTRBASETYPE_FLOAT;
            desc.attrs[2].base_type = SG_SHADERATTRBASETYPE_FLOAT;
            desc.uniform_blocks[0].stage = SG_SHADERSTAGE_VERTEX;
            desc.uniform_blocks[0].layout = SG_UNIFORMLAYOUT_STD140;
            desc.uniform_blocks[0].size = 96;
            desc.uniform_blocks[0].msl_buffer_n = 0;
            desc.uniform_blocks[1].stage = SG_SHADERSTAGE_FRAGMENT;
            desc.uniform_blocks[1].layout = SG_UNIFORMLAYOUT_STD140;
            desc.uniform_blocks[1].size = 176;
            desc.uniform_blocks[1].msl_buffer_n = 1;
            desc.uniform_blocks[3].stage = SG_SHADERSTAGE_FRAGMENT;
            desc.uniform_blocks[3].layout = SG_UNIFORMLAYOUT_STD140;
            desc.uniform_blocks[3].size = 16;
            desc.uniform_blocks[3].msl_buffer_n = 3;
            desc.uniform_blocks[4].stage = SG_SHADERSTAGE_VERTEX;
            desc.uniform_blocks[4].layout = SG_UNIFORMLAYOUT_STD140;
            desc.uniform_blocks[4].size = 128;
            desc.uniform_blocks[4].msl_buffer_n = 4;
            desc.label = "lit_shader";
        }
        return &desc;
    }
    if (backend == SG_BACKEND_METAL_SIMULATOR) {
        static sg_shader_desc desc;
        static bool valid;
        if (!valid) {
            valid = true;
            desc.vertex_func.source = (const char*)litVs_source_metal_sim;
            desc.vertex_func.entry = "main0";
            desc.fragment_func.source = (const char*)litFs_source_metal_sim;
            desc.fragment_func.entry = "main0";
            desc.attrs[0].base_type = SG_SHADERATTRBASETYPE_FLOAT;
            desc.attrs[1].base_type = SG_SHADERATTRBASETYPE_FLOAT;
            desc.attrs[2].base_type = SG_SHADERATTRBASETYPE_FLOAT;
            desc.uniform_blocks[0].stage = SG_SHADERSTAGE_VERTEX;
            desc.uniform_blocks[0].layout = SG_UNIFORMLAYOUT_STD140;
            desc.uniform_blocks[0].size = 96;
            desc.uniform_blocks[0].msl_buffer_n = 0;
            desc.uniform_blocks[1].stage = SG_SHADERSTAGE_FRAGMENT;
            desc.uniform_blocks[1].layout = SG_UNIFORMLAYOUT_STD140;
            desc.uniform_blocks[1].size = 176;
            desc.uniform_blocks[1].msl_buffer_n = 1;
            desc.uniform_blocks[3].stage = SG_SHADERSTAGE_FRAGMENT;
            desc.uniform_blocks[3].layout = SG_UNIFORMLAYOUT_STD140;
            desc.uniform_blocks[3].size = 16;
            desc.uniform_blocks[3].msl_buffer_n = 3;
            desc.uniform_blocks[4].stage = SG_SHADERSTAGE_VERTEX;
            desc.uniform_blocks[4].layout = SG_UNIFORMLAYOUT_STD140;
            desc.uniform_blocks[4].size = 128;
            desc.uniform_blocks[4].msl_buffer_n = 4;
            desc.label = "lit_shader";
        }
        return &desc;
    }
    if (backend == SG_BACKEND_WGPU) {
        static sg_shader_desc desc;
        static bool valid;
        if (!valid) {
            valid = true;
            desc.vertex_func.source = (const char*)litVs_source_wgsl;
            desc.vertex_func.entry = "main";
            desc.fragment_func.source = (const char*)litFs_source_wgsl;
            desc.fragment_func.entry = "main";
            desc.attrs[0].base_type = SG_SHADERATTRBASETYPE_FLOAT;
            desc.attrs[1].base_type = SG_SHADERATTRBASETYPE_FLOAT;
            desc.attrs[2].base_type = SG_SHADERATTRBASETYPE_FLOAT;
            desc.uniform_blocks[0].stage = SG_SHADERSTAGE_VERTEX;
            desc.uniform_blocks[0].layout = SG_UNIFORMLAYOUT_STD140;
            desc.uniform_blocks[0].size = 96;
            desc.uniform_blocks[0].wgsl_group0_binding_n = 0;
            desc.uniform_blocks[1].stage = SG_SHADERSTAGE_FRAGMENT;
            desc.uniform_blocks[1].layout = SG_UNIFORMLAYOUT_STD140;
            desc.uniform_blocks[1].size = 176;
            desc.uniform_blocks[1].wgsl_group0_binding_n = 1;
            desc.uniform_blocks[3].stage = SG_SHADERSTAGE_FRAGMENT;
            desc.uniform_blocks[3].layout = SG_UNIFORMLAYOUT_STD140;
            desc.uniform_blocks[3].size = 16;
            desc.uniform_blocks[3].wgsl_group0_binding_n = 3;
            desc.uniform_blocks[4].stage = SG_SHADERSTAGE_VERTEX;
            desc.uniform_blocks[4].layout = SG_UNIFORMLAYOUT_STD140;
            desc.uniform_blocks[4].size = 128;
            desc.uniform_blocks[4].wgsl_group0_binding_n = 4;
            desc.label = "lit_shader";
        }
        return &desc;
    }
    return 0;
}
static inline const sg_shader_desc* particle_shader_desc(sg_backend backend) {
    if (backend == SG_BACKEND_GLES3) {
        static sg_shader_desc desc;
        static bool valid;
        if (!valid) {
            valid = true;
            desc.vertex_func.source = (const char*)particleVs_source_glsl300es;
            desc.vertex_func.entry = "main";
            desc.fragment_func.source = (const char*)particleFs_source_glsl300es;
            desc.fragment_func.entry = "main";
            desc.attrs[0].base_type = SG_SHADERATTRBASETYPE_FLOAT;
            desc.attrs[0].glsl_name = "corner";
            desc.attrs[1].base_type = SG_SHADERATTRBASETYPE_FLOAT;
            desc.attrs[1].glsl_name = "root";
            desc.attrs[2].base_type = SG_SHADERATTRBASETYPE_FLOAT;
            desc.attrs[2].glsl_name = "color";
            desc.uniform_blocks[0].stage = SG_SHADERSTAGE_VERTEX;
            desc.uniform_blocks[0].layout = SG_UNIFORMLAYOUT_STD140;
            desc.uniform_blocks[0].size = 96;
            desc.uniform_blocks[0].glsl_uniforms[0].type = SG_UNIFORMTYPE_FLOAT4;
            desc.uniform_blocks[0].glsl_uniforms[0].array_count = 6;
            desc.uniform_blocks[0].glsl_uniforms[0].glsl_name = "vertexParams";
            desc.label = "particle_shader";
        }
        return &desc;
    }
    if (backend == SG_BACKEND_D3D11) {
        static sg_shader_desc desc;
        static bool valid;
        if (!valid) {
            valid = true;
            desc.vertex_func.source = (const char*)particleVs_source_hlsl5;
            desc.vertex_func.d3d11_target = "vs_5_0";
            desc.vertex_func.entry = "main";
            desc.fragment_func.source = (const char*)particleFs_source_hlsl5;
            desc.fragment_func.d3d11_target = "ps_5_0";
            desc.fragment_func.entry = "main";
            desc.attrs[0].base_type = SG_SHADERATTRBASETYPE_FLOAT;
            desc.attrs[0].hlsl_sem_name = "TEXCOORD";
            desc.attrs[0].hlsl_sem_index = 0;
            desc.attrs[1].base_type = SG_SHADERATTRBASETYPE_FLOAT;
            desc.attrs[1].hlsl_sem_name = "TEXCOORD";
            desc.attrs[1].hlsl_sem_index = 1;
            desc.attrs[2].base_type = SG_SHADERATTRBASETYPE_FLOAT;
            desc.attrs[2].hlsl_sem_name = "TEXCOORD";
            desc.attrs[2].hlsl_sem_index = 2;
            desc.uniform_blocks[0].stage = SG_SHADERSTAGE_VERTEX;
            desc.uniform_blocks[0].layout = SG_UNIFORMLAYOUT_STD140;
            desc.uniform_blocks[0].size = 96;
            desc.uniform_blocks[0].hlsl_register_b_n = 0;
            desc.label = "particle_shader";
        }
        return &desc;
    }
    if (backend == SG_BACKEND_METAL_MACOS) {
        static sg_shader_desc desc;
        static bool valid;
        if (!valid) {
            valid = true;
            desc.vertex_func.source = (const char*)particleVs_source_metal_macos;
            desc.vertex_func.entry = "main0";
            desc.fragment_func.source = (const char*)particleFs_source_metal_macos;
            desc.fragment_func.entry = "main0";
            desc.attrs[0].base_type = SG_SHADERATTRBASETYPE_FLOAT;
            desc.attrs[1].base_type = SG_SHADERATTRBASETYPE_FLOAT;
            desc.attrs[2].base_type = SG_SHADERATTRBASETYPE_FLOAT;
            desc.uniform_blocks[0].stage = SG_SHADERSTAGE_VERTEX;
            desc.uniform_blocks[0].layout = SG_UNIFORMLAYOUT_STD140;
            desc.uniform_blocks[0].size = 96;
            desc.uniform_blocks[0].msl_buffer_n = 0;
            desc.label = "particle_shader";
        }
        return &desc;
    }
    if (backend == SG_BACKEND_METAL_IOS) {
        static sg_shader_desc desc;
        static bool valid;
        if (!valid) {
            valid = true;
            desc.vertex_func.source = (const char*)particleVs_source_metal_ios;
            desc.vertex_func.entry = "main0";
            desc.fragment_func.source = (const char*)particleFs_source_metal_ios;
            desc.fragment_func.entry = "main0";
            desc.attrs[0].base_type = SG_SHADERATTRBASETYPE_FLOAT;
            desc.attrs[1].base_type = SG_SHADERATTRBASETYPE_FLOAT;
            desc.attrs[2].base_type = SG_SHADERATTRBASETYPE_FLOAT;
            desc.uniform_blocks[0].stage = SG_SHADERSTAGE_VERTEX;
            desc.uniform_blocks[0].layout = SG_UNIFORMLAYOUT_STD140;
            desc.uniform_blocks[0].size = 96;
            desc.uniform_blocks[0].msl_buffer_n = 0;
            desc.label = "particle_shader";
        }
        return &desc;
    }
    if (backend == SG_BACKEND_METAL_SIMULATOR) {
        static sg_shader_desc desc;
        static bool valid;
        if (!valid) {
            valid = true;
            desc.vertex_func.source = (const char*)particleVs_source_metal_sim;
            desc.vertex_func.entry = "main0";
            desc.fragment_func.source = (const char*)particleFs_source_metal_sim;
            desc.fragment_func.entry = "main0";
            desc.attrs[0].base_type = SG_SHADERATTRBASETYPE_FLOAT;
            desc.attrs[1].base_type = SG_SHADERATTRBASETYPE_FLOAT;
            desc.attrs[2].base_type = SG_SHADERATTRBASETYPE_FLOAT;
            desc.uniform_blocks[0].stage = SG_SHADERSTAGE_VERTEX;
            desc.uniform_blocks[0].layout = SG_UNIFORMLAYOUT_STD140;
            desc.uniform_blocks[0].size = 96;
            desc.uniform_blocks[0].msl_buffer_n = 0;
            desc.label = "particle_shader";
        }
        return &desc;
    }
    if (backend == SG_BACKEND_WGPU) {
        static sg_shader_desc desc;
        static bool valid;
        if (!valid) {
            valid = true;
            desc.vertex_func.source = (const char*)particleVs_source_wgsl;
            desc.vertex_func.entry = "main";
            desc.fragment_func.source = (const char*)particleFs_source_wgsl;
            desc.fragment_func.entry = "main";
            desc.attrs[0].base_type = SG_SHADERATTRBASETYPE_FLOAT;
            desc.attrs[1].base_type = SG_SHADERATTRBASETYPE_FLOAT;
            desc.attrs[2].base_type = SG_SHADERATTRBASETYPE_FLOAT;
            desc.uniform_blocks[0].stage = SG_SHADERSTAGE_VERTEX;
            desc.uniform_blocks[0].layout = SG_UNIFORMLAYOUT_STD140;
            desc.uniform_blocks[0].size = 96;
            desc.uniform_blocks[0].wgsl_group0_binding_n = 0;
            desc.label = "particle_shader";
        }
        return &desc;
    }
    return 0;
}
