#pragma once
/*
    #version:1# (machine generated, don't edit!)

    Generated by sokol-shdc (https://github.com/floooh/sokol-tools)

    Cmdline:
        sokol-shdc -i src/void2d/shader2d.glsl -o src/void2d/shader2d.glsl.h -l metal_macos:glsl300es:wgsl:hlsl5 -f sokol

    Overview:
    =========
    Shader program: 'blur':
        Get shader desc: blur_shader_desc(sg_query_backend());
        Vertex Shader: blurVs
        Fragment Shader: blurFs
        Attributes:
            ATTR_blur_pos => 0
            ATTR_blur_uv0 => 1
    Shader program: 'sprite':
        Get shader desc: sprite_shader_desc(sg_query_backend());
        Vertex Shader: spriteVs
        Fragment Shader: spriteFs
        Attributes:
            ATTR_sprite_corner => 0
            ATTR_sprite_iAffine => 1
            ATTR_sprite_iOriginSize => 2
            ATTR_sprite_iUv => 3
            ATTR_sprite_iColor => 4
    Shader program: 'ui':
        Get shader desc: ui_shader_desc(sg_query_backend());
        Vertex Shader: uiVs
        Fragment Shader: uiFs
        Attributes:
            ATTR_ui_corner => 0
            ATTR_ui_iAffine => 1
            ATTR_ui_iOriginSize => 2
            ATTR_ui_iUvRadii => 3
            ATTR_ui_iBorders => 4
            ATTR_ui_iParams0 => 5
            ATTR_ui_iParams1 => 6
            ATTR_ui_iColorFill => 7
            ATTR_ui_iColorBorder => 8
            ATTR_ui_iColorExtra => 9
    Shader program: 'void2d':
        Get shader desc: void2d_shader_desc(sg_query_backend());
        Vertex Shader: vs
        Fragment Shader: fs
        Attributes:
            ATTR_void2d_pos => 0
            ATTR_void2d_uv0 => 1
            ATTR_void2d_color0 => 2
    Bindings:
        Uniform block 'blur_params':
            C struct: blur_params_t
            Bind slot: UB_blur_params => 0
        Uniform block 'sprite_params':
            C struct: sprite_params_t
            Bind slot: UB_sprite_params => 0
        Uniform block 'ui_params':
            C struct: ui_params_t
            Bind slot: UB_ui_params => 0
        Uniform block 'void2d_params':
            C struct: void2d_params_t
            Bind slot: UB_void2d_params => 0
        Uniform block 'void2d_fx':
            C struct: void2d_fx_t
            Bind slot: UB_void2d_fx => 1
        Texture 'srcTex':
            Image type: SG_IMAGETYPE_2D
            Sample type: SG_IMAGESAMPLETYPE_FLOAT
            Multisampled: false
            Bind slot: VIEW_srcTex => 0
        Texture 'spriteTex':
            Image type: SG_IMAGETYPE_2D
            Sample type: SG_IMAGESAMPLETYPE_FLOAT
            Multisampled: false
            Bind slot: VIEW_spriteTex => 0
        Texture 'uiTex':
            Image type: SG_IMAGETYPE_2D
            Sample type: SG_IMAGESAMPLETYPE_FLOAT
            Multisampled: false
            Bind slot: VIEW_uiTex => 0
        Texture 'tex':
            Image type: SG_IMAGETYPE_2D
            Sample type: SG_IMAGESAMPLETYPE_FLOAT
            Multisampled: false
            Bind slot: VIEW_tex => 0
        Sampler 'srcSmp':
            Type: SG_SAMPLERTYPE_FILTERING
            Bind slot: SMP_srcSmp => 0
        Sampler 'spriteSmp':
            Type: SG_SAMPLERTYPE_FILTERING
            Bind slot: SMP_spriteSmp => 0
        Sampler 'uiSmp':
            Type: SG_SAMPLERTYPE_FILTERING
            Bind slot: SMP_uiSmp => 0
        Sampler 'smp':
            Type: SG_SAMPLERTYPE_FILTERING
            Bind slot: SMP_smp => 0
*/
#if !defined(SOKOL_GFX_INCLUDED)
#error "Please include sokol_gfx.h before shader2d.glsl.h"
#endif
#if !defined(SOKOL_SHDC_ALIGN)
#if defined(_MSC_VER)
#define SOKOL_SHDC_ALIGN(a) __declspec(align(a))
#else
#define SOKOL_SHDC_ALIGN(a) __attribute__((aligned(a)))
#endif
#endif
#define ATTR_blur_pos (0)
#define ATTR_blur_uv0 (1)
#define ATTR_sprite_corner (0)
#define ATTR_sprite_iAffine (1)
#define ATTR_sprite_iOriginSize (2)
#define ATTR_sprite_iUv (3)
#define ATTR_sprite_iColor (4)
#define ATTR_ui_corner (0)
#define ATTR_ui_iAffine (1)
#define ATTR_ui_iOriginSize (2)
#define ATTR_ui_iUvRadii (3)
#define ATTR_ui_iBorders (4)
#define ATTR_ui_iParams0 (5)
#define ATTR_ui_iParams1 (6)
#define ATTR_ui_iColorFill (7)
#define ATTR_ui_iColorBorder (8)
#define ATTR_ui_iColorExtra (9)
#define ATTR_void2d_pos (0)
#define ATTR_void2d_uv0 (1)
#define ATTR_void2d_color0 (2)
#define UB_blur_params (0)
#define UB_sprite_params (0)
#define UB_ui_params (0)
#define UB_void2d_params (0)
#define UB_void2d_fx (1)
#define VIEW_srcTex (0)
#define VIEW_spriteTex (0)
#define VIEW_uiTex (0)
#define VIEW_tex (0)
#define SMP_srcSmp (0)
#define SMP_spriteSmp (0)
#define SMP_uiSmp (0)
#define SMP_smp (0)
#pragma pack(push,1)
SOKOL_SHDC_ALIGN(16) typedef struct blur_params_t {
    float dir[4];
} blur_params_t;
#pragma pack(pop)
#pragma pack(push,1)
SOKOL_SHDC_ALIGN(16) typedef struct sprite_params_t {
    float viewport[4];
    float clipU[4];
    float clipV[4];
} sprite_params_t;
#pragma pack(pop)
#pragma pack(push,1)
SOKOL_SHDC_ALIGN(16) typedef struct ui_params_t {
    float viewport[4];
    float clipU[4];
    float clipV[4];
} ui_params_t;
#pragma pack(pop)
#pragma pack(push,1)
SOKOL_SHDC_ALIGN(16) typedef struct void2d_params_t {
    float viewport[4];
    float model0[4];
    float model1[4];
    float globalColor[4];
    float clipU[4];
    float clipV[4];
} void2d_params_t;
#pragma pack(pop)
#pragma pack(push,1)
SOKOL_SHDC_ALIGN(16) typedef struct void2d_fx_t {
    float colorMatrix[16];
    float colorAdd[4];
    float colorKey[4];
    float gradientMeta[4];
    float gradientParams[4];
    float gradientColor0[4];
    float gradientColor1[4];
    float gradientColor2[4];
} void2d_fx_t;
#pragma pack(pop)
/*
    #version 300 es

    uniform vec4 void2d_params[6];
    layout(location = 0) in vec2 pos;
    out vec2 uv;
    layout(location = 1) in vec2 uv0;
    out vec4 color;
    layout(location = 2) in vec4 color0;
    out float srcPremult;
    out vec4 clipDistance;

    void main()
    {
        float _38 = ((void2d_params[1].x * pos.x) + (void2d_params[1].z * pos.y)) + void2d_params[2].x;
        float _53 = ((void2d_params[1].y * pos.x) + (void2d_params[1].w * pos.y)) + void2d_params[2].y;
        vec2 _54 = vec2(_38, _53);
        gl_Position = vec4(((_38 / void2d_params[0].x) * 2.0) - 1.0, 1.0 - ((_53 / void2d_params[0].y) * 2.0), 0.0, 1.0);
        vec2 _93;
        if (void2d_params[0].z > 0.5)
        {
            _93 = vec2(uv0.x, 1.0 - uv0.y);
        }
        else
        {
            _93 = uv0;
        }
        uv = _93;
        color = color0 * void2d_params[3];
        srcPremult = void2d_params[0].w;
        if (void2d_params[4].w > void2d_params[4].z)
        {
            float _132 = dot(_54, void2d_params[4].xy);
            float _139 = dot(_54, void2d_params[5].xy);
            clipDistance = vec4(_132 - void2d_params[4].z, void2d_params[4].w - _132, _139 - void2d_params[5].z, void2d_params[5].w - _139);
        }
        else
        {
            clipDistance = vec4(1.0);
        }
    }

*/
static const uint8_t vs_source_glsl300es[1182] = {
    0x23,0x76,0x65,0x72,0x73,0x69,0x6f,0x6e,0x20,0x33,0x30,0x30,0x20,0x65,0x73,0x0a,
    0x0a,0x75,0x6e,0x69,0x66,0x6f,0x72,0x6d,0x20,0x76,0x65,0x63,0x34,0x20,0x76,0x6f,
    0x69,0x64,0x32,0x64,0x5f,0x70,0x61,0x72,0x61,0x6d,0x73,0x5b,0x36,0x5d,0x3b,0x0a,
    0x6c,0x61,0x79,0x6f,0x75,0x74,0x28,0x6c,0x6f,0x63,0x61,0x74,0x69,0x6f,0x6e,0x20,
    0x3d,0x20,0x30,0x29,0x20,0x69,0x6e,0x20,0x76,0x65,0x63,0x32,0x20,0x70,0x6f,0x73,
    0x3b,0x0a,0x6f,0x75,0x74,0x20,0x76,0x65,0x63,0x32,0x20,0x75,0x76,0x3b,0x0a,0x6c,
    0x61,0x79,0x6f,0x75,0x74,0x28,0x6c,0x6f,0x63,0x61,0x74,0x69,0x6f,0x6e,0x20,0x3d,
    0x20,0x31,0x29,0x20,0x69,0x6e,0x20,0x76,0x65,0x63,0x32,0x20,0x75,0x76,0x30,0x3b,
    0x0a,0x6f,0x75,0x74,0x20,0x76,0x65,0x63,0x34,0x20,0x63,0x6f,0x6c,0x6f,0x72,0x3b,
    0x0a,0x6c,0x61,0x79,0x6f,0x75,0x74,0x28,0x6c,0x6f,0x63,0x61,0x74,0x69,0x6f,0x6e,
    0x20,0x3d,0x20,0x32,0x29,0x20,0x69,0x6e,0x20,0x76,0x65,0x63,0x34,0x20,0x63,0x6f,
    0x6c,0x6f,0x72,0x30,0x3b,0x0a,0x6f,0x75,0x74,0x20,0x66,0x6c,0x6f,0x61,0x74,0x20,
    0x73,0x72,0x63,0x50,0x72,0x65,0x6d,0x75,0x6c,0x74,0x3b,0x0a,0x6f,0x75,0x74,0x20,
    0x76,0x65,0x63,0x34,0x20,0x63,0x6c,0x69,0x70,0x44,0x69,0x73,0x74,0x61,0x6e,0x63,
    0x65,0x3b,0x0a,0x0a,0x76,0x6f,0x69,0x64,0x20,0x6d,0x61,0x69,0x6e,0x28,0x29,0x0a,
    0x7b,0x0a,0x20,0x20,0x20,0x20,0x66,0x6c,0x6f,0x61,0x74,0x20,0x5f,0x33,0x38,0x20,
    0x3d,0x20,0x28,0x28,0x76,0x6f,0x69,0x64,0x32,0x64,0x5f,0x70,0x61,0x72,0x61,0x6d,
    0x73,0x5b,0x31,0x5d,0x2e,0x78,0x20,0x2a,0x20,0x70,0x6f,0x73,0x2e,0x78,0x29,0x20,
    0x2b,0x20,0x28,0x76,0x6f,0x69,0x64,0x32,0x64,0x5f,0x70,0x61,0x72,0x61,0x6d,0x73,
    0x5b,0x31,0x5d,0x2e,0x7a,0x20,0x2a,0x20,0x70,0x6f,0x73,0x2e,0x79,0x29,0x29,0x20,
    0x2b,0x20,0x76,0x6f,0x69,0x64,0x32,0x64,0x5f,0x70,0x61,0x72,0x61,0x6d,0x73,0x5b,
    0x32,0x5d,0x2e,0x78,0x3b,0x0a,0x20,0x20,0x20,0x20,0x66,0x6c,0x6f,0x61,0x74,0x20,
    0x5f,0x35,0x33,0x20,0x3d,0x20,0x28,0x28,0x76,0x6f,0x69,0x64,0x32,0x64,0x5f,0x70,
    0x61,0x72,0x61,0x6d,0x73,0x5b,0x31,0x5d,0x2e,0x79,0x20,0x2a,0x20,0x70,0x6f,0x73,
    0x2e,0x78,0x29,0x20,0x2b,0x20,0x28,0x76,0x6f,0x69,0x64,0x32,0x64,0x5f,0x70,0x61,
    0x72,0x61,0x6d,0x73,0x5b,0x31,0x5d,0x2e,0x77,0x20,0x2a,0x20,0x70,0x6f,0x73,0x2e,
    0x79,0x29,0x29,0x20,0x2b,0x20,0x76,0x6f,0x69,0x64,0x32,0x64,0x5f,0x70,0x61,0x72,
    0x61,0x6d,0x73,0x5b,0x32,0x5d,0x2e,0x79,0x3b,0x0a,0x20,0x20,0x20,0x20,0x76,0x65,
    0x63,0x32,0x20,0x5f,0x35,0x34,0x20,0x3d,0x20,0x76,0x65,0x63,0x32,0x28,0x5f,0x33,
    0x38,0x2c,0x20,0x5f,0x35,0x33,0x29,0x3b,0x0a,0x20,0x20,0x20,0x20,0x67,0x6c,0x5f,
    0x50,0x6f,0x73,0x69,0x74,0x69,0x6f,0x6e,0x20,0x3d,0x20,0x76,0x65,0x63,0x34,0x28,
    0x28,0x28,0x5f,0x33,0x38,0x20,0x2f,0x20,0x76,0x6f,0x69,0x64,0x32,0x64,0x5f,0x70,
    0x61,0x72,0x61,0x6d,0x73,0x5b,0x30,0x5d,0x2e,0x78,0x29,0x20,0x2a,0x20,0x32,0x2e,
    0x30,0x29,0x20,0x2d,0x20,0x31,0x2e,0x30,0x2c,0x20,0x31,0x2e,0x30,0x20,0x2d,0x20,
    0x28,0x28,0x5f,0x35,0x33,0x20,0x2f,0x20,0x76,0x6f,0x69,0x64,0x32,0x64,0x5f,0x70,
    0x61,0x72,0x61,0x6d,0x73,0x5b,0x30,0x5d,0x2e,0x79,0x29,0x20,0x2a,0x20,0x32,0x2e,
    0x30,0x29,0x2c,0x20,0x30,0x2e,0x30,0x2c,0x20,0x31,0x2e,0x30,0x29,0x3b,0x0a,0x20,
    0x20,0x20,0x20,0x76,0x65,0x63,0x32,0x20,0x5f,0x39,0x33,0x3b,0x0a,0x20,0x20,0x20,
    0x20,0x69,0x66,0x20,0x28,0x76,0x6f,0x69,0x64,0x32,0x64,0x5f,0x70,0x61,0x72,0x61,
    0x6d,0x73,0x5b,0x30,0x5d,0x2e,0x7a,0x20,0x3e,0x20,0x30,0x2e,0x35,0x29,0x0a,0x20,
    0x20,0x20,0x20,0x7b,0x0a,0x20,0x20,0x20,0x20,0x20,0x20,0x20,0x20,0x5f,0x39,0x33,
    0x20,0x3d,0x20,0x76,0x65,0x63,0x32,0x28,0x75,0x76,0x30,0x2e,0x78,0x2c,0x20,0x31,
    0x2e,0x30,0x20,0x2d,0x20,0x75,0x76,0x30,0x2e,0x79,0x29,0x3b,0x0a,0x20,0x20,0x20,
    0x20,0x7d,0x0a,0x20,0x20,0x20,0x20,0x65,0x6c,0x73,0x65,0x0a,0x20,0x20,0x20,0x20,
    0x7b,0x0a,0x20,0x20,0x20,0x20,0x20,0x20,0x20,0x20,0x5f,0x39,0x33,0x20,0x3d,0x20,
    0x75,0x76,0x30,0x3b,0x0a,0x20,0x20,0x20,0x20,0x7d,0x0a,0x20,0x20,0x20,0x20,0x75,
    0x76,0x20,0x3d,0x20,0x5f,0x39,0x33,0x3b,0x0a,0x20,0x20,0x20,0x20,0x63,0x6f,0x6c,
    0x6f,0x72,0x20,0x3d,0x20,0x63,0x6f,0x6c,0x6f,0x72,0x30,0x20,0x2a,0x20,0x76,0x6f,
    0x69,0x64,0x32,0x64,0x5f,0x70,0x61,0x72,0x61,0x6d,0x73,0x5b,0x33,0x5d,0x3b,0x0a,
    0x20,0x20,0x20,0x20,0x73,0x72,0x63,0x50,0x72,0x65,0x6d,0x75,0x6c,0x74,0x20,0x3d,
    0x20,0x76,0x6f,0x69,0x64,0x32,0x64,0x5f,0x70,0x61,0x72,0x61,0x6d,0x73,0x5b,0x30,
    0x5d,0x2e,0x77,0x3b,0x0a,0x20,0x20,0x20,0x20,0x69,0x66,0x20,0x28,0x76,0x6f,0x69,
    0x64,0x32,0x64,0x5f,0x70,0x61,0x72,0x61,0x6d,0x73,0x5b,0x34,0x5d,0x2e,0x77,0x20,
    0x3e,0x20,0x76,0x6f,0x69,0x64,0x32,0x64,0x5f,0x70,0x61,0x72,0x61,0x6d,0x73,0x5b,
    0x34,0x5d,0x2e,0x7a,0x29,0x0a,0x20,0x20,0x20,0x20,0x7b,0x0a,0x20,0x20,0x20,0x20,
    0x20,0x20,0x20,0x20,0x66,0x6c,0x6f,0x61,0x74,0x20,0x5f,0x31,0x33,0x32,0x20,0x3d,
    0x20,0x64,0x6f,0x74,0x28,0x5f,0x35,0x34,0x2c,0x20,0x76,0x6f,0x69,0x64,0x32,0x64,
    0x5f,0x70,0x61,0x72,0x61,0x6d,0x73,0x5b,0x34,0x5d,0x2e,0x78,0x79,0x29,0x3b,0x0a,
    0x20,0x20,0x20,0x20,0x20,0x20,0x20,0x20,0x66,0x6c,0x6f,0x61,0x74,0x20,0x5f,0x31,
    0x33,0x39,0x20,0x3d,0x20,0x64,0x6f,0x74,0x28,0x5f,0x35,0x34,0x2c,0x20,0x76,0x6f,
    0x69,0x64,0x32,0x64,0x5f,0x70,0x61,0x72,0x61,0x6d,0x73,0x5b,0x35,0x5d,0x2e,0x78,
    0x79,0x29,0x3b,0x0a,0x20,0x20,0x20,0x20,0x20,0x20,0x20,0x20,0x63,0x6c,0x69,0x70,
    0x44,0x69,0x73,0x74,0x61,0x6e,0x63,0x65,0x20,0x3d,0x20,0x76,0x65,0x63,0x34,0x28,
    0x5f,0x31,0x33,0x32,0x20,0x2d,0x20,0x76,0x6f,0x69,0x64,0x32,0x64,0x5f,0x70,0x61,
    0x72,0x61,0x6d,0x73,0x5b,0x34,0x5d,0x2e,0x7a,0x2c,0x20,0x76,0x6f,0x69,0x64,0x32,
    0x64,0x5f,0x70,0x61,0x72,0x61,0x6d,0x73,0x5b,0x34,0x5d,0x2e,0x77,0x20,0x2d,0x20,
    0x5f,0x31,0x33,0x32,0x2c,0x20,0x5f,0x31,0x33,0x39,0x20,0x2d,0x20,0x76,0x6f,0x69,
    0x64,0x32,0x64,0x5f,0x70,0x61,0x72,0x61,0x6d,0x73,0x5b,0x35,0x5d,0x2e,0x7a,0x2c,
    0x20,0x76,0x6f,0x69,0x64,0x32,0x64,0x5f,0x70,0x61,0x72,0x61,0x6d,0x73,0x5b,0x35,
    0x5d,0x2e,0x77,0x20,0x2d,0x20,0x5f,0x31,0x33,0x39,0x29,0x3b,0x0a,0x20,0x20,0x20,
    0x20,0x7d,0x0a,0x20,0x20,0x20,0x20,0x65,0x6c,0x73,0x65,0x0a,0x20,0x20,0x20,0x20,
    0x7b,0x0a,0x20,0x20,0x20,0x20,0x20,0x20,0x20,0x20,0x63,0x6c,0x69,0x70,0x44,0x69,
    0x73,0x74,0x61,0x6e,0x63,0x65,0x20,0x3d,0x20,0x76,0x65,0x63,0x34,0x28,0x31,0x2e,
    0x30,0x29,0x3b,0x0a,0x20,0x20,0x20,0x20,0x7d,0x0a,0x7d,0x0a,0x0a,0x00,
};
/*
    #version 300 es
    precision mediump float;
    precision highp int;

    uniform highp vec4 void2d_fx[11];
    uniform highp sampler2D tex_smp;

    in highp vec4 clipDistance;
    in highp vec2 uv;
    in highp vec4 color;
    in highp float srcPremult;
    layout(location = 0) out highp vec4 frag_color;

    highp vec3 srgbToLinear(highp vec3 c)
    {
        highp vec3 _45 = c * vec3(0.077399380505084991455078125);
        highp vec3 _56 = pow((c + vec3(0.054999999701976776123046875)) * vec3(0.947867333889007568359375), vec3(2.400000095367431640625));
        bvec3 _64 = lessThanEqual(c, vec3(0.040449999272823333740234375));
        return vec3(_64.x ? _45.x : _56.x, _64.y ? _45.y : _56.y, _64.z ? _45.z : _56.z);
    }

    highp vec3 linearToOklab(highp vec3 c)
    {
        highp vec3 _138 = vec3(((0.4122214615345001220703125 * c.x) + (0.536332547664642333984375 * c.y)) + (0.0514459945261478424072265625 * c.z), ((0.21190349757671356201171875 * c.x) + (0.680699527263641357421875 * c.y)) + (0.10739696025848388671875 * c.z), ((0.0883024632930755615234375 * c.x) + (0.28171885013580322265625 * c.y)) + (0.629978716373443603515625 * c.z));
        highp vec3 _146 = sign(_138) * pow(abs(_138), vec3(0.3333333432674407958984375));
        highp float _149 = _146.x;
        highp float _153 = _146.y;
        highp float _158 = _146.z;
        return vec3(((0.2104542553424835205078125 * _149) + (0.793617784976959228515625 * _153)) - (0.004072046838700771331787109375 * _158), ((1.9779984951019287109375 * _149) - (2.428592205047607421875 * _153)) + (0.4505937099456787109375 * _158), ((0.025904037058353424072265625 * _149) + (0.782771766185760498046875 * _153)) - (0.8086757659912109375 * _158));
    }

    highp vec3 oklabToLinear(highp vec3 c)
    {
        highp vec3 _229 = vec3((c.x + (0.3963377773761749267578125 * c.y)) + (0.21580375730991363525390625 * c.z), (c.x - (0.1055613458156585693359375 * c.y)) - (0.06385417282581329345703125 * c.z), (c.x - (0.089484177529811859130859375 * c.y)) - (1.2914855480194091796875 * c.z));
        highp vec3 _234 = (_229 * _229) * _229;
        highp float _237 = _234.x;
        highp float _241 = _234.y;
        highp float _246 = _234.z;
        return vec3(((4.076741695404052734375 * _237) - (3.30771160125732421875 * _241)) + (0.2309699356555938720703125 * _246), (((-1.26843798160552978515625) * _237) + (2.60975742340087890625 * _241)) - (0.341319382190704345703125 * _246), (((-0.0041960864327847957611083984375) * _237) - (0.70341861248016357421875 * _241)) + (1.7076146602630615234375 * _246));
    }

    highp vec3 linearToSrgb(highp vec3 c)
    {
        highp vec3 _70 = c * 12.9200000762939453125;
        highp vec3 _81 = (vec3(1.05499994754791259765625) * pow(max(c, vec3(0.0)), vec3(0.4166666567325592041015625))) - vec3(0.054999999701976776123046875);
        bvec3 _87 = lessThanEqual(c, vec3(0.003130800090730190277099609375));
        return vec3(_87.x ? _70.x : _81.x, _87.y ? _70.y : _81.y, _87.z ? _70.z : _81.z);
    }

    highp vec4 mixGradient(highp vec4 a, highp vec4 b, highp float t)
    {
        highp vec3 rgb;
        if (void2d_fx[6].y > 0.5)
        {
            highp vec3 param = a.xyz;
            highp vec3 param_1 = srgbToLinear(param);
            highp vec3 param_2 = b.xyz;
            highp vec3 param_3 = srgbToLinear(param_2);
            highp vec3 param_4 = mix(linearToOklab(param_1), linearToOklab(param_3), vec3(t));
            highp vec3 param_5 = oklabToLinear(param_4);
            rgb = linearToSrgb(param_5);
        }
        else
        {
            rgb = mix(a.xyz, b.xyz, vec3(t));
        }
        return vec4(rgb, mix(a.w, b.w, t));
    }

    highp vec4 gradientAt(highp float t)
    {
        if ((void2d_fx[6].w > 0.0) && (void2d_fx[6].w < 1.0))
        {
            if (t < void2d_fx[6].w)
            {
                highp vec4 param = void2d_fx[8];
                highp vec4 param_1 = void2d_fx[9];
                highp float param_2 = t / void2d_fx[6].w;
                return mixGradient(param, param_1, param_2);
            }
            highp vec4 param_3 = void2d_fx[9];
            highp vec4 param_4 = void2d_fx[10];
            highp float param_5 = (t - void2d_fx[6].w) / (1.0 - void2d_fx[6].w);
            return mixGradient(param_3, param_4, param_5);
        }
        highp vec4 param_6 = void2d_fx[8];
        highp vec4 param_7 = void2d_fx[9];
        highp float param_8 = t;
        return mixGradient(param_6, param_7, param_8);
    }

    highp float bayer4(highp vec2 pixel)
    {
        int _404 = int(mod(floor(pixel.x), 4.0));
        int _410 = int(mod(floor(pixel.y), 4.0));
        if (_410 == 0)
        {
            if (_404 == 0)
            {
                return 0.0;
            }
            if (_404 == 1)
            {
                return 8.0;
            }
            if (_404 == 2)
            {
                return 2.0;
            }
            return 10.0;
        }
        if (_410 == 1)
        {
            if (_404 == 0)
            {
                return 12.0;
            }
            if (_404 == 1)
            {
                return 4.0;
            }
            if (_404 == 2)
            {
                return 14.0;
            }
            return 6.0;
        }
        if (_410 == 2)
        {
            if (_404 == 0)
            {
                return 3.0;
            }
            if (_404 == 1)
            {
                return 11.0;
            }
            if (_404 == 2)
            {
                return 1.0;
            }
            return 9.0;
        }
        if (_404 == 0)
        {
            return 15.0;
        }
        if (_404 == 1)
        {
            return 7.0;
        }
        if (_404 == 2)
        {
            return 13.0;
        }
        return 5.0;
    }

    void main()
    {
        if (min(min(clipDistance.x, clipDistance.y), min(clipDistance.z, clipDistance.w)) < 0.0)
        {
            discard;
        }
        int _526 = int(void2d_fx[6].x + 0.5);
        bool _528 = _526 == 1;
        highp vec4 texel;
        if (_528 || (_526 == 2))
        {
            highp float _537;
            if (_528)
            {
                _537 = clamp(uv.x, 0.0, 1.0);
            }
            else
            {
                _537 = clamp(length(uv), 0.0, 1.0);
            }
            highp float param = _537;
            texel = gradientAt(param);
            if (void2d_fx[6].z > 0.5)
            {
                highp vec2 param_1 = gl_FragCoord.xy;
                highp vec4 _569 = texel;
                highp vec3 _575 = clamp(_569.xyz + vec3((bayer4(param_1) - 7.5) * 0.00104575161822140216827392578125), vec3(0.0), vec3(1.0));
                highp vec4 _738 = _569;
                _738.x = _575.x;
                _738.y = _575.y;
                _738.z = _575.z;
                texel = _738;
            }
        }
        else
        {
            if (_526 == 3)
            {
                highp float _591 = max(void2d_fx[7].x, 1.0);
                highp vec4 _606;
                if (mod(uv.x + uv.y, _591) < clamp(void2d_fx[7].y, 0.0, _591))
                {
                    _606 = void2d_fx[9];
                }
                else
                {
                    _606 = void2d_fx[8];
                }
                texel = _606;
            }
            else
            {
                if (_526 == 4)
                {
                    highp float _623 = max(void2d_fx[7].x, 1.0);
                    highp vec4 _639;
                    if (mod(floor(uv.x / _623) + floor(uv.y / _623), 2.0) < 1.0)
                    {
                        _639 = void2d_fx[8];
                    }
                    else
                    {
                        _639 = void2d_fx[9];
                    }
                    texel = _639;
                }
                else
                {
                    texel = texture(tex_smp, uv);
                }
            }
        }
        if (void2d_fx[5].w > 0.5)
        {
            highp vec3 _673 = abs(texel.xyz - void2d_fx[5].xyz);
            if (((_673.x + _673.y) + _673.z) < 0.07999999821186065673828125)
            {
                highp vec4 _746 = texel;
                _746.w = 0.0;
                texel = _746;
            }
        }
        highp vec4 _691 = texel * color;
        highp vec3 _693 = _691.xyz;
        highp vec3 _702 = mix(_693, _693 * color.w, vec3(srcPremult));
        highp vec4 _749 = _691;
        _749.x = _702.x;
        _749.y = _702.y;
        _749.z = _702.z;
        highp vec4 _717 = (mat4(void2d_fx[0], void2d_fx[1], void2d_fx[2], void2d_fx[3]) * _749) + void2d_fx[4];
        highp float _722 = _717.w;
        frag_color = mix(vec4(_717.xyz * _722, _722), _717, vec4(srcPremult));
    }

*/
static const uint8_t fs_source_glsl300es[7883] = {
    0x23,0x76,0x65,0x72,0x73,0x69,0x6f,0x6e,0x20,0x33,0x30,0x30,0x20,0x65,0x73,0x0a,
    0x70,0x72,0x65,0x63,0x69,0x73,0x69,0x6f,0x6e,0x20,0x6d,0x65,0x64,0x69,0x75,0x6d,
    0x70,0x20,0x66,0x6c,0x6f,0x61,0x74,0x3b,0x0a,0x70,0x72,0x65,0x63,0x69,0x73,0x69,
    0x6f,0x6e,0x20,0x68,0x69,0x67,0x68,0x70,0x20,0x69,0x6e,0x74,0x3b,0x0a,0x0a,0x75,
    0x6e,0x69,0x66,0x6f,0x72,0x6d,0x20,0x68,0x69,0x67,0x68,0x70,0x20,0x76,0x65,0x63,
    0x34,0x20,0x76,0x6f,0x69,0x64,0x32,0x64,0x5f,0x66,0x78,0x5b,0x31,0x31,0x5d,0x3b,
    0x0a,0x75,0x6e,0x69,0x66,0x6f,0x72,0x6d,0x20,0x68,0x69,0x67,0x68,0x70,0x20,0x73,
    0x61,0x6d,0x70,0x6c,0x65,0x72,0x32,0x44,0x20,0x74,0x65,0x78,0x5f,0x73,0x6d,0x70,
    0x3b,0x0a,0x0a,0x69,0x6e,0x20,0x68,0x69,0x67,0x68,0x70,0x20,0x76,0x65,0x63,0x34,
    0x20,0x63,0x6c,0x69,0x70,0x44,0x69,0x73,0x74,0x61,0x6e,0x63,0x65,0x3b,0x0a,0x69,
    0x6e,0x20,0x68,0x69,0x67,0x68,0x70,0x20,0x76,0x65,0x63,0x32,0x20,0x75,0x76,0x3b,
    0x0a,0x69,0x6e,0x20,0x68,0x69,0x67,0x68,0x70,0x20,0x76,0x65,0x63,0x34,0x20,0x63,
    0x6f,0x6c,0x6f,0x72,0x3b,0x0a,0x69,0x6e,0x20,0x68,0x69,0x67,0x68,0x70,0x20,0x66,
    0x6c,0x6f,0x61,0x74,0x20,0x73,0x72,0x63,0x50,0x72,0x65,0x6d,0x75,0x6c,0x74,0x3b,
    0x0a,0x6c,0x61,0x79,0x6f,0x75,0x74,0x28,0x6c,0x6f,0x63,0x61,0x74,0x69,0x6f,0x6e,
    0x20,0x3d,0x20,0x30,0x29,0x20,0x6f,0x75,0x74,0x20,0x68,0x69,0x67,0x68,0x70,0x20,
    0x76,0x65,0x63,0x34,0x20,0x66,0x72,0x61,0x67,0x5f,0x63,0x6f,0x6c,0x6f,0x72,0x3b,
    0x0a,0x0a,0x68,0x69,0x67,0x68,0x70,0x20,0x76,0x65,0x63,0x33,0x20,0x73,0x72,0x67,
    0x62,0x54,0x6f,0x4c,0x69,0x6e,0x65,0x61,0x72,0x28,0x68,0x69,0x67,0x68,0x70,0x20,
    0x76,0x65,0x63,0x33,0x20,0x63,0x29,0x0a,0x7b,0x0a,0x20,0x20,0x20,0x20,0x68,0x69,
    0x67,0x68,0x70,0x20,0x76,0x65,0x63,0x33,0x20,0x5f,0x34,0x35,0x20,0x3d,0x20,0x63,
    0x20,0x2a,0x20,0x76,0x65,0x63,0x33,0x28,0x30,0x2e,0x30,0x37,0x37,0x33,0x39,0x39,
    0x33,0x38,0x30,0x35,0x30,0x35,0x30,0x38,0x34,0x39,0x39,0x31,0x34,0x35,0x35,0x30,
    0x37,0x38,0x31,0x32,0x35,0x29,0x3b,0x0a,0x20,0x20,0x20,0x20,0x68,0x69,0x67,0x68,
    0x70,0x20,0x76,0x65,0x63,0x33,0x20,0x5f,0x35,0x36,0x20,0x3d,0x20,0x70,0x6f,0x77,
    0x28,0x28,0x63,0x20,0x2b,0x20,0x76,0x65,0x63,0x33,0x28,0x30,0x2e,0x30,0x35,0x34,
    0x39,0x39,0x39,0x39,0x39,0x39,0x37,0x30,0x31,0x39,0x37,0x36,0x37,0x37,0x36,0x31,
    0x32,0x33,0x30,0x34,0x36,0x38,0x37,0x35,0x29,0x29,0x20,0x2a,0x20,0x76,0x65,0x63,
    0x33,0x28,0x30,0x2e,0x39,0x34,0x37,0x38,0x36,0x37,0x33,0x33,0x33,0x38,0x38,0x39,
    0x30,0x30,0x37,0x35,0x36,0x38,0x33,0x35,0x39,0x33,0x37,0x35,0x29,0x2c,0x20,0x76,
    0x65,0x63,0x33,0x28,0x32,0x2e,0x34,0x30,0x30,0x30,0x30,0x30,0x30,0x39,0x35,0x33,
    0x36,0x37,0x34,0x33,0x31,0x36,0x34,0x30,0x36,0x32,0x35,0x29,0x29,0x3b,0x0a,0x20,
    0x20,0x20,0x20,0x62,0x76,0x65,0x63,0x33,0x20,0x5f,0x36,0x34,0x20,0x3d,0x20,0x6c,
    0x65,0x73,0x73,0x54,0x68,0x61,0x6e,0x45,0x71,0x75,0x61,0x6c,0x28,0x63,0x2c,0x20,
    0x76,0x65,0x63,0x33,0x28,0x30,0x2e,0x30,0x34,0x30,0x34,0x34,0x39,0x39,0x39,0x39,
    0x32,0x37,0x32,0x38,0x32,0x33,0x33,0x33,0x33,0x37,0x34,0x30,0x32,0x33,0x34,0x33,
    0x37,0x35,0x29,0x29,0x3b,0x0a,0x20,0x20,0x20,0x20,0x72,0x65,0x74,0x75,0x72,0x6e,
    0x20,0x76,0x65,0x63,0x33,0x28,0x5f,0x36,0x34,0x2e,0x78,0x20,0x3f,0x20,0x5f,0x34,
    0x35,0x2e,0x78,0x20,0x3a,0x20,0x5f,0x35,0x36,0x2e,0x78,0x2c,0x20,0x5f,0x36,0x34,
    0x2e,0x79,0x20,0x3f,0x20,0x5f,0x34,0x35,0x2e,0x79,0x20,0x3a,0x20,0x5f,0x35,0x36,
    0x2e,0x79,0x2c,0x20,0x5f,0x36,0x34,0x2e,0x7a,0x20,0x3f,0x20,0x5f,0x34,0x35,0x2e,
    0x7a,0x20,0x3a,0x20,0x5f,0x35,0x36,0x2e,0x7a,0x29,0x3b,0x0a,0x7d,0x0a,0x0a,0x68,
    0x69,0x67,0x68,0x70,0x20,0x76,0x65,0x63,0x33,0x20,0x6c,0x69,0x6e,0x65,0x61,0x72,
    0x54,0x6f,0x4f,0x6b,0x6c,0x61,0x62,0x28,0x68,0x69,0x67,0x68,0x70,0x20,0x76,0x65,
    0x63,0x33,0x20,0x63,0x29,0x0a,0x7b,0x0a,0x20,0x20,0x20,0x20,0x68,0x69,0x67,0x68,
    0x70,0x20,0x76,0x65,0x63,0x33,0x20,0x5f,0x31,0x33,0x38,0x20,0x3d,0x20,0x76,0x65,
    0x63,0x33,0x28,0x28,0x28,0x30,0x2e,0x34,0x31,0x32,0x32,0x32,0x31,0x34,0x36,0x31,
    0x35,0x33,0x34,0x35,0x30,0x30,0x31,0x32,0x32,0x30,0x37,0x30,0x33,0x31,0x32,0x35,
    0x20,0x2a,0x20,0x63,0x2e,0x78,0x29,0x20,0x2b,0x20,0x28,0x30,0x2e,0x35,0x33,0x36,
    0x33,0x33,0x32,0x35,0x34,0x37,0x36,0x36,0x34,0x36,0x34,0x32,0x33,0x33,0x33,0x39,
    0x38,0x34,0x33,0x37,0x35,0x20,0x2a,0x20,0x63,0x2e,0x79,0x29,0x29,0x20,0x2b,0x20,
    0x28,0x30,0x2e,0x30,0x35,0x31,0x34,0x34,0x35,0x39,0x39,0x34,0x35,0x32,0x36,0x31,
    0x34,0x37,0x38,0x34,0x32,0x34,0x30,0x37,0x32,0x32,0x36,0x35,0x36,0x32,0x35,0x20,
    0x2a,0x20,0x63,0x2e,0x7a,0x29,0x2c,0x20,0x28,0x28,0x30,0x2e,0x32,0x31,0x31,0x39,
    0x30,0x33,0x34,0x39,0x37,0x35,0x37,0x36,0x37,0x31,0x33,0x35,0x36,0x32,0x30,0x31,
    0x31,0x37,0x31,0x38,0x37,0x35,0x20,0x2a,0x20,0x63,0x2e,0x78,0x29,0x20,0x2b,0x20,
    0x28,0x30,0x2e,0x36,0x38,0x30,0x36,0x39,0x39,0x35,0x32,0x37,0x32,0x36,0x33,0x36,
    0x34,0x31,0x33,0x35,0x37,0x34,0x32,0x31,0x38,0x37,0x35,0x20,0x2a,0x20,0x63,0x2e,
    0x79,0x29,0x29,0x20,0x2b,0x20,0x28,0x30,0x2e,0x31,0x30,0x37,0x33,0x39,0x36,0x39,
    0x36,0x30,0x32,0x35,0x38,0x34,0x38,0x33,0x38,0x38,0x36,0x37,0x31,0x38,0x37,0x35,
    0x20,0x2a,0x20,0x63,0x2e,0x7a,0x29,0x2c,0x20,0x28,0x28,0x30,0x2e,0x30,0x38,0x38,
    0x33,0x30,0x32,0x34,0x36,0x33,0x32,0x39,0x33,0x30,0x37,0x35,0x35,0x36,0x31,0x35,
    0x32,0x33,0x34,0x33,0x37,0x35,0x20,0x2a,0x20,0x63,0x2e,0x78,0x29,0x20,0x2b,0x20,
    0x28,0x30,0x2e,0x32,0x38,0x31,0x37,0x31,0x38,0x38,0x35,0x30,0x31,0x33,0x35,0x38,
    0x30,0x33,0x32,0x32,0x32,0x36,0x35,0x36,0x32,0x35,0x20,0x2a,0x20,0x63,0x2e,0x79,
    0x29,0x29,0x20,0x2b,0x20,0x28,0x30,0x2e,0x36,0x32,0x39,0x39,0x37,0x38,0x37,0x31,
    0x36,0x33,0x37,0x33,0x34,0x34,0x33,0x36,0x30,0x33,0x35,0x31,0x35,0x36,0x32,0x35,
    0x20,0x2a,0x20,0x63,0x2e,0x7a,0x29,0x29,0x3b,0x0a,0x20,0x20,0x20,0x20,0x68,0x69,
    0x67,0x68,0x70,0x20,0x76,0x65,0x63,0x33,0x20,0x5f,0x31,0x34,0x36,0x20,0x3d,0x20,
    0x73,0x69,0x67,0x6e,0x28,0x5f,0x31,0x33,0x38,0x29,0x20,0x2a,0x20,0x70,0x6f,0x77,
    0x28,0x61,0x62,0x73,0x28,0x5f,0x31,0x33,0x38,0x29,0x2c,0x20,0x76,0x65,0x63,0x33,
    0x28,0x30,0x2e,0x33,0x33,0x33,0x33,0x33,0x33,0x33,0x34,0x33,0x32,0x36,0x37,0x34,
    0x34,0x30,0x37,0x39,0x35,0x38,0x39,0x38,0x34,0x33,0x37,0x35,0x29,0x29,0x3b,0x0a,
    0x20,0x20,0x20,0x20,0x68,0x69,0x67,0x68,0x70,0x20,0x66,0x6c,0x6f,0x61,0x74,0x20,
    0x5f,0x31,0x34,0x39,0x20,0x3d,0x20,0x5f,0x31,0x34,0x36,0x2e,0x78,0x3b,0x0a,0x20,
    0x20,0x20,0x20,0x68,0x69,0x67,0x68,0x70,0x20,0x66,0x6c,0x6f,0x61,0x74,0x20,0x5f,
    0x31,0x35,0x33,0x20,0x3d,0x20,0x5f,0x31,0x34,0x36,0x2e,0x79,0x3b,0x0a,0x20,0x20,
    0x20,0x20,0x68,0x69,0x67,0x68,0x70,0x20,0x66,0x6c,0x6f,0x61,0x74,0x20,0x5f,0x31,
    0x35,0x38,0x20,0x3d,0x20,0x5f,0x31,0x34,0x36,0x2e,0x7a,0x3b,0x0a,0x20,0x20,0x20,
    0x20,0x72,0x65,0x74,0x75,0x72,0x6e,0x20,0x76,0x65,0x63,0x33,0x28,0x28,0x28,0x30,
    0x2e,0x32,0x31,0x30,0x34,0x35,0x34,0x32,0x35,0x35,0x33,0x34,0x32,0x34,0x38,0x33,
    0x35,0x32,0x30,0x35,0x30,0x37,0x38,0x31,0x32,0x35,0x20,0x2a,0x20,0x5f,0x31,0x34,
    0x39,0x29,0x20,0x2b,0x20,0x28,0x30,0x2e,0x37,0x39,0x33,0x36,0x31,0x37,0x37,0x38,
    0x34,0x39,0x37,0x36,0x39,0x35,0x39,0x32,0x32,0x38,0x35,0x31,0x35,0x36,0x32,0x35,
    0x20,0x2a,0x20,0x5f,0x31,0x35,0x33,0x29,0x29,0x20,0x2d,0x20,0x28,0x30,0x2e,0x30,
    0x30,0x34,0x30,0x37,0x32,0x30,0x34,0x36,0x38,0x33,0x38,0x37,0x30,0x30,0x37,0x37,
    0x31,0x33,0x33,0x31,0x37,0x38,0x37,0x31,0x30,0x39,0x33,0x37,0x35,0x20,0x2a,0x20,
    0x5f,0x31,0x35,0x38,0x29,0x2c,0x20,0x28,0x28,0x31,0x2e,0x39,0x37,0x37,0x39,0x39,
    0x38,0x34,0x39,0x35,0x31,0x30,0x31,0x39,0x32,0x38,0x37,0x31,0x30,0x39,0x33,0x37,
    0x35,0x20,0x2a,0x20,0x5f,0x31,0x34,0x39,0x29,0x20,0x2d,0x20,0x28,0x32,0x2e,0x34,
    0x32,0x38,0x35,0x39,0x32,0x32,0x30,0x35,0x30,0x34,0x37,0x36,0x30,0x37,0x34,0x32,
    0x31,0x38,0x37,0x35,0x20,0x2a,0x20,0x5f,0x31,0x35,0x33,0x29,0x29,0x20,0x2b,0x20,
    0x28,0x30,0x2e,0x34,0x35,0x30,0x35,0x39,0x33,0x37,0x30,0x39,0x39,0x34,0x35,0x36,
    0x37,0x38,0x37,0x31,0x30,0x39,0x33,0x37,0x35,0x20,0x2a,0x20,0x5f,0x31,0x35,0x38,
    0x29,0x2c,0x20,0x28,0x28,0x30,0x2e,0x30,0x32,0x35,0x39,0x30,0x34,0x30,0x33,0x37,
    0x30,0x35,0x38,0x33,0x35,0x33,0x34,0x32,0x34,0x30,0x37,0x32,0x32,0x36,0x35,0x36,
    0x32,0x35,0x20,0x2a,0x20,0x5f,0x31,0x34,0x39,0x29,0x20,0x2b,0x20,0x28,0x30,0x2e,
    0x37,0x38,0x32,0x37,0x37,0x31,0x37,0x36,0x36,0x31,0x38,0x35,0x37,0x36,0x30,0x34,
    0x39,0x38,0x30,0x34,0x36,0x38,0x37,0x35,0x20,0x2a,0x20,0x5f,0x31,0x35,0x33,0x29,
    0x29,0x20,0x2d,0x20,0x28,0x30,0x2e,0x38,0x30,0x38,0x36,0x37,0x35,0x37,0x36,0x35,
    0x39,0x39,0x31,0x32,0x31,0x30,0x39,0x33,0x37,0x35,0x20,0x2a,0x20,0x5f,0x31,0x35,
    0x38,0x29,0x29,0x3b,0x0a,0x7d,0x0a,0x0a,0x68,0x69,0x67,0x68,0x70,0x20,0x76,0x65,
    0x63,0x33,0x20,0x6f,0x6b,0x6c,0x61,0x62,0x54,0x6f,0x4c,0x69,0x6e,0x65,0x61,0x72,
    0x28,0x68,0x69,0x67,0x68,0x70,0x20,0x76,0x65,0x63,0x33,0x20,0x63,0x29,0x0a,0x7b,
    0x0a,0x20,0x20,0x20,0x20,0x68,0x69,0x67,0x68,0x70,0x20,0x76,0x65,0x63,0x33,0x20,
    0x5f,0x32,0x32,0x39,0x20,0x3d,0x20,0x76,0x65,0x63,0x33,0x28,0x28,0x63,0x2e,0x78,
    0x20,0x2b,0x20,0x28,0x30,0x2e,0x33,0x39,0x36,0x33,0x33,0x37,0x37,0x37,0x37,0x33,
    0x37,0x36,0x31,0x37,0x34,0x39,0x32,0x36,0x37,0x35,0x37,0x38,0x31,0x32,0x35,0x20,
    0x2a,0x20,0x63,0x2e,0x79,0x29,0x29,0x20,0x2b,0x20,0x28,0x30,0x2e,0x32,0x31,0x35,
    0x38,0x30,0x33,0x37,0x35,0x37,0x33,0x30,0x39,0x39,0x31,0x33,0x36,0x33,0x35,0x32,
    0x35,0x33,0x39,0x30,0x36,0x32,0x35,0x20,0x2a,0x20,0x63,0x2e,0x7a,0x29,0x2c,0x20,
    0x28,0x63,0x2e,0x78,0x20,0x2d,0x20,0x28,0x30,0x2e,0x31,0x30,0x35,0x35,0x36,0x31,
    0x33,0x34,0x35,0x38,0x31,0x35,0x36,0x35,0x38,0x35,0x36,0x39,0x33,0x33,0x35,0x39,
    0x33,0x37,0x35,0x20,0x2a,0x20,0x63,0x2e,0x79,0x29,0x29,0x20,0x2d,0x20,0x28,0x30,
    0x2e,0x30,0x36,0x33,0x38,0x35,0x34,0x31,0x37,0x32,0x38,0x32,0x35,0x38,0x31,0x33,
    0x32,0x39,0x33,0x34,0x35,0x37,0x30,0x33,0x31,0x32,0x35,0x20,0x2a,0x20,0x63,0x2e,
    0x7a,0x29,0x2c,0x20,0x28,0x63,0x2e,0x78,0x20,0x2d,0x20,0x28,0x30,0x2e,0x30,0x38,
    0x39,0x34,0x38,0x34,0x31,0x37,0x37,0x35,0x32,0x39,0x38,0x31,0x31,0x38,0x35,0x39,
    0x31,0x33,0x30,0x38,0x35,0x39,0x33,0x37,0x35,0x20,0x2a,0x20,0x63,0x2e,0x79,0x29,
    0x29,0x20,0x2d,0x20,0x28,0x31,0x2e,0x32,0x39,0x31,0x34,0x38,0x35,0x35,0x34,0x38,
    0x30,0x31,0x39,0x34,0x30,0x39,0x31,0x37,0x39,0x36,0x38,0x37,0x35,0x20,0x2a,0x20,
    0x63,0x2e,0x7a,0x29,0x29,0x3b,0x0a,0x20,0x20,0x20,0x20,0x68,0x69,0x67,0x68,0x70,
    0x20,0x76,0x65,0x63,0x33,0x20,0x5f,0x32,0x33,0x34,0x20,0x3d,0x20,0x28,0x5f,0x32,
    0x32,0x39,0x20,0x2a,0x20,0x5f,0x32,0x32,0x39,0x29,0x20,0x2a,0x20,0x5f,0x32,0x32,
    0x39,0x3b,0x0a,0x20,0x20,0x20,0x20,0x68,0x69,0x67,0x68,0x70,0x20,0x66,0x6c,0x6f,
    0x61,0x74,0x20,0x5f,0x32,0x33,0x37,0x20,0x3d,0x20,0x5f,0x32,0x33,0x34,0x2e,0x78,
    0x3b,0x0a,0x20,0x20,0x20,0x20,0x68,0x69,0x67,0x68,0x70,0x20,0x66,0x6c,0x6f,0x61,
    0x74,0x20,0x5f,0x32,0x34,0x31,0x20,0x3d,0x20,0x5f,0x32,0x33,0x34,0x2e,0x79,0x3b,
    0x0a,0x20,0x20,0x20,0x20,0x68,0x69,0x67,0x68,0x70,0x20,0x66,0x6c,0x6f,0x61,0x74,
    0x20,0x5f,0x32,0x34,0x36,0x20,0x3d,0x20,0x5f,0x32,0x33,0x34,0x2e,0x7a,0x3b,0x0a,
    0x20,0x20,0x20,0x20,0x72,0x65,0x74,0x75,0x72,0x6e,0x20,0x76,0x65,0x63,0x33,0x28,
    0x28,0x28,0x34,0x2e,0x30,0x37,0x36,0x37,0x34,0x31,0x36,0x39,0x35,0x34,0x30,0x34,
    0x30,0x35,0x32,0x37,0x33,0x34,0x33,0x37,0x35,0x20,0x2a,0x20,0x5f,0x32,0x33,0x37,
    0x29,0x20,0x2d,0x20,0x28,0x33,0x2e,0x33,0x30,0x37,0x37,0x31,0x31,0x36,0x30,0x31,
    0x32,0x35,0x37,0x33,0x32,0x34,0x32,0x31,0x38,0x37,0x35,0x20,0x2a,0x20,0x5f,0x32,
    0x34,0x31,0x29,0x29,0x20,0x2b,0x20,0x28,0x30,0x2e,0x32,0x33,0x30,0x39,0x36,0x39,
    0x39,0x33,0x35,0x36,0x35,0x35,0x35,0x39,0x33,0x38,0x37,0x32,0x30,0x37,0x30,0x33,
    0x31,0x32,0x35,0x20,0x2a,0x20,0x5f,0x32,0x34,0x36,0x29,0x2c,0x20,0x28,0x28,0x28,
    0x2d,0x31,0x2e,0x32,0x36,0x38,0x34,0x33,0x37,0x39,0x38,0x31,0x36,0x30,0x35,0x35,
    0x32,0x39,0x37,0x38,0x35,0x31,0x35,0x36,0x32,0x35,0x29,0x20,0x2a,0x20,0x5f,0x32,
    0x33,0x37,0x29,0x20,0x2b,0x20,0x28,0x32,0x2e,0x36,0x30,0x39,0x37,0x35,0x37,0x34,
    0x32,0x33,0x34,0x30,0x30,0x38,0x37,0x38,0x39,0x30,0x36,0x32,0x35,0x20,0x2a,0x20,
    0x5f,0x32,0x34,0x31,0x29,0x29,0x20,0x2d,0x20,0x28,0x30,0x2e,0x33,0x34,0x31,0x33,
    0x31,0x39,0x33,0x38,0x32,0x31,0x39,0x30,0x37,0x30,0x34,0x33,0x34,0x35,0x37,0x30,
    0x33,0x31,0x32,0x35,0x20,0x2a,0x20,0x5f,0x32,0x34,0x36,0x29,0x2c,0x20,0x28,0x28,
    0x28,0x2d,0x30,0x2e,0x30,0x30,0x34,0x31,0x39,0x36,0x30,0x38,0x36,0x34,0x33,0x32,
    0x37,0x38,0x34,0x37,0x39,0x35,0x37,0x36,0x31,0x31,0x30,0x38,0x33,0x39,0x38,0x34,
    0x33,0x37,0x35,0x29,0x20,0x2a,0x20,0x5f,0x32,0x33,0x37,0x29,0x20,0x2d,0x20,0x28,
    0x30,0x2e,0x37,0x30,0x33,0x34,0x31,0x38,0x36,0x31,0x32,0x34,0x38,0x30,0x31,0x36,
    0x33,0x35,0x37,0x34,0x32,0x31,0x38,0x37,0x35,0x20,0x2a,0x20,0x5f,0x32,0x34,0x31,
    0x29,0x29,0x20,0x2b,0x20,0x28,0x31,0x2e,0x37,0x30,0x37,0x36,0x31,0x34,0x36,0x36,
    0x30,0x32,0x36,0x33,0x30,0x36,0x31,0x35,0x32,0x33,0x34,0x33,0x37,0x35,0x20,0x2a,
    0x20,0x5f,0x32,0x34,0x36,0x29,0x29,0x3b,0x0a,0x7d,0x0a,0x0a,0x68,0x69,0x67,0x68,
    0x70,0x20,0x76,0x65,0x63,0x33,0x20,0x6c,0x69,0x6e,0x65,0x61,0x72,0x54,0x6f,0x53,
    0x72,0x67,0x62,0x28,0x68,0x69,0x67,0x68,0x70,0x20,0x76,0x65,0x63,0x33,0x20,0x63,
    0x29,0x0a,0x7b,0x0a,0x20,0x20,0x20,0x20,0x68,0x69,0x67,0x68,0x70,0x20,0x76,0x65,
    0x63,0x33,0x20,0x5f,0x37,0x30,0x20,0x3d,0x20,0x63,0x20,0x2a,0x20,0x31,0x32,0x2e,
    0x39,0x32,0x30,0x30,0x30,0x30,0x30,0x37,0x36,0x32,0x39,0x33,0x39,0x34,0x35,0x33,
    0x31,0x32,0x35,0x3b,0x0a,0x20,0x20,0x20,0x20,0x68,0x69,0x67,0x68,0x70,0x20,0x76,
    0x65,0x63,0x33,0x20,0x5f,0x38,0x31,0x20,0x3d,0x20,0x28,0x76,0x65,0x63,0x33,0x28,
    0x31,0x2e,0x30,0x35,0x34,0x39,0x39,0x39,0x39,0x34,0x37,0x35,0x34,0x37,0x39,0x31,
    0x32,0x35,0x39,0x37,0x36,0x35,0x36,0x32,0x35,0x29,0x20,0x2a,0x20,0x70,0x6f,0x77,
    0x28,0x6d,0x61,0x78,0x28,0x63,0x2c,0x20,0x76,0x65,0x63,0x33,0x28,0x30,0x2e,0x30,
    0x29,0x29,0x2c,0x20,0x76,0x65,0x63,0x33,0x28,0x30,0x2e,0x34,0x31,0x36,0x36,0x36,
    0x36,0x36,0x35,0x36,0x37,0x33,0x32,0x35,0x35,0x39,0x32,0x30,0x34,0x31,0x30,0x31,
    0x35,0x36,0x32,0x35,0x29,0x29,0x29,0x20,0x2d,0x20,0x76,0x65,0x63,0x33,0x28,0x30,
    0x2e,0x30,0x35,0x34,0x39,0x39,0x39,0x39,0x39,0x39,0x37,0x30,0x31,0x39,0x37,0x36,
    0x37,0x37,0x36,0x31,0x32,0x33,0x30,0x34,0x36,0x38,0x37,0x35,0x29,0x3b,0x0a,0x20,
    0x20,0x20,0x20,0x62,0x76,0x65,0x63,0x33,0x20,0x5f,0x38,0x37,0x20,0x3d,0x20,0x6c,
    0x65,0x73,0x73,0x54,0x68,0x61,0x6e,0x45,0x71,0x75,0x61,0x6c,0x28,0x63,0x2c,0x20,
    0x76,0x65,0x63,0x33,0x28,0x30,0x2e,0x30,0x30,0x33,0x31,0x33,0x30,0x38,0x30,0x30,
    0x30,0x39,0x30,0x37,0x33,0x30,0x31,0x39,0x30,0x32,0x37,0x37,0x30,0x39,0x39,0x36,
    0x30,0x39,0x33,0x37,0x35,0x29,0x29,0x3b,0x0a,0x20,0x20,0x20,0x20,0x72,0x65,0x74,
    0x75,0x72,0x6e,0x20,0x76,0x65,0x63,0x33,0x28,0x5f,0x38,0x37,0x2e,0x78,0x20,0x3f,
    0x20,0x5f,0x37,0x30,0x2e,0x78,0x20,0x3a,0x20,0x5f,0x38,0x31,0x2e,0x78,0x2c,0x20,
    0x5f,0x38,0x37,0x2e,0x79,0x20,0x3f,0x20,0x5f,0x37,0x30,0x2e,0x79,0x20,0x3a,0x20,
    0x5f,0x38,0x31,0x2e,0x79,0x2c,0x20,0x5f,0x38,0x37,0x2e,0x7a,0x20,0x3f,0x20,0x5f,
    0x37,0x30,0x2e,0x7a,0x20,0x3a,0x20,0x5f,0x38,0x31,0x2e,0x7a,0x29,0x3b,0x0a,0x7d,
    0x0a,0x0a,0x68,0x69,0x67,0x68,0x70,0x20,0x76,0x65,0x63,0x34,0x20,0x6d,0x69,0x78,
    0x47,0x72,0x61,0x64,0x69,0x65,0x6e,0x74,0x28,0x68,0x69,0x67,0x68,0x70,0x20,0x76,
    0x65,0x63,0x34,0x20,0x61,0x2c,0x20,0x68,0x69,0x67,0x68,0x70,0x20,0x76,0x65,0x63,
    0x34,0x20,0x62,0x2c,0x20,0x68,0x69,0x67,0x68,0x70,0x20,0x66,0x6c,0x6f,0x61,0x74,
    0x20,0x74,0x29,0x0a,0x7b,0x0a,0x20,0x20,0x20,0x20,0x68,0x69,0x67,0x68,0x70,0x20,
    0x76,0x65,0x63,0x33,0x20,0x72,0x67,0x62,0x3b,0x0a,0x20,0x20,0x20,0x20,0x69,0x66,
    0x20,0x28,0x76,0x6f,0x69,0x64,0x32,0x64,0x5f,0x66,0x78,0x5b,0x36,0x5d,0x2e,0x79,
    0x20,0x3e,0x20,0x30,0x2e,0x35,0x29,0x0a,0x20,0x20,0x20,0x20,0x7b,0x0a,0x20,0x20,
    0x20,0x20,0x20,0x20,0x20,0x20,0x68,0x69,0x67,0x68,0x70,0x20,0x76,0x65,0x63,0x33,
    0x20,0x70,0x61,0x72,0x61,0x6d,0x20,0x3d,0x20,0x61,0x2e,0x78,0x79,0x7a,0x3b,0x0a,
    0x20,0x20,0x20,0x20,0x20,0x20,0x20,0x20,0x68,0x69,0x67,0x68,0x70,0x20,0x76,0x65,
    0x63,0x33,0x20,0x70,0x61,0x72,0x61,0x6d,0x5f,0x31,0x20,0x3d,0x20,0x73,0x72,0x67,
    0x62,0x54,0x6f,0x4c,0x69,0x6e,0x65,0x61,0x72,0x28,0x70,0x61,0x72,0x61,0x6d,0x29,
    0x3b,0x0a,0x20,0x20,0x20,0x20,0x20,0x20,0x20,0x20,0x68,0x69,0x67,0x68,0x70,0x20,
    0x76,0x65,0x63,0x33,0x20,0x70,0x61,0x72,0x61,0x6d,0x5f,0x32,0x20,0x3d,0x20,0x62,
    0x2e,0x78,0x79,0x7a,0x3b,0x0a,0x20,0x20,0x20,0x20,0x20,0x20,0x20,0x20,0x68,0x69,
    0x67,0x68,0x70,0x20,0x76,0x65,0x63,0x33,0x20,0x70,0x61,0x72,0x61,0x6d,0x5f,0x33,
    0x20,0x3d,0x20,0x73,0x72,0x67,0x62,0x54,0x6f,0x4c,0x69,0x6e,0x65,0x61,0x72,0x28,
    0x70,0x61,0x72,0x61,0x6d,0x5f,0x32,0x29,0x3b,0x0a,0x20,0x20,0x20,0x20,0x20,0x20,
    0x20,0x20,0x68,0x69,0x67,0x68,0x70,0x20,0x76,0x65,0x63,0x33,0x20,0x70,0x61,0x72,
    0x61,0x6d,0x5f,0x34,0x20,0x3d,0x20,0x6d,0x69,0x78,0x28,0x6c,0x69,0x6e,0x65,0x61,
    0x72,0x54,0x6f,0x4f,0x6b,0x6c,0x61,0x62,0x28,0x70,0x61,0x72,0x61,0x6d,0x5f,0x31,
    0x29,0x2c,0x20,0x6c,0x69,0x6e,0x65,0x61,0x72,0x54,0x6f,0x4f,0x6b,0x6c,0x61,0x62,
    0x28,0x70,0x61,0x72,0x61,0x6d,0x5f,0x33,0x29,0x2c,0x20,0x76,0x65,0x63,0x33,0x28,
    0x74,0x29,0x29,0x3b,0x0a,0x20,0x20,0x20,0x20,0x20,0x20,0x20,0x20,0x68,0x69,0x67,
    0x68,0x70,0x20,0x76,0x65,0x63,0x33,0x20,0x70,0x61,0x72,0x61,0x6d,0x5f,0x35,0x20,
    0x3d,0x20,0x6f,0x6b,0x6c,0x61,0x62,0x54,0x6f,0x4c,0x69,0x6e,0x65,0x61,0x72,0x28,
    0x70,0x61,0x72,0x61,0x6d,0x5f,0x34,0x29,0x3b,0x0a,0x20,0x20,0x20,0x20,0x20,0x20,
    0x20,0x20,0x72,0x67,0x62,0x20,0x3d,0x20,0x6c,0x69,0x6e,0x65,0x61,0x72,0x54,0x6f,
    0x53,0x72,0x67,0x62,0x28,0x70,0x61,0x72,0x61,0x6d,0x5f,0x35,0x29,0x3b,0x0a,0x20,
    0x20,0x20,0x20,0x7d,0x0a,0x20,0x20,0x20,0x20,0x65,0x6c,0x73,0x65,0x0a,0x20,0x20,
    0x20,0x20,0x7b,0x0a,0x20,0x20,0x20,0x20,0x20,0x20,0x20,0x20,0x72,0x67,0x62,0x20,
    0x3d,0x20,0x6d,0x69,0x78,0x28,0x61,0x2e,0x78,0x79,0x7a,0x2c,0x20,0x62,0x2e,0x78,
    0x79,0x7a,0x2c,0x20,0x76,0x65,0x63,0x33,0x28,0x74,0x29,0x29,0x3b,0x0a,0x20,0x20,
    0x20,0x20,0x7d,0x0a,0x20,0x20,0x20,0x20,0x72,0x65,0x74,0x75,0x72,0x6e,0x20,0x76,
    0x65,0x63,0x34,0x28,0x72,0x67,0x62,0x2c,0x20,0x6d,0x69,0x78,0x28,0x61,0x2e,0x77,
    0x2c,0x20,0x62,0x2e,0x77,0x2c,0x20,0x74,0x29,0x29,0x3b,0x0a,0x7d,0x0a,0x0a,0x68,
    0x69,0x67,0x68,0x70,0x20,0x76,0x65,0x63,0x34,0x20,0x67,0x72,0x61,0x64,0x69,0x65,
    0x6e,0x74,0x41,0x74,0x28,0x68,0x69,0x67,0x68,0x70,0x20,0x66,0x6c,0x6f,0x61,0x74,
    0x20,0x74,0x29,0x0a,0x7b,0x0a,0x20,0x20,0x20,0x20,0x69,0x66,0x20,0x28,0x28,0x76,
    0x6f,0x69,0x64,0x32,0x64,0x5f,0x66,0x78,0x5b,0x36,0x5d,0x2e,0x77,0x20,0x3e,0x20,
    0x30,0x2e,0x30,0x29,0x20,0x26,0x26,0x20,0x28,0x76,0x6f,0x69,0x64,0x32,0x64,0x5f,
    0x66,0x78,0x5b,0x36,0x5d,0x2e,0x77,0x20,0x3c,0x20,0x31,0x2e,0x30,0x29,0x29,0x0a,
    0x20,0x20,0x20,0x20,0x7b,0x0a,0x20,0x20,0x20,0x20,0x20,0x20,0x20,0x20,0x69,0x66,
    0x20,0x28,0x74,0x20,0x3c,0x20,0x76,0x6f,0x69,0x64,0x32,0x64,0x5f,0x66,0x78,0x5b,
    0x36,0x5d,0x2e,0x77,0x29,0x0a,0x20,0x20,0x20,0x20,0x20,0x20,0x20,0x20,0x7b,0x0a,
    0x20,0x20,0x20,0x20,0x20,0x20,0x20,0x20,0x20,0x20,0x20,0x20,0x68,0x69,0x67,0x68,
    0x70,0x20,0x76,0x65,0x63,0x34,0x20,0x70,0x61,0x72,0x61,0x6d,0x20,0x3d,0x20,0x76,
    0x6f,0x69,0x64,0x32,0x64,0x5f,0x66,0x78,0x5b,0x38,0x5d,0x3b,0x0a,0x20,0x20,0x20,
    0x20,0x20,0x20,0x20,0x20,0x20,0x20,0x20,0x20,0x68,0x69,0x67,0x68,0x70,0x20,0x76,
    0x65,0x63,0x34,0x20,0x70,0x61,0x72,0x61,0x6d,0x5f,0x31,0x20,0x3d,0x20,0x76,0x6f,
    0x69,0x64,0x32,0x64,0x5f,0x66,0x78,0x5b,0x39,0x5d,0x3b,0x0a,0x20,0x20,0x20,0x20,
    0x20,0x20,0x20,0x20,0x20,0x20,0x20,0x20,0x68,0x69,0x67,0x68,0x70,0x20,0x66,0x6c,
    0x6f,0x61,0x74,0x20,0x70,0x61,0x72,0x61,0x6d,0x5f,0x32,0x20,0x3d,0x20,0x74,0x20,
    0x2f,0x20,0x76,0x6f,0x69,0x64,0x32,0x64,0x5f,0x66,0x78,0x5b,0x36,0x5d,0x2e,0x77,
    0x3b,0x0a,0x20,0x20,0x20,0x20,0x20,0x20,0x20,0x20,0x20,0x20,0x20,0x20,0x72,0x65,
    0x74,0x75,0x72,0x6e,0x20,0x6d,0x69,0x78,0x47,0x72,0x61,0x64,0x69,0x65,0x6e,0x74,
    0x28,0x70,0x61,0x72,0x61,0x6d,0x2c,0x20,0x70,0x61,0x72,0x61,0x6d,0x5f,0x31,0x2c,
    0x20,0x70,0x61,0x72,0x61,0x6d,0x5f,0x32,0x29,0x3b,0x0a,0x20,0x20,0x20,0x20,0x20,
    0x20,0x20,0x20,0x7d,0x0a,0x20,0x20,0x20,0x20,0x20,0x20,0x20,0x20,0x68,0x69,0x67,
    0x68,0x70,0x20,0x76,0x65,0x63,0x34,0x20,0x70,0x61,0x72,0x61,0x6d,0x5f,0x33,0x20,
    0x3d,0x20,0x76,0x6f,0x69,0x64,0x32,0x64,0x5f,0x66,0x78,0x5b,0x39,0x5d,0x3b,0x0a,
    0x20,0x20,0x20,0x20,0x20,0x20,0x20,0x20,0x68,0x69,0x67,0x68,0x70,0x20,0x76,0x65,
    0x63,0x34,0x20,0x70,0x61,0x72,0x61,0x6d,0x5f,0x34,0x20,0x3d,0x20,0x76,0x6f,0x69,
    0x64,0x32,0x64,0x5f,0x66,0x78,0x5b,0x31,0x30,0x5d,0x3b,0x0a,0x20,0x20,0x20,0x20,
    0x20,0x20,0x20,0x20,0x68,0x69,0x67,0x68,0x70,0x20,0x66,0x6c,0x6f,0x61,0x74,0x20,
    0x70,0x61,0x72,0x61,0x6d,0x5f,0x35,0x20,0x3d,0x20,0x28,0x74,0x20,0x2d,0x20,0x76,
    0x6f,0x69,0x64,0x32,0x64,0x5f,0x66,0x78,0x5b,0x36,0x5d,0x2e,0x77,0x29,0x20,0x2f,
    0x20,0x28,0x31,0x2e,0x30,0x20,0x2d,0x20,0x76,0x6f,0x69,0x64,0x32,0x64,0x5f,0x66,
    0x78,0x5b,0x36,0x5d,0x2e,0x77,0x29,0x3b,0x0a,0x20,0x20,0x20,0x20,0x20,0x20,0x20,
    0x20,0x72,0x65,0x74,0x75,0x72,0x6e,0x20,0x6d,0x69,0x78,0x47,0x72,0x61,0x64,0x69,
    0x65,0x6e,0x74,0x28,0x70,0x61,0x72,0x61,0x6d,0x5f,0x33,0x2c,0x20,0x70,0x61,0x72,
    0x61,0x6d,0x5f,0x34,0x2c,0x20,0x70,0x61,0x72,0x61,0x6d,0x5f,0x35,0x29,0x3b,0x0a,
    0x20,0x20,0x20,0x20,0x7d,0x0a,0x20,0x20,0x20,0x20,0x68,0x69,0x67,0x68,0x70,0x20,
    0x76,0x65,0x63,0x34,0x20,0x70,0x61,0x72,0x61,0x6d,0x5f,0x36,0x20,0x3d,0x20,0x76,
    0x6f,0x69,0x64,0x32,0x64,0x5f,0x66,0x78,0x5b,0x38,0x5d,0x3b,0x0a,0x20,0x20,0x20,
    0x20,0x68,0x69,0x67,0x68,0x70,0x20,0x76,0x65,0x63,0x34,0x20,0x70,0x61,0x72,0x61,
    0x6d,0x5f,0x37,0x20,0x3d,0x20,0x76,0x6f,0x69,0x64,0x32,0x64,0x5f,0x66,0x78,0x5b,
    0x39,0x5d,0x3b,0x0a,0x20,0x20,0x20,0x20,0x68,0x69,0x67,0x68,0x70,0x20,0x66,0x6c,
    0x6f,0x61,0x74,0x20,0x70,0x61,0x72,0x61,0x6d,0x5f,0x38,0x20,0x3d,0x20,0x74,0x3b,
    0x0a,0x20,0x20,0x20,0x20,0x72,0x65,0x74,0x75,0x72,0x6e,0x20,0x6d,0x69,0x78,0x47,
    0x72,0x61,0x64,0x69,0x65,0x6e,0x74,0x28,0x70,0x61,0x72,0x61,0x6d,0x5f,0x36,0x2c,
    0x20,0x70,0x61,0x72,0x61,0x6d,0x5f,0x37,0x2c,0x20,0x70,0x61,0x72,0x61,0x6d,0x5f,
    0x38,0x29,0x3b,0x0a,0x7d,0x0a,0x0a,0x68,0x69,0x67,0x68,0x70,0x20,0x66,0x6c,0x6f,
    0x61,0x74,0x20,0x62,0x61,0x79,0x65,0x72,0x34,0x28,0x68,0x69,0x67,0x68,0x70,0x20,
    0x76,0x65,0x63,0x32,0x20,0x70,0x69,0x78,0x65,0x6c,0x29,0x0a,0x7b,0x0a,0x20,0x20,
    0x20,0x20,0x69,0x6e,0x74,0x20,0x5f,0x34,0x30,0x34,0x20,0x3d,0x20,0x69,0x6e,0x74,
    0x28,0x6d,0x6f,0x64,0x28,0x66,0x6c,0x6f,0x6f,0x72,0x28,0x70,0x69,0x78,0x65,0x6c,
    0x2e,0x78,0x29,0x2c,0x20,0x34,0x2e,0x30,0x29,0x29,0x3b,0x0a,0x20,0x20,0x20,0x20,
    0x69,0x6e,0x74,0x20,0x5f,0x34,0x31,0x30,0x20,0x3d,0x20,0x69,0x6e,0x74,0x28,0x6d,
    0x6f,0x64,0x28,0x66,0x6c,0x6f,0x6f,0x72,0x28,0x70,0x69,0x78,0x65,0x6c,0x2e,0x79,
    0x29,0x2c,0x20,0x34,0x2e,0x30,0x29,0x29,0x3b,0x0a,0x20,0x20,0x20,0x20,0x69,0x66,
    0x20,0x28,0x5f,0x34,0x31,0x30,0x20,0x3d,0x3d,0x20,0x30,0x29,0x0a,0x20,0x20,0x20,
    0x20,0x7b,0x0a,0x20,0x20,0x20,0x20,0x20,0x20,0x20,0x20,0x69,0x66,0x20,0x28,0x5f,
    0x34,0x30,0x34,0x20,0x3d,0x3d,0x20,0x30,0x29,0x0a,0x20,0x20,0x20,0x20,0x20,0x20,
    0x20,0x20,0x7b,0x0a,0x20,0x20,0x20,0x20,0x20,0x20,0x20,0x20,0x20,0x20,0x20,0x20,
    0x72,0x65,0x74,0x75,0x72,0x6e,0x20,0x30,0x2e,0x30,0x3b,0x0a,0x20,0x20,0x20,0x20,
    0x20,0x20,0x20,0x20,0x7d,0x0a,0x20,0x20,0x20,0x20,0x20,0x20,0x20,0x20,0x69,0x66,
    0x20,0x28,0x5f,0x34,0x30,0x34,0x20,0x3d,0x3d,0x20,0x31,0x29,0x0a,0x20,0x20,0x20,
    0x20,0x20,0x20,0x20,0x20,0x7b,0x0a,0x20,0x20,0x20,0x20,0x20,0x20,0x20,0x20,0x20,
    0x20,0x20,0x20,0x72,0x65,0x74,0x75,0x72,0x6e,0x20,0x38,0x2e,0x30,0x3b,0x0a,0x20,
    0x20,0x20,0x20,0x20,0x20,0x20,0x20,0x7d,0x0a,0x20,0x20,0x20,0x20,0x20,0x20,0x20,
    0x20,0x69,0x66,0x20,0x28,0x5f,0x34,0x30,0x34,0x20,0x3d,0x3d,0x20,0x32,0x29,0x0a,
    0x20,0x20,0x20,0x20,0x20,0x20,0x20,0x20,0x7b,0x0a,0x20,0x20,0x20,0x20,0x20,0x20,
    0x20,0x20,0x20,0x20,0x20,0x20,0x72,0x65,0x74,0x75,0x72,0x6e,0x20,0x32,0x2e,0x30,
    0x3b,0x0a,0x20,0x20,0x20,0x20,0x20,0x20,0x20,0x20,0x7d,0x0a,0x20,0x20,0x20,0x20,
    0x20,0x20,0x20,0x20,0x72,0x65,0x74,0x75,0x72,0x6e,0x20,0x31,0x30,0x2e,0x30,0x3b,
    0x0a,0x20,0x20,0x20,0x20,0x7d,0x0a,0x20,0x20,0x20,0x20,0x69,0x66,0x20,0x28,0x5f,
    0x34,0x31,0x30,0x20,0x3d,0x3d,0x20,0x31,0x29,0x0a,0x20,0x20,0x20,0x20,0x7b,0x0a,
    0x20,0x20,0x20,0x20,0x20,0x20,0x20,0x20,0x69,0x66,0x20,0x28,0x5f,0x34,0x30,0x34,
    0x20,0x3d,0x3d,0x20,0x30,0x29,0x0a,0x20,0x20,0x20,0x20,0x20,0x20,0x20,0x20,0x7b,
    0x0a,0x20,0x20,0x20,0x20,0x20,0x20,0x20,0x20,0x20,0x20,0x20,0x20,0x72,0x65,0x74,
    0x75,0x72,0x6e,0x20,0x31,0x32,0x2e,0x30,0x3b,0x0a,0x20,0x20,0x20,0x20,0x20,0x20,
    0x20,0x20,0x7d,0x0a,0x20,0x20,0x20,0x20,0x20,0x20,0x20,0x20,0x69,0x66,0x20,0x28,
    0x5f,0x34,0x30,0x34,0x20,0x3d,0x3d,0x20,0x31,0x29,0x0a,0x20,0x20,0x20,0x20,0x20,
    0x20,0x20,0x20,0x7b,0x0a,0x20,0x20,0x20,0x20,0x20,0x20,0x20,0x20,0x20,0x20,0x20,
    0x20,0x72,0x65,0x74,0x75,0x72,0x6e,0x20,0x34,0x2e,0x30,0x3b,0x0a,0x20,0x20,0x20,
    0x20,0x20,0x20,0x20,0x20,0x7d,0x0a,0x20,0x20,0x20,0x20,0x20,0x20,0x20,0x20,0x69,
    0x66,0x20,0x28,0x5f,0x34,0x30,0x34,0x20,0x3d,0x3d,0x20,0x32,0x29,0x0a,0x20,0x20,
    0x20,0x20,0x20,0x20,0x20,0x20,0x7b,0x0a,0x20,0x20,0x20,0x20,0x20,0x20,0x20,0x20,
    0x20,0x20,0x20,0x20,0x72,0x65,0x74,0x75,0x72,0x6e,0x20,0x31,0x34,0x2e,0x30,0x3b,
    0x0a,0x20,0x20,0x20,0x20,0x20,0x20,0x20,0x20,0x7d,0x0a,0x20,0x20,0x20,0x20,0x20,
    0x20,0x20,0x20,0x72,0x65,0x74,0x75,0x72,0x6e,0x20,0x36,0x2e,0x30,0x3b,0x0a,0x20,
    0x20,0x20,0x20,0x7d,0x0a,0x20,0x20,0x20,0x20,0x69,0x66,0x20,0x28,0x5f,0x34,0x31,
    0x30,0x20,0x3d,0x3d,0x20,0x32,0x29,0x0a,0x20,0x20,0x20,0x20,0x7b,0x0a,0x20,0x20,
    0x20,0x20,0x20,0x20,0x20,0x20,0x69,0x66,0x20,0x28,0x5f,0x34,0x30,0x34,0x20,0x3d,
    0x3d,0x20,0x30,0x29,0x0a,0x20,0x20,0x20,0x20,0x20,0x20,0x20,0x20,0x7b,0x0a,0x20,
    0x20,0x20,0x20,0x20,0x20,0x20,0x20,0x20,0x20,0x20,0x20,0x72,0x65,0x74,0x75,0x72,
    0x6e,0x20,0x33,0x2e,0x30,0x3b,0x0a,0x20,0x20,0x20,0x20,0x20,0x20,0x20,0x20,0x7d,
    0x0a,0x20,0x20,0x20,0x20,0x20,0x20,0x20,0x20,0x69,0x66,0x20,0x28,0x5f,0x34,0x30,
    0x34,0x20,0x3d,0x3d,0x20,0x31,0x29,0x0a,0x20,0x20,0x20,0x20,0x20,0x20,0x20,0x20,
    0x7b,0x0a,0x20,0x20,0x20,0x20,0x20,0x20,0x20,0x20,0x20,0x20,0x20,0x20,0x72,0x65,
    0x74,0x75,0x72,0x6e,0x20,0x31,0x31,0x2e,0x30,0x3b,0x0a,0x20,0x20,0x20,0x20,0x20,
    0x20,0x20,0x20,0x7d,0x0a,0x20,0x20,0x20,0x20,0x20,0x20,0x20,0x20,0x69,0x66,0x20,
    0x28,0x5f,0x34,0x30,0x34,0x20,0x3d,0x3d,0x20,0x32,0x29,0x0a,0x20,0x20,0x20,0x20,
    0x20,0x20,0x20,0x20,0x7b,0x0a,0x20,0x20,0x20,0x20,0x20,0x20,0x20,0x20,0x20,0x20,
    0x20,0x20,0x72,0x65,0x74,0x75,0x72,0x6e,0x20,0x31,0x2e,0x30,0x3b,0x0a,0x20,0x20,
    0x20,0x20,0x20,0x20,0x20,0x20,0x7d,0x0a,0x20,0x20,0x20,0x20,0x20,0x20,0x20,0x20,
    0x72,0x65,0x74,0x75,0x72,0x6e,0x20,0x39,0x2e,0x30,0x3b,0x0a,0x20,0x20,0x20,0x20,
    0x7d,0x0a,0x20,0x20,0x20,0x20,0x69,0x66,0x20,0x28,0x5f,0x34,0x30,0x34,0x20,0x3d,
    0x3d,0x20,0x30,0x29,0x0a,0x20,0x20,0x20,0x20,0x7b,0x0a,0x20,0x20,0x20,0x20,0x20,
    0x20,0x20,0x20,0x72,0x65,0x74,0x75,0x72,0x6e,0x20,0x31,0x35,0x2e,0x30,0x3b,0x0a,
    0x20,0x20,0x20,0x20,0x7d,0x0a,0x20,0x20,0x20,0x20,0x69,0x66,0x20,0x28,0x5f,0x34,
    0x30,0x34,0x20,0x3d,0x3d,0x20,0x31,0x29,0x0a,0x20,0x20,0x20,0x20,0x7b,0x0a,0x20,
    0x20,0x20,0x20,0x20,0x20,0x20,0x20,0x72,0x65,0x74,0x75,0x72,0x6e,0x20,0x37,0x2e,
    0x30,0x3b,0x0a,0x20,0x20,0x20,0x20,0x7d,0x0a,0x20,0x20,0x20,0x20,0x69,0x66,0x20,
    0x28,0x5f,0x34,0x30,0x34,0x20,0x3d,0x3d,0x20,0x32,0x29,0x0a,0x20,0x20,0x20,0x20,
    0x7b,0x0a,0x20,0x20,0x20,0x20,0x20,0x20,0x20,0x20,0x72,0x65,0x74,0x75,0x72,0x6e,
    0x20,0x31,0x33,0x2e,0x30,0x3b,0x0a,0x20,0x20,0x20,0x20,0x7d,0x0a,0x20,0x20,0x20,
    0x20,0x72,0x65,0x74,0x75,0x72,0x6e,0x20,0x35,0x2e,0x30,0x3b,0x0a,0x7d,0x0a,0x0a,
    0x76,0x6f,0x69,0x64,0x20,0x6d,0x61,0x69,0x6e,0x28,0x29,0x0a,0x7b,0x0a,0x20,0x20,
    0x20,0x20,0x69,0x66,0x20,0x28,0x6d,0x69,0x6e,0x28,0x6d,0x69,0x6e,0x28,0x63,0x6c,
    0x69,0x70,0x44,0x69,0x73,0x74,0x61,0x6e,0x63,0x65,0x2e,0x78,0x2c,0x20,0x63,0x6c,
    0x69,0x70,0x44,0x69,0x73,0x74,0x61,0x6e,0x63,0x65,0x2e,0x79,0x29,0x2c,0x20,0x6d,
    0x69,0x6e,0x28,0x63,0x6c,0x69,0x70,0x44,0x69,0x73,0x74,0x61,0x6e,0x63,0x65,0x2e,
    0x7a,0x2c,0x20,0x63,0x6c,0x69,0x70,0x44,0x69,0x73,0x74,0x61,0x6e,0x63,0x65,0x2e,
    0x77,0x29,0x29,0x20,0x3c,0x20,0x30,0x2e,0x30,0x29,0x0a,0x20,0x20,0x20,0x20,0x7b,
    0x0a,0x20,0x20,0x20,0x20,0x20,0x20,0x20,0x20,0x64,0x69,0x73,0x63,0x61,0x72,0x64,
    0x3b,0x0a,0x20,0x20,0x20,0x20,0x7d,0x0a,0x20,0x20,0x20,0x20,0x69,0x6e,0x74,0x20,
    0x5f,0x35,0x32,0x36,0x20,0x3d,0x20,0x69,0x6e,0x74,0x28,0x76,0x6f,0x69,0x64,0x32,
    0x64,0x5f,0x66,0x78,0x5b,0x36,0x5d,0x2e,0x78,0x20,0x2b,0x20,0x30,0x2e,0x35,0x29,
    0x3b,0x0a,0x20,0x20,0x20,0x20,0x62,0x6f,0x6f,0x6c,0x20,0x5f,0x35,0x32,0x38,0x20,
    0x3d,0x20,0x5f,0x35,0x32,0x36,0x20,0x3d,0x3d,0x20,0x31,0x3b,0x0a,0x20,0x20,0x20,
    0x20,0x68,0x69,0x67,0x68,0x70,0x20,0x76,0x65,0x63,0x34,0x20,0x74,0x65,0x78,0x65,
    0x6c,0x3b,0x0a,0x20,0x20,0x20,0x20,0x69,0x66,0x20,0x28,0x5f,0x35,0x32,0x38,0x20,
    0x7c,0x7c,0x20,0x28,0x5f,0x35,0x32,0x36,0x20,0x3d,0x3d,0x20,0x32,0x29,0x29,0x0a,
    0x20,0x20,0x20,0x20,0x7b,0x0a,0x20,0x20,0x20,0x20,0x20,0x20,0x20,0x20,0x68,0x69,
    0x67,0x68,0x70,0x20,0x66,0x6c,0x6f,0x61,0x74,0x20,0x5f,0x35,0x33,0x37,0x3b,0x0a,
    0x20,0x20,0x20,0x20,0x20,0x20,0x20,0x20,0x69,0x66,0x20,0x28,0x5f,0x35,0x32,0x38,
    0x29,0x0a,0x20,0x20,0x20,0x20,0x20,0x20,0x20,0x20,0x7b,0x0a,0x20,0x20,0x20,0x20,
    0x20,0x20,0x20,0x20,0x20,0x20,0x20,0x20,0x5f,0x35,0x33,0x37,0x20,0x3d,0x20,0x63,
    0x6c,0x61,0x6d,0x70,0x28,0x75,0x76,0x2e,0x78,0x2c,0x20,0x30,0x2e,0x30,0x2c,0x20,
    0x31,0x2e,0x30,0x29,0x3b,0x0a,0x20,0x20,0x20,0x20,0x20,0x20,0x20,0x20,0x7d,0x0a,
    0x20,0x20,0x20,0x20,0x20,0x20,0x20,0x20,0x65,0x6c,0x73,0x65,0x0a,0x20,0x20,0x20,
    0x20,0x20,0x20,0x20,0x20,0x7b,0x0a,0x20,0x20,0x20,0x20,0x20,0x20,0x20,0x20,0x20,
    0x20,0x20,0x20,0x5f,0x35,0x33,0x37,0x20,0x3d,0x20,0x63,0x6c,0x61,0x6d,0x70,0x28,
    0x6c,0x65,0x6e,0x67,0x74,0x68,0x28,0x75,0x76,0x29,0x2c,0x20,0x30,0x2e,0x30,0x2c,
    0x20,0x31,0x2e,0x30,0x29,0x3b,0x0a,0x20,0x20,0x20,0x20,0x20,0x20,0x20,0x20,0x7d,
    0x0a,0x20,0x20,0x20,0x20,0x20,0x20,0x20,0x20,0x68,0x69,0x67,0x68,0x70,0x20,0x66,
    0x6c,0x6f,0x61,0x74,0x20,0x70,0x61,0x72,0x61,0x6d,0x20,0x3d,0x20,0x5f,0x35,0x33,
    0x37,0x3b,0x0a,0x20,0x20,0x20,0x20,0x20,0x20,0x20,0x20,0x74,0x65,0x78,0x65,0x6c,
    0x20,0x3d,0x20,0x67,0x72,0x61,0x64,0x69,0x65,0x6e,0x74,0x41,0x74,0x28,0x70,0x61,
    0x72,0x61,0x6d,0x29,0x3b,0x0a,0x20,0x20,0x20,0x20,0x20,0x20,0x20,0x20,0x69,0x66,
    0x20,0x28,0x76,0x6f,0x69,0x64,0x32,0x64,0x5f,0x66,0x78,0x5b,0x36,0x5d,0x2e,0x7a,
    0x20,0x3e,0x20,0x30,0x2e,0x35,0x29,0x0a,0x20,0x20,0x20,0x20,0x20,0x20,0x20,0x20,
    0x7b,0x0a,0x20,0x20,0x20,0x20,0x20,0x20,0x20,0x20,0x20,0x20,0x20,0x20,0x68,0x69,
    0x67,0x68,0x70,0x20,0x76,0x65,0x63,0x32,0x20,0x70,0x61,0x72,0x61,0x6d,0x5f,0x31,
    0x20,0x3d,0x20,0x67,0x6c,0x5f,0x46,0x72,0x61,0x67,0x43,0x6f,0x6f,0x72,0x64,0x2e,
    0x78,0x79,0x3b,0x0a,0x20,0x20,0x20,0x20,0x20,0x20,0x20,0x20,0x20,0x20,0x20,0x20,
    0x68,0x69,0x67,0x68,0x70,0x20,0x76,0x65,0x63,0x34,0x20,0x5f,0x35,0x36,0x39,0x20,
    0x3d,0x20,0x74,0x65,0x78,0x65,0x6c,0x3b,0x0a,0x20,0x20,0x20,0x20,0x20,0x20,0x20,
    0x20,0x20,0x20,0x20,0x20,0x68,0x69,0x67,0x68,0x70,0x20,0x76,0x65,0x63,0x33,0x20,
    0x5f,0x35,0x37,0x35,0x20,0x3d,0x20,0x63,0x6c,0x61,0x6d,0x70,0x28,0x5f,0x35,0x36,
    0x39,0x2e,0x78,0x79,0x7a,0x20,0x2b,0x20,0x76,0x65,0x63,0x33,0x28,0x28,0x62,0x61,
    0x79,0x65,0x72,0x34,0x28,0x70,0x61,0x72,0x61,0x6d,0x5f,0x31,0x29,0x20,0x2d,0x20,
    0x37,0x2e,0x35,0x29,0x20,0x2a,0x20,0x30,0x2e,0x30,0x30,0x31,0x30,0x34,0x35,0x37,
    0x35,0x31,0x36,0x31,0x38,0x32,0x32,0x31,0x34,0x30,0x32,0x31,0x36,0x38,0x32,0x37,
    0x33,0x39,0x32,0x35,0x37,0x38,0x31,0x32,0x35,0x29,0x2c,0x20,0x76,0x65,0x63,0x33,
    0x28,0x30,0x2e,0x30,0x29,0x2c,0x20,0x76,0x65,0x63,0x33,0x28,0x31,0x2e,0x30,0x29,
    0x29,0x3b,0x0a,0x20,0x20,0x20,0x20,0x20,0x20,0x20,0x20,0x20,0x20,0x20,0x20,0x68,
    0x69,0x67,0x68,0x70,0x20,0x76,0x65,0x63,0x34,0x20,0x5f,0x37,0x33,0x38,0x20,0x3d,
    0x20,0x5f,0x35,0x36,0x39,0x3b,0x0a,0x20,0x20,0x20,0x20,0x20,0x20,0x20,0x20,0x20,
    0x20,0x20,0x20,0x5f,0x37,0x33,0x38,0x2e,0x78,0x20,0x3d,0x20,0x5f,0x35,0x37,0x35,
    0x2e,0x78,0x3b,0x0a,0x20,0x20,0x20,0x20,0x20,0x20,0x20,0x20,0x20,0x20,0x20,0x20,
    0x5f,0x37,0x33,0x38,0x2e,0x79,0x20,0x3d,0x20,0x5f,0x35,0x37,0x35,0x2e,0x79,0x3b,
    0x0a,0x20,0x20,0x20,0x20,0x20,0x20,0x20,0x20,0x20,0x20,0x20,0x20,0x5f,0x37,0x33,
    0x38,0x2e,0x7a,0x20,0x3d,0x20,0x5f,0x35,0x37,0x35,0x2e,0x7a,0x3b,0x0a,0x20,0x20,
    0x20,0x20,0x20,0x20,0x20,0x20,0x20,0x20,0x20,0x20,0x74,0x65,0x78,0x65,0x6c,0x20,
    0x3d,0x20,0x5f,0x37,0x33,0x38,0x3b,0x0a,0x20,0x20,0x20,0x20,0x20,0x20,0x20,0x20,
    0x7d,0x0a,0x20,0x20,0x20,0x20,0x7d,0x0a,0x20,0x20,0x20,0x20,0x65,0x6c,0x73,0x65,
    0x0a,0x20,0x20,0x20,0x20,0x7b,0x0a,0x20,0x20,0x20,0x20,0x20,0x20,0x20,0x20,0x69,
    0x66,0x20,0x28,0x5f,0x35,0x32,0x36,0x20,0x3d,0x3d,0x20,0x33,0x29,0x0a,0x20,0x20,
    0x20,0x20,0x20,0x20,0x20,0x20,0x7b,0x0a,0x20,0x20,0x20,0x20,0x20,0x20,0x20,0x20,
    0x20,0x20,0x20,0x20,0x68,0x69,0x67,0x68,0x70,0x20,0x66,0x6c,0x6f,0x61,0x74,0x20,
    0x5f,0x35,0x39,0x31,0x20,0x3d,0x20,0x6d,0x61,0x78,0x28,0x76,0x6f,0x69,0x64,0x32,
    0x64,0x5f,0x66,0x78,0x5b,0x37,0x5d,0x2e,0x78,0x2c,0x20,0x31,0x2e,0x30,0x29,0x3b,
    0x0a,0x20,0x20,0x20,0x20,0x20,0x20,0x20,0x20,0x20,0x20,0x20,0x20,0x68,0x69,0x67,
    0x68,0x70,0x20,0x76,0x65,0x63,0x34,0x20,0x5f,0x36,0x30,0x36,0x3b,0x0a,0x20,0x20,
    0x20,0x20,0x20,0x20,0x20,0x20,0x20,0x20,0x20,0x20,0x69,0x66,0x20,0x28,0x6d,0x6f,
    0x64,0x28,0x75,0x76,0x2e,0x78,0x20,0x2b,0x20,0x75,0x76,0x2e,0x79,0x2c,0x20,0x5f,
    0x35,0x39,0x31,0x29,0x20,0x3c,0x20,0x63,0x6c,0x61,0x6d,0x70,0x28,0x76,0x6f,0x69,
    0x64,0x32,0x64,0x5f,0x66,0x78,0x5b,0x37,0x5d,0x2e,0x79,0x2c,0x20,0x30,0x2e,0x30,
    0x2c,0x20,0x5f,0x35,0x39,0x31,0x29,0x29,0x0a,0x20,0x20,0x20,0x20,0x20,0x20,0x20,
    0x20,0x20,0x20,0x20,0x20,0x7b,0x0a,0x20,0x20,0x20,0x20,0x20,0x20,0x20,0x20,0x20,
    0x20,0x20,0x20,0x20,0x20,0x20,0x20,0x5f,0x36,0x30,0x36,0x20,0x3d,0x20,0x76,0x6f,
    0x69,0x64,0x32,0x64,0x5f,0x66,0x78,0x5b,0x39,0x5d,0x3b,0x0a,0x20,0x20,0x20,0x20,
    0x20,0x20,0x20,0x20,0x20,0x20,0x20,0x20,0x7d,0x0a,0x20,0x20,0x20,0x20,0x20,0x20,
    0x20,0x20,0x20,0x20,0x20,0x20,0x65,0x6c,0x73,0x65,0x0a,0x20,0x20,0x20,0x20,0x20,
    0x20,0x20,0x20,0x20,0x20,0x20,0x20,0x7b,0x0a,0x20,0x20,0x20,0x20,0x20,0x20,0x20,
    0x20,0x20,0x20,0x20,0x20,0x20,0x20,0x20,0x20,0x5f,0x36,0x30,0x36,0x20,0x3d,0x20,
    0x76,0x6f,0x69,0x64,0x32,0x64,0x5f,0x66,0x78,0x5b,0x38,0x5d,0x3b,0x0a,0x20,0x20,
    0x20,0x20,0x20,0x20,0x20,0x20,0x20,0x20,0x20,0x20,0x7d,0x0a,0x20,0x20,0x20,0x20,
    0x20,0x20,0x20,0x20,0x20,0x20,0x20,0x20,0x74,0x65,0x78,0x65,0x6c,0x20,0x3d,0x20,
    0x5f,0x36,0x30,0x36,0x3b,0x0a,0x20,0x20,0x20,0x20,0x20,0x20,0x20,0x20,0x7d,0x0a,
    0x20,0x20,0x20,0x20,0x20,0x20,0x20,0x20,0x65,0x6c,0x73,0x65,0x0a,0x20,0x20,0x20,
    0x20,0x20,0x20,0x20,0x20,0x7b,0x0a,0x20,0x20,0x20,0x20,0x20,0x20,0x20,0x20,0x20,
    0x20,0x20,0x20,0x69,0x66,0x20,0x28,0x5f,0x35,0x32,0x36,0x20,0x3d,0x3d,0x20,0x34,
    0x29,0x0a,0x20,0x20,0x20,0x20,0x20,0x20,0x20,0x20,0x20,0x20,0x20,0x20,0x7b,0x0a,
    0x20,0x20,0x20,0x20,0x20,0x20,0x20,0x20,0x20,0x20,0x20,0x20,0x20,0x20,0x20,0x20,
    0x68,0x69,0x67,0x68,0x70,0x20,0x66,0x6c,0x6f,0x61,0x74,0x20,0x5f,0x36,0x32,0x33,
    0x20,0x3d,0x20,0x6d,0x61,0x78,0x28,0x76,0x6f,0x69,0x64,0x32,0x64,0x5f,0x66,0x78,
    0x5b,0x37,0x5d,0x2e,0x78,0x2c,0x20,0x31,0x2e,0x30,0x29,0x3b,0x0a,0x20,0x20,0x20,
    0x20,0x20,0x20,0x20,0x20,0x20,0x20,0x20,0x20,0x20,0x20,0x20,0x20,0x68,0x69,0x67,
    0x68,0x70,0x20,0x76,0x65,0x63,0x34,0x20,0x5f,0x36,0x33,0x39,0x3b,0x0a,0x20,0x20,
    0x20,0x20,0x20,0x20,0x20,0x20,0x20,0x20,0x20,0x20,0x20,0x20,0x20,0x20,0x69,0x66,
    0x20,0x28,0x6d,0x6f,0x64,0x28,0x66,0x6c,0x6f,0x6f,0x72,0x28,0x75,0x76,0x2e,0x78,
    0x20,0x2f,0x20,0x5f,0x36,0x32,0x33,0x29,0x20,0x2b,0x20,0x66,0x6c,0x6f,0x6f,0x72,
    0x28,0x75,0x76,0x2e,0x79,0x20,0x2f,0x20,0x5f,0x36,0x32,0x33,0x29,0x2c,0x20,0x32,
    0x2e,0x30,0x29,0x20,0x3c,0x20,0x31,0x2e,0x30,0x29,0x0a,0x20,0x20,0x20,0x20,0x20,
    0x20,0x20,0x20,0x20,0x20,0x20,0x20,0x20,0x20,0x20,0x20,0x7b,0x0a,0x20,0x20,0x20,
    0x20,0x20,0x20,0x20,0x20,0x20,0x20,0x20,0x20,0x20,0x20,0x20,0x20,0x20,0x20,0x20,
    0x20,0x5f,0x36,0x33,0x39,0x20,0x3d,0x20,0x76,0x6f,0x69,0x64,0x32,0x64,0x5f,0x66,
    0x78,0x5b,0x38,0x5d,0x3b,0x0a,0x20,0x20,0x20,0x20,0x20,0x20,0x20,0x20,0x20,0x20,
    0x20,0x20,0x20,0x20,0x20,0x20,0x7d,0x0a,0x20,0x20,0x20,0x20,0x20,0x20,0x20,0x20,
    0x20,0x20,0x20,0x20,0x20,0x20,0x20,0x20,0x65,0x6c,0x73,0x65,0x0a,0x20,0x20,0x20,
    0x20,0x20,0x20,0x20,0x20,0x20,0x20,0x20,0x20,0x20,0x20,0x20,0x20,0x7b,0x0a,0x20,
    0x20,0x20,0x20,0x20,0x20,0x20,0x20,0x20,0x20,0x20,0x20,0x20,0x20,0x20,0x20,0x20,
    0x20,0x20,0x20,0x5f,0x36,0x33,0x39,0x20,0x3d,0x20,0x76,0x6f,0x69,0x64,0x32,0x64,
    0x5f,0x66,0x78,0x5b,0x39,0x5d,0x3b,0x0a,0x20,0x20,0x20,0x20,0x20,0x20,0x20,0x20,
    0x20,0x20,0x20,0x20,0x20,0x20,0x20,0x20,0x7d,0x0a,0x20,0x20,0x20,0x20,0x20,0x20,
    0x20,0x20,0x20,0x20,0x20,0x20,0x20,0x20,0x20,0x20,0x74,0x65,0x78,0x65,0x6c,0x20,
    0x3d,0x20,0x5f,0x36,0x33,0x39,0x3b,0x0a,0x20,0x20,0x20,0x20,0x20,0x20,0x20,0x20,
    0x20,0x20,0x20,0x20,0x7d,0x0a,0x20,0x20,0x20,0x20,0x20,0x20,0x20,0x20,0x20,0x20,
    0x20,0x20,0x65,0x6c,0x73,0x65,0x0a,0x20,0x20,0x20,0x20,0x20,0x20,0x20,0x20,0x20,
    0x20,0x20,0x20,0x7b,0x0a,0x20,0x20,0x20,0x20,0x20,0x20,0x20,0x20,0x20,0x20,0x20,
    0x20,0x20,0x20,0x20,0x20,0x74,0x65,0x78,0x65,0x6c,0x20,0x3d,0x20,0x74,0x65,0x78,
    0x74,0x75,0x72,0x65,0x28,0x74,0x65,0x78,0x5f,0x73,0x6d,0x70,0x2c,0x20,0x75,0x76,
    0x29,0x3b,0x0a,0x20,0x20,0x20,0x20,0x20,0x20,0x20,0x20,0x20,0x20,0x20,0x20,0x7d,
    0x0a,0x20,0x20,0x20,0x20,0x20,0x20,0x20,0x20,0x7d,0x0a,0x20,0x20,0x20,0x20,0x7d,
    0x0a,0x20,0x20,0x20,0x20,0x69,0x66,0x20,0x28,0x76,0x6f,0x69,0x64,0x32,0x64,0x5f,
    0x66,0x78,0x5b,0x35,0x5d,0x2e,0x77,0x20,0x3e,0x20,0x30,0x2e,0x35,0x29,0x0a,0x20,
    0x20,0x20,0x20,0x7b,0x0a,0x20,0x20,0x20,0x20,0x20,0x20,0x20,0x20,0x68,0x69,0x67,
    0x68,0x70,0x20,0x76,0x65,0x63,0x33,0x20,0x5f,0x36,0x37,0x33,0x20,0x3d,0x20,0x61,
    0x62,0x73,0x28,0x74,0x65,0x78,0x65,0x6c,0x2e,0x78,0x79,0x7a,0x20,0x2d,0x20,0x76,
    0x6f,0x69,0x64,0x32,0x64,0x5f,0x66,0x78,0x5b,0x35,0x5d,0x2e,0x78,0x79,0x7a,0x29,
    0x3b,0x0a,0x20,0x20,0x20,0x20,0x20,0x20,0x20,0x20,0x69,0x66,0x20,0x28,0x28,0x28,
    0x5f,0x36,0x37,0x33,0x2e,0x78,0x20,0x2b,0x20,0x5f,0x36,0x37,0x33,0x2e,0x79,0x29,
    0x20,0x2b,0x20,0x5f,0x36,0x37,0x33,0x2e,0x7a,0x29,0x20,0x3c,0x20,0x30,0x2e,0x30,
    0x37,0x39,0x39,0x39,0x39,0x39,0x39,0x38,0x32,0x31,0x31,0x38,0x36,0x30,0x36,0x35,
    0x36,0x37,0x33,0x38,0x32,0x38,0x31,0x32,0x35,0x29,0x0a,0x20,0x20,0x20,0x20,0x20,
    0x20,0x20,0x20,0x7b,0x0a,0x20,0x20,0x20,0x20,0x20,0x20,0x20,0x20,0x20,0x20,0x20,
    0x20,0x68,0x69,0x67,0x68,0x70,0x20,0x76,0x65,0x63,0x34,0x20,0x5f,0x37,0x34,0x36,
    0x20,0x3d,0x20,0x74,0x65,0x78,0x65,0x6c,0x3b,0x0a,0x20,0x20,0x20,0x20,0x20,0x20,
    0x20,0x20,0x20,0x20,0x20,0x20,0x5f,0x37,0x34,0x36,0x2e,0x77,0x20,0x3d,0x20,0x30,
    0x2e,0x30,0x3b,0x0a,0x20,0x20,0x20,0x20,0x20,0x20,0x20,0x20,0x20,0x20,0x20,0x20,
    0x74,0x65,0x78,0x65,0x6c,0x20,0x3d,0x20,0x5f,0x37,0x34,0x36,0x3b,0x0a,0x20,0x20,
    0x20,0x20,0x20,0x20,0x20,0x20,0x7d,0x0a,0x20,0x20,0x20,0x20,0x7d,0x0a,0x20,0x20,
    0x20,0x20,0x68,0x69,0x67,0x68,0x70,0x20,0x76,0x65,0x63,0x34,0x20,0x5f,0x36,0x39,
    0x31,0x20,0x3d,0x20,0x74,0x65,0x78,0x65,0x6c,0x20,0x2a,0x20,0x63,0x6f,0x6c,0x6f,
    0x72,0x3b,0x0a,0x20,0x20,0x20,0x20,0x68,0x69,0x67,0x68,0x70,0x20,0x76,0x65,0x63,
    0x33,0x20,0x5f,0x36,0x39,0x33,0x20,0x3d,0x20,0x5f,0x36,0x39,0x31,0x2e,0x78,0x79,
    0x7a,0x3b,0x0a,0x20,0x20,0x20,0x20,0x68,0x69,0x67,0x68,0x70,0x20,0x76,0x65,0x63,
    0x33,0x20,0x5f,0x37,0x30,0x32,0x20,0x3d,0x20,0x6d,0x69,0x78,0x28,0x5f,0x36,0x39,
    0x33,0x2c,0x20,0x5f,0x36,0x39,0x33,0x20,0x2a,0x20,0x63,0x6f,0x6c,0x6f,0x72,0x2e,
    0x77,0x2c,0x20,0x76,0x65,0x63,0x33,0x28,0x73,0x72,0x63,0x50,0x72,0x65,0x6d,0x75,
    0x6c,0x74,0x29,0x29,0x3b,0x0a,0x20,0x20,0x20,0x20,0x68,0x69,0x67,0x68,0x70,0x20,
    0x76,0x65,0x63,0x34,0x20,0x5f,0x37,0x34,0x39,0x20,0x3d,0x20,0x5f,0x36,0x39,0x31,
    0x3b,0x0a,0x20,0x20,0x20,0x20,0x5f,0x37,0x34,0x39,0x2e,0x78,0x20,0x3d,0x20,0x5f,
    0x37,0x30,0x32,0x2e,0x78,0x3b,0x0a,0x20,0x20,0x20,0x20,0x5f,0x37,0x34,0x39,0x2e,
    0x79,0x20,0x3d,0x20,0x5f,0x37,0x30,0x32,0x2e,0x79,0x3b,0x0a,0x20,0x20,0x20,0x20,
    0x5f,0x37,0x34,0x39,0x2e,0x7a,0x20,0x3d,0x20,0x5f,0x37,0x30,0x32,0x2e,0x7a,0x3b,
    0x0a,0x20,0x20,0x20,0x20,0x68,0x69,0x67,0x68,0x70,0x20,0x76,0x65,0x63,0x34,0x20,
    0x5f,0x37,0x31,0x37,0x20,0x3d,0x20,0x28,0x6d,0x61,0x74,0x34,0x28,0x76,0x6f,0x69,
    0x64,0x32,0x64,0x5f,0x66,0x78,0x5b,0x30,0x5d,0x2c,0x20,0x76,0x6f,0x69,0x64,0x32,
    0x64,0x5f,0x66,0x78,0x5b,0x31,0x5d,0x2c,0x20,0x76,0x6f,0x69,0x64,0x32,0x64,0x5f,
    0x66,0x78,0x5b,0x32,0x5d,0x2c,0x20,0x76,0x6f,0x69,0x64,0x32,0x64,0x5f,0x66,0x78,
    0x5b,0x33,0x5d,0x29,0x20,0x2a,0x20,0x5f,0x37,0x34,0x39,0x29,0x20,0x2b,0x20,0x76,
    0x6f,0x69,0x64,0x32,0x64,0x5f,0x66,0x78,0x5b,0x34,0x5d,0x3b,0x0a,0x20,0x20,0x20,
    0x20,0x68,0x69,0x67,0x68,0x70,0x20,0x66,0x6c,0x6f,0x61,0x74,0x20,0x5f,0x37,0x32,
    0x32,0x20,0x3d,0x20,0x5f,0x37,0x31,0x37,0x2e,0x77,0x3b,0x0a,0x20,0x20,0x20,0x20,
    0x66,0x72,0x61,0x67,0x5f,0x63,0x6f,0x6c,0x6f,0x72,0x20,0x3d,0x20,0x6d,0x69,0x78,
    0x28,0x76,0x65,0x63,0x34,0x28,0x5f,0x37,0x31,0x37,0x2e,0x78,0x79,0x7a,0x20,0x2a,
    0x20,0x5f,0x37,0x32,0x32,0x2c,0x20,0x5f,0x37,0x32,0x32,0x29,0x2c,0x20,0x5f,0x37,
    0x31,0x37,0x2c,0x20,0x76,0x65,0x63,0x34,0x28,0x73,0x72,0x63,0x50,0x72,0x65,0x6d,
    0x75,0x6c,0x74,0x29,0x29,0x3b,0x0a,0x7d,0x0a,0x0a,0x00,
};
/*
    #version 300 es

    uniform vec4 sprite_params[3];
    layout(location = 0) in vec2 corner;
    layout(location = 2) in vec4 iOriginSize;
    layout(location = 1) in vec4 iAffine;
    layout(location = 3) in vec4 iUv;
    out vec2 uv;
    out vec4 color;
    layout(location = 4) in vec4 iColor;
    out float srcPremult;
    out vec4 clipDistance;

    void main()
    {
        vec2 _18 = corner * iOriginSize.zw;
        float _28 = _18.x;
        float _35 = _18.y;
        float _40 = ((iAffine.x * _28) + (iAffine.z * _35)) + iOriginSize.x;
        float _55 = ((iAffine.y * _28) + (iAffine.w * _35)) + iOriginSize.y;
        vec2 _56 = vec2(_40, _55);
        gl_Position = vec4(((_40 / sprite_params[0].x) * 2.0) - 1.0, 1.0 - ((_55 / sprite_params[0].y) * 2.0), 0.0, 1.0);
        vec2 _99 = mix(iUv.xy, iUv.zw, corner);
        vec2 _107;
        if (sprite_params[0].z > 0.5)
        {
            _107 = vec2(_99.x, 1.0 - _99.y);
        }
        else
        {
            _107 = _99;
        }
        uv = _107;
        color = iColor;
        srcPremult = sprite_params[0].w;
        if (sprite_params[1].w > sprite_params[1].z)
        {
            float _140 = dot(_56, sprite_params[1].xy);
            float _147 = dot(_56, sprite_params[2].xy);
            clipDistance = vec4(_140 - sprite_params[1].z, sprite_params[1].w - _140, _147 - sprite_params[2].z, sprite_params[2].w - _147);
        }
        else
        {
            clipDistance = vec4(1.0);
        }
    }

*/
static const uint8_t spriteVs_source_glsl300es[1326] = {
    0x23,0x76,0x65,0x72,0x73,0x69,0x6f,0x6e,0x20,0x33,0x30,0x30,0x20,0x65,0x73,0x0a,
    0x0a,0x75,0x6e,0x69,0x66,0x6f,0x72,0x6d,0x20,0x76,0x65,0x63,0x34,0x20,0x73,0x70,
    0x72,0x69,0x74,0x65,0x5f,0x70,0x61,0x72,0x61,0x6d,0x73,0x5b,0x33,0x5d,0x3b,0x0a,
    0x6c,0x61,0x79,0x6f,0x75,0x74,0x28,0x6c,0x6f,0x63,0x61,0x74,0x69,0x6f,0x6e,0x20,
    0x3d,0x20,0x30,0x29,0x20,0x69,0x6e,0x20,0x76,0x65,0x63,0x32,0x20,0x63,0x6f,0x72,
    0x6e,0x65,0x72,0x3b,0x0a,0x6c,0x61,0x79,0x6f,0x75,0x74,0x28,0x6c,0x6f,0x63,0x61,
    0x74,0x69,0x6f,0x6e,0x20,0x3d,0x20,0x32,0x29,0x20,0x69,0x6e,0x20,0x76,0x65,0x63,
    0x34,0x20,0x69,0x4f,0x72,0x69,0x67,0x69,0x6e,0x53,0x69,0x7a,0x65,0x3b,0x0a,0x6c,
    0x61,0x79,0x6f,0x75,0x74,0x28,0x6c,0x6f,0x63,0x61,0x74,0x69,0x6f,0x6e,0x20,0x3d,
    0x20,0x31,0x29,0x20,0x69,0x6e,0x20,0x76,0x65,0x63,0x34,0x20,0x69,0x41,0x66,0x66,
    0x69,0x6e,0x65,0x3b,0x0a,0x6c,0x61,0x79,0x6f,0x75,0x74,0x28,0x6c,0x6f,0x63,0x61,
    0x74,0x69,0x6f,0x6e,0x20,0x3d,0x20,0x33,0x29,0x20,0x69,0x6e,0x20,0x76,0x65,0x63,
    0x34,0x20,0x69,0x55,0x76,0x3b,0x0a,0x6f,0x75,0x74,0x20,0x76,0x65,0x63,0x32,0x20,
    0x75,0x76,0x3b,0x0a,0x6f,0x75,0x74,0x20,0x76,0x65,0x63,0x34,0x20,0x63,0x6f,0x6c,
    0x6f,0x72,0x3b,0x0a,0x6c,0x61,0x79,0x6f,0x75,0x74,0x28,0x6c,0x6f,0x63,0x61,0x74,
    0x69,0x6f,0x6e,0x20,0x3d,0x20,0x34,0x29,0x20,0x69,0x6e,0x20,0x76,0x65,0x63,0x34,
    0x20,0x69,0x43,0x6f,0x6c,0x6f,0x72,0x3b,0x0a,0x6f,0x75,0x74,0x20,0x66,0x6c,0x6f,
    0x61,0x74,0x20,0x73,0x72,0x63,0x50,0x72,0x65,0x6d,0x75,0x6c,0x74,0x3b,0x0a,0x6f,
    0x75,0x74,0x20,0x76,0x65,0x63,0x34,0x20,0x63,0x6c,0x69,0x70,0x44,0x69,0x73,0x74,
    0x61,0x6e,0x63,0x65,0x3b,0x0a,0x0a,0x76,0x6f,0x69,0x64,0x20,0x6d,0x61,0x69,0x6e,
    0x28,0x29,0x0a,0x7b,0x0a,0x20,0x20,0x20,0x20,0x76,0x65,0x63,0x32,0x20,0x5f,0x31,
    0x38,0x20,0x3d,0x20,0x63,0x6f,0x72,0x6e,0x65,0x72,0x20,0x2a,0x20,0x69,0x4f,0x72,
    0x69,0x67,0x69,0x6e,0x53,0x69,0x7a,0x65,0x2e,0x7a,0x77,0x3b,0x0a,0x20,0x20,0x20,
    0x20,0x66,0x6c,0x6f,0x61,0x74,0x20,0x5f,0x32,0x38,0x20,0x3d,0x20,0x5f,0x31,0x38,
    0x2e,0x78,0x3b,0x0a,0x20,0x20,0x20,0x20,0x66,0x6c,0x6f,0x61,0x74,0x20,0x5f,0x33,
    0x35,0x20,0x3d,0x20,0x5f,0x31,0x38,0x2e,0x79,0x3b,0x0a,0x20,0x20,0x20,0x20,0x66,
    0x6c,0x6f,0x61,0x74,0x20,0x5f,0x34,0x30,0x20,0x3d,0x20,0x28,0x28,0x69,0x41,0x66,
    0x66,0x69,0x6e,0x65,0x2e,0x78,0x20,0x2a,0x20,0x5f,0x32,0x38,0x29,0x20,0x2b,0x20,
    0x28,0x69,0x41,0x66,0x66,0x69,0x6e,0x65,0x2e,0x7a,0x20,0x2a,0x20,0x5f,0x33,0x35,
    0x29,0x29,0x20,0x2b,0x20,0x69,0x4f,0x72,0x69,0x67,0x69,0x6e,0x53,0x69,0x7a,0x65,
    0x2e,0x78,0x3b,0x0a,0x20,0x20,0x20,0x20,0x66,0x6c,0x6f,0x61,0x74,0x20,0x5f,0x35,
    0x35,0x20,0x3d,0x20,0x28,0x28,0x69,0x41,0x66,0x66,0x69,0x6e,0x65,0x2e,0x79,0x20,
    0x2a,0x20,0x5f,0x32,0x38,0x29,0x20,0x2b,0x20,0x28,0x69,0x41,0x66,0x66,0x69,0x6e,
    0x65,0x2e,0x77,0x20,0x2a,0x20,0x5f,0x33,0x35,0x29,0x29,0x20,0x2b,0x20,0x69,0x4f,
    0x72,0x69,0x67,0x69,0x6e,0x53,0x69,0x7a,0x65,0x2e,0x79,0x3b,0x0a,0x20,0x20,0x20,
    0x20,0x76,0x65,0x63,0x32,0x20,0x5f,0x35,0x36,0x20,0x3d,0x20,0x76,0x65,0x63,0x32,
    0x28,0x5f,0x34,0x30,0x2c,0x20,0x5f,0x35,0x35,0x29,0x3b,0x0a,0x20,0x20,0x20,0x20,
    0x67,0x6c,0x5f,0x50,0x6f,0x73,0x69,0x74,0x69,0x6f,0x6e,0x20,0x3d,0x20,0x76,0x65,
    0x63,0x34,0x28,0x28,0x28,0x5f,0x34,0x30,0x20,0x2f,0x20,0x73,0x70,0x72,0x69,0x74,
    0x65,0x5f,0x70,0x61,0x72,0x61,0x6d,0x73,0x5b,0x30,0x5d,0x2e,0x78,0x29,0x20,0x2a,
    0x20,0x32,0x2e,0x30,0x29,0x20,0x2d,0x20,0x31,0x2e,0x30,0x2c,0x20,0x31,0x2e,0x30,
    0x20,0x2d,0x20,0x28,0x28,0x5f,0x35,0x35,0x20,0x2f,0x20,0x73,0x70,0x72,0x69,0x74,
    0x65,0x5f,0x70,0x61,0x72,0x61,0x6d,0x73,0x5b,0x30,0x5d,0x2e,0x79,0x29,0x20,0x2a,
    0x20,0x32,0x2e,0x30,0x29,0x2c,0x20,0x30,0x2e,0x30,0x2c,0x20,0x31,0x2e,0x30,0x29,
    0x3b,0x0a,0x20,0x20,0x20,0x20,0x76,0x65,0x63,0x32,0x20,0x5f,0x39,0x39,0x20,0x3d,
    0x20,0x6d,0x69,0x78,0x28,0x69,0x55,0x76,0x2e,0x78,0x79,0x2c,0x20,0x69,0x55,0x76,
    0x2e,0x7a,0x77,0x2c,0x20,0x63,0x6f,0x72,0x6e,0x65,0x72,0x29,0x3b,0x0a,0x20,0x20,
    0x20,0x20,0x76,0x65,0x63,0x32,0x20,0x5f,0x31,0x30,0x37,0x3b,0x0a,0x20,0x20,0x20,
    0x20,0x69,0x66,0x20,0x28,0x73,0x70,0x72,0x69,0x74,0x65,0x5f,0x70,0x61,0x72,0x61,
    0x6d,0x73,0x5b,0x30,0x5d,0x2e,0x7a,0x20,0x3e,0x20,0x30,0x2e,0x35,0x29,0x0a,0x20,
    0x20,0x20,0x20,0x7b,0x0a,0x20,0x20,0x20,0x20,0x20,0x20,0x20,0x20,0x5f,0x31,0x30,
    0x37,0x20,0x3d,0x20,0x76,0x65,0x63,0x32,0x28,0x5f,0x39,0x39,0x2e,0x78,0x2c,0x20,
    0x31,0x2e,0x30,0x20,0x2d,0x20,0x5f,0x39,0x39,0x2e,0x79,0x29,0x3b,0x0a,0x20,0x20,
    0x20,0x20,0x7d,0x0a,0x20,0x20,0x20,0x20,0x65,0x6c,0x73,0x65,0x0a,0x20,0x20,0x20,
    0x20,0x7b,0x0a,0x20,0x20,0x20,0x20,0x20,0x20,0x20,0x20,0x5f,0x31,0x30,0x37,0x20,
    0x3d,0x20,0x5f,0x39,0x39,0x3b,0x0a,0x20,0x20,0x20,0x20,0x7d,0x0a,0x20,0x20,0x20,
    0x20,0x75,0x76,0x20,0x3d,0x20,0x5f,0x31,0x30,0x37,0x3b,0x0a,0x20,0x20,0x20,0x20,
    0x63,0x6f,0x6c,0x6f,0x72,0x20,0x3d,0x20,0x69,0x43,0x6f,0x6c,0x6f,0x72,0x3b,0x0a,
    0x20,0x20,0x20,0x20,0x73,0x72,0x63,0x50,0x72,0x65,0x6d,0x75,0x6c,0x74,0x20,0x3d,
    0x20,0x73,0x70,0x72,0x69,0x74,0x65,0x5f,0x70,0x61,0x72,0x61,0x6d,0x73,0x5b,0x30,
    0x5d,0x2e,0x77,0x3b,0x0a,0x20,0x20,0x20,0x20,0x69,0x66,0x20,0x28,0x73,0x70,0x72,
    0x69,0x74,0x65,0x5f,0x70,0x61,0x72,0x61,0x6d,0x73,0x5b,0x31,0x5d,0x2e,0x77,0x20,
    0x3e,0x20,0x73,0x70,0x72,0x69,0x74,0x65,0x5f,0x70,0x61,0x72,0x61,0x6d,0x73,0x5b,
    0x31,0x5d,0x2e,0x7a,0x29,0x0a,0x20,0x20,0x20,0x20,0x7b,0x0a,0x20,0x20,0x20,0x20,
    0x20,0x20,0x20,0x20,0x66,0x6c,0x6f,0x61,0x74,0x20,0x5f,0x31,0x34,0x30,0x20,0x3d,
    0x20,0x64,0x6f,0x74,0x28,0x5f,0x35,0x36,0x2c,0x20,0x73,0x70,0x72,0x69,0x74,0x65,
    0x5f,0x70,0x61,0x72,0x61,0x6d,0x73,0x5b,0x31,0x5d,0x2e,0x78,0x79,0x29,0x3b,0x0a,
    0x20,0x20,0x20,0x20,0x20,0x20,0x20,0x20,0x66,0x6c,0x6f,0x61,0x74,0x20,0x5f,0x31,
    0x34,0x37,0x20,0x3d,0x20,0x64,0x6f,0x74,0x28,0x5f,0x35,0x36,0x2c,0x20,0x73,0x70,
    0x72,0x69,0x74,0x65,0x5f,0x70,0x61,0x72,0x61,0x6d,0x73,0x5b,0x32,0x5d,0x2e,0x78,
    0x79,0x29,0x3b,0x0a,0x20,0x20,0x20,0x20,0x20,0x20,0x20,0x20,0x63,0x6c,0x69,0x70,
    0x44,0x69,0x73,0x74,0x61,0x6e,0x63,0x65,0x20,0x3d,0x20,0x76,0x65,0x63,0x34,0x28,
    0x5f,0x31,0x34,0x30,0x20,0x2d,0x20,0x73,0x70,0x72,0x69,0x74,0x65,0x5f,0x70,0x61,
    0x72,0x61,0x6d,0x73,0x5b,0x31,0x5d,0x2e,0x7a,0x2c,0x20,0x73,0x70,0x72,0x69,0x74,
    0x65,0x5f,0x70,0x61,0x72,0x61,0x6d,0x73,0x5b,0x31,0x5d,0x2e,0x77,0x20,0x2d,0x20,
    0x5f,0x31,0x34,0x30,0x2c,0x20,0x5f,0x31,0x34,0x37,0x20,0x2d,0x20,0x73,0x70,0x72,
    0x69,0x74,0x65,0x5f,0x70,0x61,0x72,0x61,0x6d,0x73,0x5b,0x32,0x5d,0x2e,0x7a,0x2c,
    0x20,0x73,0x70,0x72,0x69,0x74,0x65,0x5f,0x70,0x61,0x72,0x61,0x6d,0x73,0x5b,0x32,
    0x5d,0x2e,0x77,0x20,0x2d,0x20,0x5f,0x31,0x34,0x37,0x29,0x3b,0x0a,0x20,0x20,0x20,
    0x20,0x7d,0x0a,0x20,0x20,0x20,0x20,0x65,0x6c,0x73,0x65,0x0a,0x20,0x20,0x20,0x20,
    0x7b,0x0a,0x20,0x20,0x20,0x20,0x20,0x20,0x20,0x20,0x63,0x6c,0x69,0x70,0x44,0x69,
    0x73,0x74,0x61,0x6e,0x63,0x65,0x20,0x3d,0x20,0x76,0x65,0x63,0x34,0x28,0x31,0x2e,
    0x30,0x29,0x3b,0x0a,0x20,0x20,0x20,0x20,0x7d,0x0a,0x7d,0x0a,0x0a,0x00,
};
/*
    #version 300 es
    precision mediump float;
    precision highp int;

    uniform highp sampler2D spriteTex_spriteSmp;

    in highp vec4 clipDistance;
    in highp vec2 uv;
    in highp vec4 color;
    in highp float srcPremult;
    layout(location = 0) out highp vec4 frag_color;

    void main()
    {
        if (min(min(clipDistance.x, clipDistance.y), min(clipDistance.z, clipDistance.w)) < 0.0)
        {
            discard;
        }
        highp vec4 _52 = texture(spriteTex_spriteSmp, uv) * color;
        highp vec3 _55 = _52.xyz;
        highp vec3 _64 = mix(_55, _55 * color.w, vec3(srcPremult));
        highp vec4 _92 = _52;
        _92.x = _64.x;
        _92.y = _64.y;
        _92.z = _64.z;
        highp float _76 = _52.w;
        frag_color = mix(vec4(_92.xyz * _76, _76), _92, vec4(srcPremult));
    }

*/
static const uint8_t spriteFs_source_glsl300es[732] = {
    0x23,0x76,0x65,0x72,0x73,0x69,0x6f,0x6e,0x20,0x33,0x30,0x30,0x20,0x65,0x73,0x0a,
    0x70,0x72,0x65,0x63,0x69,0x73,0x69,0x6f,0x6e,0x20,0x6d,0x65,0x64,0x69,0x75,0x6d,
    0x70,0x20,0x66,0x6c,0x6f,0x61,0x74,0x3b,0x0a,0x70,0x72,0x65,0x63,0x69,0x73,0x69,
    0x6f,0x6e,0x20,0x68,0x69,0x67,0x68,0x70,0x20,0x69,0x6e,0x74,0x3b,0x0a,0x0a,0x75,
    0x6e,0x69,0x66,0x6f,0x72,0x6d,0x20,0x68,0x69,0x67,0x68,0x70,0x20,0x73,0x61,0x6d,
    0x70,0x6c,0x65,0x72,0x32,0x44,0x20,0x73,0x70,0x72,0x69,0x74,0x65,0x54,0x65,0x78,
    0x5f,0x73,0x70,0x72,0x69,0x74,0x65,0x53,0x6d,0x70,0x3b,0x0a,0x0a,0x69,0x6e,0x20,
    0x68,0x69,0x67,0x68,0x70,0x20,0x76,0x65,0x63,0x34,0x20,0x63,0x6c,0x69,0x70,0x44,
    0x69,0x73,0x74,0x61,0x6e,0x63,0x65,0x3b,0x0a,0x69,0x6e,0x20,0x68,0x69,0x67,0x68,
    0x70,0x20,0x76,0x65,0x63,0x32,0x20,0x75,0x76,0x3b,0x0a,0x69,0x6e,0x20,0x68,0x69,
    0x67,0x68,0x70,0x20,0x76,0x65,0x63,0x34,0x20,0x63,0x6f,0x6c,0x6f,0x72,0x3b,0x0a,
    0x69,0x6e,0x20,0x68,0x69,0x67,0x68,0x70,0x20,0x66,0x6c,0x6f,0x61,0x74,0x20,0x73,
    0x72,0x63,0x50,0x72,0x65,0x6d,0x75,0x6c,0x74,0x3b,0x0a,0x6c,0x61,0x79,0x6f,0x75,
    0x74,0x28,0x6c,0x6f,0x63,0x61,0x74,0x69,0x6f,0x6e,0x20,0x3d,0x20,0x30,0x29,0x20,
    0x6f,0x75,0x74,0x20,0x68,0x69,0x67,0x68,0x70,0x20,0x76,0x65,0x63,0x34,0x20,0x66,
    0x72,0x61,0x67,0x5f,0x63,0x6f,0x6c,0x6f,0x72,0x3b,0x0a,0x0a,0x76,0x6f,0x69,0x64,
    0x20,0x6d,0x61,0x69,0x6e,0x28,0x29,0x0a,0x7b,0x0a,0x20,0x20,0x20,0x20,0x69,0x66,
    0x20,0x28,0x6d,0x69,0x6e,0x28,0x6d,0x69,0x6e,0x28,0x63,0x6c,0x69,0x70,0x44,0x69,
    0x73,0x74,0x61,0x6e,0x63,0x65,0x2e,0x78,0x2c,0x20,0x63,0x6c,0x69,0x70,0x44,0x69,
    0x73,0x74,0x61,0x6e,0x63,0x65,0x2e,0x79,0x29,0x2c,0x20,0x6d,0x69,0x6e,0x28,0x63,
    0x6c,0x69,0x70,0x44,0x69,0x73,0x74,0x61,0x6e,0x63,0x65,0x2e,0x7a,0x2c,0x20,0x63,
    0x6c,0x69,0x70,0x44,0x69,0x73,0x74,0x61,0x6e,0x63,0x65,0x2e,0x77,0x29,0x29,0x20,
    0x3c,0x20,0x30,0x2e,0x30,0x29,0x0a,0x20,0x20,0x20,0x20,0x7b,0x0a,0x20,0x20,0x20,
    0x20,0x20,0x20,0x20,0x20,0x64,0x69,0x73,0x63,0x61,0x72,0x64,0x3b,0x0a,0x20,0x20,
    0x20,0x20,0x7d,0x0a,0x20,0x20,0x20,0x20,0x68,0x69,0x67,0x68,0x70,0x20,0x76,0x65,
    0x63,0x34,0x20,0x5f,0x35,0x32,0x20,0x3d,0x20,0x74,0x65,0x78,0x74,0x75,0x72,0x65,
    0x28,0x73,0x70,0x72,0x69,0x74,0x65,0x54,0x65,0x78,0x5f,0x73,0x70,0x72,0x69,0x74,
    0x65,0x53,0x6d,0x70,0x2c,0x20,0x75,0x76,0x29,0x20,0x2a,0x20,0x63,0x6f,0x6c,0x6f,
    0x72,0x3b,0x0a,0x20,0x20,0x20,0x20,0x68,0x69,0x67,0x68,0x70,0x20,0x76,0x65,0x63,
    0x33,0x20,0x5f,0x35,0x35,0x20,0x3d,0x20,0x5f,0x35,0x32,0x2e,0x78,0x79,0x7a,0x3b,
    0x0a,0x20,0x20,0x20,0x20,0x68,0x69,0x67,0x68,0x70,0x20,0x76,0x65,0x63,0x33,0x20,
    0x5f,0x36,0x34,0x20,0x3d,0x20,0x6d,0x69,0x78,0x28,0x5f,0x35,0x35,0x2c,0x20,0x5f,
    0x35,0x35,0x20,0x2a,0x20,0x63,0x6f,0x6c,0x6f,0x72,0x2e,0x77,0x2c,0x20,0x76,0x65,
    0x63,0x33,0x28,0x73,0x72,0x63,0x50,0x72,0x65,0x6d,0x75,0x6c,0x74,0x29,0x29,0x3b,
    0x0a,0x20,0x20,0x20,0x20,0x68,0x69,0x67,0x68,0x70,0x20,0x76,0x65,0x63,0x34,0x20,
    0x5f,0x39,0x32,0x20,0x3d,0x20,0x5f,0x35,0x32,0x3b,0x0a,0x20,0x20,0x20,0x20,0x5f,
    0x39,0x32,0x2e,0x78,0x20,0x3d,0x20,0x5f,0x36,0x34,0x2e,0x78,0x3b,0x0a,0x20,0x20,
    0x20,0x20,0x5f,0x39,0x32,0x2e,0x79,0x20,0x3d,0x20,0x5f,0x36,0x34,0x2e,0x79,0x3b,
    0x0a,0x20,0x20,0x20,0x20,0x5f,0x39,0x32,0x2e,0x7a,0x20,0x3d,0x20,0x5f,0x36,0x34,
    0x2e,0x7a,0x3b,0x0a,0x20,0x20,0x20,0x20,0x68,0x69,0x67,0x68,0x70,0x20,0x66,0x6c,
    0x6f,0x61,0x74,0x20,0x5f,0x37,0x36,0x20,0x3d,0x20,0x5f,0x35,0x32,0x2e,0x77,0x3b,
    0x0a,0x20,0x20,0x20,0x20,0x66,0x72,0x61,0x67,0x5f,0x63,0x6f,0x6c,0x6f,0x72,0x20,
    0x3d,0x20,0x6d,0x69,0x78,0x28,0x76,0x65,0x63,0x34,0x28,0x5f,0x39,0x32,0x2e,0x78,
    0x79,0x7a,0x20,0x2a,0x20,0x5f,0x37,0x36,0x2c,0x20,0x5f,0x37,0x36,0x29,0x2c,0x20,
    0x5f,0x39,0x32,0x2c,0x20,0x76,0x65,0x63,0x34,0x28,0x73,0x72,0x63,0x50,0x72,0x65,
    0x6d,0x75,0x6c,0x74,0x29,0x29,0x3b,0x0a,0x7d,0x0a,0x0a,0x00,
};
/*
    #version 300 es

    uniform vec4 ui_params[3];
    layout(location = 1) in vec4 iAffine;
    layout(location = 5) in vec4 iParams0;
    layout(location = 2) in vec4 iOriginSize;
    layout(location = 0) in vec2 corner;
    layout(location = 3) in vec4 iUvRadii;
    out vec4 vLocalHalf;
    out vec4 vUvAa;
    out vec4 vRadii;
    out vec4 vBorders;
    layout(location = 4) in vec4 iBorders;
    out vec4 vParams1;
    layout(location = 6) in vec4 iParams1;
    out vec4 vFill;
    layout(location = 7) in vec4 iColorFill;
    out vec4 vBorder;
    layout(location = 8) in vec4 iColorBorder;
    out vec4 vExtra;
    layout(location = 9) in vec4 iColorExtra;
    out vec4 clipDistance;

    void main()
    {
        float _24 = sqrt(length(iAffine.xy) * length(iAffine.zw));
        float _35;
        if (iParams0.x == 2.0)
        {
            _35 = 0.0;
        }
        else
        {
            float _42;
            if (_24 > 0.0)
            {
                _42 = 1.0 / _24;
            }
            else
            {
                _42 = 0.0;
            }
            _35 = _42;
        }
        vec2 _68 = (corner * (iOriginSize.zw + vec2(2.0 * _35))) - vec2(_35);
        float _73 = _68.x;
        float _80 = _68.y;
        float _85 = ((iAffine.x * _73) + (iAffine.z * _80)) + iOriginSize.x;
        float _100 = ((iAffine.y * _73) + (iAffine.w * _80)) + iOriginSize.y;
        vec2 _101 = vec2(_85, _100);
        gl_Position = vec4(((_85 / ui_params[0].x) * 2.0) - 1.0, 1.0 - ((_100 / ui_params[0].y) * 2.0), 0.0, 1.0);
        bool _137 = iOriginSize.z > 0.0;
        bool _143;
        if (_137)
        {
            _143 = iOriginSize.w > 0.0;
        }
        else
        {
            _143 = _137;
        }
        vec2 _144;
        if (_143)
        {
            _144 = _68 / iOriginSize.zw;
        }
        else
        {
            _144 = vec2(0.0);
        }
        vec2 _153 = mix(iUvRadii.xy, iUvRadii.zw, _144);
        vec2 _158 = iOriginSize.zw * 0.5;
        vLocalHalf = vec4(_68 - _158, _158);
        vec2 _171;
        if (ui_params[0].z > 0.5)
        {
            _171 = vec2(_153.x, 1.0 - _153.y);
        }
        else
        {
            _171 = _153;
        }
        vUvAa = vec4(_171, _35, iParams0.x);
        vRadii = iUvRadii;
        vBorders = iBorders;
        vParams1 = iParams1;
        vFill = iColorFill;
        vBorder = iColorBorder;
        vExtra = iColorExtra;
        if (ui_params[1].w > ui_params[1].z)
        {
            float _220 = dot(_101, ui_params[1].xy);
            float _227 = dot(_101, ui_params[2].xy);
            clipDistance = vec4(_220 - ui_params[1].z, ui_params[1].w - _220, _227 - ui_params[2].z, ui_params[2].w - _227);
        }
        else
        {
            clipDistance = vec4(1.0);
        }
    }

*/
static const uint8_t uiVs_source_glsl300es[2436] = {
    0x23,0x76,0x65,0x72,0x73,0x69,0x6f,0x6e,0x20,0x33,0x30,0x30,0x20,0x65,0x73,0x0a,
    0x0a,0x75,0x6e,0x69,0x66,0x6f,0x72,0x6d,0x20,0x76,0x65,0x63,0x34,0x20,0x75,0x69,
    0x5f,0x70,0x61,0x72,0x61,0x6d,0x73,0x5b,0x33,0x5d,0x3b,0x0a,0x6c,0x61,0x79,0x6f,
    0x75,0x74,0x28,0x6c,0x6f,0x63,0x61,0x74,0x69,0x6f,0x6e,0x20,0x3d,0x20,0x31,0x29,
    0x20,0x69,0x6e,0x20,0x76,0x65,0x63,0x34,0x20,0x69,0x41,0x66,0x66,0x69,0x6e,0x65,
    0x3b,0x0a,0x6c,0x61,0x79,0x6f,0x75,0x74,0x28,0x6c,0x6f,0x63,0x61,0x74,0x69,0x6f,
    0x6e,0x20,0x3d,0x20,0x35,0x29,0x20,0x69,0x6e,0x20,0x76,0x65,0x63,0x34,0x20,0x69,
    0x50,0x61,0x72,0x61,0x6d,0x73,0x30,0x3b,0x0a,0x6c,0x61,0x79,0x6f,0x75,0x74,0x28,
    0x6c,0x6f,0x63,0x61,0x74,0x69,0x6f,0x6e,0x20,0x3d,0x20,0x32,0x29,0x20,0x69,0x6e,
    0x20,0x76,0x65,0x63,0x34,0x20,0x69,0x4f,0x72,0x69,0x67,0x69,0x6e,0x53,0x69,0x7a,
    0x65,0x3b,0x0a,0x6c,0x61,0x79,0x6f,0x75,0x74,0x28,0x6c,0x6f,0x63,0x61,0x74,0x69,
    0x6f,0x6e,0x20,0x3d,0x20,0x30,0x29,0x20,0x69,0x6e,0x20,0x76,0x65,0x63,0x32,0x20,
    0x63,0x6f,0x72,0x6e,0x65,0x72,0x3b,0x0a,0x6c,0x61,0x79,0x6f,0x75,0x74,0x28,0x6c,
    0x6f,0x63,0x61,0x74,0x69,0x6f,0x6e,0x20,0x3d,0x20,0x33,0x29,0x20,0x69,0x6e,0x20,
    0x76,0x65,0x63,0x34,0x20,0x69,0x55,0x76,0x52,0x61,0x64,0x69,0x69,0x3b,0x0a,0x6f,
    0x75,0x74,0x20,0x76,0x65,0x63,0x34,0x20,0x76,0x4c,0x6f,0x63,0x61,0x6c,0x48,0x61,
    0x6c,0x66,0x3b,0x0a,0x6f,0x75,0x74,0x20,0x76,0x65,0x63,0x34,0x20,0x76,0x55,0x76,
    0x41,0x61,0x3b,0x0a,0x6f,0x75,0x74,0x20,0x76,0x65,0x63,0x34,0x20,0x76,0x52,0x61,
    0x64,0x69,0x69,0x3b,0x0a,0x6f,0x75,0x74,0x20,0x76,0x65,0x63,0x34,0x20,0x76,0x42,
    0x6f,0x72,0x64,0x65,0x72,0x73,0x3b,0x0a,0x6c,0x61,0x79,0x6f,0x75,0x74,0x28,0x6c,
    0x6f,0x63,0x61,0x74,0x69,0x6f,0x6e,0x20,0x3d,0x20,0x34,0x29,0x20,0x69,0x6e,0x20,
    0x76,0x65,0x63,0x34,0x20,0x69,0x42,0x6f,0x72,0x64,0x65,0x72,0x73,0x3b,0x0a,0x6f,
    0x75,0x74,0x20,0x76,0x65,0x63,0x34,0x20,0x76,0x50,0x61,0x72,0x61,0x6d,0x73,0x31,
    0x3b,0x0a,0x6c,0x61,0x79,0x6f,0x75,0x74,0x28,0x6c,0x6f,0x63,0x61,0x74,0x69,0x6f,
    0x6e,0x20,0x3d,0x20,0x36,0x29,0x20,0x69,0x6e,0x20,0x76,0x65,0x63,0x34,0x20,0x69,
    0x50,0x61,0x72,0x61,0x6d,0x73,0x31,0x3b,0x0a,0x6f,0x75,0x74,0x20,0x76,0x65,0x63,
    0x34,0x20,0x76,0x46,0x69,0x6c,0x6c,0x3b,0x0a,0x6c,0x61,0x79,0x6f,0x75,0x74,0x28,
    0x6c,0x6f,0x63,0x61,0x74,0x69,0x6f,0x6e,0x20,0x3d,0x20,0x37,0x29,0x20,0x69,0x6e,
    0x20,0x76,0x65,0x63,0x34,0x20,0x69,0x43,0x6f,0x6c,0x6f,0x72,0x46,0x69,0x6c,0x6c,
    0x3b,0x0a,0x6f,0x75,0x74,0x20,0x76,0x65,0x63,0x34,0x20,0x76,0x42,0x6f,0x72,0x64,
    0x65,0x72,0x3b,0x0a,0x6c,0x61,0x79,0x6f,0x75,0x74,0x28,0x6c,0x6f,0x63,0x61,0x74,
    0x69,0x6f,0x6e,0x20,0x3d,0x20,0x38,0x29,0x20,0x69,0x6e,0x20,0x76,0x65,0x63,0x34,
    0x20,0x69,0x43,0x6f,0x6c,0x6f,0x72,0x42,0x6f,0x72,0x64,0x65,0x72,0x3b,0x0a,0x6f,
    0x75,0x74,0x20,0x76,0x65,0x63,0x34,0x20,0x76,0x45,0x78,0x74,0x72,0x61,0x3b,0x0a,
    0x6c,0x61,0x79,0x6f,0x75,0x74,0x28,0x6c,0x6f,0x63,0x61,0x74,0x69,0x6f,0x6e,0x20,
    0x3d,0x20,0x39,0x29,0x20,0x69,0x6e,0x20,0x76,0x65,0x63,0x34,0x20,0x69,0x43,0x6f,
    0x6c,0x6f,0x72,0x45,0x78,0x74,0x72,0x61,0x3b,0x0a,0x6f,0x75,0x74,0x20,0x76,0x65,
    0x63,0x34,0x20,0x63,0x6c,0x69,0x70,0x44,0x69,0x73,0x74,0x61,0x6e,0x63,0x65,0x3b,
    0x0a,0x0a,0x76,0x6f,0x69,0x64,0x20,0x6d,0x61,0x69,0x6e,0x28,0x29,0x0a,0x7b,0x0a,
    0x20,0x20,0x20,0x20,0x66,0x6c,0x6f,0x61,0x74,0x20,0x5f,0x32,0x34,0x20,0x3d,0x20,
    0x73,0x71,0x72,0x74,0x28,0x6c,0x65,0x6e,0x67,0x74,0x68,0x28,0x69,0x41,0x66,0x66,
    0x69,0x6e,0x65,0x2e,0x78,0x79,0x29,0x20,0x2a,0x20,0x6c,0x65,0x6e,0x67,0x74,0x68,
    0x28,0x69,0x41,0x66,0x66,0x69,0x6e,0x65,0x2e,0x7a,0x77,0x29,0x29,0x3b,0x0a,0x20,
    0x20,0x20,0x20,0x66,0x6c,0x6f,0x61,0x74,0x20,0x5f,0x33,0x35,0x3b,0x0a,0x20,0x20,
    0x20,0x20,0x69,0x66,0x20,0x28,0x69,0x50,0x61,0x72,0x61,0x6d,0x73,0x30,0x2e,0x78,
    0x20,0x3d,0x3d,0x20,0x32,0x2e,0x30,0x29,0x0a,0x20,0x20,0x20,0x20,0x7b,0x0a,0x20,
    0x20,0x20,0x20,0x20,0x20,0x20,0x20,0x5f,0x33,0x35,0x20,0x3d,0x20,0x30,0x2e,0x30,
    0x3b,0x0a,0x20,0x20,0x20,0x20,0x7d,0x0a,0x20,0x20,0x20,0x20,0x65,0x6c,0x73,0x65,
    0x0a,0x20,0x20,0x20,0x20,0x7b,0x0a,0x20,0x20,0x20,0x20,0x20,0x20,0x20,0x20,0x66,
    0x6c,0x6f,0x61,0x74,0x20,0x5f,0x34,0x32,0x3b,0x0a,0x20,0x20,0x20,0x20,0x20,0x20,
    0x20,0x20,0x69,0x66,0x20,0x28,0x5f,0x32,0x34,0x20,0x3e,0x20,0x30,0x2e,0x30,0x29,
    0x0a,0x20,0x20,0x20,0x20,0x20,0x20,0x20,0x20,0x7b,0x0a,0x20,0x20,0x20,0x20,0x20,
    0x20,0x20,0x20,0x20,0x20,0x20,0x20,0x5f,0x34,0x32,0x20,0x3d,0x20,0x31,0x2e,0x30,
    0x20,0x2f,0x20,0x5f,0x32,0x34,0x3b,0x0a,0x20,0x20,0x20,0x20,0x20,0x20,0x20,0x20,
    0x7d,0x0a,0x20,0x20,0x20,0x20,0x20,0x20,0x20,0x20,0x65,0x6c,0x73,0x65,0x0a,0x20,
    0x20,0x20,0x20,0x20,0x20,0x20,0x20,0x7b,0x0a,0x20,0x20,0x20,0x20,0x20,0x20,0x20,
    0x20,0x20,0x20,0x20,0x20,0x5f,0x34,0x32,0x20,0x3d,0x20,0x30,0x2e,0x30,0x3b,0x0a,
    0x20,0x20,0x20,0x20,0x20,0x20,0x20,0x20,0x7d,0x0a,0x20,0x20,0x20,0x20,0x20,0x20,
    0x20,0x20,0x5f,0x33,0x35,0x20,0x3d,0x20,0x5f,0x34,0x32,0x3b,0x0a,0x20,0x20,0x20,
    0x20,0x7d,0x0a,0x20,0x20,0x20,0x20,0x76,0x65,0x63,0x32,0x20,0x5f,0x36,0x38,0x20,
    0x3d,0x20,0x28,0x63,0x6f,0x72,0x6e,0x65,0x72,0x20,0x2a,0x20,0x28,0x69,0x4f,0x72,
    0x69,0x67,0x69,0x6e,0x53,0x69,0x7a,0x65,0x2e,0x7a,0x77,0x20,0x2b,0x20,0x76,0x65,
    0x63,0x32,0x28,0x32,0x2e,0x30,0x20,0x2a,0x20,0x5f,0x33,0x35,0x29,0x29,0x29,0x20,
    0x2d,0x20,0x76,0x65,0x63,0x32,0x28,0x5f,0x33,0x35,0x29,0x3b,0x0a,0x20,0x20,0x20,
    0x20,0x66,0x6c,0x6f,0x61,0x74,0x20,0x5f,0x37,0x33,0x20,0x3d,0x20,0x5f,0x36,0x38,
    0x2e,0x78,0x3b,0x0a,0x20,0x20,0x20,0x20,0x66,0x6c,0x6f,0x61,0x74,0x20,0x5f,0x38,
    0x30,0x20,0x3d,0x20,0x5f,0x36,0x38,0x2e,0x79,0x3b,0x0a,0x20,0x20,0x20,0x20,0x66,
    0x6c,0x6f,0x61,0x74,0x20,0x5f,0x38,0x35,0x20,0x3d,0x20,0x28,0x28,0x69,0x41,0x66,
    0x66,0x69,0x6e,0x65,0x2e,0x78,0x20,0x2a,0x20,0x5f,0x37,0x33,0x29,0x20,0x2b,0x20,
    0x28,0x69,0x41,0x66,0x66,0x69,0x6e,0x65,0x2e,0x7a,0x20,0x2a,0x20,0x5f,0x38,0x30,
    0x29,0x29,0x20,0x2b,0x20,0x69,0x4f,0x72,0x69,0x67,0x69,0x6e,0x53,0x69,0x7a,0x65,
    0x2e,0x78,0x3b,0x0a,0x20,0x20,0x20,0x20,0x66,0x6c,0x6f,0x61,0x74,0x20,0x5f,0x31,
    0x30,0x30,0x20,0x3d,0x20,0x28,0x28,0x69,0x41,0x66,0x66,0x69,0x6e,0x65,0x2e,0x79,
    0x20,0x2a,0x20,0x5f,0x37,0x33,0x29,0x20,0x2b,0x20,0x28,0x69,0x41,0x66,0x66,0x69,
    0x6e,0x65,0x2e,0x77,0x20,0x2a,0x20,0x5f,0x38,0x30,0x29,0x29,0x20,0x2b,0x20,0x69,
    0x4f,0x72,0x69,0x67,0x69,0x6e,0x53,0x69,0x7a,0x65,0x2e,0x79,0x3b,0x0a,0x20,0x20,
    0x20,0x20,0x76,0x65,0x63,0x32,0x20,0x5f,0x31,0x30,0x31,0x20,0x3d,0x20,0x76,0x65,
    0x63,0x32,0x28,0x5f,0x38,0x35,0x2c,0x20,0x5f,0x31,0x30,0x30,0x29,0x3b,0x0a,0x20,
    0x20,0x20,0x20,0x67,0x6c,0x5f,0x50,0x6f,0x73,0x69,0x74,0x69,0x6f,0x6e,0x20,0x3d,
    0x20,0x76,0x65,0x63,0x34,0x28,0x28,0x28,0x5f,0x38,0x35,0x20,0x2f,0x20,0x75,0x69,
    0x5f,0x70,0x61,0x72,0x61,0x6d,0x73,0x5b,0x30,0x5d,0x2e,0x78,0x29,0x20,0x2a,0x20,
    0x32,0x2e,0x30,0x29,0x20,0x2d,0x20,0x31,0x2e,0x30,0x2c,0x20,0x31,0x2e,0x30,0x20,
    0x2d,0x20,0x28,0x28,0x5f,0x31,0x30,0x30,0x20,0x2f,0x20,0x75,0x69,0x5f,0x70,0x61,
    0x72,0x61,0x6d,0x73,0x5b,0x30,0x5d,0x2e,0x79,0x29,0x20,0x2a,0x20,0x32,0x2e,0x30,
    0x29,0x2c,0x20,0x30,0x2e,0x30,0x2c,0x20,0x31,0x2e,0x30,0x29,0x3b,0x0a,0x20,0x20,
    0x20,0x20,0x62,0x6f,0x6f,0x6c,0x20,0x5f,0x31,0x33,0x37,0x20,0x3d,0x20,0x69,0x4f,
    0x72,0x69,0x67,0x69,0x6e,0x53,0x69,0x7a,0x65,0x2e,0x7a,0x20,0x3e,0x20,0x30,0x2e,
    0x30,0x3b,0x0a,0x20,0x20,0x20,0x20,0x62,0x6f,0x6f,0x6c,0x20,0x5f,0x31,0x34,0x33,
    0x3b,0x0a,0x20,0x20,0x20,0x20,0x69,0x66,0x20,0x28,0x5f,0x31,0x33,0x37,0x29,0x0a,
    0x20,0x20,0x20,0x20,0x7b,0x0a,0x20,0x20,0x20,0x20,0x20,0x20,0x20,0x20,0x5f,0x31,
    0x34,0x33,0x20,0x3d,0x20,0x69,0x4f,0x72,0x69,0x67,0x69,0x6e,0x53,0x69,0x7a,0x65,
    0x2e,0x77,0x20,0x3e,0x20,0x30,0x2e,0x30,0x3b,0x0a,0x20,0x20,0x20,0x20,0x7d,0x0a,
    0x20,0x20,0x20,0x20,0x65,0x6c,0x73,0x65,0x0a,0x20,0x20,0x20,0x20,0x7b,0x0a,0x20,
    0x20,0x20,0x20,0x20,0x20,0x20,0x20,0x5f,0x31,0x34,0x33,0x20,0x3d,0x20,0x5f,0x31,
    0x33,0x37,0x3b,0x0a,0x20,0x20,0x20,0x20,0x7d,0x0a,0x20,0x20,0x20,0x20,0x76,0x65,
    0x63,0x32,0x20,0x5f,0x31,0x34,0x34,0x3b,0x0a,0x20,0x20,0x20,0x20,0x69,0x66,0x20,
    0x28,0x5f,0x31,0x34,0x33,0x29,0x0a,0x20,0x20,0x20,0x20,0x7b,0x0a,0x20,0x20,0x20,
    0x20,0x20,0x20,0x20,0x20,0x5f,0x31,0x34,0x34,0x20,0x3d,0x20,0x5f,0x36,0x38,0x20,
    0x2f,0x20,0x69,0x4f,0x72,0x69,0x67,0x69,0x6e,0x53,0x69,0x7a,0x65,0x2e,0x7a,0x77,
    0x3b,0x0a,0x20,0x20,0x20,0x20,0x7d,0x0a,0x20,0x20,0x20,0x20,0x65,0x6c,0x73,0x65,
    0x0a,0x20,0x20,0x20,0x20,0x7b,0x0a,0x20,0x20,0x20,0x20,0x20,0x20,0x20,0x20,0x5f,
    0x31,0x34,0x34,0x20,0x3d,0x20,0x76,0x65,0x63,0x32,0x28,0x30,0x2e,0x30,0x29,0x3b,
    0x0a,0x20,0x20,0x20,0x20,0x7d,0x0a,0x20,0x20,0x20,0x20,0x76,0x65,0x63,0x32,0x20,
    0x5f,0x31,0x35,0x33,0x20,0x3d,0x20,0x6d,0x69,0x78,0x28,0x69,0x55,0x76,0x52,0x61,
    0x64,0x69,0x69,0x2e,0x78,0x79,0x2c,0x20,0x69,0x55,0x76,0x52,0x61,0x64,0x69,0x69,
    0x2e,0x7a,0x77,0x2c,0x20,0x5f,0x31,0x34,0x34,0x29,0x3b,0x0a,0x20,0x20,0x20,0x20,
    0x76,0x65,0x63,0x32,0x20,0x5f,0x31,0x35,0x38,0x20,0x3d,0x20,0x69,0x4f,0x72,0x69,
    0x67,0x69,0x6e,0x53,0x69,0x7a,0x65,0x2e,0x7a,0x77,0x20,0x2a,0x20,0x30,0x2e,0x35,
    0x3b,0x0a,0x20,0x20,0x20,0x20,0x76,0x4c,0x6f,0x63,0x61,0x6c,0x48,0x61,0x6c,0x66,
    0x20,0x3d,0x20,0x76,0x65,0x63,0x34,0x28,0x5f,0x36,0x38,0x20,0x2d,0x20,0x5f,0x31,
    0x35,0x38,0x2c,0x20,0x5f,0x31,0x35,0x38,0x29,0x3b,0x0a,0x20,0x20,0x20,0x20,0x76,
    0x65,0x63,0x32,0x20,0x5f,0x31,0x37,0x31,0x3b,0x0a,0x20,0x20,0x20,0x20,0x69,0x66,
    0x20,0x28,0x75,0x69,0x5f,0x70,0x61,0x72,0x61,0x6d,0x73,0x5b,0x30,0x5d,0x2e,0x7a,
    0x20,0x3e,0x20,0x30,0x2e,0x35,0x29,0x0a,0x20,0x20,0x20,0x20,0x7b,0x0a,0x20,0x20,
    0x20,0x20,0x20,0x20,0x20,0x20,0x5f,0x31,0x37,0x31,0x20,0x3d,0x20,0x76,0x65,0x63,
    0x32,0x28,0x5f,0x31,0x35,0x33,0x2e,0x78,0x2c,0x20,0x31,0x2e,0x30,0x20,0x2d,0x20,
    0x5f,0x31,0x35,0x33,0x2e,0x79,0x29,0x3b,0x0a,0x20,0x20,0x20,0x20,0x7d,0x0a,0x20,
    0x20,0x20,0x20,0x65,0x6c,0x73,0x65,0x0a,0x20,0x20,0x20,0x20,0x7b,0x0a,0x20,0x20,
    0x20,0x20,0x20,0x20,0x20,0x20,0x5f,0x31,0x37,0x31,0x20,0x3d,0x20,0x5f,0x31,0x35,
    0x33,0x3b,0x0a,0x20,0x20,0x20,0x20,0x7d,0x0a,0x20,0x20,0x20,0x20,0x76,0x55,0x76,
    0x41,0x61,0x20,0x3d,0x20,0x76,0x65,0x63,0x34,0x28,0x5f,0x31,0x37,0x31,0x2c,0x20,
    0x5f,0x33,0x35,0x2c,0x20,0x69,0x50,0x61,0x72,0x61,0x6d,0x73,0x30,0x2e,0x78,0x29,
    0x3b,0x0a,0x20,0x20,0x20,0x20,0x76,0x52,0x61,0x64,0x69,0x69,0x20,0x3d,0x20,0x69,
    0x55,0x76,0x52,0x61,0x64,0x69,0x69,0x3b,0x0a,0x20,0x20,0x20,0x20,0x76,0x42,0x6f,
    0x72,0x64,0x65,0x72,0x73,0x20,0x3d,0x20,0x69,0x42,0x6f,0x72,0x64,0x65,0x72,0x73,
    0x3b,0x0a,0x20,0x20,0x20,0x20,0x76,0x50,0x61,0x72,0x61,0x6d,0x73,0x31,0x20,0x3d,
    0x20,0x69,0x50,0x61,0x72,0x61,0x6d,0x73,0x31,0x3b,0x0a,0x20,0x20,0x20,0x20,0x76,
    0x46,0x69,0x6c,0x6c,0x20,0x3d,0x20,0x69,0x43,0x6f,0x6c,0x6f,0x72,0x46,0x69,0x6c,
    0x6c,0x3b,0x0a,0x20,0x20,0x20,0x20,0x76,0x42,0x6f,0x72,0x64,0x65,0x72,0x20,0x3d,
    0x20,0x69,0x43,0x6f,0x6c,0x6f,0x72,0x42,0x6f,0x72,0x64,0x65,0x72,0x3b,0x0a,0x20,
    0x20,0x20,0x20,0x76,0x45,0x78,0x74,0x72,0x61,0x20,0x3d,0x20,0x69,0x43,0x6f,0x6c,
    0x6f,0x72,0x45,0x78,0x74,0x72,0x61,0x3b,0x0a,0x20,0x20,0x20,0x20,0x69,0x66,0x20,
    0x28,0x75,0x69,0x5f,0x70,0x61,0x72,0x61,0x6d,0x73,0x5b,0x31,0x5d,0x2e,0x77,0x20,
    0x3e,0x20,0x75,0x69,0x5f,0x70,0x61,0x72,0x61,0x6d,0x73,0x5b,0x31,0x5d,0x2e,0x7a,
    0x29,0x0a,0x20,0x20,0x20,0x20,0x7b,0x0a,0x20,0x20,0x20,0x20,0x20,0x20,0x20,0x20,
    0x66,0x6c,0x6f,0x61,0x74,0x20,0x5f,0x32,0x32,0x30,0x20,0x3d,0x20,0x64,0x6f,0x74,
    0x28,0x5f,0x31,0x30,0x31,0x2c,0x20,0x75,0x69,0x5f,0x70,0x61,0x72,0x61,0x6d,0x73,
    0x5b,0x31,0x5d,0x2e,0x78,0x79,0x29,0x3b,0x0a,0x20,0x20,0x20,0x20,0x20,0x20,0x20,
    0x20,0x66,0x6c,0x6f,0x61,0x74,0x20,0x5f,0x32,0x32,0x37,0x20,0x3d,0x20,0x64,0x6f,
    0x74,0x28,0x5f,0x31,0x30,0x31,0x2c,0x20,0x75,0x69,0x5f,0x70,0x61,0x72,0x61,0x6d,
    0x73,0x5b,0x32,0x5d,0x2e,0x78,0x79,0x29,0x3b,0x0a,0x20,0x20,0x20,0x20,0x20,0x20,
    0x20,0x20,0x63,0x6c,0x69,0x70,0x44,0x69,0x73,0x74,0x61,0x6e,0x63,0x65,0x20,0x3d,
    0x20,0x76,0x65,0x63,0x34,0x28,0x5f,0x32,0x32,0x30,0x20,0x2d,0x20,0x75,0x69,0x5f,
    0x70,0x61,0x72,0x61,0x6d,0x73,0x5b,0x31,0x5d,0x2e,0x7a,0x2c,0x20,0x75,0x69,0x5f,
    0x70,0x61,0x72,0x61,0x6d,0x73,0x5b,0x31,0x5d,0x2e,0x77,0x20,0x2d,0x20,0x5f,0x32,
    0x32,0x30,0x2c,0x20,0x5f,0x32,0x32,0x37,0x20,0x2d,0x20,0x75,0x69,0x5f,0x70,0x61,
    0x72,0x61,0x6d,0x73,0x5b,0x32,0x5d,0x2e,0x7a,0x2c,0x20,0x75,0x69,0x5f,0x70,0x61,
    0x72,0x61,0x6d,0x73,0x5b,0x32,0x5d,0x2e,0x77,0x20,0x2d,0x20,0x5f,0x32,0x32,0x37,
    0x29,0x3b,0x0a,0x20,0x20,0x20,0x20,0x7d,0x0a,0x20,0x20,0x20,0x20,0x65,0x6c,0x73,
    0x65,0x0a,0x20,0x20,0x20,0x20,0x7b,0x0a,0x20,0x20,0x20,0x20,0x20,0x20,0x20,0x20,
    0x63,0x6c,0x69,0x70,0x44,0x69,0x73,0x74,0x61,0x6e,0x63,0x65,0x20,0x3d,0x20,0x76,
    0x65,0x63,0x34,0x28,0x31,0x2e,0x30,0x29,0x3b,0x0a,0x20,0x20,0x20,0x20,0x7d,0x0a,
    0x7d,0x0a,0x0a,0x00,
};
/*
    #version 300 es
    precision mediump float;
    precision highp int;

    uniform highp sampler2D uiTex_uiSmp;

    in highp vec4 clipDistance;
    in highp vec4 vLocalHalf;
    in highp vec4 vUvAa;
    in highp vec4 vBorders;
    in highp vec4 vParams1;
    in highp vec4 vFill;
    layout(location = 0) out highp vec4 frag_color;
    in highp vec4 vRadii;
    in highp vec4 vExtra;
    in highp vec4 vBorder;

    highp float cornerRadius(highp vec2 p, highp vec4 radii)
    {
        highp float _91;
        if (p.x < 0.0)
        {
            highp float _97;
            if (p.y < 0.0)
            {
                _97 = radii.x;
            }
            else
            {
                _97 = radii.w;
            }
            _91 = _97;
        }
        else
        {
            highp float _111;
            if (p.y < 0.0)
            {
                _111 = radii.y;
            }
            else
            {
                _111 = radii.z;
            }
            _91 = _111;
        }
        return _91;
    }

    highp float roundedRectDistance(highp vec2 p, highp vec2 half_, highp float r)
    {
        highp float _63 = clamp(r, 0.0, min(half_.x, half_.y));
        highp vec2 _71 = abs(p) - (half_ - vec2(_63));
        return (length(max(_71, vec2(0.0))) + min(max(_71.x, _71.y), 0.0)) - _63;
    }

    highp float coverageFromDistance(highp float d, highp float aa)
    {
        if (aa <= 0.0)
        {
            return float(d <= 0.0);
        }
        return clamp(0.5 - (d / aa), 0.0, 1.0);
    }

    highp float scanlineHalf(highp float hx, highp float hy, highp float ay, highp float r)
    {
        highp float _199 = ay - (hy - r);
        highp float _207 = (r * r) - (_199 * _199);
        highp float _214;
        if ((_199 > 0.0) && (_207 > 0.0))
        {
            _214 = sqrt(_207);
        }
        else
        {
            _214 = r;
        }
        return (hx - r) + _214;
    }

    highp float erfApprox(highp float x)
    {
        highp float _143 = sign(x);
        highp float _146 = abs(x);
        highp float _163 = 1.0 + ((0.2783930003643035888671875 + ((0.23038899898529052734375 + ((0.0009720000089146196842193603515625 + (0.07810799777507781982421875 * _146)) * _146)) * _146)) * _146);
        highp float _167 = _163 * _163;
        return _143 - (_143 / (_167 * _167));
    }

    highp float gaussianPdf(highp float x, highp float sigma)
    {
        return exp((-(x * x)) / ((2.0 * sigma) * sigma)) / (2.5066282749176025390625 * sigma);
    }

    highp float shadowCoverage(highp vec2 p, highp vec2 half_, highp vec4 radii, highp vec2 offset, highp float sigma, highp float aa)
    {
        highp vec4 _238 = clamp(radii, vec4(0.0), vec4(min(half_.x, half_.y)));
        highp vec2 _242 = p - offset;
        if (sigma <= 0.0)
        {
            highp vec2 param = _242;
            highp vec4 param_1 = _238;
            highp vec2 param_2 = _242;
            highp vec2 param_3 = half_;
            highp float param_4 = cornerRadius(param, param_1);
            highp float param_5 = roundedRectDistance(param_2, param_3, param_4);
            highp float param_6 = aa;
            return coverageFromDistance(param_5, param_6);
        }
        highp float _265 = _242.y;
        highp float _268 = _265 - half_.y;
        highp float _274 = _265 + half_.y;
        highp float _281 = clamp((-3.0) * sigma, _268, _274);
        highp float _292 = clamp(3.0 * sigma, _268, _274) - _281;
        highp float _294 = _292 * 0.25;
        highp float _298 = 0.707106769084930419921875 / sigma;
        highp float acc = 0.0;
        highp float y = _281 + (_292 * 0.125);
        highp float _328;
        highp float _350;
        for (int i = 0; i < 4; i++)
        {
            highp float _321 = _265 - y;
            highp float _324 = abs(_321);
            bool _327 = _321 < 0.0;
            if (_327)
            {
                _328 = _238.x;
            }
            else
            {
                _328 = _238.w;
            }
            highp float param_7 = half_.x;
            highp float param_8 = half_.y;
            highp float param_9 = _324;
            highp float param_10 = _328;
            if (_327)
            {
                _350 = _238.y;
            }
            else
            {
                _350 = _238.z;
            }
            highp float param_11 = half_.x;
            highp float param_12 = half_.y;
            highp float param_13 = _324;
            highp float param_14 = _350;
            highp float _371 = _242.x;
            highp float param_15 = (_371 + scanlineHalf(param_7, param_8, param_9, param_10)) * _298;
            highp float param_16 = (_371 - scanlineHalf(param_11, param_12, param_13, param_14)) * _298;
            highp float param_17 = y;
            highp float param_18 = sigma;
            acc += ((((0.5 + (0.5 * erfApprox(param_15))) - (0.5 + (0.5 * erfApprox(param_16)))) * gaussianPdf(param_17, param_18)) * _294);
            y += _294;
        }
        return acc;
    }

    void main()
    {
        if (min(min(clipDistance.x, clipDistance.y), min(clipDistance.z, clipDistance.w)) < 0.0)
        {
            discard;
        }
        int _446 = int(vUvAa.w + 0.5);
        if (_446 == 3)
        {
            highp vec2 param = vLocalHalf.xy;
            highp vec4 param_1 = clamp(vBorders, vec4(0.0), vec4(min(vLocalHalf.z, vLocalHalf.w)));
            highp vec2 param_2 = vLocalHalf.xy;
            highp vec2 param_3 = vLocalHalf.zw;
            highp float param_4 = cornerRadius(param, param_1);
            highp float param_5 = roundedRectDistance(param_2, param_3, param_4);
            highp float param_6 = vUvAa.z;
            highp vec4 texel = texture(uiTex_uiSmp, vUvAa.xy);
            if (vParams1.x > 0.5)
            {
                highp vec4 _500 = texel;
                highp float _506 = dot(_500.xyz, vec3(0.2125999927520751953125, 0.715200006961822509765625, 0.072200000286102294921875));
                highp vec4 _886 = _500;
                _886.x = _506;
                _886.y = _506;
                _886.z = _506;
                texel = _886;
            }
            highp vec4 _519 = texel * vFill;
            highp float _524 = _519.w * coverageFromDistance(param_5, param_6);
            frag_color = vec4(_519.xyz * _524, _524);
            return;
        }
        if (_446 == 1)
        {
            highp float alpha;
            if (vBorders.w > 0.5)
            {
                highp vec2 param_7 = vLocalHalf.xy;
                highp vec2 param_8 = vBorders.xy;
                highp vec4 param_9 = vRadii;
                highp vec2 param_10 = vec2(0.0);
                highp float param_11 = vBorders.z;
                highp float param_12 = vUvAa.z;
                highp vec2 param_13 = vLocalHalf.xy;
                highp vec4 param_14 = vRadii;
                highp vec2 param_15 = vLocalHalf.xy;
                highp vec2 param_16 = vBorders.xy;
                highp float param_17 = cornerRadius(param_13, param_14);
                highp float param_18 = roundedRectDistance(param_15, param_16, param_17);
                highp float param_19 = vUvAa.z;
                alpha = (1.0 - shadowCoverage(param_7, param_8, param_9, param_10, param_11, param_12)) * coverageFromDistance(param_18, param_19);
            }
            else
            {
                highp vec2 param_20 = vLocalHalf.xy;
                highp vec2 param_21 = vBorders.xy;
                highp vec4 param_22 = vRadii;
                highp vec2 param_23 = vParams1.xy;
                highp float param_24 = vBorders.z;
                highp float param_25 = vUvAa.z;
                alpha = shadowCoverage(param_20, param_21, param_22, param_23, param_24, param_25);
            }
            highp float _607 = vExtra.w * alpha;
            frag_color = vec4(vExtra.xyz * _607, _607);
            return;
        }
        highp vec2 halfBox = vLocalHalf.zw;
        bool _624 = vExtra.w > 0.0;
        bool _631;
        if (_624)
        {
            _631 = vParams1.w <= 0.5;
        }
        else
        {
            _631 = _624;
        }
        if (_631)
        {
            halfBox = vLocalHalf.zw - (vec2(3.0 * vParams1.z) + abs(vParams1.xy));
        }
        highp vec2 param_26 = vLocalHalf.xy;
        highp vec4 param_27 = vRadii;
        highp vec2 param_28 = vLocalHalf.xy;
        highp vec2 param_29 = halfBox;
        highp float param_30 = cornerRadius(param_26, param_27);
        highp vec4 _660 = max(vBorders, vec4(0.0));
        highp float _663 = _660.x;
        highp float _665 = _660.z;
        highp float _668 = _660.y;
        highp float _670 = _660.w;
        highp vec2 _715 = vLocalHalf.xy - (vec2(_663 - _665, _668 - _670) * 0.5);
        highp vec2 param_31 = _715;
        highp vec4 param_32 = max(vRadii - vec4(max(_663, _668), max(_668, _665), max(_665, _670), max(_670, _663)), vec4(0.0));
        highp vec2 param_33 = _715;
        highp vec2 param_34 = max(halfBox - (vec2(_663 + _665, _668 + _670) * 0.5), vec2(0.0));
        highp float param_35 = cornerRadius(param_31, param_32);
        highp float param_36 = roundedRectDistance(param_28, param_29, param_30);
        highp float param_37 = vUvAa.z;
        highp float _736 = coverageFromDistance(param_36, param_37);
        highp float param_38 = roundedRectDistance(param_33, param_34, param_35);
        highp float param_39 = vUvAa.z;
        highp float _742 = coverageFromDistance(param_38, param_39);
        highp vec4 fill = vFill;
        if (_446 == 2)
        {
            highp vec4 _908 = fill;
            _908.w = _908.w * texture(uiTex_uiSmp, vUvAa.xy).w;
            fill = _908;
        }
        highp float _770 = fill.w * _742;
        highp float _775 = vBorder.w * max(_736 - _742, 0.0);
        highp float alpha_1 = _770 + _775;
        highp vec3 rgb = (fill.xyz * _770) + (vBorder.xyz * _775);
        if (_624)
        {
            bool _799 = vParams1.w > 0.5;
            highp float sAlpha;
            if (_799)
            {
                highp vec2 param_40 = vLocalHalf.xy;
                highp vec2 param_41 = halfBox;
                highp vec4 param_42 = vRadii;
                highp vec2 param_43 = vec2(0.0);
                highp float param_44 = vParams1.z;
                highp float param_45 = vUvAa.z;
                sAlpha = (1.0 - shadowCoverage(param_40, param_41, param_42, param_43, param_44, param_45)) * _736;
            }
            else
            {
                highp vec2 param_46 = vLocalHalf.xy;
                highp vec2 param_47 = halfBox;
                highp vec4 param_48 = vRadii;
                highp vec2 param_49 = vParams1.xy;
                highp float param_50 = vParams1.z;
                highp float param_51 = vUvAa.z;
                sAlpha = shadowCoverage(param_46, param_47, param_48, param_49, param_50, param_51);
            }
            sAlpha *= vExtra.w;
            if (_799)
            {
                highp float _852 = 1.0 - sAlpha;
                rgb = (vExtra.xyz * sAlpha) + (rgb * _852);
                alpha_1 = sAlpha + (alpha_1 * _852);
            }
            else
            {
                highp float _868 = 1.0 - alpha_1;
                rgb += ((vExtra.xyz * sAlpha) * _868);
                alpha_1 += (sAlpha * _868);
            }
        }
        frag_color = vec4(rgb, alpha_1);
    }

*/
static const uint8_t uiFs_source_glsl300es[10267] = {
    0x23,0x76,0x65,0x72,0x73,0x69,0x6f,0x6e,0x20,0x33,0x30,0x30,0x20,0x65,0x73,0x0a,
    0x70,0x72,0x65,0x63,0x69,0x73,0x69,0x6f,0x6e,0x20,0x6d,0x65,0x64,0x69,0x75,0x6d,
    0x70,0x20,0x66,0x6c,0x6f,0x61,0x74,0x3b,0x0a,0x70,0x72,0x65,0x63,0x69,0x73,0x69,
    0x6f,0x6e,0x20,0x68,0x69,0x67,0x68,0x70,0x20,0x69,0x6e,0x74,0x3b,0x0a,0x0a,0x75,
    0x6e,0x69,0x66,0x6f,0x72,0x6d,0x20,0x68,0x69,0x67,0x68,0x70,0x20,0x73,0x61,0x6d,
    0x70,0x6c,0x65,0x72,0x32,0x44,0x20,0x75,0x69,0x54,0x65,0x78,0x5f,0x75,0x69,0x53,
    0x6d,0x70,0x3b,0x0a,0x0a,0x69,0x6e,0x20,0x68,0x69,0x67,0x68,0x70,0x20,0x76,0x65,
    0x63,0x34,0x20,0x63,0x6c,0x69,0x70,0x44,0x69,0x73,0x74,0x61,0x6e,0x63,0x65,0x3b,
    0x0a,0x69,0x6e,0x20,0x68,0x69,0x67,0x68,0x70,0x20,0x76,0x65,0x63,0x34,0x20,0x76,
    0x4c,0x6f,0x63,0x61,0x6c,0x48,0x61,0x6c,0x66,0x3b,0x0a,0x69,0x6e,0x20,0x68,0x69,
    0x67,0x68,0x70,0x20,0x76,0x65,0x63,0x34,0x20,0x76,0x55,0x76,0x41,0x61,0x3b,0x0a,
    0x69,0x6e,0x20,0x68,0x69,0x67,0x68,0x70,0x20,0x76,0x65,0x63,0x34,0x20,0x76,0x42,
    0x6f,0x72,0x64,0x65,0x72,0x73,0x3b,0x0a,0x69,0x6e,0x20,0x68,0x69,0x67,0x68,0x70,
    0x20,0x76,0x65,0x63,0x34,0x20,0x76,0x50,0x61,0x72,0x61,0x6d,0x73,0x31,0x3b,0x0a,
    0x69,0x6e,0x20,0x68,0x69,0x67,0x68,0x70,0x20,0x76,0x65,0x63,0x34,0x20,0x76,0x46,
    0x69,0x6c,0x6c,0x3b,0x0a,0x6c,0x61,0x79,0x6f,0x75,0x74,0x28,0x6c,0x6f,0x63,0x61,
    0x74,0x69,0x6f,0x6e,0x20,0x3d,0x20,0x30,0x29,0x20,0x6f,0x75,0x74,0x20,0x68,0x69,
    0x67,0x68,0x70,0x20,0x76,0x65,0x63,0x34,0x20,0x66,0x72,0x61,0x67,0x5f,0x63,0x6f,
    0x6c,0x6f,0x72,0x3b,0x0a,0x69,0x6e,0x20,0x68,0x69,0x67,0x68,0x70,0x20,0x76,0x65,
    0x63,0x34,0x20,0x76,0x52,0x61,0x64,0x69,0x69,0x3b,0x0a,0x69,0x6e,0x20,0x68,0x69,
    0x67,0x68,0x70,0x20,0x76,0x65,0x63,0x34,0x20,0x76,0x45,0x78,0x74,0x72,0x61,0x3b,
    0x0a,0x69,0x6e,0x20,0x68,0x69,0x67,0x68,0x70,0x20,0x76,0x65,0x63,0x34,0x20,0x76,
    0x42,0x6f,0x72,0x64,0x65,0x72,0x3b,0x0a,0x0a,0x68,0x69,0x67,0x68,0x70,0x20,0x66,
    0x6c,0x6f,0x61,0x74,0x20,0x63,0x6f,0x72,0x6e,0x65,0x72,0x52,0x61,0x64,0x69,0x75,
    0x73,0x28,0x68,0x69,0x67,0x68,0x70,0x20,0x76,0x65,0x63,0x32,0x20,0x70,0x2c,0x20,
    0x68,0x69,0x67,0x68,0x70,0x20,0x76,0x65,0x63,0x34,0x20,0x72,0x61,0x64,0x69,0x69,
    0x29,0x0a,0x7b,0x0a,0x20,0x20,0x20,0x20,0x68,0x69,0x67,0x68,0x70,0x20,0x66,0x6c,
    0x6f,0x61,0x74,0x20,0x5f,0x39,0x31,0x3b,0x0a,0x20,0x20,0x20,0x20,0x69,0x66,0x20,
    0x28,0x70,0x2e,0x78,0x20,0x3c,0x20,0x30,0x2e,0x30,0x29,0x0a,0x20,0x20,0x20,0x20,
    0x7b,0x0a,0x20,0x20,0x20,0x20,0x20,0x20,0x20,0x20,0x68,0x69,0x67,0x68,0x70,0x20,
    0x66,0x6c,0x6f,0x61,0x74,0x20,0x5f,0x39,0x37,0x3b,0x0a,0x20,0x20,0x20,0x20,0x20,
    0x20,0x20,0x20,0x69,0x66,0x20,0x28,0x70,0x2e,0x79,0x20,0x3c,0x20,0x30,0x2e,0x30,
    0x29,0x0a,0x20,0x20,0x20,0x20,0x20,0x20,0x20,0x20,0x7b,0x0a,0x20,0x20,0x20,0x20,
    0x20,0x20,0x20,0x20,0x20,0x20,0x20,0x20,0x5f,0x39,0x37,0x20,0x3d,0x20,0x72,0x61,
    0x64,0x69,0x69,0x2e,0x78,0x3b,0x0a,0x20,0x20,0x20,0x20,0x20,0x20,0x20,0x20,0x7d,
    0x0a,0x20,0x20,0x20,0x20,0x20,0x20,0x20,0x20,0x65,0x6c,0x73,0x65,0x0a,0x20,0x20,
    0x20,0x20,0x20,0x20,0x20,0x20,0x7b,0x0a,0x20,0x20,0x20,0x20,0x20,0x20,0x20,0x20,
    0x20,0x20,0x20,0x20,0x5f,0x39,0x37,0x20,0x3d,0x20,0x72,0x61,0x64,0x69,0x69,0x2e,
    0x77,0x3b,0x0a,0x20,0x20,0x20,0x20,0x20,0x20,0x20,0x20,0x7d,0x0a,0x20,0x20,0x20,
    0x20,0x20,0x20,0x20,0x20,0x5f,0x39,0x31,0x20,0x3d,0x20,0x5f,0x39,0x37,0x3b,0x0a,
    0x20,0x20,0x20,0x20,0x7d,0x0a,0x20,0x20,0x20,0x20,0x65,0x6c,0x73,0x65,0x0a,0x20,
    0x20,0x20,0x20,0x7b,0x0a,0x20,0x20,0x20,0x20,0x20,0x20,0x20,0x20,0x68,0x69,0x67,
    0x68,0x70,0x20,0x66,0x6c,0x6f,0x61,0x74,0x20,0x5f,0x31,0x31,0x31,0x3b,0x0a,0x20,
    0x20,0x20,0x20,0x20,0x20,0x20,0x20,0x69,0x66,0x20,0x28,0x70,0x2e,0x79,0x20,0x3c,
    0x20,0x30,0x2e,0x30,0x29,0x0a,0x20,0x20,0x20,0x20,0x20,0x20,0x20,0x20,0x7b,0x0a,
    0x20,0x20,0x20,0x20,0x20,0x20,0x20,0x20,0x20,0x20,0x20,0x20,0x5f,0x31,0x31,0x31,
    0x20,0x3d,0x20,0x72,0x61,0x64,0x69,0x69,0x2e,0x79,0x3b,0x0a,0x20,0x20,0x20,0x20,
    0x20,0x20,0x20,0x20,0x7d,0x0a,0x20,0x20,0x20,0x20,0x20,0x20,0x20,0x20,0x65,0x6c,
    0x73,0x65,0x0a,0x20,0x20,0x20,0x20,0x20,0x20,0x20,0x20,0x7b,0x0a,0x20,0x20,0x20,
    0x20,0x20,0x20,0x20,0x20,0x20,0x20,0x20,0x20,0x5f,0x31,0x31,0x31,0x20,0x3d,0x20,
    0x72,0x61,0x64,0x69,0x69,0x2e,0x7a,0x3b,0x0a,0x20,0x20,0x20,0x20,0x20,0x20,0x20,
    0x20,0x7d,0x0a,0x20,0x20,0x20,0x20,0x20,0x20,0x20,0x20,0x5f,0x39,0x31,0x20,0x3d,
    0x20,0x5f,0x31,0x31,0x31,0x3b,0x0a,0x20,0x20,0x20,0x20,0x7d,0x0a,0x20,0x20,0x20,
    0x20,0x72,0x65,0x74,0x75,0x72,0x6e,0x20,0x5f,0x39,0x31,0x3b,0x0a,0x7d,0x0a,0x0a,
    0x68,0x69,0x67,0x68,0x70,0x20,0x66,0x6c,0x6f,0x61,0x74,0x20,0x72,0x6f,0x75,0x6e,
    0x64,0x65,0x64,0x52,0x65,0x63,0x74,0x44,0x69,0x73,0x74,0x61,0x6e,0x63,0x65,0x28,
    0x68,0x69,0x67,0x68,0x70,0x20,0x76,0x65,0x63,0x32,0x20,0x70,0x2c,0x20,0x68,0x69,
    0x67,0x68,0x70,0x20,0x76,0x65,0x63,0x32,0x20,0x68,0x61,0x6c,0x66,0x5f,0x2c,0x20,
    0x68,0x69,0x67,0x68,0x70,0x20,0x66,0x6c,0x6f,0x61,0x74,0x20,0x72,0x29,0x0a,0x7b,
    0x0a,0x20,0x20,0x20,0x20,0x68,0x69,0x67,0x68,0x70,0x20,0x66,0x6c,0x6f,0x61,0x74,
    0x20,0x5f,0x36,0x33,0x20,0x3d,0x20,0x63,0x6c,0x61,0x6d,0x70,0x28,0x72,0x2c,0x20,
    0x30,0x2e,0x30,0x2c,0x20,0x6d,0x69,0x6e,0x28,0x68,0x61,0x6c,0x66,0x5f,0x2e,0x78,
    0x2c,0x20,0x68,0x61,0x6c,0x66,0x5f,0x2e,0x79,0x29,0x29,0x3b,0x0a,0x20,0x20,0x20,
    0x20,0x68,0x69,0x67,0x68,0x70,0x20,0x76,0x65,0x63,0x32,0x20,0x5f,0x37,0x31,0x20,
    0x3d,0x20,0x61,0x62,0x73,0x28,0x70,0x29,0x20,0x2d,0x20,0x28,0x68,0x61,0x6c,0x66,
    0x5f,0x20,0x2d,0x20,0x76,0x65,0x63,0x32,0x28,0x5f,0x36,0x33,0x29,0x29,0x3b,0x0a,
    0x20,0x20,0x20,0x20,0x72,0x65,0x74,0x75,0x72,0x6e,0x20,0x28,0x6c,0x65,0x6e,0x67,
    0x74,0x68,0x28,0x6d,0x61,0x78,0x28,0x5f,0x37,0x31,0x2c,0x20,0x76,0x65,0x63,0x32,
    0x28,0x30,0x2e,0x30,0x29,0x29,0x29,0x20,0x2b,0x20,0x6d,0x69,0x6e,0x28,0x6d,0x61,
    0x78,0x28,0x5f,0x37,0x31,0x2e,0x78,0x2c,0x20,0x5f,0x37,0x31,0x2e,0x79,0x29,0x2c,
    0x20,0x30,0x2e,0x30,0x29,0x29,0x20,0x2d,0x20,0x5f,0x36,0x33,0x3b,0x0a,0x7d,0x0a,
    0x0a,0x68,0x69,0x67,0x68,0x70,0x20,0x66,0x6c,0x6f,0x61,0x74,0x20,0x63,0x6f,0x76,
    0x65,0x72,0x61,0x67,0x65,0x46,0x72,0x6f,0x6d,0x44,0x69,0x73,0x74,0x61,0x6e,0x63,
    0x65,0x28,0x68,0x69,0x67,0x68,0x70,0x20,0x66,0x6c,0x6f,0x61,0x74,0x20,0x64,0x2c,
    0x20,0x68,0x69,0x67,0x68,0x70,0x20,0x66,0x6c,0x6f,0x61,0x74,0x20,0x61,0x61,0x29,
    0x0a,0x7b,0x0a,0x20,0x20,0x20,0x20,0x69,0x66,0x20,0x28,0x61,0x61,0x20,0x3c,0x3d,
    0x20,0x30,0x2e,0x30,0x29,0x0a,0x20,0x20,0x20,0x20,0x7b,0x0a,0x20,0x20,0x20,0x20,
    0x20,0x20,0x20,0x20,0x72,0x65,0x74,0x75,0x72,0x6e,0x20,0x66,0x6c,0x6f,0x61,0x74,
    0x28,0x64,0x20,0x3c,0x3d,0x20,0x30,0x2e,0x30,0x29,0x3b,0x0a,0x20,0x20,0x20,0x20,
    0x7d,0x0a,0x20,0x20,0x20,0x20,0x72,0x65,0x74,0x75,0x72,0x6e,0x20,0x63,0x6c,0x61,
    0x6d,0x70,0x28,0x30,0x2e,0x35,0x20,0x2d,0x20,0x28,0x64,0x20,0x2f,0x20,0x61,0x61,
    0x29,0x2c,0x20,0x30,0x2e,0x30,0x2c,0x20,0x31,0x2e,0x30,0x29,0x3b,0x0a,0x7d,0x0a,
    0x0a,0x68,0x69,0x67,0x68,0x70,0x20,0x66,0x6c,0x6f,0x61,0x74,0x20,0x73,0x63,0x61,
    0x6e,0x6c,0x69,0x6e,0x65,0x48,0x61,0x6c,0x66,0x28,0x68,0x69,0x67,0x68,0x70,0x20,
    0x66,0x6c,0x6f,0x61,0x74,0x20,0x68,0x78,0x2c,0x20,0x68,0x69,0x67,0x68,0x70,0x20,
    0x66,0x6c,0x6f,0x61,0x74,0x20,0x68,0x79,0x2c,0x20,0x68,0x69,0x67,0x68,0x70,0x20,
    0x66,0x6c,0x6f,0x61,0x74,0x20,0x61,0x79,0x2c,0x20,0x68,0x69,0x67,0x68,0x70,0x20,
    0x66,0x6c,0x6f,0x61,0x74,0x20,0x72,0x29,0x0a,0x7b,0x0a,0x20,0x20,0x20,0x20,0x68,
    0x69,0x67,0x68,0x70,0x20,0x66,0x6c,0x6f,0x61,0x74,0x20,0x5f,0x31,0x39,0x39,0x20,
    0x3d,0x20,0x61,0x79,0x20,0x2d,0x20,0x28,0x68,0x79,0x20,0x2d,0x20,0x72,0x29,0x3b,
    0x0a,0x20,0x20,0x20,0x20,0x68,0x69,0x67,0x68,0x70,0x20,0x66,0x6c,0x6f,0x61,0x74,
    0x20,0x5f,0x32,0x30,0x37,0x20,0x3d,0x20,0x28,0x72,0x20,0x2a,0x20,0x72,0x29,0x20,
    0x2d,0x20,0x28,0x5f,0x31,0x39,0x39,0x20,0x2a,0x20,0x5f,0x31,0x39,0x39,0x29,0x3b,
    0x0a,0x20,0x20,0x20,0x20,0x68,0x69,0x67,0x68,0x70,0x20,0x66,0x6c,0x6f,0x61,0x74,
    0x20,0x5f,0x32,0x31,0x34,0x3b,0x0a,0x20,0x20,0x20,0x20,0x69,0x66,0x20,0x28,0x28,
    0x5f,0x31,0x39,0x39,0x20,0x3e,0x20,0x30,0x2e,0x30,0x29,0x20,0x26,0x26,0x20,0x28,
    0x5f,0x32,0x30,0x37,0x20,0x3e,0x20,0x30,0x2e,0x30,0x29,0x29,0x0a,0x20,0x20,0x20,
    0x20,0x7b,0x0a,0x20,0x20,0x20,0x20,0x20,0x20,0x20,0x20,0x5f,0x32,0x31,0x34,0x20,
    0x3d,0x20,0x73,0x71,0x72,0x74,0x28,0x5f,0x32,0x30,0x37,0x29,0x3b,0x0a,0x20,0x20,
    0x20,0x20,0x7d,0x0a,0x20,0x20,0x20,0x20,0x65,0x6c,0x73,0x65,0x0a,0x20,0x20,0x20,
    0x20,0x7b,0x0a,0x20,0x20,0x20,0x20,0x20,0x20,0x20,0x20,0x5f,0x32,0x31,0x34,0x20,
    0x3d,0x20,0x72,0x3b,0x0a,0x20,0x20,0x20,0x20,0x7d,0x0a,0x20,0x20,0x20,0x20,0x72,
    0x65,0x74,0x75,0x72,0x6e,0x20,0x28,0x68,0x78,0x20,0x2d,0x20,0x72,0x29,0x20,0x2b,
    0x20,0x5f,0x32,0x31,0x34,0x3b,0x0a,0x7d,0x0a,0x0a,0x68,0x69,0x67,0x68,0x70,0x20,
    0x66,0x6c,0x6f,0x61,0x74,0x20,0x65,0x72,0x66,0x41,0x70,0x70,0x72,0x6f,0x78,0x28,
    0x68,0x69,0x67,0x68,0x70,0x20,0x66,0x6c,0x6f,0x61,0x74,0x20,0x78,0x29,0x0a,0x7b,
    0x0a,0x20,0x20,0x20,0x20,0x68,0x69,0x67,0x68,0x70,0x20,0x66,0x6c,0x6f,0x61,0x74,
    0x20,0x5f,0x31,0x34,0x33,0x20,0x3d,0x20,0x73,0x69,0x67,0x6e,0x28,0x78,0x29,0x3b,
    0x0a,0x20,0x20,0x20,0x20,0x68,0x69,0x67,0x68,0x70,0x20,0x66,0x6c,0x6f,0x61,0x74,
    0x20,0x5f,0x31,0x34,0x36,0x20,0x3d,0x20,0x61,0x62,0x73,0x28,0x78,0x29,0x3b,0x0a,
    0x20,0x20,0x20,0x20,0x68,0x69,0x67,0x68,0x70,0x20,0x66,0x6c,0x6f,0x61,0x74,0x20,
    0x5f,0x31,0x36,0x33,0x20,0x3d,0x20,0x31,0x2e,0x30,0x20,0x2b,0x20,0x28,0x28,0x30,
    0x2e,0x32,0x37,0x38,0x33,0x39,0x33,0x30,0x30,0x30,0x33,0x36,0x34,0x33,0x30,0x33,
    0x35,0x38,0x38,0x38,0x36,0x37,0x31,0x38,0x37,0x35,0x20,0x2b,0x20,0x28,0x28,0x30,
    0x2e,0x32,0x33,0x30,0x33,0x38,0x38,0x39,0x39,0x38,0x39,0x38,0x35,0x32,0x39,0x30,
    0x35,0x32,0x37,0x33,0x34,0x33,0x37,0x35,0x20,0x2b,0x20,0x28,0x28,0x30,0x2e,0x30,
    0x30,0x30,0x39,0x37,0x32,0x30,0x30,0x30,0x30,0x30,0x38,0x39,0x31,0x34,0x36,0x31,
    0x39,0x36,0x38,0x34,0x32,0x31,0x39,0x33,0x36,0x30,0x33,0x35,0x31,0x35,0x36,0x32,
    0x35,0x20,0x2b,0x20,0x28,0x30,0x2e,0x30,0x37,0x38,0x31,0x30,0x37,0x39,0x39,0x37,
    0x37,0x37,0x35,0x30,0x37,0x37,0x38,0x31,0x39,0x38,0x32,0x34,0x32,0x31,0x38,0x37,
    0x35,0x20,0x2a,0x20,0x5f,0x31,0x34,0x36,0x29,0x29,0x20,0x2a,0x20,0x5f,0x31,0x34,
    0x36,0x29,0x29,0x20,0x2a,0x20,0x5f,0x31,0x34,0x36,0x29,0x29,0x20,0x2a,0x20,0x5f,
    0x31,0x34,0x36,0x29,0x3b,0x0a,0x20,0x20,0x20,0x20,0x68,0x69,0x67,0x68,0x70,0x20,
    0x66,0x6c,0x6f,0x61,0x74,0x20,0x5f,0x31,0x36,0x37,0x20,0x3d,0x20,0x5f,0x31,0x36,
    0x33,0x20,0x2a,0x20,0x5f,0x31,0x36,0x33,0x3b,0x0a,0x20,0x20,0x20,0x20,0x72,0x65,
    0x74,0x75,0x72,0x6e,0x20,0x5f,0x31,0x34,0x33,0x20,0x2d,0x20,0x28,0x5f,0x31,0x34,
    0x33,0x20,0x2f,0x20,0x28,0x5f,0x31,0x36,0x37,0x20,0x2a,0x20,0x5f,0x31,0x36,0x37,
    0x29,0x29,0x3b,0x0a,0x7d,0x0a,0x0a,0x68,0x69,0x67,0x68,0x70,0x20,0x66,0x6c,0x6f,
    0x61,0x74,0x20,0x67,0x61,0x75,0x73,0x73,0x69,0x61,0x6e,0x50,0x64,0x66,0x28,0x68,
    0x69,0x67,0x68,0x70,0x20,0x66,0x6c,0x6f,0x61,0x74,0x20,0x78,0x2c,0x20,0x68,0x69,
    0x67,0x68,0x70,0x20,0x66,0x6c,0x6f,0x61,0x74,0x20,0x73,0x69,0x67,0x6d,0x61,0x29,
    0x0a,0x7b,0x0a,0x20,0x20,0x20,0x20,0x72,0x65,0x74,0x75,0x72,0x6e,0x20,0x65,0x78,
    0x70,0x28,0x28,0x2d,0x28,0x78,0x20,0x2a,0x20,0x78,0x29,0x29,0x20,0x2f,0x20,0x28,
    0x28,0x32,0x2e,0x30,0x20,0x2a,0x20,0x73,0x69,0x67,0x6d,0x61,0x29,0x20,0x2a,0x20,
    0x73,0x69,0x67,0x6d,0x61,0x29,0x29,0x20,0x2f,0x20,0x28,0x32,0x2e,0x35,0x30,0x36,
    0x36,0x32,0x38,0x32,0x37,0x34,0x39,0x31,0x37,0x36,0x30,0x32,0x35,0x33,0x39,0x30,
    0x36,0x32,0x35,0x20,0x2a,0x20,0x73,0x69,0x67,0x6d,0x61,0x29,0x3b,0x0a,0x7d,0x0a,
    0x0a,0x68,0x69,0x67,0x68,0x70,0x20,0x66,0x6c,0x6f,0x61,0x74,0x20,0x73,0x68,0x61,
    0x64,0x6f,0x77,0x43,0x6f,0x76,0x65,0x72,0x61,0x67,0x65,0x28,0x68,0x69,0x67,0x68,
    0x70,0x20,0x76,0x65,0x63,0x32,0x20,0x70,0x2c,0x20,0x68,0x69,0x67,0x68,0x70,0x20,
    0x76,0x65,0x63,0x32,0x20,0x68,0x61,0x6c,0x66,0x5f,0x2c,0x20,0x68,0x69,0x67,0x68,
    0x70,0x20,0x76,0x65,0x63,0x34,0x20,0x72,0x61,0x64,0x69,0x69,0x2c,0x20,0x68,0x69,
    0x67,0x68,0x70,0x20,0x76,0x65,0x63,0x32,0x20,0x6f,0x66,0x66,0x73,0x65,0x74,0x2c,
    0x20,0x68,0x69,0x67,0x68,0x70,0x20,0x66,0x6c,0x6f,0x61,0x74,0x20,0x73,0x69,0x67,
    0x6d,0x61,0x2c,0x20,0x68,0x69,0x67,0x68,0x70,0x20,0x66,0x6c,0x6f,0x61,0x74,0x20,
    0x61,0x61,0x29,0x0a,0x7b,0x0a,0x20,0x20,0x20,0x20,0x68,0x69,0x67,0x68,0x70,0x20,
    0x76,0x65,0x63,0x34,0x20,0x5f,0x32,0x33,0x38,0x20,0x3d,0x20,0x63,0x6c,0x61,0x6d,
    0x70,0x28,0x72,0x61,0x64,0x69,0x69,0x2c,0x20,0x76,0x65,0x63,0x34,0x28,0x30,0x2e,
    0x30,0x29,0x2c,0x20,0x76,0x65,0x63,0x34,0x28,0x6d,0x69,0x6e,0x28,0x68,0x61,0x6c,
    0x66,0x5f,0x2e,0x78,0x2c,0x20,0x68,0x61,0x6c,0x66,0x5f,0x2e,0x79,0x29,0x29,0x29,
    0x3b,0x0a,0x20,0x20,0x20,0x20,0x68,0x69,0x67,0x68,0x70,0x20,0x76,0x65,0x63,0x32,
    0x20,0x5f,0x32,0x34,0x32,0x20,0x3d,0x20,0x70,0x20,0x2d,0x20,0x6f,0x66,0x66,0x73,
    0x65,0x74,0x3b,0x0a,0x20,0x20,0x20,0x20,0x69,0x66,0x20,0x28,0x73,0x69,0x67,0x6d,
    0x61,0x20,0x3c,0x3d,0x20,0x30,0x2e,0x30,0x29,0x0a,0x20,0x20,0x20,0x20,0x7b,0x0a,
    0x20,0x20,0x20,0x20,0x20,0x20,0x20,0x20,0x68,0x69,0x67,0x68,0x70,0x20,0x76,0x65,
    0x63,0x32,0x20,0x70,0x61,0x72,0x61,0x6d,0x20,0x3d,0x20,0x5f,0x32,0x34,0x32,0x3b,
    0x0a,0x20,0x20,0x20,0x20,0x20,0x20,0x20,0x20,0x68,0x69,0x67,0x68,0x70,0x20,0x76,
    0x65,0x63,0x34,0x20,0x70,0x61,0x72,0x61,0x6d,0x5f,0x31,0x20,0x3d,0x20,0x5f,0x32,
    0x33,0x38,0x3b,0x0a,0x20,0x20,0x20,0x20,0x20,0x20,0x20,0x20,0x68,0x69,0x67,0x68,
    0x70,0x20,0x76,0x65,0x63,0x32,0x20,0x70,0x61,0x72,0x61,0x6d,0x5f,0x32,0x20,0x3d,
    0x20,0x5f,0x32,0x34,0x32,0x3b,0x0a,0x20,0x20,0x20,0x20,0x20,0x20,0x20,0x20,0x68,
    0x69,0x67,0x68,0x70,0x20,0x76,0x65,0x63,0x32,0x20,0x70,0x61,0x72,0x61,0x6d,0x5f,
    0x33,0x20,0x3d,0x20,0x68,0x61,0x6c,0x66,0x5f,0x3b,0x0a,0x20,0x20,0x20,0x20,0x20,
    0x20,0x20,0x20,0x68,0x69,0x67,0x68,0x70,0x20,0x66,0x6c,0x6f,0x61,0x74,0x20,0x70,
    0x61,0x72,0x61,0x6d,0x5f,0x34,0x20,0x3d,0x20,0x63,0x6f,0x72,0x6e,0x65,0x72,0x52,
    0x61,0x64,0x69,0x75,0x73,0x28,0x70,0x61,0x72,0x61,0x6d,0x2c,0x20,0x70,0x61,0x72,
    0x61,0x6d,0x5f,0x31,0x29,0x3b,0x0a,0x20,0x20,0x20,0x20,0x20,0x20,0x20,0x20,0x68,
    0x69,0x67,0x68,0x70,0x20,0x66,0x6c,0x6f,0x61,0x74,0x20,0x70,0x61,0x72,0x61,0x6d,
    0x5f,0x35,0x20,0x3d,0x20,0x72,0x6f,0x75,0x6e,0x64,0x65,0x64,0x52,0x65,0x63,0x74,
    0x44,0x69,0x73,0x74,0x61,0x6e,0x63,0x65,0x28,0x70,0x61,0x72,0x61,0x6d,0x5f,0x32,
    0x2c,0x20,0x70,0x61,0x72,0x61,0x6d,0x5f,0x33,0x2c,0x20,0x70,0x61,0x72,0x61,0x6d,
    0x5f,0x34,0x29,0x3b,0x0a,0x20,0x20,0x20,0x20,0x20,0x20,0x20,0x20,0x68,0x69,0x67,
    0x68,0x70,0x20,0x66,0x6c,0x6f,0x61,0x74,0x20,0x70,0x61,0x72,0x61,0x6d,0x5f,0x36,
    0x20,0x3d,0x20,0x61,0x61,0x3b,0x0a,0x20,0x20,0x20,0x20,0x20,0x20,0x20,0x20,0x72,
    0x65,0x74,0x75,0x72,0x6e,0x20,0x63,0x6f,0x76,0x65,0x72,0x61,0x67,0x65,0x46,0x72,
    0x6f,0x6d,0x44,0x69,0x73,0x74,0x61,0x6e,0x63,0x65,0x28,0x70,0x61,0x72,0x61,0x6d,
    0x5f,0x35,0x2c,0x20,0x70,0x61,0x72,0x61,0x6d,0x5f,0x36,0x29,0x3b,0x0a,0x20,0x20,
    0x20,0x20,0x7d,0x0a,0x20,0x20,0x20,0x20,0x68,0x69,0x67,0x68,0x70,0x20,0x66,0x6c,
    0x6f,0x61,0x74,0x20,0x5f,0x32,0x36,0x35,0x20,0x3d,0x20,0x5f,0x32,0x34,0x32,0x2e,
    0x79,0x3b,0x0a,0x20,0x20,0x20,0x20,0x68,0x69,0x67,0x68,0x70,0x20,0x66,0x6c,0x6f,
    0x61,0x74,0x20,0x5f,0x32,0x36,0x38,0x20,0x3d,0x20,0x5f,0x32,0x36,0x35,0x20,0x2d,
    0x20,0x68,0x61,0x6c,0x66,0x5f,0x2e,0x79,0x3b,0x0a,0x20,0x20,0x20,0x20,0x68,0x69,
    0x67,0x68,0x70,0x20,0x66,0x6c,0x6f,0x61,0x74,0x20,0x5f,0x32,0x37,0x34,0x20,0x3d,
    0x20,0x5f,0x32,0x36,0x35,0x20,0x2b,0x20,0x68,0x61,0x6c,0x66,0x5f,0x2e,0x79,0x3b,
    0x0a,0x20,0x20,0x20,0x20,0x68,0x69,0x67,0x68,0x70,0x20,0x66,0x6c,0x6f,0x61,0x74,
    0x20,0x5f,0x32,0x38,0x31,0x20,0x3d,0x20,0x63,0x6c,0x61,0x6d,0x70,0x28,0x28,0x2d,
    0x33,0x2e,0x30,0x29,0x20,0x2a,0x20,0x73,0x69,0x67,0x6d,0x61,0x2c,0x20,0x5f,0x32,
    0x36,0x38,0x2c,0x20,0x5f,0x32,0x37,0x34,0x29,0x3b,0x0a,0x20,0x20,0x20,0x20,0x68,
    0x69,0x67,0x68,0x70,0x20,0x66,0x6c,0x6f,0x61,0x74,0x20,0x5f,0x32,0x39,0x32,0x20,
    0x3d,0x20,0x63,0x6c,0x61,0x6d,0x70,0x28,0x33,0x2e,0x30,0x20,0x2a,0x20,0x73,0x69,
    0x67,0x6d,0x61,0x2c,0x20,0x5f,0x32,0x36,0x38,0x2c,0x20,0x5f,0x32,0x37,0x34,0x29,
    0x20,0x2d,0x20,0x5f,0x32,0x38,0x31,0x3b,0x0a,0x20,0x20,0x20,0x20,0x68,0x69,0x67,
    0x68,0x70,0x20,0x66,0x6c,0x6f,0x61,0x74,0x20,0x5f,0x32,0x39,0x34,0x20,0x3d,0x20,
    0x5f,0x32,0x39,0x32,0x20,0x2a,0x20,0x30,0x2e,0x32,0x35,0x3b,0x0a,0x20,0x20,0x20,
    0x20,0x68,0x69,0x67,0x68,0x70,0x20,0x66,0x6c,0x6f,0x61,0x74,0x20,0x5f,0x32,0x39,
    0x38,0x20,0x3d,0x20,0x30,0x2e,0x37,0x30,0x37,0x31,0x30,0x36,0x37,0x36,0x39,0x30,
    0x38,0x34,0x39,0x33,0x30,0x34,0x31,0x39,0x39,0x32,0x31,0x38,0x37,0x35,0x20,0x2f,
    0x20,0x73,0x69,0x67,0x6d,0x61,0x3b,0x0a,0x20,0x20,0x20,0x20,0x68,0x69,0x67,0x68,
    0x70,0x20,0x66,0x6c,0x6f,0x61,0x74,0x20,0x61,0x63,0x63,0x20,0x3d,0x20,0x30,0x2e,
    0x30,0x3b,0x0a,0x20,0x20,0x20,0x20,0x68,0x69,0x67,0x68,0x70,0x20,0x66,0x6c,0x6f,
    0x61,0x74,0x20,0x79,0x20,0x3d,0x20,0x5f,0x32,0x38,0x31,0x20,0x2b,0x20,0x28,0x5f,
    0x32,0x39,0x32,0x20,0x2a,0x20,0x30,0x2e,0x31,0x32,0x35,0x29,0x3b,0x0a,0x20,0x20,
    0x20,0x20,0x68,0x69,0x67,0x68,0x70,0x20,0x66,0x6c,0x6f,0x61,0x74,0x20,0x5f,0x33,
    0x32,0x38,0x3b,0x0a,0x20,0x20,0x20,0x20,0x68,0x69,0x67,0x68,0x70,0x20,0x66,0x6c,
    0x6f,0x61,0x74,0x20,0x5f,0x33,0x35,0x30,0x3b,0x0a,0x20,0x20,0x20,0x20,0x66,0x6f,
    0x72,0x20,0x28,0x69,0x6e,0x74,0x20,0x69,0x20,0x3d,0x20,0x30,0x3b,0x20,0x69,0x20,
    0x3c,0x20,0x34,0x3b,0x20,0x69,0x2b,0x2b,0x29,0x0a,0x20,0x20,0x20,0x20,0x7b,0x0a,
    0x20,0x20,0x20,0x20,0x20,0x20,0x20,0x20,0x68,0x69,0x67,0x68,0x70,0x20,0x66,0x6c,
    0x6f,0x61,0x74,0x20,0x5f,0x33,0x32,0x31,0x20,0x3d,0x20,0x5f,0x32,0x36,0x35,0x20,
    0x2d,0x20,0x79,0x3b,0x0a,0x20,0x20,0x20,0x20,0x20,0x20,0x20,0x20,0x68,0x69,0x67,
    0x68,0x70,0x20,0x66,0x6c,0x6f,0x61,0x74,0x20,0x5f,0x33,0x32,0x34,0x20,0x3d,0x20,
    0x61,0x62,0x73,0x28,0x5f,0x33,0x32,0x31,0x29,0x3b,0x0a,0x20,0x20,0x20,0x20,0x20,
    0x20,0x20,0x20,0x62,0x6f,0x6f,0x6c,0x20,0x5f,0x33,0x32,0x37,0x20,0x3d,0x20,0x5f,
    0x33,0x32,0x31,0x20,0x3c,0x20,0x30,0x2e,0x30,0x3b,0x0a,0x20,0x20,0x20,0x20,0x20,
    0x20,0x20,0x20,0x69,0x66,0x20,0x28,0x5f,0x33,0x32,0x37,0x29,0x0a,0x20,0x20,0x20,
    0x20,0x20,0x20,0x20,0x20,0x7b,0x0a,0x20,0x20,0x20,0x20,0x20,0x20,0x20,0x20,0x20,
    0x20,0x20,0x20,0x5f,0x33,0x32,0x38,0x20,0x3d,0x20,0x5f,0x32,0x33,0x38,0x2e,0x78,
    0x3b,0x0a,0x20,0x20,0x20,0x20,0x20,0x20,0x20,0x20,0x7d,0x0a,0x20,0x20,0x20,0x20,
    0x20,0x20,0x20,0x20,0x65,0x6c,0x73,0x65,0x0a,0x20,0x20,0x20,0x20,0x20,0x20,0x20,
    0x20,0x7b,0x0a,0x20,0x20,0x20,0x20,0x20,0x20,0x20,0x20,0x20,0x20,0x20,0x20,0x5f,
    0x33,0x32,0x38,0x20,0x3d,0x20,0x5f,0x32,0x33,0x38,0x2e,0x77,0x3b,0x0a,0x20,0x20,
    0x20,0x20,0x20,0x20,0x20,0x20,0x7d,0x0a,0x20,0x20,0x20,0x20,0x20,0x20,0x20,0x20,
    0x68,0x69,0x67,0x68,0x70,0x20,0x66,0x6c,0x6f,0x61,0x74,0x20,0x70,0x61,0x72,0x61,
    0x6d,0x5f,0x37,0x20,0x3d,0x20,0x68,0x61,0x6c,0x66,0x5f,0x2e,0x78,0x3b,0x0a,0x20,
    0x20,0x20,0x20,0x20,0x20,0x20,0x20,0x68,0x69,0x67,0x68,0x70,0x20,0x66,0x6c,0x6f,
    0x61,0x74,0x20,0x70,0x61,0x72,0x61,0x6d,0x5f,0x38,0x20,0x3d,0x20,0x68,0x61,0x6c,
    0x66,0x5f,0x2e,0x79,0x3b,0x0a,0x20,0x20,0x20,0x20,0x20,0x20,0x20,0x20,0x68,0x69,
    0x67,0x68,0x70,0x20,0x66,0x6c,0x6f,0x61,0x74,0x20,0x70,0x61,0x72,0x61,0x6d,0x5f,
    0x39,0x20,0x3d,0x20,0x5f,0x33,0x32,0x34,0x3b,0x0a,0x20,0x20,0x20,0x20,0x20,0x20,
    0x20,0x20,0x68,0x69,0x67,0x68,0x70,0x20,0x66,0x6c,0x6f,0x61,0x74,0x20,0x70,0x61,
    0x72,0x61,0x6d,0x5f,0x31,0x30,0x20,0x3d,0x20,0x5f,0x33,0x32,0x38,0x3b,0x0a,0x20,
    0x20,0x20,0x20,0x20,0x20,0x20,0x20,0x69,0x66,0x20,0x28,0x5f,0x33,0x32,0x37,0x29,
    0x0a,0x20,0x20,0x20,0x20,0x20,0x20,0x20,0x20,0x7b,0x0a,0x20,0x20,0x20,0x20,0x20,
    0x20,0x20,0x20,0x20,0x20,0x20,0x20,0x5f,0x33,0x35,0x30,0x20,0x3d,0x20,0x5f,0x32,
    0x33,0x38,0x2e,0x79,0x3b,0x0a,0x20,0x20,0x20,0x20,0x20,0x20,0x20,0x20,0x7d,0x0a,
    0x20,0x20,0x20,0x20,0x20,0x20,0x20,0x20,0x65,0x6c,0x73,0x65,0x0a,0x20,0x20,0x20,
    0x20,0x20,0x20,0x20,0x20,0x7b,0x0a,0x20,0x20,0x20,0x20,0x20,0x20,0x20,0x20,0x20,
    0x20,0x20,0x20,0x5f,0x33,0x35,0x30,0x20,0x3d,0x20,0x5f,0x32,0x33,0x38,0x2e,0x7a,
    0x3b,0x0a,0x20,0x20,0x20,0x20,0x20,0x20,0x20,0x20,0x7d,0x0a,0x20,0x20,0x20,0x20,
    0x20,0x20,0x20,0x20,0x68,0x69,0x67,0x68,0x70,0x20,0x66,0x6c,0x6f,0x61,0x74,0x20,
    0x70,0x61,0x72,0x61,0x6d,0x5f,0x31,0x31,0x20,0x3d,0x20,0x68,0x61,0x6c,0x66,0x5f,
    0x2e,0x78,0x3b,0x0a,0x20,0x20,0x20,0x20,0x20,0x20,0x20,0x20,0x68,0x69,0x67,0x68,
    0x70,0x20,0x66,0x6c,0x6f,0x61,0x74,0x20,0x70,0x61,0x72,0x61,0x6d,0x5f,0x31,0x32,
    0x20,0x3d,0x20,0x68,0x61,0x6c,0x66,0x5f,0x2e,0x79,0x3b,0x0a,0x20,0x20,0x20,0x20,
    0x20,0x20,0x20,0x20,0x68,0x69,0x67,0x68,0x70,0x20,0x66,0x6c,0x6f,0x61,0x74,0x20,
    0x70,0x61,0x72,0x61,0x6d,0x5f,0x31,0x33,0x20,0x3d,0x20,0x5f,0x33,0x32,0x34,0x3b,
    0x0a,0x20,0x20,0x20,0x20,0x20,0x20,0x20,0x20,0x68,0x69,0x67,0x68,0x70,0x20,0x66,
    0x6c,0x6f,0x61,0x74,0x20,0x70,0x61,0x72,0x61,0x6d,0x5f,0x31,0x34,0x20,0x3d,0x20,
    0x5f,0x33,0x35,0x30,0x3b,0x0a,0x20,0x20,0x20,0x20,0x20,0x20,0x20,0x20,0x68,0x69,
    0x67,0x68,0x70,0x20,0x66,0x6c,0x6f,0x61,0x74,0x20,0x5f,0x33,0x37,0x31,0x20,0x3d,
    0x20,0x5f,0x32,0x34,0x32,0x2e,0x78,0x3b,0x0a,0x20,0x20,0x20,0x20,0x20,0x20,0x20,
    0x20,0x68,0x69,0x67,0x68,0x70,0x20,0x66,0x6c,0x6f,0x61,0x74,0x20,0x70,0x61,0x72,
    0x61,0x6d,0x5f,0x31,0x35,0x20,0x3d,0x20,0x28,0x5f,0x33,0x37,0x31,0x20,0x2b,0x20,
    0x73,0x63,0x61,0x6e,0x6c,0x69,0x6e,0x65,0x48,0x61,0x6c,0x66,0x28,0x70,0x61,0x72,
    0x61,0x6d,0x5f,0x37,0x2c,0x20,0x70,0x61,0x72,0x61,0x6d,0x5f,0x38,0x2c,0x20,0x70,
    0x61,0x72,0x61,0x6d,0x5f,0x39,0x2c,0x20,0x70,0x61,0x72,0x61,0x6d,0x5f,0x31,0x30,
    0x29,0x29,0x20,0x2a,0x20,0x5f,0x32,0x39,0x38,0x3b,0x0a,0x20,0x20,0x20,0x20,0x20,
    0x20,0x20,0x20,0x68,0x69,0x67,0x68,0x70,0x20,0x66,0x6c,0x6f,0x61,0x74,0x20,0x70,
    0x61,0x72,0x61,0x6d,0x5f,0x31,0x36,0x20,0x3d,0x20,0x28,0x5f,0x33,0x37,0x31,0x20,
    0x2d,0x20,0x73,0x63,0x61,0x6e,0x6c,0x69,0x6e,0x65,0x48,0x61,0x6c,0x66,0x28,0x70,
    0x61,0x72,0x61,0x6d,0x5f,0x31,0x31,0x2c,0x20,0x70,0x61,0x72,0x61,0x6d,0x5f,0x31,
    0x32,0x2c,0x20,0x70,0x61,0x72,0x61,0x6d,0x5f,0x31,0x33,0x2c,0x20,0x70,0x61,0x72,
    0x61,0x6d,0x5f,0x31,0x34,0x29,0x29,0x20,0x2a,0x20,0x5f,0x32,0x39,0x38,0x3b,0x0a,
    0x20,0x20,0x20,0x20,0x20,0x20,0x20,0x20,0x68,0x69,0x67,0x68,0x70,0x20,0x66,0x6c,
    0x6f,0x61,0x74,0x20,0x70,0x61,0x72,0x61,0x6d,0x5f,0x31,0x37,0x20,0x3d,0x20,0x79,
    0x3b,0x0a,0x20,0x20,0x20,0x20,0x20,0x20,0x20,0x20,0x68,0x69,0x67,0x68,0x70,0x20,
    0x66,0x6c,0x6f,0x61,0x74,0x20,0x70,0x61,0x72,0x61,0x6d,0x5f,0x31,0x38,0x20,0x3d,
    0x20,0x73,0x69,0x67,0x6d,0x61,0x3b,0x0a,0x20,0x20,0x20,0x20,0x20,0x20,0x20,0x20,
    0x61,0x63,0x63,0x20,0x2b,0x3d,0x20,0x28,0x28,0x28,0x28,0x30,0x2e,0x35,0x20,0x2b,
    0x20,0x28,0x30,0x2e,0x35,0x20,0x2a,0x20,0x65,0x72,0x66,0x41,0x70,0x70,0x72,0x6f,
    0x78,0x28,0x70,0x61,0x72,0x61,0x6d,0x5f,0x31,0x35,0x29,0x29,0x29,0x20,0x2d,0x20,
    0x28,0x30,0x2e,0x35,0x20,0x2b,0x20,0x28,0x30,0x2e,0x35,0x20,0x2a,0x20,0x65,0x72,
    0x66,0x41,0x70,0x70,0x72,0x6f,0x78,0x28,0x70,0x61,0x72,0x61,0x6d,0x5f,0x31,0x36,
    0x29,0x29,0x29,0x29,0x20,0x2a,0x20,0x67,0x61,0x75,0x73,0x73,0x69,0x61,0x6e,0x50,
    0x64,0x66,0x28,0x70,0x61,0x72,0x61,0x6d,0x5f,0x31,0x37,0x2c,0x20,0x70,0x61,0x72,
    0x61,0x6d,0x5f,0x31,0x38,0x29,0x29,0x20,0x2a,0x20,0x5f,0x32,0x39,0x34,0x29,0x3b,
    0x0a,0x20,0x20,0x20,0x20,0x20,0x20,0x20,0x20,0x79,0x20,0x2b,0x3d,0x20,0x5f,0x32,
    0x39,0x34,0x3b,0x0a,0x20,0x20,0x20,0x20,0x7d,0x0a,0x20,0x20,0x20,0x20,0x72,0x65,
    0x74,0x75,0x72,0x6e,0x20,0x61,0x63,0x63,0x3b,0x0a,0x7d,0x0a,0x0a,0x76,0x6f,0x69,
    0x64,0x20,0x6d,0x61,0x69,0x6e,0x28,0x29,0x0a,0x7b,0x0a,0x20,0x20,0x20,0x20,0x69,
    0x66,0x20,0x28,0x6d,0x69,0x6e,0x28,0x6d,0x69,0x6e,0x28,0x63,0x6c,0x69,0x70,0x44,
    0x69,0x73,0x74,0x61,0x6e,0x63,0x65,0x2e,0x78,0x2c,0x20,0x63,0x6c,0x69,0x70,0x44,
    0x69,0x73,0x74,0x61,0x6e,0x63,0x65,0x2e,0x79,0x29,0x2c,0x20,0x6d,0x69,0x6e,0x28,
    0x63,0x6c,0x69,0x70,0x44,0x69,0x73,0x74,0x61,0x6e,0x63,0x65,0x2e,0x7a,0x2c,0x20,
    0x63,0x6c,0x69,0x70,0x44,0x69,0x73,0x74,0x61,0x6e,0x63,0x65,0x2e,0x77,0x29,0x29,
    0x20,0x3c,0x20,0x30,0x2e,0x30,0x29,0x0a,0x20,0x20,0x20,0x20,0x7b,0x0a,0x20,0x20,
    0x20,0x20,0x20,0x20,0x20,0x20,0x64,0x69,0x73,0x63,0x61,0x72,0x64,0x3b,0x0a,0x20,
    0x20,0x20,0x20,0x7d,0x0a,0x20,0x20,0x20,0x20,0x69,0x6e,0x74,0x20,0x5f,0x34,0x34,
    0x36,0x20,0x3d,0x20,0x69,0x6e,0x74,0x28,0x76,0x55,0x76,0x41,0x61,0x2e,0x77,0x20,
    0x2b,0x20,0x30,0x2e,0x35,0x29,0x3b,0x0a,0x20,0x20,0x20,0x20,0x69,0x66,0x20,0x28,
    0x5f,0x34,0x34,0x36,0x20,0x3d,0x3d,0x20,0x33,0x29,0x0a,0x20,0x20,0x20,0x20,0x7b,
    0x0a,0x20,0x20,0x20,0x20,0x20,0x20,0x20,0x20,0x68,0x69,0x67,0x68,0x70,0x20,0x76,
    0x65,0x63,0x32,0x20,0x70,0x61,0x72,0x61,0x6d,0x20,0x3d,0x20,0x76,0x4c,0x6f,0x63,
    0x61,0x6c,0x48,0x61,0x6c,0x66,0x2e,0x78,0x79,0x3b,0x0a,0x20,0x20,0x20,0x20,0x20,
    0x20,0x20,0x20,0x68,0x69,0x67,0x68,0x70,0x20,0x76,0x65,0x63,0x34,0x20,0x70,0x61,
    0x72,0x61,0x6d,0x5f,0x31,0x20,0x3d,0x20,0x63,0x6c,0x61,0x6d,0x70,0x28,0x76,0x42,
    0x6f,0x72,0x64,0x65,0x72,0x73,0x2c,0x20,0x76,0x65,0x63,0x34,0x28,0x30,0x2e,0x30,
    0x29,0x2c,0x20,0x76,0x65,0x63,0x34,0x28,0x6d,0x69,0x6e,0x28,0x76,0x4c,0x6f,0x63,
    0x61,0x6c,0x48,0x61,0x6c,0x66,0x2e,0x7a,0x2c,0x20,0x76,0x4c,0x6f,0x63,0x61,0x6c,
    0x48,0x61,0x6c,0x66,0x2e,0x77,0x29,0x29,0x29,0x3b,0x0a,0x20,0x20,0x20,0x20,0x20,
    0x20,0x20,0x20,0x68,0x69,0x67,0x68,0x70,0x20,0x76,0x65,0x63,0x32,0x20,0x70,0x61,
    0x72,0x61,0x6d,0x5f,0x32,0x20,0x3d,0x20,0x76,0x4c,0x6f,0x63,0x61,0x6c,0x48,0x61,
    0x6c,0x66,0x2e,0x78,0x79,0x3b,0x0a,0x20,0x20,0x20,0x20,0x20,0x20,0x20,0x20,0x68,
    0x69,0x67,0x68,0x70,0x20,0x76,0x65,0x63,0x32,0x20,0x70,0x61,0x72,0x61,0x6d,0x5f,
    0x33,0x20,0x3d,0x20,0x76,0x4c,0x6f,0x63,0x61,0x6c,0x48,0x61,0x6c,0x66,0x2e,0x7a,
    0x77,0x3b,0x0a,0x20,0x20,0x20,0x20,0x20,0x20,0x20,0x20,0x68,0x69,0x67,0x68,0x70,
    0x20,0x66,0x6c,0x6f,0x61,0x74,0x20,0x70,0x61,0x72,0x61,0x6d,0x5f,0x34,0x20,0x3d,
    0x20,0x63,0x6f,0x72,0x6e,0x65,0x72,0x52,0x61,0x64,0x69,0x75,0x73,0x28,0x70,0x61,
    0x72,0x61,0x6d,0x2c,0x20,0x70,0x61,0x72,0x61,0x6d,0x5f,0x31,0x29,0x3b,0x0a,0x20,
    0x20,0x20,0x20,0x20,0x20,0x20,0x20,0x68,0x69,0x67,0x68,0x70,0x20,0x66,0x6c,0x6f,
    0x61,0x74,0x20,0x70,0x61,0x72,0x61,0x6d,0x5f,0x35,0x20,0x3d,0x20,0x72,0x6f,0x75,
    0x6e,0x64,0x65,0x64,0x52,0x65,0x63,0x74,0x44,0x69,0x73,0x74,0x61,0x6e,0x63,0x65,
    0x28,0x70,0x61,0x72,0x61,0x6d,0x5f,0x32,0x2c,0x20,0x70,0x61,0x72,0x61,0x6d,0x5f,
    0x33,0x2c,0x20,0x70,0x61,0x72,0x61,0x6d,0x5f,0x34,0x29,0x3b,0x0a,0x20,0x20,0x20,
    0x20,0x20,0x20,0x20,0x20,0x68,0x69,0x67,0x68,0x70,0x20,0x66,0x6c,0x6f,0x61,0x74,
    0x20,0x70,0x61,0x72,0x61,0x6d,0x5f,0x36,0x20,0x3d,0x20,0x76,0x55,0x76,0x41,0x61,
    0x2e,0x7a,0x3b,0x0a,0x20,0x20,0x20,0x20,0x20,0x20,0x20,0x20,0x68,0x69,0x67,0x68,
    0x70,0x20,0x76,0x65,0x63,0x34,0x20,0x74,0x65,0x78,0x65,0x6c,0x20,0x3d,0x20,0x74,
    0x65,0x78,0x74,0x75,0x72,0x65,0x28,0x75,0x69,0x54,0x65,0x78,0x5f,0x75,0x69,0x53,
    0x6d,0x70,0x2c,0x20,0x76,0x55,0x76,0x41,0x61,0x2e,0x78,0x79,0x29,0x3b,0x0a,0x20,
    0x20,0x20,0x20,0x20,0x20,0x20,0x20,0x69,0x66,0x20,0x28,0x76,0x50,0x61,0x72,0x61,
    0x6d,0x73,0x31,0x2e,0x78,0x20,0x3e,0x20,0x30,0x2e,0x35,0x29,0x0a,0x20,0x20,0x20,
    0x20,0x20,0x20,0x20,0x20,0x7b,0x0a,0x20,0x20,0x20,0x20,0x20,0x20,0x20,0x20,0x20,
    0x20,0x20,0x20,0x68,0x69,0x67,0x68,0x70,0x20,0x76,0x65,0x63,0x34,0x20,0x5f,0x35,
    0x30,0x30,0x20,0x3d,0x20,0x74,0x65,0x78,0x65,0x6c,0x3b,0x0a,0x20,0x20,0x20,0x20,
    0x20,0x20,0x20,0x20,0x20,0x20,0x20,0x20,0x68,0x69,0x67,0x68,0x70,0x20,0x66,0x6c,
    0x6f,0x61,0x74,0x20,0x5f,0x35,0x30,0x36,0x20,0x3d,0x20,0x64,0x6f,0x74,0x28,0x5f,
    0x35,0x30,0x30,0x2e,0x78,0x79,0x7a,0x2c,0x20,0x76,0x65,0x63,0x33,0x28,0x30,0x2e,
    0x32,0x31,0x32,0x35,0x39,0x39,0x39,0x39,0x32,0x37,0x35,0x32,0x30,0x37,0x35,0x31,
    0x39,0x35,0x33,0x31,0x32,0x35,0x2c,0x20,0x30,0x2e,0x37,0x31,0x35,0x32,0x30,0x30,
    0x30,0x30,0x36,0x39,0x36,0x31,0x38,0x32,0x32,0x35,0x30,0x39,0x37,0x36,0x35,0x36,
    0x32,0x35,0x2c,0x20,0x30,0x2e,0x30,0x37,0x32,0x32,0x30,0x30,0x30,0x30,0x30,0x32,
    0x38,0x36,0x31,0x30,0x32,0x32,0x39,0x34,0x39,0x32,0x31,0x38,0x37,0x35,0x29,0x29,
    0x3b,0x0a,0x20,0x20,0x20,0x20,0x20,0x20,0x20,0x20,0x20,0x20,0x20,0x20,0x68,0x69,
    0x67,0x68,0x70,0x20,0x76,0x65,0x63,0x34,0x20,0x5f,0x38,0x38,0x36,0x20,0x3d,0x20,
    0x5f,0x35,0x30,0x30,0x3b,0x0a,0x20,0x20,0x20,0x20,0x20,0x20,0x20,0x20,0x20,0x20,
    0x20,0x20,0x5f,0x38,0x38,0x36,0x2e,0x78,0x20,0x3d,0x20,0x5f,0x35,0x30,0x36,0x3b,
    0x0a,0x20,0x20,0x20,0x20,0x20,0x20,0x20,0x20,0x20,0x20,0x20,0x20,0x5f,0x38,0x38,
    0x36,0x2e,0x79,0x20,0x3d,0x20,0x5f,0x35,0x30,0x36,0x3b,0x0a,0x20,0x20,0x20,0x20,
    0x20,0x20,0x20,0x20,0x20,0x20,0x20,0x20,0x5f,0x38,0x38,0x36,0x2e,0x7a,0x20,0x3d,
    0x20,0x5f,0x35,0x30,0x36,0x3b,0x0a,0x20,0x20,0x20,0x20,0x20,0x20,0x20,0x20,0x20,
    0x20,0x20,0x20,0x74,0x65,0x78,0x65,0x6c,0x20,0x3d,0x20,0x5f,0x38,0x38,0x36,0x3b,
    0x0a,0x20,0x20,0x20,0x20,0x20,0x20,0x20,0x20,0x7d,0x0a,0x20,0x20,0x20,0x20,0x20,
    0x20,0x20,0x20,0x68,0x69,0x67,0x68,0x70,0x20,0x76,0x65,0x63,0x34,0x20,0x5f,0x35,
    0x31,0x39,0x20,0x3d,0x20,0x74,0x65,0x78,0x65,0x6c,0x20,0x2a,0x20,0x76,0x46,0x69,
    0x6c,0x6c,0x3b,0x0a,0x20,0x20,0x20,0x20,0x20,0x20,0x20,0x20,0x68,0x69,0x67,0x68,
    0x70,0x20,0x66,0x6c,0x6f,0x61,0x74,0x20,0x5f,0x35,0x32,0x34,0x20,0x3d,0x20,0x5f,
    0x35,0x31,0x39,0x2e,0x77,0x20,0x2a,0x20,0x63,0x6f,0x76,0x65,0x72,0x61,0x67,0x65,
    0x46,0x72,0x6f,0x6d,0x44,0x69,0x73,0x74,0x61,0x6e,0x63,0x65,0x28,0x70,0x61,0x72,
    0x61,0x6d,0x5f,0x35,0x2c,0x20,0x70,0x61,0x72,0x61,0x6d,0x5f,0x36,0x29,0x3b,0x0a,
    0x20,0x20,0x20,0x20,0x20,0x20,0x20,0x20,0x66,0x72,0x61,0x67,0x5f,0x63,0x6f,0x6c,
    0x6f,0x72,0x20,0x3d,0x20,0x76,0x65,0x63,0x34,0x28,0x5f,0x35,0x31,0x39,0x2e,0x78,
    0x79,0x7a,0x20,0x2a,0x20,0x5f,0x35,0x32,0x34,0x2c,0x20,0x5f,0x35,0x32,0x34,0x29,
    0x3b,0x0a,0x20,0x20,0x20,0x20,0x20,0x20,0x20,0x20,0x72,0x65,0x74,0x75,0x72,0x6e,
    0x3b,0x0a,0x20,0x20,0x20,0x20,0x7d,0x0a,0x20,0x20,0x20,0x20,0x69,0x66,0x20,0x28,
    0x5f,0x34,0x34,0x36,0x20,0x3d,0x3d,0x20,0x31,0x29,0x0a,0x20,0x20,0x20,0x20,0x7b,
    0x0a,0x20,0x20,0x20,0x20,0x20,0x20,0x20,0x20,0x68,0x69,0x67,0x68,0x70,0x20,0x66,
    0x6c,0x6f,0x61,0x74,0x20,0x61,0x6c,0x70,0x68,0x61,0x3b,0x0a,0x20,0x20,0x20,0x20,
    0x20,0x20,0x20,0x20,0x69,0x66,0x20,0x28,0x76,0x42,0x6f,0x72,0x64,0x65,0x72,0x73,
    0x2e,0x77,0x20,0x3e,0x20,0x30,0x2e,0x35,0x29,0x0a,0x20,0x20,0x20,0x20,0x20,0x20,
    0x20,0x20,0x7b,0x0a,0x20,0x20,0x20,0x20,0x20,0x20,0x20,0x20,0x20,0x20,0x20,0x20,
    0x68,0x69,0x67,0x68,0x70,0x20,0x76,0x65,0x63,0x32,0x20,0x70,0x61,0x72,0x61,0x6d,
    0x5f,0x37,0x20,0x3d,0x20,0x76,0x4c,0x6f,0x63,0x61,0x6c,0x48,0x61,0x6c,0x66,0x2e,
    0x78,0x79,0x3b,0x0a,0x20,0x20,0x20,0x20,0x20,0x20,0x20,0x20,0x20,0x20,0x20,0x20,
    0x68,0x69,0x67,0x68,0x70,0x20,0x76,0x65,0x63,0x32,0x20,0x70,0x61,0x72,0x61,0x6d,
    0x5f,0x38,0x20,0x3d,0x20,0x76,0x42,0x6f,0x72,0x64,0x65,0x72,0x73,0x2e,0x78,0x79,
    0x3b,0x0a,0x20,0x20,0x20,0x20,0x20,0x20,0x20,0x20,0x20,0x20,0x20,0x20,0x68,0x69,
    0x67,0x68,0x70,0x20,0x76,0x65,0x63,0x34,0x20,0x70,0x61,0x72,0x61,0x6d,0x5f,0x39,
    0x20,0x3d,0x20,0x76,0x52,0x61,0x64,0x69,0x69,0x3b,0x0a,0x20,0x20,0x20,0x20,0x20,
    0x20,0x20,0x20,0x20,0x20,0x20,0x20,0x68,0x69,0x67,0x68,0x70,0x20,0x76,0x65,0x63,
    0x32,0x20,0x70,0x61,0x72,0x61,0x6d,0x5f,0x31,0x30,0x20,0x3d,0x20,0x76,0x65,0x63,
    0x32,0x28,0x30,0x2e,0x30,0x29,0x3b,0x0a,0x20,0x20,0x20,0x20,0x20,0x20,0x20,0x20,
    0x20,0x20,0x20,0x20,0x68,0x69,0x67,0x68,0x70,0x20,0x66,0x6c,0x6f,0x61,0x74,0x20,
    0x70,0x61,0x72,0x61,0x6d,0x5f,0x31,0x31,0x20,0x3d,0x20,0x76,0x42,0x6f,0x72,0x64,
    0x65,0x72,0x73,0x2e,0x7a,0x3b,0x0a,0x20,0x20,0x20,0x20,0x20,0x20,0x20,0x20,0x20,
    0x20,0x20,0x20,0x68,0x69,0x67,0x68,0x70,0x20,0x66,0x6c,0x6f,0x61,0x74,0x20,0x70,
    0x61,0x72,0x61,0x6d,0x5f,0x31,0x32,0x20,0x3d,0x20,0x76,0x55,0x76,0x41,0x61,0x2e,
    0x7a,0x3b,0x0a,0x20,0x20,0x20,0x20,0x20,0x20,0x20,0x20,0x20,0x20,0x20,0x20,0x68,
    0x69,0x67,0x68,0x70,0x20,0x76,0x65,0x63,0x32,0x20,0x70,0x61,0x72,0x61,0x6d,0x5f,
    0x31,0x33,0x20,0x3d,0x20,0x76,0x4c,0x6f,0x63,0x61,0x6c,0x48,0x61,0x6c,0x66,0x2e,
    0x78,0x79,0x3b,0x0a,0x20,0x20,0x20,0x20,0x20,0x20,0x20,0x20,0x20,0x20,0x20,0x20,
    0x68,0x69,0x67,0x68,0x70,0x20,0x76,0x65,0x63,0x34,0x20,0x70,0x61,0x72,0x61,0x6d,
    0x5f,0x31,0x34,0x20,0x3d,0x20,0x76,0x52,0x61,0x64,0x69,0x69,0x3b,0x0a,0x20,0x20,
    0x20,0x20,0x20,0x20,0x20,0x20,0x20,0x20,0x20,0x20,0x68,0x69,0x67,0x68,0x70,0x20,
    0x76,0x65,0x63,0x32,0x20,0x70,0x61,0x72,0x61,0x6d,0x5f,0x31,0x35,0x20,0x3d,0x20,
    0x76,0x4c,0x6f,0x63,0x61,0x6c,0x48,0x61,0x6c,0x66,0x2e,0x78,0x79,0x3b,0x0a,0x20,
    0x20,0x20,0x20,0x20,0x20,0x20,0x20,0x20,0x20,0x20,0x20,0x68,0x69,0x67,0x68,0x70,
    0x20,0x76,0x65,0x63,0x32,0x20,0x70,0x61,0x72,0x61,0x6d,0x5f,0x31,0x36,0x20,0x3d,
    0x20,0x76,0x42,0x6f,0x72,0x64,0x65,0x72,0x73,0x2e,0x78,0x79,0x3b,0x0a,0x20,0x20,
    0x20,0x20,0x20,0x20,0x20,0x20,0x20,0x20,0x20,0x20,0x68,0x69,0x67,0x68,0x70,0x20,
    0x66,0x6c,0x6f,0x61,0x74,0x20,0x70,0x61,0x72,0x61,0x6d,0x5f,0x31,0x37,0x20,0x3d,
    0x20,0x63,0x6f,0x72,0x6e,0x65,0x72,0x52,0x61,0x64,0x69,0x75,0x73,0x28,0x70,0x61,
    0x72,0x61,0x6d,0x5f,0x31,0x33,0x2c,0x20,0x70,0x61,0x72,0x61,0x6d,0x5f,0x31,0x34,
    0x29,0x3b,0x0a,0x20,0x20,0x20,0x20,0x20,0x20,0x20,0x20,0x20,0x20,0x20,0x20,0x68,
    0x69,0x67,0x68,0x70,0x20,0x66,0x6c,0x6f,0x61,0x74,0x20,0x70,0x61,0x72,0x61,0x6d,
    0x5f,0x31,0x38,0x20,0x3d,0x20,0x72,0x6f,0x75,0x6e,0x64,0x65,0x64,0x52,0x65,0x63,
    0x74,0x44,0x69,0x73,0x74,0x61,0x6e,0x63,0x65,0x28,0x70,0x61,0x72,0x61,0x6d,0x5f,
    0x31,0x35,0x2c,0x20,0x70,0x61,0x72,0x61,0x6d,0x5f,0x31,0x36,0x2c,0x20,0x70,0x61,
    0x72,0x61,0x6d,0x5f,0x31,0x37,0x29,0x3b,0x0a,0x20,0x20,0x20,0x20,0x20,0x20,0x20,
    0x20,0x20,0x20,0x20,0x20,0x68,0x69,0x67,0x68,0x70,0x20,0x66,0x6c,0x6f,0x61,0x74,
    0x20,0x70,0x61,0x72,0x61,0x6d,0x5f,0x31,0x39,0x20,0x3d,0x20,0x76,0x55,0x76,0x41,
    0x61,0x2e,0x7a,0x3b,0x0a,0x20,0x20,0x20,0x20,0x20,0x20,0x20,0x20,0x20,0x20,0x20,
    0x20,0x61,0x6c,0x70,0x68,0x61,0x20,0x3d,0x20,0x28,0x31,0x2e,0x30,0x20,0x2d,0x20,
    0x73,0x68,0x61,0x64,0x6f,0x77,0x43,0x6f,0x76,0x65,0x72,0x61,0x67,0x65,0x28,0x70,
    0x61,0x72,0x61,0x6d,0x5f,0x37,0x2c,0x20,0x70,0x61,0x72,0x61,0x6d,0x5f,0x38,0x2c,
    0x20,0x70,0x61,0x72,0x61,0x6d,0x5f,0x39,0x2c,0x20,0x70,0x61,0x72,0x61,0x6d,0x5f,
    0x31,0x30,0x2c,0x20,0x70,0x61,0x72,0x61,0x6d,0x5f,0x31,0x31,0x2c,0x20,0x70,0x61,
    0x72,0x61,0x6d,0x5f,0x31,0x32,0x29,0x29,0x20,0x2a,0x20,0x63,0x6f,0x76,0x65,0x72,
    0x61,0x67,0x65,0x46,0x72,0x6f,0x6d,0x44,0x69,0x73,0x74,0x61,0x6e,0x63,0x65,0x28,
    0x70,0x61,0x72,0x61,0x6d,0x5f,0x31,0x38,0x2c,0x20,0x70,0x61,0x72,0x61,0x6d,0x5f,
    0x31,0x39,0x29,0x3b,0x0a,0x20,0x20,0x20,0x20,0x20,0x20,0x20,0x20,0x7d,0x0a,0x20,
    0x20,0x20,0x20,0x20,0x20,0x20,0x20,0x65,0x6c,0x73,0x65,0x0a,0x20,0x20,0x20,0x20,
    0x20,0x20,0x20,0x20,0x7b,0x0a,0x20,0x20,0x20,0x20,0x20,0x20,0x20,0x20,0x20,0x20,
    0x20,0x20,0x68,0x69,0x67,0x68,0x70,0x20,0x76,0x65,0x63,0x32,0x20,0x70,0x61,0x72,
    0x61,0x6d,0x5f,0x32,0x30,0x20,0x3d,0x20,0x76,0x4c,0x6f,0x63,0x61,0x6c,0x48,0x61,
    0x6c,0x66,0x2e,0x78,0x79,0x3b,0x0a,0x20,0x20,0x20,0x20,0x20,0x20,0x20,0x20,0x20,
    0x20,0x20,0x20,0x68,0x69,0x67,0x68,0x70,0x20,0x76,0x65,0x63,0x32,0x20,0x70,0x61,
    0x72,0x61,0x6d,0x5f,0x32,0x31,0x20,0x3d,0x20,0x76,0x42,0x6f,0x72,0x64,0x65,0x72,
    0x73,0x2e,0x78,0x79,0x3b,0x0a,0x20,0x20,0x20,0x20,0x20,0x20,0x20,0x20,0x20,0x20,
    0x20,0x20,0x68,0x69,0x67,0x68,0x70,0x20,0x76,0x65,0x63,0x34,0x20,0x70,0x61,0x72,
    0x61,0x6d,0x5f,0x32,0x32,0x20,0x3d,0x20,0x76,0x52,0x61,0x64,0x69,0x69,0x3b,0x0a,
    0x20,0x20,0x20,0x20,0x20,0x20,0x20,0x20,0x20,0x20,0x20,0x20,0x68,0x69,0x67,0x68,
    0x70,0x20,0x76,0x65,0x63,0x32,0x20,0x70,0x61,0x72,0x61,0x6d,0x5f,0x32,0x33,0x20,
    0x3d,0x20,0x76,0x50,0x61,0x72,0x61,0x6d,0x73,0x31,0x2e,0x78,0x79,0x3b,0x0a,0x20,
    0x20,0x20,0x20,0x20,0x20,0x20,0x20,0x20,0x20,0x20,0x20,0x68,0x69,0x67,0x68,0x70,
    0x20,0x66,0x6c,0x6f,0x61,0x74,0x20,0x70,0x61,0x72,0x61,0x6d,0x5f,0x32,0x34,0x20,
    0x3d,0x20,0x76,0x42,0x6f,0x72,0x64,0x65,0x72,0x73,0x2e,0x7a,0x3b,0x0a,0x20,0x20,
    0x20,0x20,0x20,0x20,0x20,0x20,0x20,0x20,0x20,0x20,0x68,0x69,0x67,0x68,0x70,0x20,
    0x66,0x6c,0x6f,0x61,0x74,0x20,0x70,0x61,0x72,0x61,0x6d,0x5f,0x32,0x35,0x20,0x3d,
    0x20,0x76,0x55,0x76,0x41,0x61,0x2e,0x7a,0x3b,0x0a,0x20,0x20,0x20,0x20,0x20,0x20,
    0x20,0x20,0x20,0x20,0x20,0x20,0x61,0x6c,0x70,0x68,0x61,0x20,0x3d,0x20,0x73,0x68,
    0x61,0x64,0x6f,0x77,0x43,0x6f,0x76,0x65,0x72,0x61,0x67,0x65,0x28,0x70,0x61,0x72,
    0x61,0x6d,0x5f,0x32,0x30,0x2c,0x20,0x70,0x61,0x72,0x61,0x6d,0x5f,0x32,0x31,0x2c,
    0x20,0x70,0x61,0x72,0x61,0x6d,0x5f,0x32,0x32,0x2c,0x20,0x70,0x61,0x72,0x61,0x6d,
    0x5f,0x32,0x33,0x2c,0x20,0x70,0x61,0x72,0x61,0x6d,0x5f,0x32,0x34,0x2c,0x20,0x70,
    0x61,0x72,0x61,0x6d,0x5f,0x32,0x35,0x29,0x3b,0x0a,0x20,0x20,0x20,0x20,0x20,0x20,
    0x20,0x20,0x7d,0x0a,0x20,0x20,0x20,0x20,0x20,0x20,0x20,0x20,0x68,0x69,0x67,0x68,
    0x70,0x20,0x66,0x6c,0x6f,0x61,0x74,0x20,0x5f,0x36,0x30,0x37,0x20,0x3d,0x20,0x76,
    0x45,0x78,0x74,0x72,0x61,0x2e,0x77,0x20,0x2a,0x20,0x61,0x6c,0x70,0x68,0x61,0x3b,
    0x0a,0x20,0x20,0x20,0x20,0x20,0x20,0x20,0x20,0x66,0x72,0x61,0x67,0x5f,0x63,0x6f,
    0x6c,0x6f,0x72,0x20,0x3d,0x20,0x76,0x65,0x63,0x34,0x28,0x76,0x45,0x78,0x74,0x72,
    0x61,0x2e,0x78,0x79,0x7a,0x20,0x2a,0x20,0x5f,0x36,0x30,0x37,0x2c,0x20,0x5f,0x36,
    0x30,0x37,0x29,0x3b,0x0a,0x20,0x20,0x20,0x20,0x20,0x20,0x20,0x20,0x72,0x65,0x74,
    0x75,0x72,0x6e,0x3b,0x0a,0x20,0x20,0x20,0x20,0x7d,0x0a,0x20,0x20,0x20,0x20,0x68,
    0x69,0x67,0x68,0x70,0x20,0x76,0x65,0x63,0x32,0x20,0x68,0x61,0x6c,0x66,0x42,0x6f,
    0x78,0x20,0x3d,0x20,0x76,0x4c,0x6f,0x63,0x61,0x6c,0x48,0x61,0x6c,0x66,0x2e,0x7a,
    0x77,0x3b,0x0a,0x20,0x20,0x20,0x20,0x62,0x6f,0x6f,0x6c,0x20,0x5f,0x36,0x32,0x34,
    0x20,0x3d,0x20,0x76,0x45,0x78,0x74,0x72,0x61,0x2e,0x77,0x20,0x3e,0x20,0x30,0x2e,
    0x30,0x3b,0x0a,0x20,0x20,0x20,0x20,0x62,0x6f,0x6f,0x6c,0x20,0x5f,0x36,0x33,0x31,
    0x3b,0x0a,0x20,0x20,0x20,0x20,0x69,0x66,0x20,0x28,0x5f,0x36,0x32,0x34,0x29,0x0a,
    0x20,0x20,0x20,0x20,0x7b,0x0a,0x20,0x20,0x20,0x20,0x20,0x20,0x20,0x20,0x5f,0x36,
    0x33,0x31,0x20,0x3d,0x20,0x76,0x50,0x61,0x72,0x61,0x6d,0x73,0x31,0x2e,0x77,0x20,
    0x3c,0x3d,0x20,0x30,0x2e,0x35,0x3b,0x0a,0x20,0x20,0x20,0x20,0x7d,0x0a,0x20,0x20,
    0x20,0x20,0x65,0x6c,0x73,0x65,0x0a,0x20,0x20,0x20,0x20,0x7b,0x0a,0x20,0x20,0x20,
    0x20,0x20,0x20,0x20,0x20,0x5f,0x36,0x33,0x31,0x20,0x3d,0x20,0x5f,0x36,0x32,0x34,
    0x3b,0x0a,0x20,0x20,0x20,0x20,0x7d,0x0a,0x20,0x20,0x20,0x20,0x69,0x66,0x20,0x28,
    0x5f,0x36,0x33,0x31,0x29,0x0a,0x20,0x20,0x20,0x20,0x7b,0x0a,0x20,0x20,0x20,0x20,
    0x20,0x20,0x20,0x20,0x68,0x61,0x6c,0x66,0x42,0x6f,0x78,0x20,0x3d,0x20,0x76,0x4c,
    0x6f,0x63,0x61,0x6c,0x48,0x61,0x6c,0x66,0x2e,0x7a,0x77,0x20,0x2d,0x20,0x28,0x76,
    0x65,0x63,0x32,0x28,0x33,0x2e,0x30,0x20,0x2a,0x20,0x76,0x50,0x61,0x72,0x61,0x6d,
    0x73,0x31,0x2e,0x7a,0x29,0x20,0x2b,0x20,0x61,0x62,0x73,0x28,0x76,0x50,0x61,0x72,
    0x61,0x6d,0x73,0x31,0x2e,0x78,0x79,0x29,0x29,0x3b,0x0a,0x20,0x20,0x20,0x20,0x7d,
    0x0a,0x20,0x20,0x20,0x20,0x68,0x69,0x67,0x68,0x70,0x20,0x76,0x65,0x63,0x32,0x20,
    0x70,0x61,0x72,0x61,0x6d,0x5f,0x32,0x36,0x20,0x3d,0x20,0x76,0x4c,0x6f,0x63,0x61,
    0x6c,0x48,0x61,0x6c,0x66,0x2e,0x78,0x79,0x3b,0x0a,0x20,0x20,0x20,0x20,0x68,0x69,
    0x67,0x68,0x70,0x20,0x76,0x65,0x63,0x34,0x20,0x70,0x61,0x72,0x61,0x6d,0x5f,0x32,
    0x37,0x20,0x3d,0x20,0x76,0x52,0x61,0x64,0x69,0x69,0x3b,0x0a,0x20,0x20,0x20,0x20,
    0x68,0x69,0x67,0x68,0x70,0x20,0x76,0x65,0x63,0x32,0x20,0x70,0x61,0x72,0x61,0x6d,
    0x5f,0x32,0x38,0x20,0x3d,0x20,0x76,0x4c,0x6f,0x63,0x61,0x6c,0x48,0x61,0x6c,0x66,
    0x2e,0x78,0x79,0x3b,0x0a,0x20,0x20,0x20,0x20,0x68,0x69,0x67,0x68,0x70,0x20,0x76,
    0x65,0x63,0x32,0x20,0x70,0x61,0x72,0x61,0x6d,0x5f,0x32,0x39,0x20,0x3d,0x20,0x68,
    0x61,0x6c,0x66,0x42,0x6f,0x78,0x3b,0x0a,0x20,0x20,0x20,0x20,0x68,0x69,0x67,0x68,
    0x70,0x20,0x66,0x6c,0x6f,0x61,0x74,0x20,0x70,0x61,0x72,0x61,0x6d,0x5f,0x33,0x30,
    0x20,0x3d,0x20,0x63,0x6f,0x72,0x6e,0x65,0x72,0x52,0x61,0x64,0x69,0x75,0x73,0x28,
    0x70,0x61,0x72,0x61,0x6d,0x5f,0x32,0x36,0x2c,0x20,0x70,0x61,0x72,0x61,0x6d,0x5f,
    0x32,0x37,0x29,0x3b,0x0a,0x20,0x20,0x20,0x20,0x68,0x69,0x67,0x68,0x70,0x20,0x76,
    0x65,0x63,0x34,0x20,0x5f,0x36,0x36,0x30,0x20,0x3d,0x20,0x6d,0x61,0x78,0x28,0x76,
    0x42,0x6f,0x72,0x64,0x65,0x72,0x73,0x2c,0x20,0x76,0x65,0x63,0x34,0x28,0x30,0x2e,
    0x30,0x29,0x29,0x3b,0x0a,0x20,0x20,0x20,0x20,0x68,0x69,0x67,0x68,0x70,0x20,0x66,
    0x6c,0x6f,0x61,0x74,0x20,0x5f,0x36,0x36,0x33,0x20,0x3d,0x20,0x5f,0x36,0x36,0x30,
    0x2e,0x78,0x3b,0x0a,0x20,0x20,0x20,0x20,0x68,0x69,0x67,0x68,0x70,0x20,0x66,0x6c,
    0x6f,0x61,0x74,0x20,0x5f,0x36,0x36,0x35,0x20,0x3d,0x20,0x5f,0x36,0x36,0x30,0x2e,
    0x7a,0x3b,0x0a,0x20,0x20,0x20,0x20,0x68,0x69,0x67,0x68,0x70,0x20,0x66,0x6c,0x6f,
    0x61,0x74,0x20,0x5f,0x36,0x36,0x38,0x20,0x3d,0x20,0x5f,0x36,0x36,0x30,0x2e,0x79,
    0x3b,0x0a,0x20,0x20,0x20,0x20,0x68,0x69,0x67,0x68,0x70,0x20,0x66,0x6c,0x6f,0x61,
    0x74,0x20,0x5f,0x36,0x37,0x30,0x20,0x3d,0x20,0x5f,0x36,0x36,0x30,0x2e,0x77,0x3b,
    0x0a,0x20,0x20,0x20,0x20,0x68,0x69,0x67,0x68,0x70,0x20,0x76,0x65,0x63,0x32,0x20,
    0x5f,0x37,0x31,0x35,0x20,0x3d,0x20,0x76,0x4c,0x6f,0x63,0x61,0x6c,0x48,0x61,0x6c,
    0x66,0x2e,0x78,0x79,0x20,0x2d,0x20,0x28,0x76,0x65,0x63,0x32,0x28,0x5f,0x36,0x36,
    0x33,0x20,0x2d,0x20,0x5f,0x36,0x36,0x35,0x2c,0x20,0x5f,0x36,0x36,0x38,0x20,0x2d,
    0x20,0x5f,0x36,0x37,0x30,0x29,0x20,0x2a,0x20,0x30,0x2e,0x35,0x29,0x3b,0x0a,0x20,
    0x20,0x20,0x20,0x68,0x69,0x67,0x68,0x70,0x20,0x76,0x65,0x63,0x32,0x20,0x70,0x61,
    0x72,0x61,0x6d,0x5f,0x33,0x31,0x20,0x3d,0x20,0x5f,0x37,0x31,0x35,0x3b,0x0a,0x20,
    0x20,0x20,0x20,0x68,0x69,0x67,0x68,0x70,0x20,0x76,0x65,0x63,0x34,0x20,0x70,0x61,
    0x72,0x61,0x6d,0x5f,0x33,0x32,0x20,0x3d,0x20,0x6d,0x61,0x78,0x28,0x76,0x52,0x61,
    0x64,0x69,0x69,0x20,0x2d,0x20,0x76,0x65,0x63,0x34,0x28,0x6d,0x61,0x78,0x28,0x5f,
    0x36,0x36,0x33,0x2c,0x20,0x5f,0x36,0x36,0x38,0x29,0x2c,0x20,0x6d,0x61,0x78,0x28,
    0x5f,0x36,0x36,0x38,0x2c,0x20,0x5f,0x36,0x36,0x35,0x29,0x2c,0x20,0x6d,0x61,0x78,
    0x28,0x5f,0x36,0x36,0x35,0x2c,0x20,0x5f,0x36,0x37,0x30,0x29,0x2c,0x20,0x6d,0x61,
    0x78,0x28,0x5f,0x36,0x37,0x30,0x2c,0x20,0x5f,0x36,0x36,0x33,0x29,0x29,0x2c,0x20,
    0x76,0x65,0x63,0x34,0x28,0x30,0x2e,0x30,0x29,0x29,0x3b,0x0a,0x20,0x20,0x20,0x20,
    0x68,0x69,0x67,0x68,0x70,0x20,0x76,0x65,0x63,0x32,0x20,0x70,0x61,0x72,0x61,0x6d,
    0x5f,0x33,0x33,0x20,0x3d,0x20,0x5f,0x37,0x31,0x35,0x3b,0x0a,0x20,0x20,0x20,0x20,
    0x68,0x69,0x67,0x68,0x70,0x20,0x76,0x65,0x63,0x32,0x20,0x70,0x61,0x72,0x61,0x6d,
    0x5f,0x33,0x34,0x20,0x3d,0x20,0x6d,0x61,0x78,0x28,0x68,0x61,0x6c,0x66,0x42,0x6f,
    0x78,0x20,0x2d,0x20,0x28,0x76,0x65,0x63,0x32,0x28,0x5f,0x36,0x36,0x33,0x20,0x2b,
    0x20,0x5f,0x36,0x36,0x35,0x2c,0x20,0x5f,0x36,0x36,0x38,0x20,0x2b,0x20,0x5f,0x36,
    0x37,0x30,0x29,0x20,0x2a,0x20,0x30,0x2e,0x35,0x29,0x2c,0x20,0x76,0x65,0x63,0x32,
    0x28,0x30,0x2e,0x30,0x29,0x29,0x3b,0x0a,0x20,0x20,0x20,0x20,0x68,0x69,0x67,0x68,
    0x70,0x20,0x66,0x6c,0x6f,0x61,0x74,0x20,0x70,0x61,0x72,0x61,0x6d,0x5f,0x33,0x35,
    0x20,0x3d,0x20,0x63,0x6f,0x72,0x6e,0x65,0x72,0x52,0x61,0x64,0x69,0x75,0x73,0x28,
    0x70,0x61,0x72,0x61,0x6d,0x5f,0x33,0x31,0x2c,0x20,0x70,0x61,0x72,0x61,0x6d,0x5f,
    0x33,0x32,0x29,0x3b,0x0a,0x20,0x20,0x20,0x20,0x68,0x69,0x67,0x68,0x70,0x20,0x66,
    0x6c,0x6f,0x61,0x74,0x20,0x70,0x61,0x72,0x61,0x6d,0x5f,0x33,0x36,0x20,0x3d,0x20,
    0x72,0x6f,0x75,0x6e,0x64,0x65,0x64,0x52,0x65,0x63,0x74,0x44,0x69,0x73,0x74,0x61,
    0x6e,0x63,0x65,0x28,0x70,0x61,0x72,0x61,0x6d,0x5f,0x32,0x38,0x2c,0x20,0x70,0x61,
    0x72,0x61,0x6d,0x5f,0x32,0x39,0x2c,0x20,0x70,0x61,0x72,0x61,0x6d,0x5f,0x33,0x30,
    0x29,0x3b,0x0a,0x20,0x20,0x20,0x20,0x68,0x69,0x67,0x68,0x70,0x20,0x66,0x6c,0x6f,
    0x61,0x74,0x20,0x70,0x61,0x72,0x61,0x6d,0x5f,0x33,0x37,0x20,0x3d,0x20,0x76,0x55,
    0x76,0x41,0x61,0x2e,0x7a,0x3b,0x0a,0x20,0x20,0x20,0x20,0x68,0x69,0x67,0x68,0x70,
    0x20,0x66,0x6c,0x6f,0x61,0x74,0x20,0x5f,0x37,0x33,0x36,0x20,0x3d,0x20,0x63,0x6f,
    0x76,0x65,0x72,0x61,0x67,0x65,0x46,0x72,0x6f,0x6d,0x44,0x69,0x73,0x74,0x61,0x6e,
    0x63,0x65,0x28,0x70,0x61,0x72,0x61,0x6d,0x5f,0x33,0x36,0x2c,0x20,0x70,0x61,0x72,
    0x61,0x6d,0x5f,0x33,0x37,0x29,0x3b,0x0a,0x20,0x20,0x20,0x20,0x68,0x69,0x67,0x68,
    0x70,0x20,0x66,0x6c,0x6f,0x61,0x74,0x20,0x70,0x61,0x72,0x61,0x6d,0x5f,0x33,0x38,
    0x20,0x3d,0x20,0x72,0x6f,0x75,0x6e,0x64,0x65,0x64,0x52,0x65,0x63,0x74,0x44,0x69,
    0x73,0x74,0x61,0x6e,0x63,0x65,0x28,0x70,0x61,0x72,0x61,0x6d,0x5f,0x33,0x33,0x2c,
    0x20,0x70,0x61,0x72,0x61,0x6d,0x5f,0x33,0x34,0x2c,0x20,0x70,0x61,0x72,0x61,0x6d,
    0x5f,0x33,0x35,0x29,0x3b,0x0a,0x20,0x20,0x20,0x20,0x68,0x69,0x67,0x68,0x70,0x20,
    0x66,0x6c,0x6f,0x61,0x74,0x20,0x70,0x61,0x72,0x61,0x6d,0x5f,0x33,0x39,0x20,0x3d,
    0x20,0x76,0x55,0x76,0x41,0x61,0x2e,0x7a,0x3b,0x0a,0x20,0x20,0x20,0x20,0x68,0x69,
    0x67,0x68,0x70,0x20,0x66,0x6c,0x6f,0x61,0x74,0x20,0x5f,0x37,0x34,0x32,0x20,0x3d,
    0x20,0x63,0x6f,0x76,0x65,0x72,0x61,0x67,0x65,0x46,0x72,0x6f,0x6d,0x44,0x69,0x73,
    0x74,0x61,0x6e,0x63,0x65,0x28,0x70,0x61,0x72,0x61,0x6d,0x5f,0x33,0x38,0x2c,0x20,
    0x70,0x61,0x72,0x61,0x6d,0x5f,0x33,0x39,0x29,0x3b,0x0a,0x20,0x20,0x20,0x20,0x68,
    0x69,0x67,0x68,0x70,0x20,0x76,0x65,0x63,0x34,0x20,0x66,0x69,0x6c,0x6c,0x20,0x3d,
    0x20,0x76,0x46,0x69,0x6c,0x6c,0x3b,0x0a,0x20,0x20,0x20,0x20,0x69,0x66,0x20,0x28,
    0x5f,0x34,0x34,0x36,0x20,0x3d,0x3d,0x20,0x32,0x29,0x0a,0x20,0x20,0x20,0x20,0x7b,
    0x0a,0x20,0x20,0x20,0x20,0x20,0x20,0x20,0x20,0x68,0x69,0x67,0x68,0x70,0x20,0x76,
    0x65,0x63,0x34,0x20,0x5f,0x39,0x30,0x38,0x20,0x3d,0x20,0x66,0x69,0x6c,0x6c,0x3b,
    0x0a,0x20,0x20,0x20,0x20,0x20,0x20,0x20,0x20,0x5f,0x39,0x30,0x38,0x2e,0x77,0x20,
    0x3d,0x20,0x5f,0x39,0x30,0x38,0x2e,0x77,0x20,0x2a,0x20,0x74,0x65,0x78,0x74,0x75,
    0x72,0x65,0x28,0x75,0x69,0x54,0x65,0x78,0x5f,0x75,0x69,0x53,0x6d,0x70,0x2c,0x20,
    0x76,0x55,0x76,0x41,0x61,0x2e,0x78,0x79,0x29,0x2e,0x77,0x3b,0x0a,0x20,0x20,0x20,
    0x20,0x20,0x20,0x20,0x20,0x66,0x69,0x6c,0x6c,0x20,0x3d,0x20,0x5f,0x39,0x30,0x38,
    0x3b,0x0a,0x20,0x20,0x20,0x20,0x7d,0x0a,0x20,0x20,0x20,0x20,0x68,0x69,0x67,0x68,
    0x70,0x20,0x66,0x6c,0x6f,0x61,0x74,0x20,0x5f,0x37,0x37,0x30,0x20,0x3d,0x20,0x66,
    0x69,0x6c,0x6c,0x2e,0x77,0x20,0x2a,0x20,0x5f,0x37,0x34,0x32,0x3b,0x0a,0x20,0x20,
    0x20,0x20,0x68,0x69,0x67,0x68,0x70,0x20,0x66,0x6c,0x6f,0x61,0x74,0x20,0x5f,0x37,
    0x37,0x35,0x20,0x3d,0x20,0x76,0x42,0x6f,0x72,0x64,0x65,0x72,0x2e,0x77,0x20,0x2a,
    0x20,0x6d,0x61,0x78,0x28,0x5f,0x37,0x33,0x36,0x20,0x2d,0x20,0x5f,0x37,0x34,0x32,
    0x2c,0x20,0x30,0x2e,0x30,0x29,0x3b,0x0a,0x20,0x20,0x20,0x20,0x68,0x69,0x67,0x68,
    0x70,0x20,0x66,0x6c,0x6f,0x61,0x74,0x20,0x61,0x6c,0x70,0x68,0x61,0x5f,0x31,0x20,
    0x3d,0x20,0x5f,0x37,0x37,0x30,0x20,0x2b,0x20,0x5f,0x37,0x37,0x35,0x3b,0x0a,0x20,
    0x20,0x20,0x20,0x68,0x69,0x67,0x68,0x70,0x20,0x76,0x65,0x63,0x33,0x20,0x72,0x67,
    0x62,0x20,0x3d,0x20,0x28,0x66,0x69,0x6c,0x6c,0x2e,0x78,0x79,0x7a,0x20,0x2a,0x20,
    0x5f,0x37,0x37,0x30,0x29,0x20,0x2b,0x20,0x28,0x76,0x42,0x6f,0x72,0x64,0x65,0x72,
    0x2e,0x78,0x79,0x7a,0x20,0x2a,0x20,0x5f,0x37,0x37,0x35,0x29,0x3b,0x0a,0x20,0x20,
    0x20,0x20,0x69,0x66,0x20,0x28,0x5f,0x36,0x32,0x34,0x29,0x0a,0x20,0x20,0x20,0x20,
    0x7b,0x0a,0x20,0x20,0x20,0x20,0x20,0x20,0x20,0x20,0x62,0x6f,0x6f,0x6c,0x20,0x5f,
    0x37,0x39,0x39,0x20,0x3d,0x20,0x76,0x50,0x61,0x72,0x61,0x6d,0x73,0x31,0x2e,0x77,
    0x20,0x3e,0x20,0x30,0x2e,0x35,0x3b,0x0a,0x20,0x20,0x20,0x20,0x20,0x20,0x20,0x20,
    0x68,0x69,0x67,0x68,0x70,0x20,0x66,0x6c,0x6f,0x61,0x74,0x20,0x73,0x41,0x6c,0x70,
    0x68,0x61,0x3b,0x0a,0x20,0x20,0x20,0x20,0x20,0x20,0x20,0x20,0x69,0x66,0x20,0x28,
    0x5f,0x37,0x39,0x39,0x29,0x0a,0x20,0x20,0x20,0x20,0x20,0x20,0x20,0x20,0x7b,0x0a,
    0x20,0x20,0x20,0x20,0x20,0x20,0x20,0x20,0x20,0x20,0x20,0x20,0x68,0x69,0x67,0x68,
    0x70,0x20,0x76,0x65,0x63,0x32,0x20,0x70,0x61,0x72,0x61,0x6d,0x5f,0x34,0x30,0x20,
    0x3d,0x20,0x76,0x4c,0x6f,0x63,0x61,0x6c,0x48,0x61,0x6c,0x66,0x2e,0x78,0x79,0x3b,
    0x0a,0x20,0x20,0x20,0x20,0x20,0x20,0x20,0x20,0x20,0x20,0x20,0x20,0x68,0x69,0x67,
    0x68,0x70,0x20,0x76,0x65,0x63,0x32,0x20,0x70,0x61,0x72,0x61,0x6d,0x5f,0x34,0x31,
    0x20,0x3d,0x20,0x68,0x61,0x6c,0x66,0x42,0x6f,0x78,0x3b,0x0a,0x20,0x20,0x20,0x20,
    0x20,0x20,0x20,0x20,0x20,0x20,0x20,0x20,0x68,0x69,0x67,0x68,0x70,0x20,0x76,0x65,
    0x63,0x34,0x20,0x70,0x61,0x72,0x61,0x6d,0x5f,0x34,0x32,0x20,0x3d,0x20,0x76,0x52,
    0x61,0x64,0x69,0x69,0x3b,0x0a,0x20,0x20,0x20,0x20,0x20,0x20,0x20,0x20,0x20,0x20,
    0x20,0x20,0x68,0x69,0x67,0x68,0x70,0x20,0x76,0x65,0x63,0x32,0x20,0x70,0x61,0x72,
    0x61,0x6d,0x5f,0x34,0x33,0x20,0x3d,0x20,0x76,0x65,0x63,0x32,0x28,0x30,0x2e,0x30,
    0x29,0x3b,0x0a,0x20,0x20,0x20,0x20,0x20,0x20,0x20,0x20,0x20,0x20,0x20,0x20,0x68,
    0x69,0x67,0x68,0x70,0x20,0x66,0x6c,0x6f,0x61,0x74,0x20,0x70,0x61,0x72,0x61,0x6d,
    0x5f,0x34,0x34,0x20,0x3d,0x20,0x76,0x50,0x61,0x72,0x61,0x6d,0x73,0x31,0x2e,0x7a,
    0x3b,0x0a,0x20,0x20,0x20,0x20,0x20,0x20,0x20,0x20,0x20,0x20,0x20,0x20,0x68,0x69,
    0x67,0x68,0x70,0x20,0x66,0x6c,0x6f,0x61,0x74,0x20,0x70,0x61,0x72,0x61,0x6d,0x5f,
    0x34,0x35,0x20,0x3d,0x20,0x76,0x55,0x76,0x41,0x61,0x2e,0x7a,0x3b,0x0a,0x20,0x20,
    0x20,0x20,0x20,0x20,0x20,0x20,0x20,0x20,0x20,0x20,0x73,0x41,0x6c,0x70,0x68,0x61,
    0x20,0x3d,0x20,0x28,0x31,0x2e,0x30,0x20,0x2d,0x20,0x73,0x68,0x61,0x64,0x6f,0x77,
    0x43,0x6f,0x76,0x65,0x72,0x61,0x67,0x65,0x28,0x70,0x61,0x72,0x61,0x6d,0x5f,0x34,
    0x30,0x2c,0x20,0x70,0x61,0x72,0x61,0x6d,0x5f,0x34,0x31,0x2c,0x20,0x70,0x61,0x72,
    0x61,0x6d,0x5f,0x34,0x32,0x2c,0x20,0x70,0x61,0x72,0x61,0x6d,0x5f,0x34,0x33,0x2c,
    0x20,0x70,0x61,0x72,0x61,0x6d,0x5f,0x34,0x34,0x2c,0x20,0x70,0x61,0x72,0x61,0x6d,
    0x5f,0x34,0x35,0x29,0x29,0x20,0x2a,0x20,0x5f,0x37,0x33,0x36,0x3b,0x0a,0x20,0x20,
    0x20,0x20,0x20,0x20,0x20,0x20,0x7d,0x0a,0x20,0x20,0x20,0x20,0x20,0x20,0x20,0x20,
    0x65,0x6c,0x73,0x65,0x0a,0x20,0x20,0x20,0x20,0x20,0x20,0x20,0x20,0x7b,0x0a,0x20,
    0x20,0x20,0x20,0x20,0x20,0x20,0x20,0x20,0x20,0x20,0x20,0x68,0x69,0x67,0x68,0x70,
    0x20,0x76,0x65,0x63,0x32,0x20,0x70,0x61,0x72,0x61,0x6d,0x5f,0x34,0x36,0x20,0x3d,
    0x20,0x76,0x4c,0x6f,0x63,0x61,0x6c,0x48,0x61,0x6c,0x66,0x2e,0x78,0x79,0x3b,0x0a,
    0x20,0x20,0x20,0x20,0x20,0x20,0x20,0x20,0x20,0x20,0x20,0x20,0x68,0x69,0x67,0x68,
    0x70,0x20,0x76,0x65,0x63,0x32,0x20,0x70,0x61,0x72,0x61,0x6d,0x5f,0x34,0x37,0x20,
    0x3d,0x20,0x68,0x61,0x6c,0x66,0x42,0x6f,0x78,0x3b,0x0a,0x20,0x20,0x20,0x20,0x20,
    0x20,0x20,0x20,0x20,0x20,0x20,0x20,0x68,0x69,0x67,0x68,0x70,0x20,0x76,0x65,0x63,
    0x34,0x20,0x70,0x61,0x72,0x61,0x6d,0x5f,0x34,0x38,0x20,0x3d,0x20,0x76,0x52,0x61,
    0x64,0x69,0x69,0x3b,0x0a,0x20,0x20,0x20,0x20,0x20,0x20,0x20,0x20,0x20,0x20,0x20,
    0x20,0x68,0x69,0x67,0x68,0x70,0x20,0x76,0x65,0x63,0x32,0x20,0x70,0x61,0x72,0x61,
    0x6d,0x5f,0x34,0x39,0x20,0x3d,0x20,0x76,0x50,0x61,0x72,0x61,0x6d,0x73,0x31,0x2e,
    0x78,0x79,0x3b,0x0a,0x20,0x20,0x20,0x20,0x20,0x20,0x20,0x20,0x20,0x20,0x20,0x20,
    0x68,0x69,0x67,0x68,0x70,0x20,0x66,0x6c,0x6f,0x61,0x74,0x20,0x70,0x61,0x72,0x61,
    0x6d,0x5f,0x35,0x30,0x20,0x3d,0x20,0x76,0x50,0x61,0x72,0x61,0x6d,0x73,0x31,0x2e,
    0x7a,0x3b,0x0a,0x20,0x20,0x20,0x20,0x20,0x20,0x20,0x20,0x20,0x20,0x20,0x20,0x68,
    0x69,0x67,0x68,0x70,0x20,0x66,0x6c,0x6f,0x61,0x74,0x20,0x70,0x61,0x72,0x61,0x6d,
    0x5f,0x35,0x31,0x20,0x3d,0x20,0x76,0x55,0x76,0x41,0x61,0x2e,0x7a,0x3b,0x0a,0x20,
    0x20,0x20,0x20,0x20,0x20,0x20,0x20,0x20,0x20,0x20,0x20,0x73,0x41,0x6c,0x70,0x68,
    0x61,0x20,0x3d,0x20,0x73,0x68,0x61,0x64,0x6f,0x77,0x43,0x6f,0x76,0x65,0x72,0x61,
    0x67,0x65,0x28,0x70,0x61,0x72,0x61,0x6d,0x5f,0x34,0x36,0x2c,0x20,0x70,0x61,0x72,
    0x61,0x6d,0x5f,0x34,0x37,0x2c,0x20,0x70,0x61,0x72,0x61,0x6d,0x5f,0x34,0x38,0x2c,
    0x20,0x70,0x61,0x72,0x61,0x6d,0x5f,0x34,0x39,0x2c,0x20,0x70,0x61,0x72,0x61,0x6d,
    0x5f,0x35,0x30,0x2c,0x20,0x70,0x61,0x72,0x61,0x6d,0x5f,0x35,0x31,0x29,0x3b,0x0a,
    0x20,0x20,0x20,0x20,0x20,0x20,0x20,0x20,0x7d,0x0a,0x20,0x20,0x20,0x20,0x20,0x20,
    0x20,0x20,0x73,0x41,0x6c,0x70,0x68,0x61,0x20,0x2a,0x3d,0x20,0x76,0x45,0x78,0x74,
    0x72,0x61,0x2e,0x77,0x3b,0x0a,0x20,0x20,0x20,0x20,0x20,0x20,0x20,0x20,0x69,0x66,
    0x20,0x28,0x5f,0x37,0x39,0x39,0x29,0x0a,0x20,0x20,0x20,0x20,0x20,0x20,0x20,0x20,
    0x7b,0x0a,0x20,0x20,0x20,0x20,0x20,0x20,0x20,0x20,0x20,0x20,0x20,0x20,0x68,0x69,
    0x67,0x68,0x70,0x20,0x66,0x6c,0x6f,0x61,0x74,0x20,0x5f,0x38,0x35,0x32,0x20,0x3d,
    0x20,0x31,0x2e,0x30,0x20,0x2d,0x20,0x73,0x41,0x6c,0x70,0x68,0x61,0x3b,0x0a,0x20,
    0x20,0x20,0x20,0x20,0x20,0x20,0x20,0x20,0x20,0x20,0x20,0x72,0x67,0x62,0x20,0x3d,
    0x20,0x28,0x76,0x45,0x78,0x74,0x72,0x61,0x2e,0x78,0x79,0x7a,0x20,0x2a,0x20,0x73,
    0x41,0x6c,0x70,0x68,0x61,0x29,0x20,0x2b,0x20,0x28,0x72,0x67,0x62,0x20,0x2a,0x20,
    0x5f,0x38,0x35,0x32,0x29,0x3b,0x0a,0x20,0x20,0x20,0x20,0x20,0x20,0x20,0x20,0x20,
    0x20,0x20,0x20,0x61,0x6c,0x70,0x68,0x61,0x5f,0x31,0x20,0x3d,0x20,0x73,0x41,0x6c,
    0x70,0x68,0x61,0x20,0x2b,0x20,0x28,0x61,0x6c,0x70,0x68,0x61,0x5f,0x31,0x20,0x2a,
    0x20,0x5f,0x38,0x35,0x32,0x29,0x3b,0x0a,0x20,0x20,0x20,0x20,0x20,0x20,0x20,0x20,
    0x7d,0x0a,0x20,0x20,0x20,0x20,0x20,0x20,0x20,0x20,0x65,0x6c,0x73,0x65,0x0a,0x20,
    0x20,0x20,0x20,0x20,0x20,0x20,0x20,0x7b,0x0a,0x20,0x20,0x20,0x20,0x20,0x20,0x20,
    0x20,0x20,0x20,0x20,0x20,0x68,0x69,0x67,0x68,0x70,0x20,0x66,0x6c,0x6f,0x61,0x74,
    0x20,0x5f,0x38,0x36,0x38,0x20,0x3d,0x20,0x31,0x2e,0x30,0x20,0x2d,0x20,0x61,0x6c,
    0x70,0x68,0x61,0x5f,0x31,0x3b,0x0a,0x20,0x20,0x20,0x20,0x20,0x20,0x20,0x20,0x20,
    0x20,0x20,0x20,0x72,0x67,0x62,0x20,0x2b,0x3d,0x20,0x28,0x28,0x76,0x45,0x78,0x74,
    0x72,0x61,0x2e,0x78,0x79,0x7a,0x20,0x2a,0x20,0x73,0x41,0x6c,0x70,0x68,0x61,0x29,
    0x20,0x2a,0x20,0x5f,0x38,0x36,0x38,0x29,0x3b,0x0a,0x20,0x20,0x20,0x20,0x20,0x20,
    0x20,0x20,0x20,0x20,0x20,0x20,0x61,0x6c,0x70,0x68,0x61,0x5f,0x31,0x20,0x2b,0x3d,
    0x20,0x28,0x73,0x41,0x6c,0x70,0x68,0x61,0x20,0x2a,0x20,0x5f,0x38,0x36,0x38,0x29,
    0x3b,0x0a,0x20,0x20,0x20,0x20,0x20,0x20,0x20,0x20,0x7d,0x0a,0x20,0x20,0x20,0x20,
    0x7d,0x0a,0x20,0x20,0x20,0x20,0x66,0x72,0x61,0x67,0x5f,0x63,0x6f,0x6c,0x6f,0x72,
    0x20,0x3d,0x20,0x76,0x65,0x63,0x34,0x28,0x72,0x67,0x62,0x2c,0x20,0x61,0x6c,0x70,
    0x68,0x61,0x5f,0x31,0x29,0x3b,0x0a,0x7d,0x0a,0x0a,0x00,
};
/*
    #version 300 es

    layout(location = 0) in vec2 pos;
    out vec2 uv;
    layout(location = 1) in vec2 uv0;

    void main()
    {
        gl_Position = vec4(pos, 0.0, 1.0);
        uv = uv0;
    }

*/
static const uint8_t blurVs_source_glsl300es[170] = {
    0x23,0x76,0x65,0x72,0x73,0x69,0x6f,0x6e,0x20,0x33,0x30,0x30,0x20,0x65,0x73,0x0a,
    0x0a,0x6c,0x61,0x79,0x6f,0x75,0x74,0x28,0x6c,0x6f,0x63,0x61,0x74,0x69,0x6f,0x6e,
    0x20,0x3d,0x20,0x30,0x29,0x20,0x69,0x6e,0x20,0x76,0x65,0x63,0x32,0x20,0x70,0x6f,
    0x73,0x3b,0x0a,0x6f,0x75,0x74,0x20,0x76,0x65,0x63,0x32,0x20,0x75,0x76,0x3b,0x0a,
    0x6c,0x61,0x79,0x6f,0x75,0x74,0x28,0x6c,0x6f,0x63,0x61,0x74,0x69,0x6f,0x6e,0x20,
    0x3d,0x20,0x31,0x29,0x20,0x69,0x6e,0x20,0x76,0x65,0x63,0x32,0x20,0x75,0x76,0x30,
    0x3b,0x0a,0x0a,0x76,0x6f,0x69,0x64,0x20,0x6d,0x61,0x69,0x6e,0x28,0x29,0x0a,0x7b,
    0x0a,0x20,0x20,0x20,0x20,0x67,0x6c,0x5f,0x50,0x6f,0x73,0x69,0x74,0x69,0x6f,0x6e,
    0x20,0x3d,0x20,0x76,0x65,0x63,0x34,0x28,0x70,0x6f,0x73,0x2c,0x20,0x30,0x2e,0x30,
    0x2c,0x20,0x31,0x2e,0x30,0x29,0x3b,0x0a,0x20,0x20,0x20,0x20,0x75,0x76,0x20,0x3d,
    0x20,0x75,0x76,0x30,0x3b,0x0a,0x7d,0x0a,0x0a,0x00,
};
/*
    #version 300 es
    precision mediump float;
    precision highp int;

    uniform highp vec4 blur_params[1];
    uniform highp sampler2D srcTex_srcSmp;

    in highp vec2 uv;
    layout(location = 0) out highp vec4 frag_color;

    void main()
    {
        highp vec2 _21 = blur_params[0].xy * 1.3846149444580078125;
        highp vec2 _27 = blur_params[0].xy * 3.2307689189910888671875;
        frag_color = ((((texture(srcTex_srcSmp, uv) * 0.227026998996734619140625) + (texture(srcTex_srcSmp, uv + _21) * 0.316215991973876953125)) + (texture(srcTex_srcSmp, uv - _21) * 0.316215991973876953125)) + (texture(srcTex_srcSmp, uv + _27) * 0.070270001888275146484375)) + (texture(srcTex_srcSmp, uv - _27) * 0.070270001888275146484375);
    }

*/
static const uint8_t blurFs_source_glsl300es[694] = {
    0x23,0x76,0x65,0x72,0x73,0x69,0x6f,0x6e,0x20,0x33,0x30,0x30,0x20,0x65,0x73,0x0a,
    0x70,0x72,0x65,0x63,0x69,0x73,0x69,0x6f,0x6e,0x20,0x6d,0x65,0x64,0x69,0x75,0x6d,
    0x70,0x20,0x66,0x6c,0x6f,0x61,0x74,0x3b,0x0a,0x70,0x72,0x65,0x63,0x69,0x73,0x69,
    0x6f,0x6e,0x20,0x68,0x69,0x67,0x68,0x70,0x20,0x69,0x6e,0x74,0x3b,0x0a,0x0a,0x75,
    0x6e,0x69,0x66,0x6f,0x72,0x6d,0x20,0x68,0x69,0x67,0x68,0x70,0x20,0x76,0x65,0x63,
    0x34,0x20,0x62,0x6c,0x75,0x72,0x5f,0x70,0x61,0x72,0x61,0x6d,0x73,0x5b,0x31,0x5d,
    0x3b,0x0a,0x75,0x6e,0x69,0x66,0x6f,0x72,0x6d,0x20,0x68,0x69,0x67,0x68,0x70,0x20,
    0x73,0x61,0x6d,0x70,0x6c,0x65,0x72,0x32,0x44,0x20,0x73,0x72,0x63,0x54,0x65,0x78,
    0x5f,0x73,0x72,0x63,0x53,0x6d,0x70,0x3b,0x0a,0x0a,0x69,0x6e,0x20,0x68,0x69,0x67,
    0x68,0x70,0x20,0x76,0x65,0x63,0x32,0x20,0x75,0x76,0x3b,0x0a,0x6c,0x61,0x79,0x6f,
    0x75,0x74,0x28,0x6c,0x6f,0x63,0x61,0x74,0x69,0x6f,0x6e,0x20,0x3d,0x20,0x30,0x29,
    0x20,0x6f,0x75,0x74,0x20,0x68,0x69,0x67,0x68,0x70,0x20,0x76,0x65,0x63,0x34,0x20,
    0x66,0x72,0x61,0x67,0x5f,0x63,0x6f,0x6c,0x6f,0x72,0x3b,0x0a,0x0a,0x76,0x6f,0x69,
    0x64,0x20,0x6d,0x61,0x69,0x6e,0x28,0x29,0x0a,0x7b,0x0a,0x20,0x20,0x20,0x20,0x68,
    0x69,0x67,0x68,0x70,0x20,0x76,0x65,0x63,0x32,0x20,0x5f,0x32,0x31,0x20,0x3d,0x20,
    0x62,0x6c,0x75,0x72,0x5f,0x70,0x61,0x72,0x61,0x6d,0x73,0x5b,0x30,0x5d,0x2e,0x78,
    0x79,0x20,0x2a,0x20,0x31,0x2e,0x33,0x38,0x34,0x36,0x31,0x34,0x39,0x34,0x34,0x34,
    0x35,0x38,0x30,0x30,0x37,0x38,0x31,0x32,0x35,0x3b,0x0a,0x20,0x20,0x20,0x20,0x68,
    0x69,0x67,0x68,0x70,0x20,0x76,0x65,0x63,0x32,0x20,0x5f,0x32,0x37,0x20,0x3d,0x20,
    0x62,0x6c,0x75,0x72,0x5f,0x70,0x61,0x72,0x61,0x6d,0x73,0x5b,0x30,0x5d,0x2e,0x78,
    0x79,0x20,0x2a,0x20,0x33,0x2e,0x32,0x33,0x30,0x37,0x36,0x38,0x39,0x31,0x38,0x39,
    0x39,0x31,0x30,0x38,0x38,0x38,0x36,0x37,0x31,0x38,0x37,0x35,0x3b,0x0a,0x20,0x20,
    0x20,0x20,0x66,0x72,0x61,0x67,0x5f,0x63,0x6f,0x6c,0x6f,0x72,0x20,0x3d,0x20,0x28,
    0x28,0x28,0x28,0x74,0x65,0x78,0x74,0x75,0x72,0x65,0x28,0x73,0x72,0x63,0x54,0x65,
    0x78,0x5f,0x73,0x72,0x63,0x53,0x6d,0x70,0x2c,0x20,0x75,0x76,0x29,0x20,0x2a,0x20,
    0x30,0x2e,0x32,0x32,0x37,0x30,0x32,0x36,0x39,0x39,0x38,0x39,0x39,0x36,0x37,0x33,
    0x34,0x36,0x31,0x39,0x31,0x34,0x30,0x36,0x32,0x35,0x29,0x20,0x2b,0x20,0x28,0x74,
    0x65,0x78,0x74,0x75,0x72,0x65,0x28,0x73,0x72,0x63,0x54,0x65,0x78,0x5f,0x73,0x72,
    0x63,0x53,0x6d,0x70,0x2c,0x20,0x75,0x76,0x20,0x2b,0x20,0x5f,0x32,0x31,0x29,0x20,
    0x2a,0x20,0x30,0x2e,0x33,0x31,0x36,0x32,0x31,0x35,0x39,0x39,0x31,0x39,0x37,0x33,
    0x38,0x37,0x36,0x39,0x35,0x33,0x31,0x32,0x35,0x29,0x29,0x20,0x2b,0x20,0x28,0x74,
    0x65,0x78,0x74,0x75,0x72,0x65,0x28,0x73,0x72,0x63,0x54,0x65,0x78,0x5f,0x73,0x72,
    0x63,0x53,0x6d,0x70,0x2c,0x20,0x75,0x76,0x20,0x2d,0x20,0x5f,0x32,0x31,0x29,0x20,
    0x2a,0x20,0x30,0x2e,0x33,0x31,0x36,0x32,0x31,0x35,0x39,0x39,0x31,0x39,0x37,0x33,
    0x38,0x37,0x36,0x39,0x35,0x33,0x31,0x32,0x35,0x29,0x29,0x20,0x2b,0x20,0x28,0x74,
    0x65,0x78,0x74,0x75,0x72,0x65,0x28,0x73,0x72,0x63,0x54,0x65,0x78,0x5f,0x73,0x72,
    0x63,0x53,0x6d,0x70,0x2c,0x20,0x75,0x76,0x20,0x2b,0x20,0x5f,0x32,0x37,0x29,0x20,
    0x2a,0x20,0x30,0x2e,0x30,0x37,0x30,0x32,0x37,0x30,0x30,0x30,0x31,0x38,0x38,0x38,
    0x32,0x37,0x35,0x31,0x34,0x36,0x34,0x38,0x34,0x33,0x37,0x35,0x29,0x29,0x20,0x2b,
    0x20,0x28,0x74,0x65,0x78,0x74,0x75,0x72,0x65,0x28,0x73,0x72,0x63,0x54,0x65,0x78,
    0x5f,0x73,0x72,0x63,0x53,0x6d,0x70,0x2c,0x20,0x75,0x76,0x20,0x2d,0x20,0x5f,0x32,
    0x37,0x29,0x20,0x2a,0x20,0x30,0x2e,0x30,0x37,0x30,0x32,0x37,0x30,0x30,0x30,0x31,
    0x38,0x38,0x38,0x32,0x37,0x35,0x31,0x34,0x36,0x34,0x38,0x34,0x33,0x37,0x35,0x29,
    0x3b,0x0a,0x7d,0x0a,0x0a,0x00,
};
/*
    cbuffer void2d_params : register(b0)
    {
        float4 _13_viewport : packoffset(c0);
        float4 _13_model0 : packoffset(c1);
        float4 _13_model1 : packoffset(c2);
        float4 _13_globalColor : packoffset(c3);
        float4 _13_clipU : packoffset(c4);
        float4 _13_clipV : packoffset(c5);
    };


    static float4 gl_Position;
    static float2 pos;
    static float2 uv;
    static float2 uv0;
    static float4 color;
    static float4 color0;
    static float srcPremult;
    static float4 clipDistance;

    struct SPIRV_Cross_Input
    {
        float2 pos : TEXCOORD0;
        float2 uv0 : TEXCOORD1;
        float4 color0 : TEXCOORD2;
    };

    struct SPIRV_Cross_Output
    {
        float2 uv : TEXCOORD0;
        float4 color : TEXCOORD1;
        float srcPremult : TEXCOORD2;
        float4 clipDistance : TEXCOORD3;
        float4 gl_Position : SV_Position;
    };

    void vert_main()
    {
        float _38 = ((_13_model0.x * pos.x) + (_13_model0.z * pos.y)) + _13_model1.x;
        float _53 = ((_13_model0.y * pos.x) + (_13_model0.w * pos.y)) + _13_model1.y;
        float2 _54 = float2(_38, _53);
        gl_Position = float4(((_38 / _13_viewport.x) * 2.0f) - 1.0f, 1.0f - ((_53 / _13_viewport.y) * 2.0f), 0.0f, 1.0f);
        float2 _93;
        if (_13_viewport.z > 0.5f)
        {
            _93 = float2(uv0.x, 1.0f - uv0.y);
        }
        else
        {
            _93 = uv0;
        }
        uv = _93;
        color = color0 * _13_globalColor;
        srcPremult = _13_viewport.w;
        if (_13_clipU.w > _13_clipU.z)
        {
            float _132 = dot(_54, _13_clipU.xy);
            float _139 = dot(_54, _13_clipV.xy);
            clipDistance = float4(_132 - _13_clipU.z, _13_clipU.w - _132, _139 - _13_clipV.z, _13_clipV.w - _139);
        }
        else
        {
            clipDistance = 1.0f.xxxx;
        }
    }

    SPIRV_Cross_Output main(SPIRV_Cross_Input stage_input)
    {
        pos = stage_input.pos;
        uv0 = stage_input.uv0;
        color0 = stage_input.color0;
        vert_main();
        SPIRV_Cross_Output stage_output;
        stage_output.gl_Position = gl_Position;
        stage_output.uv = uv;
        stage_output.color = color;
        stage_output.srcPremult = srcPremult;
        stage_output.clipDistance = clipDistance;
        return stage_output;
    }
*/
static const uint8_t vs_source_hlsl5[2070] = {
    0x63,0x62,0x75,0x66,0x66,0x65,0x72,0x20,0x76,0x6f,0x69,0x64,0x32,0x64,0x5f,0x70,
    0x61,0x72,0x61,0x6d,0x73,0x20,0x3a,0x20,0x72,0x65,0x67,0x69,0x73,0x74,0x65,0x72,
    0x28,0x62,0x30,0x29,0x0a,0x7b,0x0a,0x20,0x20,0x20,0x20,0x66,0x6c,0x6f,0x61,0x74,
    0x34,0x20,0x5f,0x31,0x33,0x5f,0x76,0x69,0x65,0x77,0x70,0x6f,0x72,0x74,0x20,0x3a,
    0x20,0x70,0x61,0x63,0x6b,0x6f,0x66,0x66,0x73,0x65,0x74,0x28,0x63,0x30,0x29,0x3b,
    0x0a,0x20,0x20,0x20,0x20,0x66,0x6c,0x6f,0x61,0x74,0x34,0x20,0x5f,0x31,0x33,0x5f,
    0x6d,0x6f,0x64,0x65,0x6c,0x30,0x20,0x3a,0x20,0x70,0x61,0x63,0x6b,0x6f,0x66,0x66,
    0x73,0x65,0x74,0x28,0x63,0x31,0x29,0x3b,0x0a,0x20,0x20,0x20,0x20,0x66,0x6c,0x6f,
    0x61,0x74,0x34,0x20,0x5f,0x31,0x33,0x5f,0x6d,0x6f,0x64,0x65,0x6c,0x31,0x20,0x3a,
    0x20,0x70,0x61,0x63,0x6b,0x6f,0x66,0x66,0x73,0x65,0x74,0x28,0x63,0x32,0x29,0x3b,
    0x0a,0x20,0x20,0x20,0x20,0x66,0x6c,0x6f,0x61,0x74,0x34,0x20,0x5f,0x31,0x33,0x5f,
    0x67,0x6c,0x6f,0x62,0x61,0x6c,0x43,0x6f,0x6c,0x6f,0x72,0x20,0x3a,0x20,0x70,0x61,
    0x63,0x6b,0x6f,0x66,0x66,0x73,0x65,0x74,0x28,0x63,0x33,0x29,0x3b,0x0a,0x20,0x20,
    0x20,0x20,0x66,0x6c,0x6f,0x61,0x74,0x34,0x20,0x5f,0x31,0x33,0x5f,0x63,0x6c,0x69,
    0x70,0x55,0x20,0x3a,0x20,0x70,0x61,0x63,0x6b,0x6f,0x66,0x66,0x73,0x65,0x74,0x28,
    0x63,0x34,0x29,0x3b,0x0a,0x20,0x20,0x20,0x20,0x66,0x6c,0x6f,0x61,0x74,0x34,0x20,
    0x5f,0x31,0x33,0x5f,0x63,0x6c,0x69,0x70,0x56,0x20,0x3a,0x20,0x70,0x61,0x63,0x6b,
    0x6f,0x66,0x66,0x73,0x65,0x74,0x28,0x63,0x35,0x29,0x3b,0x0a,0x7d,0x3b,0x0a,0x0a,
    0x0a,0x73,0x74,0x61,0x74,0x69,0x63,0x20,0x66,0x6c,0x6f,0x61,0x74,0x34,0x20,0x67,
    0x6c,0x5f,0x50,0x6f,0x73,0x69,0x74,0x69,0x6f,0x6e,0x3b,0x0a,0x73,0x74,0x61,0x74,
    0x69,0x63,0x20,0x66,0x6c,0x6f,0x61,0x74,0x32,0x20,0x70,0x6f,0x73,0x3b,0x0a,0x73,
    0x74,0x61,0x74,0x69,0x63,0x20,0x66,0x6c,0x6f,0x61,0x74,0x32,0x20,0x75,0x76,0x3b,
    0x0a,0x73,0x74,0x61,0x74,0x69,0x63,0x20,0x66,0x6c,0x6f,0x61,0x74,0x32,0x20,0x75,
    0x76,0x30,0x3b,0x0a,0x73,0x74,0x61,0x74,0x69,0x63,0x20,0x66,0x6c,0x6f,0x61,0x74,
    0x34,0x20,0x63,0x6f,0x6c,0x6f,0x72,0x3b,0x0a,0x73,0x74,0x61,0x74,0x69,0x63,0x20,
    0x66,0x6c,0x6f,0x61,0x74,0x34,0x20,0x63,0x6f,0x6c,0x6f,0x72,0x30,0x3b,0x0a,0x73,
    0x74,0x61,0x74,0x69,0x63,0x20,0x66,0x6c,0x6f,0x61,0x74,0x20,0x73,0x72,0x63,0x50,
    0x72,0x65,0x6d,0x75,0x6c,0x74,0x3b,0x0a,0x73,0x74,0x61,0x74,0x69,0x63,0x20,0x66,
    0x6c,0x6f,0x61,0x74,0x34,0x20,0x63,0x6c,0x69,0x70,0x44,0x69,0x73,0x74,0x61,0x6e,
    0x63,0x65,0x3b,0x0a,0x0a,0x73,0x74,0x72,0x75,0x63,0x74,0x20,0x53,0x50,0x49,0x52,
    0x56,0x5f,0x43,0x72,0x6f,0x73,0x73,0x5f,0x49,0x6e,0x70,0x75,0x74,0x0a,0x7b,0x0a,
    0x20,0x20,0x20,0x20,0x66,0x6c,0x6f,0x61,0x74,0x32,0x20,0x70,0x6f,0x73,0x20,0x3a,
    0x20,0x54,0x45,0x58,0x43,0x4f,0x4f,0x52,0x44,0x30,0x3b,0x0a,0x20,0x20,0x20,0x20,
    0x66,0x6c,0x6f,0x61,0x74,0x32,0x20,0x75,0x76,0x30,0x20,0x3a,0x20,0x54,0x45,0x58,
    0x43,0x4f,0x4f,0x52,0x44,0x31,0x3b,0x0a,0x20,0x20,0x20,0x20,0x66,0x6c,0x6f,0x61,
    0x74,0x34,0x20,0x63,0x6f,0x6c,0x6f,0x72,0x30,0x20,0x3a,0x20,0x54,0x45,0x58,0x43,
    0x4f,0x4f,0x52,0x44,0x32,0x3b,0x0a,0x7d,0x3b,0x0a,0x0a,0x73,0x74,0x72,0x75,0x63,
    0x74,0x20,0x53,0x50,0x49,0x52,0x56,0x5f,0x43,0x72,0x6f,0x73,0x73,0x5f,0x4f,0x75,
    0x74,0x70,0x75,0x74,0x0a,0x7b,0x0a,0x20,0x20,0x20,0x20,0x66,0x6c,0x6f,0x61,0x74,
    0x32,0x20,0x75,0x76,0x20,0x3a,0x20,0x54,0x45,0x58,0x43,0x4f,0x4f,0x52,0x44,0x30,
    0x3b,0x0a,0x20,0x20,0x20,0x20,0x66,0x6c,0x6f,0x61,0x74,0x34,0x20,0x63,0x6f,0x6c,
    0x6f,0x72,0x20,0x3a,0x20,0x54,0x45,0x58,0x43,0x4f,0x4f,0x52,0x44,0x31,0x3b,0x0a,
    0x20,0x20,0x20,0x20,0x66,0x6c,0x6f,0x61,0x74,0x20,0x73,0x72,0x63,0x50,0x72,0x65,
    0x6d,0x75,0x6c,0x74,0x20,0x3a,0x20,0x54,0x45,0x58,0x43,0x4f,0x4f,0x52,0x44,0x32,
    0x3b,0x0a,0x20,0x20,0x20,0x20,0x66,0x6c,0x6f,0x61,0x74,0x34,0x20,0x63,0x6c,0x69,
    0x70,0x44,0x69,0x73,0x74,0x61,0x6e,0x63,0x65,0x20,0x3a,0x20,0x54,0x45,0x58,0x43,
    0x4f,0x4f,0x52,0x44,0x33,0x3b,0x0a,0x20,0x20,0x20,0x20,0x66,0x6c,0x6f,0x61,0x74,
    0x34,0x20,0x67,0x6c,0x5f,0x50,0x6f,0x73,0x69,0x74,0x69,0x6f,0x6e,0x20,0x3a,0x20,
    0x53,0x56,0x5f,0x50,0x6f,0x73,0x69,0x74,0x69,0x6f,0x6e,0x3b,0x0a,0x7d,0x3b,0x0a,
    0x0a,0x76,0x6f,0x69,0x64,0x20,0x76,0x65,0x72,0x74,0x5f,0x6d,0x61,0x69,0x6e,0x28,
    0x29,0x0a,0x7b,0x0a,0x20,0x20,0x20,0x20,0x66,0x6c,0x6f,0x61,0x74,0x20,0x5f,0x33,
    0x38,0x20,0x3d,0x20,0x28,0x28,0x5f,0x31,0x33,0x5f,0x6d,0x6f,0x64,0x65,0x6c,0x30,
    0x2e,0x78,0x20,0x2a,0x20,0x70,0x6f,0x73,0x2e,0x78,0x29,0x20,0x2b,0x20,0x28,0x5f,
    0x31,0x33,0x5f,0x6d,0x6f,0x64,0x65,0x6c,0x30,0x2e,0x7a,0x20,0x2a,0x20,0x70,0x6f,
    0x73,0x2e,0x79,0x29,0x29,0x20,0x2b,0x20,0x5f,0x31,0x33,0x5f,0x6d,0x6f,0x64,0x65,
    0x6c,0x31,0x2e,0x78,0x3b,0x0a,0x20,0x20,0x20,0x20,0x66,0x6c,0x6f,0x61,0x74,0x20,
    0x5f,0x35,0x33,0x20,0x3d,0x20,0x28,0x28,0x5f,0x31,0x33,0x5f,0x6d,0x6f,0x64,0x65,
    0x6c,0x30,0x2e,0x79,0x20,0x2a,0x20,0x70,0x6f,0x73,0x2e,0x78,0x29,0x20,0x2b,0x20,
    0x28,0x5f,0x31,0x33,0x5f,0x6d,0x6f,0x64,0x65,0x6c,0x30,0x2e,0x77,0x20,0x2a,0x20,
    0x70,0x6f,0x73,0x2e,0x79,0x29,0x29,0x20,0x2b,0x20,0x5f,0x31,0x33,0x5f,0x6d,0x6f,
    0x64,0x65,0x6c,0x31,0x2e,0x79,0x3b,0x0a,0x20,0x20,0x20,0x20,0x66,0x6c,0x6f,0x61,
    0x74,0x32,0x20,0x5f,0x35,0x34,0x20,0x3d,0x20,0x66,0x6c,0x6f,0x61,0x74,0x32,0x28,
    0x5f,0x33,0x38,0x2c,0x20,0x5f,0x35,0x33,0x29,0x3b,0x0a,0x20,0x20,0x20,0x20,0x67,
    0x6c,0x5f,0x50,0x6f,0x73,0x69,0x74,0x69,0x6f,0x6e,0x20,0x3d,0x20,0x66,0x6c,0x6f,
    0x61,0x74,0x34,0x28,0x28,0x28,0x5f,0x33,0x38,0x20,0x2f,0x20,0x5f,0x31,0x33,0x5f,
    0x76,0x69,0x65,0x77,0x70,0x6f,0x72,0x74,0x2e,0x78,0x29,0x20,0x2a,0x20,0x32,0x2e,
    0x30,0x66,0x29,0x20,0x2d,0x20,0x31,0x2e,0x30,0x66,0x2c,0x20,0x31,0x2e,0x30,0x66,
    0x20,0x2d,0x20,0x28,0x28,0x5f,0x35,0x33,0x20,0x2f,0x20,0x5f,0x31,0x33,0x5f,0x76,
    0x69,0x65,0x77,0x70,0x6f,0x72,0x74,0x2e,0x79,0x29,0x20,0x2a,0x20,0x32,0x2e,0x30,
    0x66,0x29,0x2c,0x20,0x30,0x2e,0x30,0x66,0x2c,0x20,0x31,0x2e,0x30,0x66,0x29,0x3b,
    0x0a,0x20,0x20,0x20,0x20,0x66,0x6c,0x6f,0x61,0x74,0x32,0x20,0x5f,0x39,0x33,0x3b,
    0x0a,0x20,0x20,0x20,0x20,0x69,0x66,0x20,0x28,0x5f,0x31,0x33,0x5f,0x76,0x69,0x65,
    0x77,0x70,0x6f,0x72,0x74,0x2e,0x7a,0x20,0x3e,0x20,0x30,0x2e,0x35,0x66,0x29,0x0a,
    0x20,0x20,0x20,0x20,0x7b,0x0a,0x20,0x20,0x20,0x20,0x20,0x20,0x20,0x20,0x5f,0x39,
    0x33,0x20,0x3d,0x20,0x66,0x6c,0x6f,0x61,0x74,0x32,0x28,0x75,0x76,0x30,0x2e,0x78,
    0x2c,0x20,0x31,0x2e,0x30,0x66,0x20,0x2d,0x20,0x75,0x76,0x30,0x2e,0x79,0x29,0x3b,
    0x0a,0x20,0x20,0x20,0x20,0x7d,0x0a,0x20,0x20,0x20,0x20,0x65,0x6c,0x73,0x65,0x0a,
    0x20,0x20,0x20,0x20,0x7b,0x0a,0x20,0x20,0x20,0x20,0x20,0x20,0x20,0x20,0x5f,0x39,
    0x33,0x20,0x3d,0x20,0x75,0x76,0x30,0x3b,0x0a,0x20,0x20,0x20,0x20,0x7d,0x0a,0x20,
    0x20,0x20,0x20,0x75,0x76,0x20,0x3d,0x20,0x5f,0x39,0x33,0x3b,0x0a,0x20,0x20,0x20,
    0x20,0x63,0x6f,0x6c,0x6f,0x72,0x20,0x3d,0x20,0x63,0x6f,0x6c,0x6f,0x72,0x30,0x20,
    0x2a,0x20,0x5f,0x31,0x33,0x5f,0x67,0x6c,0x6f,0x62,0x61,0x6c,0x43,0x6f,0x6c,0x6f,
    0x72,0x3b,0x0a,0x20,0x20,0x20,0x20,0x73,0x72,0x63,0x50,0x72,0x65,0x6d,0x75,0x6c,
    0x74,0x20,0x3d,0x20,0x5f,0x31,0x33,0x5f,0x76,0x69,0x65,0x77,0x70,0x6f,0x72,0x74,
    0x2e,0x77,0x3b,0x0a,0x20,0x20,0x20,0x20,0x69,0x66,0x20,0x28,0x5f,0x31,0x33,0x5f,
    0x63,0x6c,0x69,0x70,0x55,0x2e,0x77,0x20,0x3e,0x20,0x5f,0x31,0x33,0x5f,0x63,0x6c,
    0x69,0x70,0x55,0x2e,0x7a,0x29,0x0a,0x20,0x20,0x20,0x20,0x7b,0x0a,0x20,0x20,0x20,
    0x20,0x20,0x20,0x20,0x20,0x66,0x6c,0x6f,0x61,0x74,0x20,0x5f,0x31,0x33,0x32,0x20,
    0x3d,0x20,0x64,0x6f,0x74,0x28,0x5f,0x35,0x34,0x2c,0x20,0x5f,0x31,0x33,0x5f,0x63,
    0x6c,0x69,0x70,0x55,0x2e,0x78,0x79,0x29,0x3b,0x0a,0x20,0x20,0x20,0x20,0x20,0x20,
    0x20,0x20,0x66,0x6c,0x6f,0x61,0x74,0x20,0x5f,0x31,0x33,0x39,0x20,0x3d,0x20,0x64,
    0x6f,0x74,0x28,0x5f,0x35,0x34,0x2c,0x20,0x5f,0x31,0x33,0x5f,0x63,0x6c,0x69,0x70,
    0x56,0x2e,0x78,0x79,0x29,0x3b,0x0a,0x20,0x20,0x20,0x20,0x20,0x20,0x20,0x20,0x63,
    0x6c,0x69,0x70,0x44,0x69,0x73,0x74,0x61,0x6e,0x63,0x65,0x20,0x3d,0x20,0x66,0x6c,
    0x6f,0x61,0x74,0x34,0x28,0x5f,0x31,0x33,0x32,0x20,0x2d,0x20,0x5f,0x31,0x33,0x5f,
    0x63,0x6c,0x69,0x70,0x55,0x2e,0x7a,0x2c,0x20,0x5f,0x31,0x33,0x5f,0x63,0x6c,0x69,
    0x70,0x55,0x2e,0x77,0x20,0x2d,0x20,0x5f,0x31,0x33,0x32,0x2c,0x20,0x5f,0x31,0x33,
    0x39,0x20,0x2d,0x20,0x5f,0x31,0x33,0x5f,0x63,0x6c,0x69,0x70,0x56,0x2e,0x7a,0x2c,
    0x20,0x5f,0x31,0x33,0x5f,0x63,0x6c,0x69,0x70,0x56,0x2e,0x77,0x20,0x2d,0x20,0x5f,
    0x31,0x33,0x39,0x29,0x3b,0x0a,0x20,0x20,0x20,0x20,0x7d,0x0a,0x20,0x20,0x20,0x20,
    0x65,0x6c,0x73,0x65,0x0a,0x20,0x20,0x20,0x20,0x7b,0x0a,0x20,0x20,0x20,0x20,0x20,
    0x20,0x20,0x20,0x63,0x6c,0x69,0x70,0x44,0x69,0x73,0x74,0x61,0x6e,0x63,0x65,0x20,
    0x3d,0x20,0x31,0x2e,0x30,0x66,0x2e,0x78,0x78,0x78,0x78,0x3b,0x0a,0x20,0x20,0x20,
    0x20,0x7d,0x0a,0x7d,0x0a,0x0a,0x53,0x50,0x49,0x52,0x56,0x5f,0x43,0x72,0x6f,0x73,
    0x73,0x5f,0x4f,0x75,0x74,0x70,0x75,0x74,0x20,0x6d,0x61,0x69,0x6e,0x28,0x53,0x50,
    0x49,0x52,0x56,0x5f,0x43,0x72,0x6f,0x73,0x73,0x5f,0x49,0x6e,0x70,0x75,0x74,0x20,
    0x73,0x74,0x61,0x67,0x65,0x5f,0x69,0x6e,0x70,0x75,0x74,0x29,0x0a,0x7b,0x0a,0x20,
    0x20,0x20,0x20,0x70,0x6f,0x73,0x20,0x3d,0x20,0x73,0x74,0x61,0x67,0x65,0x5f,0x69,
    0x6e,0x70,0x75,0x74,0x2e,0x70,0x6f,0x73,0x3b,0x0a,0x20,0x20,0x20,0x20,0x75,0x76,
    0x30,0x20,0x3d,0x20,0x73,0x74,0x61,0x67,0x65,0x5f,0x69,0x6e,0x70,0x75,0x74,0x2e,
    0x75,0x76,0x30,0x3b,0x0a,0x20,0x20,0x20,0x20,0x63,0x6f,0x6c,0x6f,0x72,0x30,0x20,
    0x3d,0x20,0x73,0x74,0x61,0x67,0x65,0x5f,0x69,0x6e,0x70,0x75,0x74,0x2e,0x63,0x6f,
    0x6c,0x6f,0x72,0x30,0x3b,0x0a,0x20,0x20,0x20,0x20,0x76,0x65,0x72,0x74,0x5f,0x6d,
    0x61,0x69,0x6e,0x28,0x29,0x3b,0x0a,0x20,0x20,0x20,0x20,0x53,0x50,0x49,0x52,0x56,
    0x5f,0x43,0x72,0x6f,0x73,0x73,0x5f,0x4f,0x75,0x74,0x70,0x75,0x74,0x20,0x73,0x74,
    0x61,0x67,0x65,0x5f,0x6f,0x75,0x74,0x70,0x75,0x74,0x3b,0x0a,0x20,0x20,0x20,0x20,
    0x73,0x74,0x61,0x67,0x65,0x5f,0x6f,0x75,0x74,0x70,0x75,0x74,0x2e,0x67,0x6c,0x5f,
    0x50,0x6f,0x73,0x69,0x74,0x69,0x6f,0x6e,0x20,0x3d,0x20,0x67,0x6c,0x5f,0x50,0x6f,
    0x73,0x69,0x74,0x69,0x6f,0x6e,0x3b,0x0a,0x20,0x20,0x20,0x20,0x73,0x74,0x61,0x67,
    0x65,0x5f,0x6f,0x75,0x74,0x70,0x75,0x74,0x2e,0x75,0x76,0x20,0x3d,0x20,0x75,0x76,
    0x3b,0x0a,0x20,0x20,0x20,0x20,0x73,0x74,0x61,0x67,0x65,0x5f,0x6f,0x75,0x74,0x70,
    0x75,0x74,0x2e,0x63,0x6f,0x6c,0x6f,0x72,0x20,0x3d,0x20,0x63,0x6f,0x6c,0x6f,0x72,
    0x3b,0x0a,0x20,0x20,0x20,0x20,0x73,0x74,0x61,0x67,0x65,0x5f,0x6f,0x75,0x74,0x70,
    0x75,0x74,0x2e,0x73,0x72,0x63,0x50,0x72,0x65,0x6d,0x75,0x6c,0x74,0x20,0x3d,0x20,
    0x73,0x72,0x63,0x50,0x72,0x65,0x6d,0x75,0x6c,0x74,0x3b,0x0a,0x20,0x20,0x20,0x20,
    0x73,0x74,0x61,0x67,0x65,0x5f,0x6f,0x75,0x74,0x70,0x75,0x74,0x2e,0x63,0x6c,0x69,
    0x70,0x44,0x69,0x73,0x74,0x61,0x6e,0x63,0x65,0x20,0x3d,0x20,0x63,0x6c,0x69,0x70,
    0x44,0x69,0x73,0x74,0x61,0x6e,0x63,0x65,0x3b,0x0a,0x20,0x20,0x20,0x20,0x72,0x65,
    0x74,0x75,0x72,0x6e,0x20,0x73,0x74,0x61,0x67,0x65,0x5f,0x6f,0x75,0x74,0x70,0x75,
    0x74,0x3b,0x0a,0x7d,0x0a,0x00,
};
/*
    cbuffer void2d_fx : register(b1)
    {
        row_major float4x4 _283_colorMatrix : packoffset(c0);
        float4 _283_colorAdd : packoffset(c4);
        float4 _283_colorKey : packoffset(c5);
        float4 _283_gradientMeta : packoffset(c6);
        float4 _283_gradientParams : packoffset(c7);
        float4 _283_gradientColor0 : packoffset(c8);
        float4 _283_gradientColor1 : packoffset(c9);
        float4 _283_gradientColor2 : packoffset(c10);
    };

    Texture2D<float4> tex : register(t0);
    SamplerState smp : register(s0);

    static float4 gl_FragCoord;
    static float4 clipDistance;
    static float2 uv;
    static float4 color;
    static float srcPremult;
    static float4 frag_color;

    struct SPIRV_Cross_Input
    {
        float2 uv : TEXCOORD0;
        float4 color : TEXCOORD1;
        float srcPremult : TEXCOORD2;
        float4 clipDistance : TEXCOORD3;
        float4 gl_FragCoord : SV_Position;
    };

    struct SPIRV_Cross_Output
    {
        float4 frag_color : SV_Target0;
    };

    float mod(float x, float y)
    {
        return x - y * floor(x / y);
    }

    float2 mod(float2 x, float2 y)
    {
        return x - y * floor(x / y);
    }

    float3 mod(float3 x, float3 y)
    {
        return x - y * floor(x / y);
    }

    float4 mod(float4 x, float4 y)
    {
        return x - y * floor(x / y);
    }

    float3 srgbToLinear(float3 c)
    {
        float3 _45 = c * 0.077399380505084991455078125f.xxx;
        float3 _56 = pow((c + 0.054999999701976776123046875f.xxx) * 0.947867333889007568359375f.xxx, 2.400000095367431640625f.xxx);
        bool3 _64 = bool3(c.x <= 0.040449999272823333740234375f.xxx.x, c.y <= 0.040449999272823333740234375f.xxx.y, c.z <= 0.040449999272823333740234375f.xxx.z);
        return float3(_64.x ? _45.x : _56.x, _64.y ? _45.y : _56.y, _64.z ? _45.z : _56.z);
    }

    float3 linearToOklab(float3 c)
    {
        float3 _138 = float3(((0.4122214615345001220703125f * c.x) + (0.536332547664642333984375f * c.y)) + (0.0514459945261478424072265625f * c.z), ((0.21190349757671356201171875f * c.x) + (0.680699527263641357421875f * c.y)) + (0.10739696025848388671875f * c.z), ((0.0883024632930755615234375f * c.x) + (0.28171885013580322265625f * c.y)) + (0.629978716373443603515625f * c.z));
        float3 _146 = sign(_138) * pow(abs(_138), 0.3333333432674407958984375f.xxx);
        float _149 = _146.x;
        float _153 = _146.y;
        float _158 = _146.z;
        return float3(((0.2104542553424835205078125f * _149) + (0.793617784976959228515625f * _153)) - (0.004072046838700771331787109375f * _158), ((1.9779984951019287109375f * _149) - (2.428592205047607421875f * _153)) + (0.4505937099456787109375f * _158), ((0.025904037058353424072265625f * _149) + (0.782771766185760498046875f * _153)) - (0.8086757659912109375f * _158));
    }

    float3 oklabToLinear(float3 c)
    {
        float3 _229 = float3((c.x + (0.3963377773761749267578125f * c.y)) + (0.21580375730991363525390625f * c.z), (c.x - (0.1055613458156585693359375f * c.y)) - (0.06385417282581329345703125f * c.z), (c.x - (0.089484177529811859130859375f * c.y)) - (1.2914855480194091796875f * c.z));
        float3 _234 = (_229 * _229) * _229;
        float _237 = _234.x;
        float _241 = _234.y;
        float _246 = _234.z;
        return float3(((4.076741695404052734375f * _237) - (3.30771160125732421875f * _241)) + (0.2309699356555938720703125f * _246), (((-1.26843798160552978515625f) * _237) + (2.60975742340087890625f * _241)) - (0.341319382190704345703125f * _246), (((-0.0041960864327847957611083984375f) * _237) - (0.70341861248016357421875f * _241)) + (1.7076146602630615234375f * _246));
    }

    float3 linearToSrgb(float3 c)
    {
        float3 _70 = c * 12.9200000762939453125f;
        float3 _81 = (1.05499994754791259765625f.xxx * pow(max(c, 0.0f.xxx), 0.4166666567325592041015625f.xxx)) - 0.054999999701976776123046875f.xxx;
        bool3 _87 = bool3(c.x <= 0.003130800090730190277099609375f.xxx.x, c.y <= 0.003130800090730190277099609375f.xxx.y, c.z <= 0.003130800090730190277099609375f.xxx.z);
        return float3(_87.x ? _70.x : _81.x, _87.y ? _70.y : _81.y, _87.z ? _70.z : _81.z);
    }

    float4 mixGradient(float4 a, float4 b, float t)
    {
        float3 rgb;
        if (_283_gradientMeta.y > 0.5f)
        {
            float3 param = a.xyz;
            float3 param_1 = srgbToLinear(param);
            float3 param_2 = b.xyz;
            float3 param_3 = srgbToLinear(param_2);
            float3 param_4 = lerp(linearToOklab(param_1), linearToOklab(param_3), t.xxx);
            float3 param_5 = oklabToLinear(param_4);
            rgb = linearToSrgb(param_5);
        }
        else
        {
            rgb = lerp(a.xyz, b.xyz, t.xxx);
        }
        return float4(rgb, lerp(a.w, b.w, t));
    }

    float4 gradientAt(float t)
    {
        if ((_283_gradientMeta.w > 0.0f) && (_283_gradientMeta.w < 1.0f))
        {
            if (t < _283_gradientMeta.w)
            {
                float4 param = _283_gradientColor0;
                float4 param_1 = _283_gradientColor1;
                float param_2 = t / _283_gradientMeta.w;
                return mixGradient(param, param_1, param_2);
            }
            float4 param_3 = _283_gradientColor1;
            float4 param_4 = _283_gradientColor2;
            float param_5 = (t - _283_gradientMeta.w) / (1.0f - _283_gradientMeta.w);
            return mixGradient(param_3, param_4, param_5);
        }
        float4 param_6 = _283_gradientColor0;
        float4 param_7 = _283_gradientColor1;
        float param_8 = t;
        return mixGradient(param_6, param_7, param_8);
    }

    float bayer4(float2 pixel)
    {
        int _404 = int(mod(floor(pixel.x), 4.0f));
        int _410 = int(mod(floor(pixel.y), 4.0f));
        if (_410 == 0)
        {
            if (_404 == 0)
            {
                return 0.0f;
            }
            if (_404 == 1)
            {
                return 8.0f;
            }
            if (_404 == 2)
            {
                return 2.0f;
            }
            return 10.0f;
        }
        if (_410 == 1)
        {
            if (_404 == 0)
            {
                return 12.0f;
            }
            if (_404 == 1)
            {
                return 4.0f;
            }
            if (_404 == 2)
            {
                return 14.0f;
            }
            return 6.0f;
        }
        if (_410 == 2)
        {
            if (_404 == 0)
            {
                return 3.0f;
            }
            if (_404 == 1)
            {
                return 11.0f;
            }
            if (_404 == 2)
            {
                return 1.0f;
            }
            return 9.0f;
        }
        if (_404 == 0)
        {
            return 15.0f;
        }
        if (_404 == 1)
        {
            return 7.0f;
        }
        if (_404 == 2)
        {
            return 13.0f;
        }
        return 5.0f;
    }

    void frag_main()
    {
        if (min(min(clipDistance.x, clipDistance.y), min(clipDistance.z, clipDistance.w)) < 0.0f)
        {
            discard;
        }
        int _526 = int(_283_gradientMeta.x + 0.5f);
        bool _528 = _526 == 1;
        float4 texel;
        if (_528 || (_526 == 2))
        {
            float _537;
            if (_528)
            {
                _537 = clamp(uv.x, 0.0f, 1.0f);
            }
            else
            {
                _537 = clamp(length(uv), 0.0f, 1.0f);
            }
            float param = _537;
            texel = gradientAt(param);
            if (_283_gradientMeta.z > 0.5f)
            {
                float2 param_1 = gl_FragCoord.xy;
                float4 _569 = texel;
                float3 _575 = clamp(_569.xyz + ((bayer4(param_1) - 7.5f) * 0.00104575161822140216827392578125f).xxx, 0.0f.xxx, 1.0f.xxx);
                float4 _738 = _569;
                _738.x = _575.x;
                _738.y = _575.y;
                _738.z = _575.z;
                texel = _738;
            }
        }
        else
        {
            if (_526 == 3)
            {
                float _591 = max(_283_gradientParams.x, 1.0f);
                float4 _606;
                if (mod(uv.x + uv.y, _591) < clamp(_283_gradientParams.y, 0.0f, _591))
                {
                    _606 = _283_gradientColor1;
                }
                else
                {
                    _606 = _283_gradientColor0;
                }
                texel = _606;
            }
            else
            {
                if (_526 == 4)
                {
                    float _623 = max(_283_gradientParams.x, 1.0f);
                    float4 _639;
                    if (mod(floor(uv.x / _623) + floor(uv.y / _623), 2.0f) < 1.0f)
                    {
                        _639 = _283_gradientColor0;
                    }
                    else
                    {
                        _639 = _283_gradientColor1;
                    }
                    texel = _639;
                }
                else
                {
                    texel = tex.Sample(smp, uv);
                }
            }
        }
        if (_283_colorKey.w > 0.5f)
        {
            float3 _673 = abs(texel.xyz - _283_colorKey.xyz);
            if (((_673.x + _673.y) + _673.z) < 0.07999999821186065673828125f)
            {
                float4 _746 = texel;
                _746.w = 0.0f;
                texel = _746;
            }
        }
        float4 _691 = texel * color;
        float3 _693 = _691.xyz;
        float3 _702 = lerp(_693, _693 * color.w, srcPremult.xxx);
        float4 _749 = _691;
        _749.x = _702.x;
        _749.y = _702.y;
        _749.z = _702.z;
        float4 _717 = mul(_749, _283_colorMatrix) + _283_colorAdd;
        float _722 = _717.w;
        frag_color = lerp(float4(_717.xyz * _722, _722), _717, srcPremult.xxxx);
    }

    SPIRV_Cross_Output main(SPIRV_Cross_Input stage_input)
    {
        gl_FragCoord = stage_input.gl_FragCoord;
        gl_FragCoord.w = 1.0 / gl_FragCoord.w;
        clipDistance = stage_input.clipDistance;
        uv = stage_input.uv;
        color = stage_input.color;
        srcPremult = stage_input.srcPremult;
        frag_main();
        SPIRV_Cross_Output stage_output;
        stage_output.frag_color = frag_color;
        return stage_output;
    }
*/
static const uint8_t fs_source_hlsl5[9266] = {
    0x63,0x62,0x75,0x66,0x66,0x65,0x72,0x20,0x76,0x6f,0x69,0x64,0x32,0x64,0x5f,0x66,
    0x78,0x20,0x3a,0x20,0x72,0x65,0x67,0x69,0x73,0x74,0x65,0x72,0x28,0x62,0x31,0x29,
    0x0a,0x7b,0x0a,0x20,0x20,0x20,0x20,0x72,0x6f,0x77,0x5f,0x6d,0x61,0x6a,0x6f,0x72,
    0x20,0x66,0x6c,0x6f,0x61,0x74,0x34,0x78,0x34,0x20,0x5f,0x32,0x38,0x33,0x5f,0x63,
    0x6f,0x6c,0x6f,0x72,0x4d,0x61,0x74,0x72,0x69,0x78,0x20,0x3a,0x20,0x70,0x61,0x63,
    0x6b,0x6f,0x66,0x66,0x73,0x65,0x74,0x28,0x63,0x30,0x29,0x3b,0x0a,0x20,0x20,0x20,
    0x20,0x66,0x6c,0x6f,0x61,0x74,0x34,0x20,0x5f,0x32,0x38,0x33,0x5f,0x63,0x6f,0x6c,
    0x6f,0x72,0x41,0x64,0x64,0x20,0x3a,0x20,0x70,0x61,0x63,0x6b,0x6f,0x66,0x66,0x73,
    0x65,0x74,0x28,0x63,0x34,0x29,0x3b,0x0a,0x20,0x20,0x20,0x20,0x66,0x6c,0x6f,0x61,
    0x74,0x34,0x20,0x5f,0x32,0x38,0x33,0x5f,0x63,0x6f,0x6c,0x6f,0x72,0x4b,0x65,0x79,
    0x20,0x3a,0x20,0x70,0x61,0x63,0x6b,0x6f,0x66,0x66,0x73,0x65,0x74,0x28,0x63,0x35,
    0x29,0x3b,0x0a,0x20,0x20,0x20,0x20,0x66,0x6c,0x6f,0x61,0x74,0x34,0x20,0x5f,0x32,
    0x38,0x33,0x5f,0x67,0x72,0x61,0x64,0x69,0x65,0x6e,0x74,0x4d,0x65,0x74,0x61,0x20,
    0x3a,0x20,0x70,0x61,0x63,0x6b,0x6f,0x66,0x66,0x73,0x65,0x74,0x28,0x63,0x36,0x29,
    0x3b,0x0a,0x20,0x20,0x20,0x20,0x66,0x6c,0x6f,0x61,0x74,0x34,0x20,0x5f,0x32,0x38,
    0x33,0x5f,0x67,0x72,0x61,0x64,0x69,0x65,0x6e,0x74,0x50,0x61,0x72,0x61,0x6d,0x73,
    0x20,0x3a,0x20,0x70,0x61,0x63,0x6b,0x6f,0x66,0x66,0x73,0x65,0x74,0x28,0x63,0x37,
    0x29,0x3b,0x0a,0x20,0x20,0x20,0x20,0x66,0x6c,0x6f,0x61,0x74,0x34,0x20,0x5f,0x32,
    0x38,0x33,0x5f,0x67,0x72,0x61,0x64,0x69,0x65,0x6e,0x74,0x43,0x6f,0x6c,0x6f,0x72,
    0x30,0x20,0x3a,0x20,0x70,0x61,0x63,0x6b,0x6f,0x66,0x66,0x73,0x65,0x74,0x28,0x63,
    0x38,0x29,0x3b,0x0a,0x20,0x20,0x20,0x20,0x66,0x6c,0x6f,0x61,0x74,0x34,0x20,0x5f,
    0x32,0x38,0x33,0x5f,0x67,0x72,0x61,0x64,0x69,0x65,0x6e,0x74,0x43,0x6f,0x6c,0x6f,
    0x72,0x31,0x20,0x3a,0x20,0x70,0x61,0x63,0x6b,0x6f,0x66,0x66,0x73,0x65,0x74,0x28,
    0x63,0x39,0x29,0x3b,0x0a,0x20,0x20,0x20,0x20,0x66,0x6c,0x6f,0x61,0x74,0x34,0x20,
    0x5f,0x32,0x38,0x33,0x5f,0x67,0x72,0x61,0x64,0x69,0x65,0x6e,0x74,0x43,0x6f,0x6c,
    0x6f,0x72,0x32,0x20,0x3a,0x20,0x70,0x61,0x63,0x6b,0x6f,0x66,0x66,0x73,0x65,0x74,
    0x28,0x63,0x31,0x30,0x29,0x3b,0x0a,0x7d,0x3b,0x0a,0x0a,0x54,0x65,0x78,0x74,0x75,
    0x72,0x65,0x32,0x44,0x3c,0x66,0x6c,0x6f,0x61,0x74,0x34,0x3e,0x20,0x74,0x65,0x78,
    0x20,0x3a,0x20,0x72,0x65,0x67,0x69,0x73,0x74,0x65,0x72,0x28,0x74,0x30,0x29,0x3b,
    0x0a,0x53,0x61,0x6d,0x70,0x6c,0x65,0x72,0x53,0x74,0x61,0x74,0x65,0x20,0x73,0x6d,
    0x70,0x20,0x3a,0x20,0x72,0x65,0x67,0x69,0x73,0x74,0x65,0x72,0x28,0x73,0x30,0x29,
    0x3b,0x0a,0x0a,0x73,0x74,0x61,0x74,0x69,0x63,0x20,0x66,0x6c,0x6f,0x61,0x74,0x34,
    0x20,0x67,0x6c,0x5f,0x46,0x72,0x61,0x67,0x43,0x6f,0x6f,0x72,0x64,0x3b,0x0a,0x73,
    0x74,0x61,0x74,0x69,0x63,0x20,0x66,0x6c,0x6f,0x61,0x74,0x34,0x20,0x63,0x6c,0x69,
    0x70,0x44,0x69,0x73,0x74,0x61,0x6e,0x63,0x65,0x3b,0x0a,0x73,0x74,0x61,0x74,0x69,
    0x63,0x20,0x66,0x6c,0x6f,0x61,0x74,0x32,0x20,0x75,0x76,0x3b,0x0a,0x73,0x74,0x61,
    0x74,0x69,0x63,0x20,0x66,0x6c,0x6f,0x61,0x74,0x34,0x20,0x63,0x6f,0x6c,0x6f,0x72,
    0x3b,0x0a,0x73,0x74,0x61,0x74,0x69,0x63,0x20,0x66,0x6c,0x6f,0x61,0x74,0x20,0x73,
    0x72,0x63,0x50,0x72,0x65,0x6d,0x75,0x6c,0x74,0x3b,0x0a,0x73,0x74,0x61,0x74,0x69,
    0x63,0x20,0x66,0x6c,0x6f,0x61,0x74,0x34,0x20,0x66,0x72,0x61,0x67,0x5f,0x63,0x6f,
    0x6c,0x6f,0x72,0x3b,0x0a,0x0a,0x73,0x74,0x72,0x75,0x63,0x74,0x20,0x53,0x50,0x49,
    0x52,0x56,0x5f,0x43,0x72,0x6f,0x73,0x73,0x5f,0x49,0x6e,0x70,0x75,0x74,0x0a,0x7b,
    0x0a,0x20,0x20,0x20,0x20,0x66,0x6c,0x6f,0x61,0x74,0x32,0x20,0x75,0x76,0x20,0x3a,
    0x20,0x54,0x45,0x58,0x43,0x4f,0x4f,0x52,0x44,0x30,0x3b,0x0a,0x20,0x20,0x20,0x20,
    0x66,0x6c,0x6f,0x61,0x74,0x34,0x20,0x63,0x6f,0x6c,0x6f,0x72,0x20,0x3a,0x20,0x54,
    0x45,0x58,0x43,0x4f,0x4f,0x52,0x44,0x31,0x3b,0x0a,0x20,0x20,0x20,0x20,0x66,0x6c,
    0x6f,0x61,0x74,0x20,0x73,0x72,0x63,0x50,0x72,0x65,0x6d,0x75,0x6c,0x74,0x20,0x3a,
    0x20,0x54,0x45,0x58,0x43,0x4f,0x4f,0x52,0x44,0x32,0x3b,0x0a,0x20,0x20,0x20,0x20,
    0x66,0x6c,0x6f,0x61,0x74,0x34,0x20,0x63,0x6c,0x69,0x70,0x44,0x69,0x73,0x74,0x61,
    0x6e,0x63,0x65,0x20,0x3a,0x20,0x54,0x45,0x58,0x43,0x4f,0x4f,0x52,0x44,0x33,0x3b,
    0x0a,0x20,0x20,0x20,0x20,0x66,0x6c,0x6f,0x61,0x74,0x34,0x20,0x67,0x6c,0x5f,0x46,
    0x72,0x61,0x67,0x43,0x6f,0x6f,0x72,0x64,0x20,0x3a,0x20,0x53,0x56,0x5f,0x50,0x6f,
    0x73,0x69,0x74,0x69,0x6f,0x6e,0x3b,0x0a,0x7d,0x3b,0x0a,0x0a,0x73,0x74,0x72,0x75,
    0x63,0x74,0x20,0x53,0x50,0x49,0x52,0x56,0x5f,0x43,0x72,0x6f,0x73,0x73,0x5f,0x4f,
    0x75,0x74,0x70,0x75,0x74,0x0a,0x7b,0x0a,0x20,0x20,0x20,0x20,0x66,0x6c,0x6f,0x61,
    0x74,0x34,0x20,0x66,0x72,0x61,0x67,0x5f,0x63,0x6f,0x6c,0x6f,0x72,0x20,0x3a,0x20,
    0x53,0x56,0x5f,0x54,0x61,0x72,0x67,0x65,0x74,0x30,0x3b,0x0a,0x7d,0x3b,0x0a,0x0a,
    0x66,0x6c,0x6f,0x61,0x74,0x20,0x6d,0x6f,0x64,0x28,0x66,0x6c,0x6f,0x61,0x74,0x20,
    0x78,0x2c,0x20,0x66,0x6c,0x6f,0x61,0x74,0x20,0x79,0x29,0x0a,0x7b,0x0a,0x20,0x20,
    0x20,0x20,0x72,0x65,0x74,0x75,0x72,0x6e,0x20,0x78,0x20,0x2d,0x20,0x79,0x20,0x2a,
    0x20,0x66,0x6c,0x6f,0x6f,0x72,0x28,0x78,0x20,0x2f,0x20,0x79,0x29,0x3b,0x0a,0x7d,
    0x0a,0x0a,0x66,0x6c,0x6f,0x61,0x74,0x32,0x20,0x6d,0x6f,0x64,0x28,0x66,0x6c,0x6f,
    0x61,0x74,0x32,0x20,0x78,0x2c,0x20,0x66,0x6c,0x6f,0x61,0x74,0x32,0x20,0x79,0x29,
    0x0a,0x7b,0x0a,0x20,0x20,0x20,0x20,0x72,0x65,0x74,0x75,0x72,0x6e,0x20,0x78,0x20,
    0x2d,0x20,0x79,0x20,0x2a,0x20,0x66,0x6c,0x6f,0x6f,0x72,0x28,0x78,0x20,0x2f,0x20,
    0x79,0x29,0x3b,0x0a,0x7d,0x0a,0x0a,0x66,0x6c,0x6f,0x61,0x74,0x33,0x20,0x6d,0x6f,
    0x64,0x28,0x66,0x6c,0x6f,0x61,0x74,0x33,0x20,0x78,0x2c,0x20,0x66,0x6c,0x6f,0x61,
    0x74,0x33,0x20,0x79,0x29,0x0a,0x7b,0x0a,0x20,0x20,0x20,0x20,0x72,0x65,0x74,0x75,
    0x72,0x6e,0x20,0x78,0x20,0x2d,0x20,0x79,0x20,0x2a,0x20,0x66,0x6c,0x6f,0x6f,0x72,
    0x28,0x78,0x20,0x2f,0x20,0x79,0x29,0x3b,0x0a,0x7d,0x0a,0x0a,0x66,0x6c,0x6f,0x61,
    0x74,0x34,0x20,0x6d,0x6f,0x64,0x28,0x66,0x6c,0x6f,0x61,0x74,0x34,0x20,0x78,0x2c,
    0x20,0x66,0x6c,0x6f,0x61,0x74,0x34,0x20,0x79,0x29,0x0a,0x7b,0x0a,0x20,0x20,0x20,
    0x20,0x72,0x65,0x74,0x75,0x72,0x6e,0x20,0x78,0x20,0x2d,0x20,0x79,0x20,0x2a,0x20,
    0x66,0x6c,0x6f,0x6f,0x72,0x28,0x78,0x20,0x2f,0x20,0x79,0x29,0x3b,0x0a,0x7d,0x0a,
    0x0a,0x66,0x6c,0x6f,0x61,0x74,0x33,0x20,0x73,0x72,0x67,0x62,0x54,0x6f,0x4c,0x69,
    0x6e,0x65,0x61,0x72,0x28,0x66,0x6c,0x6f,0x61,0x74,0x33,0x20,0x63,0x29,0x0a,0x7b,
    0x0a,0x20,0x20,0x20,0x20,0x66,0x6c,0x6f,0x61,0x74,0x33,0x20,0x5f,0x34,0x35,0x20,
    0x3d,0x20,0x63,0x20,0x2a,0x20,0x30,0x2e,0x30,0x37,0x37,0x33,0x39,0x39,0x33,0x38,
    0x30,0x35,0x30,0x35,0x30,0x38,0x34,0x39,0x39,0x31,0x34,0x35,0x35,0x30,0x37,0x38,
    0x31,0x32,0x35,0x66,0x2e,0x78,0x78,0x78,0x3b,0x0a,0x20,0x20,0x20,0x20,0x66,0x6c,
    0x6f,0x61,0x74,0x33,0x20,0x5f,0x35,0x36,0x20,0x3d,0x20,0x70,0x6f,0x77,0x28,0x28,
    0x63,0x20,0x2b,0x20,0x30,0x2e,0x30,0x35,0x34,0x39,0x39,0x39,0x39,0x39,0x39,0x37,
    0x30,0x31,0x39,0x37,0x36,0x37,0x37,0x36,0x31,0x32,0x33,0x30,0x34,0x36,0x38,0x37,
    0x35,0x66,0x2e,0x78,0x78,0x78,0x29,0x20,0x2a,0x20,0x30,0x2e,0x39,0x34,0x37,0x38,
    0x36,0x37,0x33,0x33,0x33,0x38,0x38,0x39,0x30,0x30,0x37,0x35,0x36,0x38,0x33,0x35,
    0x39,0x33,0x37,0x35,0x66,0x2e,0x78,0x78,0x78,0x2c,0x20,0x32,0x2e,0x34,0x30,0x30,
    0x30,0x30,0x30,0x30,0x39,0x35,0x33,0x36,0x37,0x34,0x33,0x31,0x36,0x34,0x30,0x36,
    0x32,0x35,0x66,0x2e,0x78,0x78,0x78,0x29,0x3b,0x0a,0x20,0x20,0x20,0x20,0x62,0x6f,
    0x6f,0x6c,0x33,0x20,0x5f,0x36,0x34,0x20,0x3d,0x20,0x62,0x6f,0x6f,0x6c,0x33,0x28,
    0x63,0x2e,0x78,0x20,0x3c,0x3d,0x20,0x30,0x2e,0x30,0x34,0x30,0x34,0x34,0x39,0x39,
    0x39,0x39,0x32,0x37,0x32,0x38,0x32,0x33,0x33,0x33,0x33,0x37,0x34,0x30,0x32,0x33,
    0x34,0x33,0x37,0x35,0x66,0x2e,0x78,0x78,0x78,0x2e,0x78,0x2c,0x20,0x63,0x2e,0x79,
    0x20,0x3c,0x3d,0x20,0x30,0x2e,0x30,0x34,0x30,0x34,0x34,0x39,0x39,0x39,0x39,0x32,
    0x37,0x32,0x38,0x32,0x33,0x33,0x33,0x33,0x37,0x34,0x30,0x32,0x33,0x34,0x33,0x37,
    0x35,0x66,0x2e,0x78,0x78,0x78,0x2e,0x79,0x2c,0x20,0x63,0x2e,0x7a,0x20,0x3c,0x3d,
    0x20,0x30,0x2e,0x30,0x34,0x30,0x34,0x34,0x39,0x39,0x39,0x39,0x32,0x37,0x32,0x38,
    0x32,0x33,0x33,0x33,0x33,0x37,0x34,0x30,0x32,0x33,0x34,0x33,0x37,0x35,0x66,0x2e,
    0x78,0x78,0x78,0x2e,0x7a,0x29,0x3b,0x0a,0x20,0x20,0x20,0x20,0x72,0x65,0x74,0x75,
    0x72,0x6e,0x20,0x66,0x6c,0x6f,0x61,0x74,0x33,0x28,0x5f,0x36,0x34,0x2e,0x78,0x20,
    0x3f,0x20,0x5f,0x34,0x35,0x2e,0x78,0x20,0x3a,0x20,0x5f,0x35,0x36,0x2e,0x78,0x2c,
    0x20,0x5f,0x36,0x34,0x2e,0x79,0x20,0x3f,0x20,0x5f,0x34,0x35,0x2e,0x79,0x20,0x3a,
    0x20,0x5f,0x35,0x36,0x2e,0x79,0x2c,0x20,0x5f,0x36,0x34,0x2e,0x7a,0x20,0x3f,0x20,
    0x5f,0x34,0x35,0x2e,0x7a,0x20,0x3a,0x20,0x5f,0x35,0x36,0x2e,0x7a,0x29,0x3b,0x0a,
    0x7d,0x0a,0x0a,0x66,0x6c,0x6f,0x61,0x74,0x33,0x20,0x6c,0x69,0x6e,0x65,0x61,0x72,
    0x54,0x6f,0x4f,0x6b,0x6c,0x61,0x62,0x28,0x66,0x6c,0x6f,0x61,0x74,0x33,0x20,0x63,
    0x29,0x0a,0x7b,0x0a,0x20,0x20,0x20,0x20,0x66,0x6c,0x6f,0x61,0x74,0x33,0x20,0x5f,
    0x31,0x33,0x38,0x20,0x3d,0x20,0x66,0x6c,0x6f,0x61,0x74,0x33,0x28,0x28,0x28,0x30,
    0x2e,0x34,0x31,0x32,0x32,0x32,0x31,0x34,0x36,0x31,0x35,0x33,0x34,0x35,0x30,0x30,
    0x31,0x32,0x32,0x30,0x37,0x30,0x33,0x31,0x32,0x35,0x66,0x20,0x2a,0x20,0x63,0x2e,
    0x78,0x29,0x20,0x2b,0x20,0x28,0x30,0x2e,0x35,0x33,0x36,0x33,0x33,0x32,0x35,0x34,
    0x37,0x36,0x36,0x34,0x36,0x34,0x32,0x33,0x33,0x33,0x39,0x38,0x34,0x33,0x37,0x35,
    0x66,0x20,0x2a,0x20,0x63,0x2e,0x79,0x29,0x29,0x20,0x2b,0x20,0x28,0x30,0x2e,0x30,
    0x35,0x31,0x34,0x34,0x35,0x39,0x39,0x34,0x35,0x32,0x36,0x31,0x34,0x37,0x38,0x34,
    0x32,0x34,0x30,0x37,0x32,0x32,0x36,0x35,0x36,0x32,0x35,0x66,0x20,0x2a,0x20,0x63,
    0x2e,0x7a,0x29,0x2c,0x20,0x28,0x28,0x30,0x2e,0x32,0x31,0x31,0x39,0x30,0x33,0x34,
    0x39,0x37,0x35,0x37,0x36,0x37,0x31,0x33,0x35,0x36,0x32,0x30,0x31,0x31,0x37,0x31,
    0x38,0x37,0x35,0x66,0x20,0x2a,0x20,0x63,0x2e,0x78,0x29,0x20,0x2b,0x20,0x28,0x30,
    0x2e,0x36,0x38,0x30,0x36,0x39,0x39,0x35,0x32,0x37,0x32,0x36,0x33,0x36,0x34,0x31,
    0x33,0x35,0x37,0x34,0x32,0x31,0x38,0x37,0x35,0x66,0x20,0x2a,0x20,0x63,0x2e,0x79,
    0x29,0x29,0x20,0x2b,0x20,0x28,0x30,0x2e,0x31,0x30,0x37,0x33,0x39,0x36,0x39,0x36,
    0x30,0x32,0x35,0x38,0x34,0x38,0x33,0x38,0x38,0x36,0x37,0x31,0x38,0x37,0x35,0x66,
    0x20,0x2a,0x20,0x63,0x2e,0x7a,0x29,0x2c,0x20,0x28,0x28,0x30,0x2e,0x30,0x38,0x38,
    0x33,0x30,0x32,0x34,0x36,0x33,0x32,0x39,0x33,0x30,0x37,0x35,0x35,0x36,0x31,0x35,
    0x32,0x33,0x34,0x33,0x37,0x35,0x66,0x20,0x2a,0x20,0x63,0x2e,0x78,0x29,0x20,0x2b,
    0x20,0x28,0x30,0x2e,0x32,0x38,0x31,0x37,0x31,0x38,0x38,0x35,0x30,0x31,0x33,0x35,
    0x38,0x30,0x33,0x32,0x32,0x32,0x36,0x35,0x36,0x32,0x35,0x66,0x20,0x2a,0x20,0x63,
    0x2e,0x79,0x29,0x29,0x20,0x2b,0x20,0x28,0x30,0x2e,0x36,0x32,0x39,0x39,0x37,0x38,
    0x37,0x31,0x36,0x33,0x37,0x33,0x34,0x34,0x33,0x36,0x30,0x33,0x35,0x31,0x35,0x36,
    0x32,0x35,0x66,0x20,0x2a,0x20,0x63,0x2e,0x7a,0x29,0x29,0x3b,0x0a,0x20,0x20,0x20,
    0x20,0x66,0x6c,0x6f,0x61,0x74,0x33,0x20,0x5f,0x31,0x34,0x36,0x20,0x3d,0x20,0x73,
    0x69,0x67,0x6e,0x28,0x5f,0x31,0x33,0x38,0x29,0x20,0x2a,0x20,0x70,0x6f,0x77,0x28,
    0x61,0x62,0x73,0x28,0x5f,0x31,0x33,0x38,0x29,0x2c,0x20,0x30,0x2e,0x33,0x33,0x33,
    0x33,0x33,0x33,0x33,0x34,0x33,0x32,0x36,0x37,0x34,0x34,0x30,0x37,0x39,0x35,0x38,
    0x39,0x38,0x34,0x33,0x37,0x35,0x66,0x2e,0x78,0x78,0x78,0x29,0x3b,0x0a,0x20,0x20,
    0x20,0x20,0x66,0x6c,0x6f,0x61,0x74,0x20,0x5f,0x31,0x34,0x39,0x20,0x3d,0x20,0x5f,
    0x31,0x34,0x36,0x2e,0x78,0x3b,0x0a,0x20,0x20,0x20,0x20,0x66,0x6c,0x6f,0x61,0x74,
    0x20,0x5f,0x31,0x35,0x33,0x20,0x3d,0x20,0x5f,0x31,0x34,0x36,0x2e,0x79,0x3b,0x0a,
    0x20,0x20,0x20,0x20,0x66,0x6c,0x6f,0x61,0x74,0x20,0x5f,0x31,0x35,0x38,0x20,0x3d,
    0x20,0x5f,0x31,0x34,0x36,0x2e,0x7a,0x3b,0x0a,0x20,0x20,0x20,0x20,0x72,0x65,0x74,
    0x75,0x72,0x6e,0x20,0x66,0x6c,0x6f,0x61,0x74,0x33,0x28,0x28,0x28,0x30,0x2e,0x32,
    0x31,0x30,0x34,0x35,0x34,0x32,0x35,0x35,0x33,0x34,0x32,0x34,0x38,0x33,0x35,0x32,
    0x30,0x35,0x30,0x37,0x38,0x31,0x32,0x35,0x66,0x20,0x2a,0x20,0x5f,0x31,0x34,0x39,
    0x29,0x20,0x2b,0x20,0x28,0x30,0x2e,0x37,0x39,0x33,0x36,0x31,0x37,0x37,0x38,0x34,
    0x39,0x37,0x36,0x39,0x35,0x39,0x32,0x32,0x38,0x35,0x31,0x35,0x36,0x32,0x35,0x66,
    0x20,0x2a,0x20,0x5f,0x31,0x35,0x33,0x29,0x29,0x20,0x2d,0x20,0x28,0x30,0x2e,0x30,
    0x30,0x34,0x30,0x37,0x32,0x30,0x34,0x36,0x38,0x33,0x38,0x37,0x30,0x30,0x37,0x37,
    0x31,0x33,0x33,0x31,0x37,0x38,0x37,0x31,0x30,0x39,0x33,0x37,0x35,0x66,0x20,0x2a,
    0x20,0x5f,0x31,0x35,0x38,0x29,0x2c,0x20,0x28,0x28,0x31,0x2e,0x39,0x37,0x37,0x39,
    0x39,0x38,0x34,0x39,0x35,0x31,0x30,0x31,0x39,0x32,0x38,0x37,0x31,0x30,0x39,0x33,
    0x37,0x35,0x66,0x20,0x2a,0x20,0x5f,0x31,0x34,0x39,0x29,0x20,0x2d,0x20,0x28,0x32,
    0x2e,0x34,0x32,0x38,0x35,0x39,0x32,0x32,0x30,0x35,0x30,0x34,0x37,0x36,0x30,0x37,
    0x34,0x32,0x31,0x38,0x37,0x35,0x66,0x20,0x2a,0x20,0x5f,0x31,0x35,0x33,0x29,0x29,
    0x20,0x2b,0x20,0x28,0x30,0x2e,0x34,0x35,0x30,0x35,0x39,0x33,0x37,0x30,0x39,0x39,
    0x34,0x35,0x36,0x37,0x38,0x37,0x31,0x30,0x39,0x33,0x37,0x35,0x66,0x20,0x2a,0x20,
    0x5f,0x31,0x35,0x38,0x29,0x2c,0x20,0x28,0x28,0x30,0x2e,0x30,0x32,0x35,0x39,0x30,
    0x34,0x30,0x33,0x37,0x30,0x35,0x38,0x33,0x35,0x33,0x34,0x32,0x34,0x30,0x37,0x32,
    0x32,0x36,0x35,0x36,0x32,0x35,0x66,0x20,0x2a,0x20,0x5f,0x31,0x34,0x39,0x29,0x20,
    0x2b,0x20,0x28,0x30,0x2e,0x37,0x38,0x32,0x37,0x37,0x31,0x37,0x36,0x36,0x31,0x38,
    0x35,0x37,0x36,0x30,0x34,0x39,0x38,0x30,0x34,0x36,0x38,0x37,0x35,0x66,0x20,0x2a,
    0x20,0x5f,0x31,0x35,0x33,0x29,0x29,0x20,0x2d,0x20,0x28,0x30,0x2e,0x38,0x30,0x38,
    0x36,0x37,0x35,0x37,0x36,0x35,0x39,0x39,0x31,0x32,0x31,0x30,0x39,0x33,0x37,0x35,
    0x66,0x20,0x2a,0x20,0x5f,0x31,0x35,0x38,0x29,0x29,0x3b,0x0a,0x7d,0x0a,0x0a,0x66,
    0x6c,0x6f,0x61,0x74,0x33,0x20,0x6f,0x6b,0x6c,0x61,0x62,0x54,0x6f,0x4c,0x69,0x6e,
    0x65,0x61,0x72,0x28,0x66,0x6c,0x6f,0x61,0x74,0x33,0x20,0x63,0x29,0x0a,0x7b,0x0a,
    0x20,0x20,0x20,0x20,0x66,0x6c,0x6f,0x61,0x74,0x33,0x20,0x5f,0x32,0x32,0x39,0x20,
    0x3d,0x20,0x66,0x6c,0x6f,0x61,0x74,0x33,0x28,0x28,0x63,0x2e,0x78,0x20,0x2b,0x20,
    0x28,0x30,0x2e,0x33,0x39,0x36,0x33,0x33,0x37,0x37,0x37,0x37,0x33,0x37,0x36,0x31,
    0x37,0x34,0x39,0x32,0x36,0x37,0x35,0x37,0x38,0x31,0x32,0x35,0x66,0x20,0x2a,0x20,
    0x63,0x2e,0x79,0x29,0x29,0x20,0x2b,0x20,0x28,0x30,0x2e,0x32,0x31,0x35,0x38,0x30,
    0x33,0x37,0x35,0x37,0x33,0x30,0x39,0x39,0x31,0x33,0x36,0x33,0x35,0x32,0x35,0x33,
    0x39,0x30,0x36,0x32,0x35,0x66,0x20,0x2a,0x20,0x63,0x2e,0x7a,0x29,0x2c,0x20,0x28,
    0x63,0x2e,0x78,0x20,0x2d,0x20,0x28,0x30,0x2e,0x31,0x30,0x35,0x35,0x36,0x31,0x33,
    0x34,0x35,0x38,0x31,0x35,0x36,0x35,0x38,0x35,0x36,0x39,0x33,0x33,0x35,0x39,0x33,
    0x37,0x35,0x66,0x20,0x2a,0x20,0x63,0x2e,0x79,0x29,0x29,0x20,0x2d,0x20,0x28,0x30,
    0x2e,0x30,0x36,0x33,0x38,0x35,0x34,0x31,0x37,0x32,0x38,0x32,0x35,0x38,0x31,0x33,
    0x32,0x39,0x33,0x34,0x35,0x37,0x30,0x33,0x31,0x32,0x35,0x66,0x20,0x2a,0x20,0x63,
    0x2e,0x7a,0x29,0x2c,0x20,0x28,0x63,0x2e,0x78,0x20,0x2d,0x20,0x28,0x30,0x2e,0x30,
    0x38,0x39,0x34,0x38,0x34,0x31,0x37,0x37,0x35,0x32,0x39,0x38,0x31,0x31,0x38,0x35,
    0x39,0x31,0x33,0x30,0x38,0x35,0x39,0x33,0x37,0x35,0x66,0x20,0x2a,0x20,0x63,0x2e,
    0x79,0x29,0x29,0x20,0x2d,0x20,0x28,0x31,0x2e,0x32,0x39,0x31,0x34,0x38,0x35,0x35,
    0x34,0x38,0x30,0x31,0x39,0x34,0x30,0x39,0x31,0x37,0x39,0x36,0x38,0x37,0x35,0x66,
    0x20,0x2a,0x20,0x63,0x2e,0x7a,0x29,0x29,0x3b,0x0a,0x20,0x20,0x20,0x20,0x66,0x6c,
    0x6f,0x61,0x74,0x33,0x20,0x5f,0x32,0x33,0x34,0x20,0x3d,0x20,0x28,0x5f,0x32,0x32,
    0x39,0x20,0x2a,0x20,0x5f,0x32,0x32,0x39,0x29,0x20,0x2a,0x20,0x5f,0x32,0x32,0x39,
    0x3b,0x0a,0x20,0x20,0x20,0x20,0x66,0x6c,0x6f,0x61,0x74,0x20,0x5f,0x32,0x33,0x37,
    0x20,0x3d,0x20,0x5f,0x32,0x33,0x34,0x2e,0x78,0x3b,0x0a,0x20,0x20,0x20,0x20,0x66,
    0x6c,0x6f,0x61,0x74,0x20,0x5f,0x32,0x34,0x31,0x20,0x3d,0x20,0x5f,0x32,0x33,0x34,
    0x2e,0x79,0x3b,0x0a,0x20,0x20,0x20,0x20,0x66,0x6c,0x6f,0x61,0x74,0x20,0x5f,0x32,
    0x34,0x36,0x20,0x3d,0x20,0x5f,0x32,0x33,0x34,0x2e,0x7a,0x3b,0x0a,0x20,0x20,0x20,
    0x20,0x72,0x65,0x74,0x75,0x72,0x6e,0x20,0x66,0x6c,0x6f,0x61,0x74,0x33,0x28,0x28,
    0x28,0x34,0x2e,0x30,0x37,0x36,0x37,0x34,0x31,0x36,0x39,0x35,0x34,0x30,0x34,0x30,
    0x35,0x32,0x37,0x33,0x34,0x33,0x37,0x35,0x66,0x20,0x2a,0x20,0x5f,0x32,0x33,0x37,
    0x29,0x20,0x2d,0x20,0x28,0x33,0x2e,0x33,0x30,0x37,0x37,0x31,0x31,0x36,0x30,0x31,
    0x32,0x35,0x37,0x33,0x32,0x34,0x32,0x31,0x38,0x37,0x35,0x66,0x20,0x2a,0x20,0x5f,
    0x32,0x34,0x31,0x29,0x29,0x20,0x2b,0x20,0x28,0x30,0x2e,0x32,0x33,0x30,0x39,0x36,
    0x39,0x39,0x33,0x35,0x36,0x35,0x35,0x35,0x39,0x33,0x38,0x37,0x32,0x30,0x37,0x30,
    0x33,0x31,0x32,0x35,0x66,0x20,0x2a,0x20,0x5f,0x32,0x34,0x36,0x29,0x2c,0x20,0x28,
    0x28,0x28,0x2d,0x31,0x2e,0x32,0x36,0x38,0x34,0x33,0x37,0x39,0x38,0x31,0x36,0x30,
    0x35,0x35,0x32,0x39,0x37,0x38,0x35,0x31,0x35,0x36,0x32,0x35,0x66,0x29,0x20,0x2a,
    0x20,0x5f,0x32,0x33,0x37,0x29,0x20,0x2b,0x20,0x28,0x32,0x2e,0x36,0x30,0x39,0x37,
    0x35,0x37,0x34,0x32,0x33,0x34,0x30,0x30,0x38,0x37,0x38,0x39,0x30,0x36,0x32,0x35,
    0x66,0x20,0x2a,0x20,0x5f,0x32,0x34,0x31,0x29,0x29,0x20,0x2d,0x20,0x28,0x30,0x2e,
    0x33,0x34,0x31,0x33,0x31,0x39,0x33,0x38,0x32,0x31,0x39,0x30,0x37,0x30,0x34,0x33,
    0x34,0x35,0x37,0x30,0x33,0x31,0x32,0x35,0x66,0x20,0x2a,0x20,0x5f,0x32,0x34,0x36,
    0x29,0x2c,0x20,0x28,0x28,0x28,0x2d,0x30,0x2e,0x30,0x30,0x34,0x31,0x39,0x36,0x30,
    0x38,0x36,0x34,0x33,0x32,0x37,0x38,0x34,0x37,0x39,0x35,0x37,0x36,0x31,0x31,0x30,
    0x38,0x33,0x39,0x38,0x34,0x33,0x37,0x35,0x66,0x29,0x20,0x2a,0x20,0x5f,0x32,0x33,
    0x37,0x29,0x20,0x2d,0x20,0x28,0x30,0x2e,0x37,0x30,0x33,0x34,0x31,0x38,0x36,0x31,
    0x32,0x34,0x38,0x30,0x31,0x36,0x33,0x35,0x37,0x34,0x32,0x31,0x38,0x37,0x35,0x66,
    0x20,0x2a,0x20,0x5f,0x32,0x34,0x31,0x29,0x29,0x20,0x2b,0x20,0x28,0x31,0x2e,0x37,
    0x30,0x37,0x36,0x31,0x34,0x36,0x36,0x30,0x32,0x36,0x33,0x30,0x36,0x31,0x35,0x32,
    0x33,0x34,0x33,0x37,0x35,0x66,0x20,0x2a,0x20,0x5f,0x32,0x34,0x36,0x29,0x29,0x3b,
    0x0a,0x7d,0x0a,0x0a,0x66,0x6c,0x6f,0x61,0x74,0x33,0x20,0x6c,0x69,0x6e,0x65,0x61,
    0x72,0x54,0x6f,0x53,0x72,0x67,0x62,0x28,0x66,0x6c,0x6f,0x61,0x74,0x33,0x20,0x63,
    0x29,0x0a,0x7b,0x0a,0x20,0x20,0x20,0x20,0x66,0x6c,0x6f,0x61,0x74,0x33,0x20,0x5f,
    0x37,0x30,0x20,0x3d,0x20,0x63,0x20,0x2a,0x20,0x31,0x32,0x2e,0x39,0x32,0x30,0x30,
    0x30,0x30,0x30,0x37,0x36,0x32,0x39,0x33,0x39,0x34,0x35,0x33,0x31,0x32,0x35,0x66,
    0x3b,0x0a,0x20,0x20,0x20,0x20,0x66,0x6c,0x6f,0x61,0x74,0x33,0x20,0x5f,0x38,0x31,
    0x20,0x3d,0x20,0x28,0x31,0x2e,0x30,0x35,0x34,0x39,0x39,0x39,0x39,0x34,0x37,0x35,
    0x34,0x37,0x39,0x31,0x32,0x35,0x39,0x37,0x36,0x35,0x36,0x32,0x35,0x66,0x2e,0x78,
    0x78,0x78,0x20,0x2a,0x20,0x70,0x6f,0x77,0x28,0x6d,0x61,0x78,0x28,0x63,0x2c,0x20,
    0x30,0x2e,0x30,0x66,0x2e,0x78,0x78,0x78,0x29,0x2c,0x20,0x30,0x2e,0x34,0x31,0x36,
    0x36,0x36,0x36,0x36,0x35,0x36,0x37,0x33,0x32,0x35,0x35,0x39,0x32,0x30,0x34,0x31,
    0x30,0x31,0x35,0x36,0x32,0x35,0x66,0x2e,0x78,0x78,0x78,0x29,0x29,0x20,0x2d,0x20,
    0x30,0x2e,0x30,0x35,0x34,0x39,0x39,0x39,0x39,0x39,0x39,0x37,0x30,0x31,0x39,0x37,
    0x36,0x37,0x37,0x36,0x31,0x32,0x33,0x30,0x34,0x36,0x38,0x37,0x35,0x66,0x2e,0x78,
    0x78,0x78,0x3b,0x0a,0x20,0x20,0x20,0x20,0x62,0x6f,0x6f,0x6c,0x33,0x20,0x5f,0x38,
    0x37,0x20,0x3d,0x20,0x62,0x6f,0x6f,0x6c,0x33,0x28,0x63,0x2e,0x78,0x20,0x3c,0x3d,
    0x20,0x30,0x2e,0x30,0x30,0x33,0x31,0x33,0x30,0x38,0x30,0x30,0x30,0x39,0x30,0x37,
    0x33,0x30,0x31,0x39,0x30,0x32,0x37,0x37,0x30,0x39,0x39,0x36,0x30,0x39,0x33,0x37,
    0x35,0x66,0x2e,0x78,0x78,0x78,0x2e,0x78,0x2c,0x20,0x63,0x2e,0x79,0x20,0x3c,0x3d,
    0x20,0x30,0x2e,0x30,0x30,0x33,0x31,0x33,0x30,0x38,0x30,0x30,0x30,0x39,0x30,0x37,
    0x33,0x30,0x31,0x39,0x30,0x32,0x37,0x37,0x30,0x39,0x39,0x36,0x30,0x39,0x33,0x37,
    0x35,0x66,0x2e,0x78,0x78,0x78,0x2e,0x79,0x2c,0x20,0x63,0x2e,0x7a,0x20,0x3c,0x3d,
    0x20,0x30,0x2e,0x30,0x30,0x33,0x31,0x33,0x30,0x38,0x30,0x30,0x30,0x39,0x30,0x37,
    0x33,0x30,0x31,0x39,0x30,0x32,0x37,0x37,0x30,0x39,0x39,0x36,0x30,0x39,0x33,0x37,
    0x35,0x66,0x2e,0x78,0x78,0x78,0x2e,0x7a,0x29,0x3b,0x0a,0x20,0x20,0x20,0x20,0x72,
    0x65,0x74,0x75,0x72,0x6e,0x20,0x66,0x6c,0x6f,0x61,0x74,0x33,0x28,0x5f,0x38,0x37,
    0x2e,0x78,0x20,0x3f,0x20,0x5f,0x37,0x30,0x2e,0x78,0x20,0x3a,0x20,0x5f,0x38,0x31,
    0x2e,0x78,0x2c,0x20,0x5f,0x38,0x37,0x2e,0x79,0x20,0x3f,0x20,0x5f,0x37,0x30,0x2e,
    0x79,0x20,0x3a,0x20,0x5f,0x38,0x31,0x2e,0x79,0x2c,0x20,0x5f,0x38,0x37,0x2e,0x7a,
    0x20,0x3f,0x20,0x5f,0x37,0x30,0x2e,0x7a,0x20,0x3a,0x20,0x5f,0x38,0x31,0x2e,0x7a,
    0x29,0x3b,0x0a,0x7d,0x0a,0x0a,0x66,0x6c,0x6f,0x61,0x74,0x34,0x20,0x6d,0x69,0x78,
    0x47,0x72,0x61,0x64,0x69,0x65,0x6e,0x74,0x28,0x66,0x6c,0x6f,0x61,0x74,0x34,0x20,
    0x61,0x2c,0x20,0x66,0x6c,0x6f,0x61,0x74,0x34,0x20,0x62,0x2c,0x20,0x66,0x6c,0x6f,
    0x61,0x74,0x20,0x74,0x29,0x0a,0x7b,0x0a,0x20,0x20,0x20,0x20,0x66,0x6c,0x6f,0x61,
    0x74,0x33,0x20,0x72,0x67,0x62,0x3b,0x0a,0x20,0x20,0x20,0x20,0x69,0x66,0x20,0x28,
    0x5f,0x32,0x38,0x33,0x5f,0x67,0x72,0x61,0x64,0x69,0x65,0x6e,0x74,0x4d,0x65,0x74,
    0x61,0x2e,0x79,0x20,0x3e,0x20,0x30,0x2e,0x35,0x66,0x29,0x0a,0x20,0x20,0x20,0x20,
    0x7b,0x0a,0x20,0x20,0x20,0x20,0x20,0x20,0x20,0x20,0x66,0x6c,0x6f,0x61,0x74,0x33,
    0x20,0x70,0x61,0x72,0x61,0x6d,0x20,0x3d,0x20,0x61,0x2e,0x78,0x79,0x7a,0x3b,0x0a,
    0x20,0x20,0x20,0x20,0x20,0x20,0x20,0x20,0x66,0x6c,0x6f,0x61,0x74,0x33,0x20,0x70,
    0x61,0x72,0x61,0x6d,0x5f,0x31,0x20,0x3d,0x20,0x73,0x72,0x67,0x62,0x54,0x6f,0x4c,
    0x69,0x6e,0x65,0x61,0x72,0x28,0x70,0x61,0x72,0x61,0x6d,0x29,0x3b,0x0a,0x20,0x20,
    0x20,0x20,0x20,0x20,0x20,0x20,0x66,0x6c,0x6f,0x61,0x74,0x33,0x20,0x70,0x61,0x72,
    0x61,0x6d,0x5f,0x32,0x20,0x3d,0x20,0x62,0x2e,0x78,0x79,0x7a,0x3b,0x0a,0x20,0x20,
    0x20,0x20,0x20,0x20,0x20,0x20,0x66,0x6c,0x6f,0x61,0x74,0x33,0x20,0x70,0x61,0x72,
    0x61,0x6d,0x5f,0x33,0x20,0x3d,0x20,0x73,0x72,0x67,0x62,0x54,0x6f,0x4c,0x69,0x6e,
    0x65,0x61,0x72,0x28,0x70,0x61,0x72,0x61,0x6d,0x5f,0x32,0x29,0x3b,0x0a,0x20,0x20,
    0x20,0x20,0x20,0x20,0x20,0x20,0x66,0x6c,0x6f,0x61,0x74,0x33,0x20,0x70,0x61,0x72,
    0x61,0x6d,0x5f,0x34,0x20,0x3d,0x20,0x6c,0x65,0x72,0x70,0x28,0x6c,0x69,0x6e,0x65,
    0x61,0x72,0x54,0x6f,0x4f,0x6b,0x6c,0x61,0x62,0x28,0x70,0x61,0x72,0x61,0x6d,0x5f,
    0x31,0x29,0x2c,0x20,0x6c,0x69,0x6e,0x65,0x61,0x72,0x54,0x6f,0x4f,0x6b,0x6c,0x61,
    0x62,0x28,0x70,0x61,0x72,0x61,0x6d,0x5f,0x33,0x29,0x2c,0x20,0x74,0x2e,0x78,0x78,
    0x78,0x29,0x3b,0x0a,0x20,0x20,0x20,0x20,0x20,0x20,0x20,0x20,0x66,0x6c,0x6f,0x61,
    0x74,0x33,0x20,0x70,0x61,0x72,0x61,0x6d,0x5f,0x35,0x20,0x3d,0x20,0x6f,0x6b,0x6c,
    0x61,0x62,0x54,0x6f,0x4c,0x69,0x6e,0x65,0x61,0x72,0x28,0x70,0x61,0x72,0x61,0x6d,
    0x5f,0x34,0x29,0x3b,0x0a,0x20,0x20,0x20,0x20,0x20,0x20,0x20,0x20,0x72,0x67,0x62,
    0x20,0x3d,0x20,0x6c,0x69,0x6e,0x65,0x61,0x72,0x54,0x6f,0x53,0x72,0x67,0x62,0x28,
    0x70,0x61,0x72,0x61,0x6d,0x5f,0x35,0x29,0x3b,0x0a,0x20,0x20,0x20,0x20,0x7d,0x0a,
    0x20,0x20,0x20,0x20,0x65,0x6c,0x73,0x65,0x0a,0x20,0x20,0x20,0x20,0x7b,0x0a,0x20,
    0x20,0x20,0x20,0x20,0x20,0x20,0x20,0x72,0x67,0x62,0x20,0x3d,0x20,0x6c,0x65,0x72,
    0x70,0x28,0x61,0x2e,0x78,0x79,0x7a,0x2c,0x20,0x62,0x2e,0x78,0x79,0x7a,0x2c,0x20,
    0x74,0x2e,0x78,0x78,0x78,0x29,0x3b,0x0a,0x20,0x20,0x20,0x20,0x7d,0x0a,0x20,0x20,
    0x20,0x20,0x72,0x65,0x74,0x75,0x72,0x6e,0x20,0x66,0x6c,0x6f,0x61,0x74,0x34,0x28,
    0x72,0x67,0x62,0x2c,0x20,0x6c,0x65,0x72,0x70,0x28,0x61,0x2e,0x77,0x2c,0x20,0x62,
    0x2e,0x77,0x2c,0x20,0x74,0x29,0x29,0x3b,0x0a,0x7d,0x0a,0x0a,0x66,0x6c,0x6f,0x61,
    0x74,0x34,0x20,0x67,0x72,0x61,0x64,0x69,0x65,0x6e,0x74,0x41,0x74,0x28,0x66,0x6c,
    0x6f,0x61,0x74,0x20,0x74,0x29,0x0a,0x7b,0x0a,0x20,0x20,0x20,0x20,0x69,0x66,0x20,
    0x28,0x28,0x5f,0x32,0x38,0x33,0x5f,0x67,0x72,0x61,0x64,0x69,0x65,0x6e,0x74,0x4d,
    0x65,0x74,0x61,0x2e,0x77,0x20,0x3e,0x20,0x30,0x2e,0x30,0x66,0x29,0x20,0x26,0x26,
    0x20,0x28,0x5f,0x32,0x38,0x33,0x5f,0x67,0x72,0x61,0x64,0x69,0x65,0x6e,0x74,0x4d,
    0x65,0x74,0x61,0x2e,0x77,0x20,0x3c,0x20,0x31,0x2e,0x30,0x66,0x29,0x29,0x0a,0x20,
    0x20,0x20,0x20,0x7b,0x0a,0x20,0x20,0x20,0x20,0x20,0x20,0x20,0x20,0x69,0x66,0x20,
    0x28,0x74,0x20,0x3c,0x20,0x5f,0x32,0x38,0x33,0x5f,0x67,0x72,0x61,0x64,0x69,0x65,
    0x6e,0x74,0x4d,0x65,0x74,0x61,0x2e,0x77,0x29,0x0a,0x20,0x20,0x20,0x20,0x20,0x20,
    0x20,0x20,0x7b,0x0a,0x20,0x20,0x20,0x20,0x20,0x20,0x20,0x20,0x20,0x20,0x20,0x20,
    0x66,0x6c,0x6f,0x61,0x74,0x34,0x20,0x70,0x61,0x72,0x61,0x6d,0x20,0x3d,0x20,0x5f,
    0x32,0x38,0x33,0x5f,0x67,0x72,0x61,0x64,0x69,0x65,0x6e,0x74,0x43,0x6f,0x6c,0x6f,
    0x72,0x30,0x3b,0x0a,0x20,0x20,0x20,0x20,0x20,0x20,0x20,0x20,0x20,0x20,0x20,0x20,
    0x66,0x6c,0x6f,0x61,0x74,0x34,0x20,0x70,0x61,0x72,0x61,0x6d,0x5f,0x31,0x20,0x3d,
    0x20,0x5f,0x32,0x38,0x33,0x5f,0x67,0x72,0x61,0x64,0x69,0x65,0x6e,0x74,0x43,0x6f,
    0x6c,0x6f,0x72,0x31,0x3b,0x0a,0x20,0x20,0x20,0x20,0x20,0x20,0x20,0x20,0x20,0x20,
    0x20,0x20,0x66,0x6c,0x6f,0x61,0x74,0x20,0x70,0x61,0x72,0x61,0x6d,0x5f,0x32,0x20,
    0x3d,0x20,0x74,0x20,0x2f,0x20,0x5f,0x32,0x38,0x33,0x5f,0x67,0x72,0x61,0x64,0x69,
    0x65,0x6e,0x74,0x4d,0x65,0x74,0x61,0x2e,0x77,0x3b,0x0a,0x20,0x20,0x20,0x20,0x20,
    0x20,0x20,0x20,0x20,0x20,0x20,0x20,0x72,0x65,0x74,0x75,0x72,0x6e,0x20,0x6d,0x69,
    0x78,0x47,0x72,0x61,0x64,0x69,0x65,0x6e,0x74,0x28,0x70,0x61,0x72,0x61,0x6d,0x2c,
    0x20,0x70,0x61,0x72,0x61,0x6d,0x5f,0x31,0x2c,0x20,0x70,0x61,0x72,0x61,0x6d,0x5f,
    0x32,0x29,0x3b,0x0a,0x20,0x20,0x20,0x20,0x20,0x20,0x20,0x20,0x7d,0x0a,0x20,0x20,
    0x20,0x20,0x20,0x20,0x20,0x20,0x66,0x6c,0x6f,0x61,0x74,0x34,0x20,0x70,0x61,0x72,
    0x61,0x6d,0x5f,0x33,0x20,0x3d,0x20,0x5f,0x32,0x38,0x33,0x5f,0x67,0x72,0x61,0x64,
    0x69,0x65,0x6e,0x74,0x43,0x6f,0x6c,0x6f,0x72,0x31,0x3b,0x0a,0x20,0x20,0x20,0x20,
    0x20,0x20,0x20,0x20,0x66,0x6c,0x6f,0x61,0x74,0x34,0x20,0x70,0x61,0x72,0x61,0x6d,
    0x5f,0x34,0x20,0x3d,0x20,0x5f,0x32,0x38,0x33,0x5f,0x67,0x72,0x61,0x64,0x69,0x65,
    0x6e,0x74,0x43,0x6f,0x6c,0x6f,0x72,0x32,0x3b,0x0a,0x20,0x20,0x20,0x20,0x20,0x20,
    0x20,0x20,0x66,0x6c,0x6f,0x61,0x74,0x20,0x70,0x61,0x72,0x61,0x6d,0x5f,0x35,0x20,
    0x3d,0x20,0x28,0x74,0x20,0x2d,0x20,0x5f,0x32,0x38,0x33,0x5f,0x67,0x72,0x61,0x64,
    0x69,0x65,0x6e,0x74,0x4d,0x65,0x74,0x61,0x2e,0x77,0x29,0x20,0x2f,0x20,0x28,0x31,
    0x2e,0x30,0x66,0x20,0x2d,0x20,0x5f,0x32,0x38,0x33,0x5f,0x67,0x72,0x61,0x64,0x69,
    0x65,0x6e,0x74,0x4d,0x65,0x74,0x61,0x2e,0x77,0x29,0x3b,0x0a,0x20,0x20,0x20,0x20,
    0x20,0x20,0x20,0x20,0x72,0x65,0x74,0x75,0x72,0x6e,0x20,0x6d,0x69,0x78,0x47,0x72,
    0x61,0x64,0x69,0x65,0x6e,0x74,0x28,0x70,0x61,0x72,0x61,0x6d,0x5f,0x33,0x2c,0x20,
    0x70,0x61,0x72,0x61,0x6d,0x5f,0x34,0x2c,0x20,0x70,0x61,0x72,0x61,0x6d,0x5f,0x35,
    0x29,0x3b,0x0a,0x20,0x20,0x20,0x20,0x7d,0x0a,0x20,0x20,0x20,0x20,0x66,0x6c,0x6f,
    0x61,0x74,0x34,0x20,0x70,0x61,0x72,0x61,0x6d,0x5f,0x36,0x20,0x3d,0x20,0x5f,0x32,
    0x38,0x33,0x5f,0x67,0x72,0x61,0x64,0x69,0x65,0x6e,0x74,0x43,0x6f,0x6c,0x6f,0x72,
    0x30,0x3b,0x0a,0x20,0x20,0x20,0x20,0x66,0x6c,0x6f,0x61,0x74,0x34,0x20,0x70,0x61,
    0x72,0x61,0x6d,0x5f,0x37,0x20,0x3d,0x20,0x5f,0x32,0x38,0x33,0x5f,0x67,0x72,0x61,
    0x64,0x69,0x65,0x6e,0x74,0x43,0x6f,0x6c,0x6f,0x72,0x31,0x3b,0x0a,0x20,0x20,0x20,
    0x20,0x66,0x6c,0x6f,0x61,0x74,0x20,0x70,0x61,0x72,0x61,0x6d,0x5f,0x38,0x20,0x3d,
    0x20,0x74,0x3b,0x0a,0x20,0x20,0x20,0x20,0x72,0x65,0x74,0x75,0x72,0x6e,0x20,0x6d,
    0x69,0x78,0x47,0x72,0x61,0x64,0x69,0x65,0x6e,0x74,0x28,0x70,0x61,0x72,0x61,0x6d,
    0x5f,0x36,0x2c,0x20,0x70,0x61,0x72,0x61,0x6d,0x5f,0x37,0x2c,0x20,0x70,0x61,0x72,
    0x61,0x6d,0x5f,0x38,0x29,0x3b,0x0a,0x7d,0x0a,0x0a,0x66,0x6c,0x6f,0x61,0x74,0x20,
    0x62,0x61,0x79,0x65,0x72,0x34,0x28,0x66,0x6c,0x6f,0x61,0x74,0x32,0x20,0x70,0x69,
    0x78,0x65,0x6c,0x29,0x0a,0x7b,0x0a,0x20,0x20,0x20,0x20,0x69,0x6e,0x74,0x20,0x5f,
    0x34,0x30,0x34,0x20,0x3d,0x20,0x69,0x6e,0x74,0x28,0x6d,0x6f,0x64,0x28,0x66,0x6c,
    0x6f,0x6f,0x72,0x28,0x70,0x69,0x78,0x65,0x6c,0x2e,0x78,0x29,0x2c,0x20,0x34,0x2e,
    0x30,0x66,0x29,0x29,0x3b,0x0a,0x20,0x20,0x20,0x20,0x69,0x6e,0x74,0x20,0x5f,0x34,
    0x31,0x30,0x20,0x3d,0x20,0x69,0x6e,0x74,0x28,0x6d,0x6f,0x64,0x28,0x66,0x6c,0x6f,
    0x6f,0x72,0x28,0x70,0x69,0x78,0x65,0x6c,0x2e,0x79,0x29,0x2c,0x20,0x34,0x2e,0x30,
    0x66,0x29,0x29,0x3b,0x0a,0x20,0x20,0x20,0x20,0x69,0x66,0x20,0x28,0x5f,0x34,0x31,
    0x30,0x20,0x3d,0x3d,0x20,0x30,0x29,0x0a,0x20,0x20,0x20,0x20,0x7b,0x0a,0x20,0x20,
    0x20,0x20,0x20,0x20,0x20,0x20,0x69,0x66,0x20,0x28,0x5f,0x34,0x30,0x34,0x20,0x3d,
    0x3d,0x20,0x30,0x29,0x0a,0x20,0x20,0x20,0x20,0x20,0x20,0x20,0x20,0x7b,0x0a,0x20,
    0x20,0x20,0x20,0x20,0x20,0x20,0x20,0x20,0x20,0x20,0x20,0x72,0x65,0x74,0x75,0x72,
    0x6e,0x20,0x30,0x2e,0x30,0x66,0x3b,0x0a,0x20,0x20,0x20,0x20,0x20,0x20,0x20,0x20,
    0x7d,0x0a,0x20,0x20,0x20,0x20,0x20,0x20,0x20,0x20,0x69,0x66,0x20,0x28,0x5f,0x34,
    0x30,0x34,0x20,0x3d,0x3d,0x20,0x31,0x29,0x0a,0x20,0x20,0x20,0x20,0x20,0x20,0x20,
    0x20,0x7b,0x0a,0x20,0x20,0x20,0x20,0x20,0x20,0x20,0x20,0x20,0x20,0x20,0x20,0x72,
    0x65,0x74,0x75,0x72,0x6e,0x20,0x38,0x2e,0x30,0x66,0x3b,0x0a,0x20,0x20,0x20,0x20,
    0x20,0x20,0x20,0x20,0x7d,0x0a,0x20,0x20,0x20,0x20,0x20,0x20,0x20,0x20,0x69,0x66,
    0x20,0x28,0x5f,0x34,0x30,0x34,0x20,0x3d,0x3d,0x20,0x32,0x29,0x0a,0x20,0x20,0x20,
    0x20,0x20,0x20,0x20,0x20,0x7b,0x0a,0x20,0x20,0x20,0x20,0x20,0x20,0x20,0x20,0x20,
    0x20,0x20,0x20,0x72,0x65,0x74,0x75,0x72,0x6e,0x20,0x32,0x2e,0x30,0x66,0x3b,0x0a,
    0x20,0x20,0x20,0x20,0x20,0x20,0x20,0x20,0x7d,0x0a,0x20,0x20,0x20,0x20,0x20,0x20,
    0x20,0x20,0x72,0x65,0x74,0x75,0x72,0x6e,0x20,0x31,0x30,0x2e,0x30,0x66,0x3b,0x0a,
    0x20,0x20,0x20,0x20,0x7d,0x0a,0x20,0x20,0x20,0x20,0x69,0x66,0x20,0x28,0x5f,0x34,
    0x31,0x30,0x20,0x3d,0x3d,0x20,0x31,0x29,0x0a,0x20,0x20,0x20,0x20,0x7b,0x0a,0x20,
    0x20,0x20,0x20,0x20,0x20,0x20,0x20,0x69,0x66,0x20,0x28,0x5f,0x34,0x30,0x34,0x20,
    0x3d,0x3d,0x20,0x30,0x29,0x0a,0x20,0x20,0x20,0x20,0x20,0x20,0x20,0x20,0x7b,0x0a,
    0x20,0x20,0x20,0x20,0x20,0x20,0x20,0x20,0x20,0x20,0x20,0x20,0x72,0x65,0x74,0x75,
    0x72,0x6e,0x20,0x31,0x32,0x2e,0x30,0x66,0x3b,0x0a,0x20,0x20,0x20,0x20,0x20,0x20,
    0x20,0x20,0x7d,0x0a,0x20,0x20,0x20,0x20,0x20,0x20,0x20,0x20,0x69,0x66,0x20,0x28,
    0x5f,0x34,0x30,0x34,0x20,0x3d,0x3d,0x20,0x31,0x29,0x0a,0x20,0x20,0x20,0x20,0x20,
    0x20,0x20,0x20,0x7b,0x0a,0x20,0x20,0x20,0x20,0x20,0x20,0x20,0x20,0x20,0x20,0x20,
    0x20,0x72,0x65,0x74,0x75,0x72,0x6e,0x20,0x34,0x2e,0x30,0x66,0x3b,0x0a,0x20,0x20,
    0x20,0x20,0x20,0x20,0x20,0x20,0x7d,0x0a,0x20,0x20,0x20,0x20,0x20,0x20,0x20,0x20,
    0x69,0x66,0x20,0x28,0x5f,0x34,0x30,0x34,0x20,0x3d,0x3d,0x20,0x32,0x29,0x0a,0x20,
    0x20,0x20,0x20,0x20,0x20,0x20,0x20,0x7b,0x0a,0x20,0x20,0x20,0x20,0x20,0x20,0x20,
    0x20,0x20,0x20,0x20,0x20,0x72,0x65,0x74,0x75,0x72,0x6e,0x20,0x31,0x34,0x2e,0x30,
    0x66,0x3b,0x0a,0x20,0x20,0x20,0x20,0x20,0x20,0x20,0x20,0x7d,0x0a,0x20,0x20,0x20,
    0x20,0x20,0x20,0x20,0x20,0x72,0x65,0x74,0x75,0x72,0x6e,0x20,0x36,0x2e,0x30,0x66,
    0x3b,0x0a,0x20,0x20,0x20,0x20,0x7d,0x0a,0x20,0x20,0x20,0x20,0x69,0x66,0x20,0x28,
    0x5f,0x34,0x31,0x30,0x20,0x3d,0x3d,0x20,0x32,0x29,0x0a,0x20,0x20,0x20,0x20,0x7b,
    0x0a,0x20,0x20,0x20,0x20,0x20,0x20,0x20,0x20,0x69,0x66,0x20,0x28,0x5f,0x34,0x30,
    0x34,0x20,0x3d,0x3d,0x20,0x30,0x29,0x0a,0x20,0x20,0x20,0x20,0x20,0x20,0x20,0x20,
    0x7b,0x0a,0x20,0x20,0x20,0x20,0x20,0x20,0x20,0x20,0x20,0x20,0x20,0x20,0x72,0x65,
    0x74,0x75,0x72,0x6e,0x20,0x33,0x2e,0x30,0x66,0x3b,0x0a,0x20,0x20,0x20,0x20,0x20,
    0x20,0x20,0x20,0x7d,0x0a,0x20,0x20,0x20,0x20,0x20,0x20,0x20,0x20,0x69,0x66,0x20,
    0x28,0x5f,0x34,0x30,0x34,0x20,0x3d,0x3d,0x20,0x31,0x29,0x0a,0x20,0x20,0x20,0x20,
    0x20,0x20,0x20,0x20,0x7b,0x0a,0x20,0x20,0x20,0x20,0x20,0x20,0x20,0x20,0x20,0x20,
    0x20,0x20,0x72,0x65,0x74,0x75,0x72,0x6e,0x20,0x31,0x31,0x2e,0x30,0x66,0x3b,0x0a,
    0x20,0x20,0x20,0x20,0x20,0x20,0x20,0x20,0x7d,0x0a,0x20,0x20,0x20,0x20,0x20,0x20,
    0x20,0x20,0x69,0x66,0x20,0x28,0x5f,0x34,0x30,0x34,0x20,0x3d,0x3d,0x20,0x32,0x29,
    0x0a,0x20,0x20,0x20,0x20,0x20,0x20,0x20,0x20,0x7b,0x0a,0x20,0x20,0x20,0x20,0x20,
    0x20,0x20,0x20,0x20,0x20,0x20,0x20,0x72,0x65,0x74,0x75,0x72,0x6e,0x20,0x31,0x2e,
    0x30,0x66,0x3b,0x0a,0x20,0x20,0x20,0x20,0x20,0x20,0x20,0x20,0x7d,0x0a,0x20,0x20,
    0x20,0x20,0x20,0x20,0x20,0x20,0x72,0x65,0x74,0x75,0x72,0x6e,0x20,0x39,0x2e,0x30,
    0x66,0x3b,0x0a,0x20,0x20,0x20,0x20,0x7d,0x0a,0x20,0x20,0x20,0x20,0x69,0x66,0x20,
    0x28,0x5f,0x34,0x30,0x34,0x20,0x3d,0x3d,0x20,0x30,0x29,0x0a,0x20,0x20,0x20,0x20,
    0x7b,0x0a,0x20,0x20,0x20,0x20,0x20,0x20,0x20,0x20,0x72,0x65,0x74,0x75,0x72,0x6e,
    0x20,0x31,0x35,0x2e,0x30,0x66,0x3b,0x0a,0x20,0x20,0x20,0x20,0x7d,0x0a,0x20,0x20,
    0x20,0x20,0x69,0x66,0x20,0x28,0x5f,0x34,0x30,0x34,0x20,0x3d,0x3d,0x20,0x31,0x29,
    0x0a,0x20,0x20,0x20,0x20,0x7b,0x0a,0x20,0x20,0x20,0x20,0x20,0x20,0x20,0x20,0x72,
    0x65,0x74,0x75,0x72,0x6e,0x20,0x37,0x2e,0x30,0x66,0x3b,0x0a,0x20,0x20,0x20,0x20,
    0x7d,0x0a,0x20,0x20,0x20,0x20,0x69,0x66,0x20,0x28,0x5f,0x34,0x30,0x34,0x20,0x3d,
    0x3d,0x20,0x32,0x29,0x0a,0x20,0x20,0x20,0x20,0x7b,0x0a,0x20,0x20,0x20,0x20,0x20,
    0x20,0x20,0x20,0x72,0x65,0x74,0x75,0x72,0x6e,0x20,0x31,0x33,0x2e,0x30,0x66,0x3b,
    0x0a,0x20,0x20,0x20,0x20,0x7d,0x0a,0x20,0x20,0x20,0x20,0x72,0x65,0x74,0x75,0x72,
    0x6e,0x20,0x35,0x2e,0x30,0x66,0x3b,0x0a,0x7d,0x0a,0x0a,0x76,0x6f,0x69,0x64,0x20,
    0x66,0x72,0x61,0x67,0x5f,0x6d,0x61,0x69,0x6e,0x28,0x29,0x0a,0x7b,0x0a,0x20,0x20,
    0x20,0x20,0x69,0x66,0x20,0x28,0x6d,0x69,0x6e,0x28,0x6d,0x69,0x6e,0x28,0x63,0x6c,
    0x69,0x70,0x44,0x69,0x73,0x74,0x61,0x6e,0x63,0x65,0x2e,0x78,0x2c,0x20,0x63,0x6c,
    0x69,0x70,0x44,0x69,0x73,0x74,0x61,0x6e,0x63,0x65,0x2e,0x79,0x29,0x2c,0x20,0x6d,
    0x69,0x6e,0x28,0x63,0x6c,0x69,0x70,0x44,0x69,0x73,0x74,0x61,0x6e,0x63,0x65,0x2e,
    0x7a,0x2c,0x20,0x63,0x6c,0x69,0x70,0x44,0x69,0x73,0x74,0x61,0x6e,0x63,0x65,0x2e,
    0x77,0x29,0x29,0x20,0x3c,0x20,0x30,0x2e,0x30,0x66,0x29,0x0a,0x20,0x20,0x20,0x20,
    0x7b,0x0a,0x20,0x20,0x20,0x20,0x20,0x20,0x20,0x20,0x64,0x69,0x73,0x63,0x61,0x72,
    0x64,0x3b,0x0a,0x20,0x20,0x20,0x20,0x7d,0x0a,0x20,0x20,0x20,0x20,0x69,0x6e,0x74,
    0x20,0x5f,0x35,0x32,0x36,0x20,0x3d,0x20,0x69,0x6e,0x74,0x28,0x5f,0x32,0x38,0x33,
    0x5f,0x67,0x72,0x61,0x64,0x69,0x65,0x6e,0x74,0x4d,0x65,0x74,0x61,0x2e,0x78,0x20,
    0x2b,0x20,0x30,0x2e,0x35,0x66,0x29,0x3b,0x0a,0x20,0x20,0x20,0x20,0x62,0x6f,0x6f,
    0x6c,0x20,0x5f,0x35,0x32,0x38,0x20,0x3d,0x20,0x5f,0x35,0x32,0x36,0x20,0x3d,0x3d,
    0x20,0x31,0x3b,0x0a,0x20,0x20,0x20,0x20,0x66,0x6c,0x6f,0x61,0x74,0x34,0x20,0x74,
    0x65,0x78,0x65,0x6c,0x3b,0x0a,0x20,0x20,0x20,0x20,0x69,0x66,0x20,0x28,0x5f,0x35,
    0x32,0x38,0x20,0x7c,0x7c,0x20,0x28,0x5f,0x35,0x32,0x36,0x20,0x3d,0x3d,0x20,0x32,
    0x29,0x29,0x0a,0x20,0x20,0x20,0x20,0x7b,0x0a,0x20,0x20,0x20,0x20,0x20,0x20,0x20,
    0x20,0x66,0x6c,0x6f,0x61,0x74,0x20,0x5f,0x35,0x33,0x37,0x3b,0x0a,0x20,0x20,0x20,
    0x20,0x20,0x20,0x20,0x20,0x69,0x66,0x20,0x28,0x5f,0x35,0x32,0x38,0x29,0x0a,0x20,
    0x20,0x20,0x20,0x20,0x20,0x20,0x20,0x7b,0x0a,0x20,0x20,0x20,0x20,0x20,0x20,0x20,
    0x20,0x20,0x20,0x20,0x20,0x5f,0x35,0x33,0x37,0x20,0x3d,0x20,0x63,0x6c,0x61,0x6d,
    0x70,0x28,0x75,0x76,0x2e,0x78,0x2c,0x20,0x30,0x2e,0x30,0x66,0x2c,0x20,0x31,0x2e,
    0x30,0x66,0x29,0x3b,0x0a,0x20,0x20,0x20,0x20,0x20,0x20,0x20,0x20,0x7d,0x0a,0x20,
    0x20,0x20,0x20,0x20,0x20,0x20,0x20,0x65,0x6c,0x73,0x65,0x0a,0x20,0x20,0x20,0x20,
    0x20,0x20,0x20,0x20,0x7b,0x0a,0x20,0x20,0x20,0x20,0x20,0x20,0x20,0x20,0x20,0x20,
    0x20,0x20,0x5f,0x35,0x33,0x37,0x20,0x3d,0x20,0x63,0x6c,0x61,0x6d,0x70,0x28,0x6c,
    0x65,0x6e,0x67,0x74,0x68,0x28,0x75,0x76,0x29,0x2c,0x20,0x30,0x2e,0x30,0x66,0x2c,
    0x20,0x31,0x2e,0x30,0x66,0x29,0x3b,0x0a,0x20,0x20,0x20,0x20,0x20,0x20,0x20,0x20,
    0x7d,0x0a,0x20,0x20,0x20,0x20,0x20,0x20,0x20,0x20,0x66,0x6c,0x6f,0x61,0x74,0x20,
    0x70,0x61,0x72,0x61,0x6d,0x20,0x3d,0x20,0x5f,0x35,0x33,0x37,0x3b,0x0a,0x20,0x20,
    0x20,0x20,0x20,0x20,0x20,0x20,0x74,0x65,0x78,0x65,0x6c,0x20,0x3d,0x20,0x67,0x72,
    0x61,0x64,0x69,0x65,0x6e,0x74,0x41,0x74,0x28,0x70,0x61,0x72,0x61,0x6d,0x29,0x3b,
    0x0a,0x20,0x20,0x20,0x20,0x20,0x20,0x20,0x20,0x69,0x66,0x20,0x28,0x5f,0x32,0x38,
    0x33,0x5f,0x67,0x72,0x61,0x64,0x69,0x65,0x6e,0x74,0x4d,0x65,0x74,0x61,0x2e,0x7a,
    0x20,0x3e,0x20,0x30,0x2e,0x35,0x66,0x29,0x0a,0x20,0x20,0x20,0x20,0x20,0x20,0x20,
    0x20,0x7b,0x0a,0x20,0x20,0x20,0x20,0x20,0x20,0x20,0x20,0x20,0x20,0x20,0x20,0x66,
    0x6c,0x6f,0x61,0x74,0x32,0x20,0x70,0x61,0x72,0x61,0x6d,0x5f,0x31,0x20,0x3d,0x20,
    0x67,0x6c,0x5f,0x46,0x72,0x61,0x67,0x43,0x6f,0x6f,0x72,0x64,0x2e,0x78,0x79,0x3b,
    0x0a,0x20,0x20,0x20,0x20,0x20,0x20,0x20,0x20,0x20,0x20,0x20,0x20,0x66,0x6c,0x6f,
    0x61,0x74,0x34,0x20,0x5f,0x35,0x36,0x39,0x20,0x3d,0x20,0x74,0x65,0x78,0x65,0x6c,
    0x3b,0x0a,0x20,0x20,0x20,0x20,0x20,0x20,0x20,0x20,0x20,0x20,0x20,0x20,0x66,0x6c,
    0x6f,0x61,0x74,0x33,0x20,0x5f,0x35,0x37,0x35,0x20,0x3d,0x20,0x63,0x6c,0x61,0x6d,
    0x70,0x28,0x5f,0x35,0x36,0x39,0x2e,0x78,0x79,0x7a,0x20,0x2b,0x20,0x28,0x28,0x62,
    0x61,0x79,0x65,0x72,0x34,0x28,0x70,0x61,0x72,0x61,0x6d,0x5f,0x31,0x29,0x20,0x2d,
    0x20,0x37,0x2e,0x35,0x66,0x29,0x20,0x2a,0x20,0x30,0x2e,0x30,0x30,0x31,0x30,0x34,
    0x35,0x37,0x35,0x31,0x36,0x31,0x38,0x32,0x32,0x31,0x34,0x30,0x32,0x31,0x36,0x38,
    0x32,0x37,0x33,0x39,0x32,0x35,0x37,0x38,0x31,0x32,0x35,0x66,0x29,0x2e,0x78,0x78,
    0x78,0x2c,0x20,0x30,0x2e,0x30,0x66,0x2e,0x78,0x78,0x78,0x2c,0x20,0x31,0x2e,0x30,
    0x66,0x2e,0x78,0x78,0x78,0x29,0x3b,0x0a,0x20,0x20,0x20,0x20,0x20,0x20,0x20,0x20,
    0x20,0x20,0x20,0x20,0x66,0x6c,0x6f,0x61,0x74,0x34,0x20,0x5f,0x37,0x33,0x38,0x20,
    0x3d,0x20,0x5f,0x35,0x36,0x39,0x3b,0x0a,0x20,0x20,0x20,0x20,0x20,0x20,0x20,0x20,
    0x20,0x20,0x20,0x20,0x5f,0x37,0x33,0x38,0x2e,0x78,0x20,0x3d,0x20,0x5f,0x35,0x37,
    0x35,0x2e,0x78,0x3b,0x0a,0x20,0x20,0x20,0x20,0x20,0x20,0x20,0x20,0x20,0x20,0x20,
    0x20,0x5f,0x37,0x33,0x38,0x2e,0x79,0x20,0x3d,0x20,0x5f,0x35,0x37,0x35,0x2e,0x79,
    0x3b,0x0a,0x20,0x20,0x20,0x20,0x20,0x20,0x20,0x20,0x20,0x20,0x20,0x20,0x5f,0x37,
    0x33,0x38,0x2e,0x7a,0x20,0x3d,0x20,0x5f,0x35,0x37,0x35,0x2e,0x7a,0x3b,0x0a,0x20,
    0x20,0x20,0x20,0x20,0x20,0x20,0x20,0x20,0x20,0x20,0x20,0x74,0x65,0x78,0x65,0x6c,
    0x20,0x3d,0x20,0x5f,0x37,0x33,0x38,0x3b,0x0a,0x20,0x20,0x20,0x20,0x20,0x20,0x20,
    0x20,0x7d,0x0a,0x20,0x20,0x20,0x20,0x7d,0x0a,0x20,0x20,0x20,0x20,0x65,0x6c,0x73,
    0x65,0x0a,0x20,0x20,0x20,0x20,0x7b,0x0a,0x20,0x20,0x20,0x20,0x20,0x20,0x20,0x20,
    0x69,0x66,0x20,0x28,0x5f,0x35,0x32,0x36,0x20,0x3d,0x3d,0x20,0x33,0x29,0x0a,0x20,
    0x20,0x20,0x20,0x20,0x20,0x20,0x20,0x7b,0x0a,0x20,0x20,0x20,0x20,0x20,0x20,0x20,
    0x20,0x20,0x20,0x20,0x20,0x66,0x6c,0x6f,0x61,0x74,0x20,0x5f,0x35,0x39,0x31,0x20,
    0x3d,0x20,0x6d,0x61,0x78,0x28,0x5f,0x32,0x38,0x33,0x5f,0x67,0x72,0x61,0x64,0x69,
    0x65,0x6e,0x74,0x50,0x61,0x72,0x61,0x6d,0x73,0x2e,0x78,0x2c,0x20,0x31,0x2e,0x30,
    0x66,0x29,0x3b,0x0a,0x20,0x20,0x20,0x20,0x20,0x20,0x20,0x20,0x20,0x20,0x20,0x20,
    0x66,0x6c,0x6f,0x61,0x74,0x34,0x20,0x5f,0x36,0x30,0x36,0x3b,0x0a,0x20,0x20,0x20,
    0x20,0x20,0x20,0x20,0x20,0x20,0x20,0x20,0x20,0x69,0x66,0x20,0x28,0x6d,0x6f,0x64,
    0x28,0x75,0x76,0x2e,0x78,0x20,0x2b,0x20,0x75,0x76,0x2e,0x79,0x2c,0x20,0x5f,0x35,
    0x39,0x31,0x29,0x20,0x3c,0x20,0x63,0x6c,0x61,0x6d,0x70,0x28,0x5f,0x32,0x38,0x33,
    0x5f,0x67,0x72,0x61,0x64,0x69,0x65,0x6e,0x74,0x50,0x61,0x72,0x61,0x6d,0x73,0x2e,
    0x79,0x2c,0x20,0x30,0x2e,0x30,0x66,0x2c,0x20,0x5f,0x35,0x39,0x31,0x29,0x29,0x0a,
    0x20,0x20,0x20,0x20,0x20,0x20,0x20,0x20,0x20,0x20,0x20,0x20,0x7b,0x0a,0x20,0x20,
    0x20,0x20,0x20,0x20,0x20,0x20,0x20,0x20,0x20,0x20,0x20,0x20,0x20,0x20,0x5f,0x36,
    0x30,0x36,0x20,0x3d,0x20,0x5f,0x32,0x38,0x33,0x5f,0x67,0x72,0x61,0x64,0x69,0x65,
    0x6e,0x74,0x43,0x6f,0x6c,0x6f,0x72,0x31,0x3b,0x0a,0x20,0x20,0x20,0x20,0x20,0x20,
    0x20,0x20,0x20,0x20,0x20,0x20,0x7d,0x0a,0x20,0x20,0x20,0x20,0x20,0x20,0x20,0x20,
    0x20,0x20,0x20,0x20,0x65,0x6c,0x73,0x65,0x0a,0x20,0x20,0x20,0x20,0x20,0x20,0x20,
    0x20,0x20,0x20,0x20,0x20,0x7b,0x0a,0x20,0x20,0x20,0x20,0x20,0x20,0x20,0x20,0x20,
    0x20,0x20,0x20,0x20,0x20,0x20,0x20,0x5f,0x36,0x30,0x36,0x20,0x3d,0x20,0x5f,0x32,
    0x38,0x33,0x5f,0x67,0x72,0x61,0x64,0x69,0x65,0x6e,0x74,0x43,0x6f,0x6c,0x6f,0x72,
    0x30,0x3b,0x0a,0x20,0x20,0x20,0x20,0x20,0x20,0x20,0x20,0x20,0x20,0x20,0x20,0x7d,
    0x0a,0x20,0x20,0x20,0x20,0x20,0x20,0x20,0x20,0x20,0x20,0x20,0x20,0x74,0x65,0x78,
    0x65,0x6c,0x20,0x3d,0x20,0x5f,0x36,0x30,0x36,0x3b,0x0a,0x20,0x20,0x20,0x20,0x20,
    0x20,0x20,0x20,0x7d,0x0a,0x20,0x20,0x20,0x20,0x20,0x20,0x20,0x20,0x65,0x6c,0x73,
    0x65,0x0a,0x20,0x20,0x20,0x20,0x20,0x20,0x20,0x20,0x7b,0x0a,0x20,0x20,0x20,0x20,
    0x20,0x20,0x20,0x20,0x20,0x20,0x20,0x20,0x69,0x66,0x20,0x28,0x5f,0x35,0x32,0x36,
    0x20,0x3d,0x3d,0x20,0x34,0x29,0x0a,0x20,0x20,0x20,0x20,0x20,0x20,0x20,0x20,0x20,
    0x20,0x20,0x20,0x7b,0x0a,0x20,0x20,0x20,0x20,0x20,0x20,0x20,0x20,0x20,0x20,0x20,
    0x20,0x20,0x20,0x20,0x20,0x66,0x6c,0x6f,0x61,0x74,0x20,0x5f,0x36,0x32,0x33,0x20,
    0x3d,0x20,0x6d,0x61,0x78,0x28,0x5f,0x32,0x38,0x33,0x5f,0x67,0x72,0x61,0x64,0x69,
    0x65,0x6e,0x74,0x50,0x61,0x72,0x61,0x6d,0x73,0x2e,0x78,0x2c,0x20,0x31,0x2e,0x30,
    0x66,0x29,0x3b,0x0a,0x20,0x20,0x20,0x20,0x20,0x20,0x20,0x20,0x20,0x20,0x20,0x20,
    0x20,0x20,0x20,0x20,0x66,0x6c,0x6f,0x61,0x74,0x34,0x20,0x5f,0x36,0x33,0x39,0x3b,
    0x0a,0x20,0x20,0x20,0x20,0x20,0x20,0x20,0x20,0x20,0x20,0x20,0x20,0x20,0x20,0x20,
    0x20,0x69,0x66,0x20,0x28,0x6d,0x6f,0x64,0x28,0x66,0x6c,0x6f,0x6f,0x72,0x28,0x75,
    0x76,0x2e,0x78,0x20,0x2f,0x20,0x5f,0x36,0x32,0x33,0x29,0x20,0x2b,0x20,0x66,0x6c,
    0x6f,0x6f,0x72,0x28,0x75,0x76,0x2e,0x79,0x20,0x2f,0x20,0x5f,0x36,0x32,0x33,0x29,
    0x2c,0x20,0x32,0x2e,0x30,0x66,0x29,0x20,0x3c,0x20,0x31,0x2e,0x30,0x66,0x29,0x0a,
    0x20,0x20,0x20,0x20,0x20,0x20,0x20,0x20,0x20,0x20,0x20,0x20,0x20,0x20,0x20,0x20,
    0x7b,0x0a,0x20,0x20,0x20,0x20,0x20,0x20,0x20,0x20,0x20,0x20,0x20,0x20,0x20,0x20,
    0x20,0x20,0x20,0x20,0x20,0x20,0x5f,0x36,0x33,0x39,0x20,0x3d,0x20,0x5f,0x32,0x38,
    0x33,0x5f,0x67,0x72,0x61,0x64,0x69,0x65,0x6e,0x74,0x43,0x6f,0x6c,0x6f,0x72,0x30,
    0x3b,0x0a,0x20,0x20,0x20,0x20,0x20,0x20,0x20,0x20,0x20,0x20,0x20,0x20,0x20,0x20,
    0x20,0x20,0x7d,0x0a,0x20,0x20,0x20,0x20,0x20,0x20,0x20,0x20,0x20,0x20,0x20,0x20,
    0x20,0x20,0x20,0x20,0x65,0x6c,0x73,0x65,0x0a,0x20,0x20,0x20,0x20,0x20,0x20,0x20,
    0x20,0x20,0x20,0x20,0x20,0x20,0x20,0x20,0x20,0x7b,0x0a,0x20,0x20,0x20,0x20,0x20,
    0x20,0x20,0x20,0x20,0x20,0x20,0x20,0x20,0x20,0x20,0x20,0x20,0x20,0x20,0x20,0x5f,
    0x36,0x33,0x39,0x20,0x3d,0x20,0x5f,0x32,0x38,0x33,0x5f,0x67,0x72,0x61,0x64,0x69,
    0x65,0x6e,0x74,0x43,0x6f,0x6c,0x6f,0x72,0x31,0x3b,0x0a,0x20,0x20,0x20,0x20,0x20,
    0x20,0x20,0x20,0x20,0x20,0x20,0x20,0x20,0x20,0x20,0x20,0x7d,0x0a,0x20,0x20,0x20,
    0x20,0x20,0x20,0x20,0x20,0x20,0x20,0x20,0x20,0x20,0x20,0x20,0x20,0x74,0x65,0x78,
    0x65,0x6c,0x20,0x3d,0x20,0x5f,0x36,0x33,0x39,0x3b,0x0a,0x20,0x20,0x20,0x20,0x20,
    0x20,0x20,0x20,0x20,0x20,0x20,0x20,0x7d,0x0a,0x20,0x20,0x20,0x20,0x20,0x20,0x20,
    0x20,0x20,0x20,0x20,0x20,0x65,0x6c,0x73,0x65,0x0a,0x20,0x20,0x20,0x20,0x20,0x20,
    0x20,0x20,0x20,0x20,0x20,0x20,0x7b,0x0a,0x20,0x20,0x20,0x20,0x20,0x20,0x20,0x20,
    0x20,0x20,0x20,0x20,0x20,0x20,0x20,0x20,0x74,0x65,0x78,0x65,0x6c,0x20,0x3d,0x20,
    0x74,0x65,0x78,0x2e,0x53,0x61,0x6d,0x70,0x6c,0x65,0x28,0x73,0x6d,0x70,0x2c,0x20,
    0x75,0x76,0x29,0x3b,0x0a,0x20,0x20,0x20,0x20,0x20,0x20,0x20,0x20,0x20,0x20,0x20,
    0x20,0x7d,0x0a,0x20,0x20,0x20,0x20,0x20,0x20,0x20,0x20,0x7d,0x0a,0x20,0x20,0x20,
    0x20,0x7d,0x0a,0x20,0x20,0x20,0x20,0x69,0x66,0x20,0x28,0x5f,0x32,0x38,0x33,0x5f,
    0x63,0x6f,0x6c,0x6f,0x72,0x4b,0x65,0x79,0x2e,0x77,0x20,0x3e,0x20,0x30,0x2e,0x35,
    0x66,0x29,0x0a,0x20,0x20,0x20,0x20,0x7b,0x0a,0x20,0x20,0x20,0x20,0x20,0x20,0x20,
    0x20,0x66,0x6c,0x6f,0x61,0x74,0x33,0x20,0x5f,0x36,0x37,0x33,0x20,0x3d,0x20,0x61,
    0x62,0x73,0x28,0x74,0x65,0x78,0x65,0x6c,0x2e,0x78,0x79,0x7a,0x20,0x2d,0x20,0x5f,
    0x32,0x38,0x33,0x5f,0x63,0x6f,0x6c,0x6f,0x72,0x4b,0x65,0x79,0x2e,0x78,0x79,0x7a,
    0x29,0x3b,0x0a,0x20,0x20,0x20,0x20,0x20,0x20,0x20,0x20,0x69,0x66,0x20,0x28,0x28,
    0x28,0x5f,0x36,0x37,0x33,0x2e,0x78,0x20,0x2b,0x20,0x5f,0x36,0x37,0x33,0x2e,0x79,
    0x29,0x20,0x2b,0x20,0x5f,0x36,0x37,0x33,0x2e,0x7a,0x29,0x20,0x3c,0x20,0x30,0x2e,
    0x30,0x37,0x39,0x39,0x39,0x39,0x39,0x39,0x38,0x32,0x31,0x31,0x38,0x36,0x30,0x36,
    0x35,0x36,0x37,0x33,0x38,0x32,0x38,0x31,0x32,0x35,0x66,0x29,0x0a,0x20,0x20,0x20,
    0x20,0x20,0x20,0x20,0x20,0x7b,0x0a,0x20,0x20,0x20,0x20,0x20,0x20,0x20,0x20,0x20,
    0x20,0x20,0x20,0x66,0x6c,0x6f,0x61,0x74,0x34,0x20,0x5f,0x37,0x34,0x36,0x20,0x3d,
    0x20,0x74,0x65,0x78,0x65,0x6c,0x3b,0x0a,0x20,0x20,0x20,0x20,0x20,0x20,0x20,0x20,
    0x20,0x20,0x20,0x20,0x5f,0x37,0x34,0x36,0x2e,0x77,0x20,0x3d,0x20,0x30,0x2e,0x30,
    0x66,0x3b,0x0a,0x20,0x20,0x20,0x20,0x20,0x20,0x20,0x20,0x20,0x20,0x20,0x20,0x74,
    0x65,0x78,0x65,0x6c,0x20,0x3d,0x20,0x5f,0x37,0x34,0x36,0x3b,0x0a,0x20,0x20,0x20,
    0x20,0x20,0x20,0x20,0x20,0x7d,0x0a,0x20,0x20,0x20,0x20,0x7d,0x0a,0x20,0x20,0x20,
    0x20,0x66,0x6c,0x6f,0x61,0x74,0x34,0x20,0x5f,0x36,0x39,0x31,0x20,0x3d,0x20,0x74,
    0x65,0x78,0x65,0x6c,0x20,0x2a,0x20,0x63,0x6f,0x6c,0x6f,0x72,0x3b,0x0a,0x20,0x20,
    0x20,0x20,0x66,0x6c,0x6f,0x61,0x74,0x33,0x20,0x5f,0x36,0x39,0x33,0x20,0x3d,0x20,
    0x5f,0x36,0x39,0x31,0x2e,0x78,0x79,0x7a,0x3b,0x0a,0x20,0x20,0x20,0x20,0x66,0x6c,
    0x6f,0x61,0x74,0x33,0x20,0x5f,0x37,0x30,0x32,0x20,0x3d,0x20,0x6c,0x65,0x72,0x70,
    0x28,0x5f,0x36,0x39,0x33,0x2c,0x20,0x5f,0x36,0x39,0x33,0x20,0x2a,0x20,0x63,0x6f,
    0x6c,0x6f,0x72,0x2e,0x77,0x2c,0x20,0x73,0x72,0x63,0x50,0x72,0x65,0x6d,0x75,0x6c,
    0x74,0x2e,0x78,0x78,0x78,0x29,0x3b,0x0a,0x20,0x20,0x20,0x20,0x66,0x6c,0x6f,0x61,
    0x74,0x34,0x20,0x5f,0x37,0x34,0x39,0x20,0x3d,0x20,0x5f,0x36,0x39,0x31,0x3b,0x0a,
    0x20,0x20,0x20,0x20,0x5f,0x37,0x34,0x39,0x2e,0x78,0x20,0x3d,0x20,0x5f,0x37,0x30,
    0x32,0x2e,0x78,0x3b,0x0a,0x20,0x20,0x20,0x20,0x5f,0x37,0x34,0x39,0x2e,0x79,0x20,
    0x3d,0x20,0x5f,0x37,0x30,0x32,0x2e,0x79,0x3b,0x0a,0x20,0x20,0x20,0x20,0x5f,0x37,
    0x34,0x39,0x2e,0x7a,0x20,0x3d,0x20,0x5f,0x37,0x30,0x32,0x2e,0x7a,0x3b,0x0a,0x20,
    0x20,0x20,0x20,0x66,0x6c,0x6f,0x61,0x74,0x34,0x20,0x5f,0x37,0x31,0x37,0x20,0x3d,
    0x20,0x6d,0x75,0x6c,0x28,0x5f,0x37,0x34,0x39,0x2c,0x20,0x5f,0x32,0x38,0x33,0x5f,
    0x63,0x6f,0x6c,0x6f,0x72,0x4d,0x61,0x74,0x72,0x69,0x78,0x29,0x20,0x2b,0x20,0x5f,
    0x32,0x38,0x33,0x5f,0x63,0x6f,0x6c,0x6f,0x72,0x41,0x64,0x64,0x3b,0x0a,0x20,0x20,
    0x20,0x20,0x66,0x6c,0x6f,0x61,0x74,0x20,0x5f,0x37,0x32,0x32,0x20,0x3d,0x20,0x5f,
    0x37,0x31,0x37,0x2e,0x77,0x3b,0x0a,0x20,0x20,0x20,0x20,0x66,0x72,0x61,0x67,0x5f,
    0x63,0x6f,0x6c,0x6f,0x72,0x20,0x3d,0x20,0x6c,0x65,0x72,0x70,0x28,0x66,0x6c,0x6f,
    0x61,0x74,0x34,0x28,0x5f,0x37,0x31,0x37,0x2e,0x78,0x79,0x7a,0x20,0x2a,0x20,0x5f,
    0x37,0x32,0x32,0x2c,0x20,0x5f,0x37,0x32,0x32,0x29,0x2c,0x20,0x5f,0x37,0x31,0x37,
    0x2c,0x20,0x73,0x72,0x63,0x50,0x72,0x65,0x6d,0x75,0x6c,0x74,0x2e,0x78,0x78,0x78,
    0x78,0x29,0x3b,0x0a,0x7d,0x0a,0x0a,0x53,0x50,0x49,0x52,0x56,0x5f,0x43,0x72,0x6f,
    0x73,0x73,0x5f,0x4f,0x75,0x74,0x70,0x75,0x74,0x20,0x6d,0x61,0x69,0x6e,0x28,0x53,
    0x50,0x49,0x52,0x56,0x5f,0x43,0x72,0x6f,0x73,0x73,0x5f,0x49,0x6e,0x70,0x75,0x74,
    0x20,0x73,0x74,0x61,0x67,0x65,0x5f,0x69,0x6e,0x70,0x75,0x74,0x29,0x0a,0x7b,0x0a,
    0x20,0x20,0x20,0x20,0x67,0x6c,0x5f,0x46,0x72,0x61,0x67,0x43,0x6f,0x6f,0x72,0x64,
    0x20,0x3d,0x20,0x73,0x74,0x61,0x67,0x65,0x5f,0x69,0x6e,0x70,0x75,0x74,0x2e,0x67,
    0x6c,0x5f,0x46,0x72,0x61,0x67,0x43,0x6f,0x6f,0x72,0x64,0x3b,0x0a,0x20,0x20,0x20,
    0x20,0x67,0x6c,0x5f,0x46,0x72,0x61,0x67,0x43,0x6f,0x6f,0x72,0x64,0x2e,0x77,0x20,
    0x3d,0x20,0x31,0x2e,0x30,0x20,0x2f,0x20,0x67,0x6c,0x5f,0x46,0x72,0x61,0x67,0x43,
    0x6f,0x6f,0x72,0x64,0x2e,0x77,0x3b,0x0a,0x20,0x20,0x20,0x20,0x63,0x6c,0x69,0x70,
    0x44,0x69,0x73,0x74,0x61,0x6e,0x63,0x65,0x20,0x3d,0x20,0x73,0x74,0x61,0x67,0x65,
    0x5f,0x69,0x6e,0x70,0x75,0x74,0x2e,0x63,0x6c,0x69,0x70,0x44,0x69,0x73,0x74,0x61,
    0x6e,0x63,0x65,0x3b,0x0a,0x20,0x20,0x20,0x20,0x75,0x76,0x20,0x3d,0x20,0x73,0x74,
    0x61,0x67,0x65,0x5f,0x69,0x6e,0x70,0x75,0x74,0x2e,0x75,0x76,0x3b,0x0a,0x20,0x20,
    0x20,0x20,0x63,0x6f,0x6c,0x6f,0x72,0x20,0x3d,0x20,0x73,0x74,0x61,0x67,0x65,0x5f,
    0x69,0x6e,0x70,0x75,0x74,0x2e,0x63,0x6f,0x6c,0x6f,0x72,0x3b,0x0a,0x20,0x20,0x20,
    0x20,0x73,0x72,0x63,0x50,0x72,0x65,0x6d,0x75,0x6c,0x74,0x20,0x3d,0x20,0x73,0x74,
    0x61,0x67,0x65,0x5f,0x69,0x6e,0x70,0x75,0x74,0x2e,0x73,0x72,0x63,0x50,0x72,0x65,
    0x6d,0x75,0x6c,0x74,0x3b,0x0a,0x20,0x20,0x20,0x20,0x66,0x72,0x61,0x67,0x5f,0x6d,
    0x61,0x69,0x6e,0x28,0x29,0x3b,0x0a,0x20,0x20,0x20,0x20,0x53,0x50,0x49,0x52,0x56,
    0x5f,0x43,0x72,0x6f,0x73,0x73,0x5f,0x4f,0x75,0x74,0x70,0x75,0x74,0x20,0x73,0x74,
    0x61,0x67,0x65,0x5f,0x6f,0x75,0x74,0x70,0x75,0x74,0x3b,0x0a,0x20,0x20,0x20,0x20,
    0x73,0x74,0x61,0x67,0x65,0x5f,0x6f,0x75,0x74,0x70,0x75,0x74,0x2e,0x66,0x72,0x61,
    0x67,0x5f,0x63,0x6f,0x6c,0x6f,0x72,0x20,0x3d,0x20,0x66,0x72,0x61,0x67,0x5f,0x63,
    0x6f,0x6c,0x6f,0x72,0x3b,0x0a,0x20,0x20,0x20,0x20,0x72,0x65,0x74,0x75,0x72,0x6e,
    0x20,0x73,0x74,0x61,0x67,0x65,0x5f,0x6f,0x75,0x74,0x70,0x75,0x74,0x3b,0x0a,0x7d,
    0x0a,0x00,
};
/*
    cbuffer sprite_params : register(b0)
    {
        float4 _62_viewport : packoffset(c0);
        float4 _62_clipU : packoffset(c1);
        float4 _62_clipV : packoffset(c2);
    };


    static float4 gl_Position;
    static float2 corner;
    static float4 iOriginSize;
    static float4 iAffine;
    static float4 iUv;
    static float2 uv;
    static float4 color;
    static float4 iColor;
    static float srcPremult;
    static float4 clipDistance;

    struct SPIRV_Cross_Input
    {
        float2 corner : TEXCOORD0;
        float4 iAffine : TEXCOORD1;
        float4 iOriginSize : TEXCOORD2;
        float4 iUv : TEXCOORD3;
        float4 iColor : TEXCOORD4;
    };

    struct SPIRV_Cross_Output
    {
        float2 uv : TEXCOORD0;
        float4 color : TEXCOORD1;
        float srcPremult : TEXCOORD2;
        float4 clipDistance : TEXCOORD3;
        float4 gl_Position : SV_Position;
    };

    void vert_main()
    {
        float2 _18 = corner * iOriginSize.zw;
        float _28 = _18.x;
        float _35 = _18.y;
        float _40 = ((iAffine.x * _28) + (iAffine.z * _35)) + iOriginSize.x;
        float _55 = ((iAffine.y * _28) + (iAffine.w * _35)) + iOriginSize.y;
        float2 _56 = float2(_40, _55);
        gl_Position = float4(((_40 / _62_viewport.x) * 2.0f) - 1.0f, 1.0f - ((_55 / _62_viewport.y) * 2.0f), 0.0f, 1.0f);
        float2 _99 = lerp(iUv.xy, iUv.zw, corner);
        float2 _107;
        if (_62_viewport.z > 0.5f)
        {
            _107 = float2(_99.x, 1.0f - _99.y);
        }
        else
        {
            _107 = _99;
        }
        uv = _107;
        color = iColor;
        srcPremult = _62_viewport.w;
        if (_62_clipU.w > _62_clipU.z)
        {
            float _140 = dot(_56, _62_clipU.xy);
            float _147 = dot(_56, _62_clipV.xy);
            clipDistance = float4(_140 - _62_clipU.z, _62_clipU.w - _140, _147 - _62_clipV.z, _62_clipV.w - _147);
        }
        else
        {
            clipDistance = 1.0f.xxxx;
        }
    }

    SPIRV_Cross_Output main(SPIRV_Cross_Input stage_input)
    {
        corner = stage_input.corner;
        iOriginSize = stage_input.iOriginSize;
        iAffine = stage_input.iAffine;
        iUv = stage_input.iUv;
        iColor = stage_input.iColor;
        vert_main();
        SPIRV_Cross_Output stage_output;
        stage_output.gl_Position = gl_Position;
        stage_output.uv = uv;
        stage_output.color = color;
        stage_output.srcPremult = srcPremult;
        stage_output.clipDistance = clipDistance;
        return stage_output;
    }
*/
static const uint8_t spriteVs_source_hlsl5[2256] = {
    0x63,0x62,0x75,0x66,0x66,0x65,0x72,0x20,0x73,0x70,0x72,0x69,0x74,0x65,0x5f,0x70,
    0x61,0x72,0x61,0x6d,0x73,0x20,0x3a,0x20,0x72,0x65,0x67,0x69,0x73,0x74,0x65,0x72,
    0x28,0x62,0x30,0x29,0x0a,0x7b,0x0a,0x20,0x20,0x20,0x20,0x66,0x6c,0x6f,0x61,0x74,
    0x34,0x20,0x5f,0x36,0x32,0x5f,0x76,0x69,0x65,0x77,0x70,0x6f,0x72,0x74,0x20,0x3a,
    0x20,0x70,0x61,0x63,0x6b,0x6f,0x66,0x66,0x73,0x65,0x74,0x28,0x63,0x30,0x29,0x3b,
    0x0a,0x20,0x20,0x20,0x20,0x66,0x6c,0x6f,0x61,0x74,0x34,0x20,0x5f,0x36,0x32,0x5f,
    0x63,0x6c,0x69,0x70,0x55,0x20,0x3a,0x20,0x70,0x61,0x63,0x6b,0x6f,0x66,0x66,0x73,
    0x65,0x74,0x28,0x63,0x31,0x29,0x3b,0x0a,0x20,0x20,0x20,0x20,0x66,0x6c,0x6f,0x61,
    0x74,0x34,0x20,0x5f,0x36,0x32,0x5f,0x63,0x6c,0x69,0x70,0x56,0x20,0x3a,0x20,0x70,
    0x61,0x63,0x6b,0x6f,0x66,0x66,0x73,0x65,0x74,0x28,0x63,0x32,0x29,0x3b,0x0a,0x7d,
    0x3b,0x0a,0x0a,0x0a,0x73,0x74,0x61,0x74,0x69,0x63,0x20,0x66,0x6c,0x6f,0x61,0x74,
    0x34,0x20,0x67,0x6c,0x5f,0x50,0x6f,0x73,0x69,0x74,0x69,0x6f,0x6e,0x3b,0x0a,0x73,
    0x74,0x61,0x74,0x69,0x63,0x20,0x66,0x6c,0x6f,0x61,0x74,0x32,0x20,0x63,0x6f,0x72,
    0x6e,0x65,0x72,0x3b,0x0a,0x73,0x74,0x61,0x74,0x69,0x63,0x20,0x66,0x6c,0x6f,0x61,
    0x74,0x34,0x20,0x69,0x4f,0x72,0x69,0x67,0x69,0x6e,0x53,0x69,0x7a,0x65,0x3b,0x0a,
    0x73,0x74,0x61,0x74,0x69,0x63,0x20,0x66,0x6c,0x6f,0x61,0x74,0x34,0x20,0x69,0x41,
    0x66,0x66,0x69,0x6e,0x65,0x3b,0x0a,0x73,0x74,0x61,0x74,0x69,0x63,0x20,0x66,0x6c,
    0x6f,0x61,0x74,0x34,0x20,0x69,0x55,0x76,0x3b,0x0a,0x73,0x74,0x61,0x74,0x69,0x63,
    0x20,0x66,0x6c,0x6f,0x61,0x74,0x32,0x20,0x75,0x76,0x3b,0x0a,0x73,0x74,0x61,0x74,
    0x69,0x63,0x20,0x66,0x6c,0x6f,0x61,0x74,0x34,0x20,0x63,0x6f,0x6c,0x6f,0x72,0x3b,
    0x0a,0x73,0x74,0x61,0x74,0x69,0x63,0x20,0x66,0x6c,0x6f,0x61,0x74,0x34,0x20,0x69,
    0x43,0x6f,0x6c,0x6f,0x72,0x3b,0x0a,0x73,0x74,0x61,0x74,0x69,0x63,0x20,0x66,0x6c,
    0x6f,0x61,0x74,0x20,0x73,0x72,0x63,0x50,0x72,0x65,0x6d,0x75,0x6c,0x74,0x3b,0x0a,
    0x73,0x74,0x61,0x74,0x69,0x63,0x20,0x66,0x6c,0x6f,0x61,0x74,0x34,0x20,0x63,0x6c,
    0x69,0x70,0x44,0x69,0x73,0x74,0x61,0x6e,0x63,0x65,0x3b,0x0a,0x0a,0x73,0x74,0x72,
    0x75,0x63,0x74,0x20,0x53,0x50,0x49,0x52,0x56,0x5f,0x43,0x72,0x6f,0x73,0x73,0x5f,
    0x49,0x6e,0x70,0x75,0x74,0x0a,0x7b,0x0a,0x20,0x20,0x20,0x20,0x66,0x6c,0x6f,0x61,
    0x74,0x32,0x20,0x63,0x6f,0x72,0x6e,0x65,0x72,0x20,0x3a,0x20,0x54,0x45,0x58,0x43,
    0x4f,0x4f,0x52,0x44,0x30,0x3b,0x0a,0x20,0x20,0x20,0x20,0x66,0x6c,0x6f,0x61,0x74,
    0x34,0x20,0x69,0x41,0x66,0x66,0x69,0x6e,0x65,0x20,0x3a,0x20,0x54,0x45,0x58,0x43,
    0x4f,0x4f,0x52,0x44,0x31,0x3b,0x0a,0x20,0x20,0x20,0x20,0x66,0x6c,0x6f,0x61,0x74,
    0x34,0x20,0x69,0x4f,0x72,0x69,0x67,0x69,0x6e,0x53,0x69,0x7a,0x65,0x20,0x3a,0x20,
    0x54,0x45,0x58,0x43,0x4f,0x4f,0x52,0x44,0x32,0x3b,0x0a,0x20,0x20,0x20,0x20,0x66,
    0x6c,0x6f,0x61,0x74,0x34,0x20,0x69,0x55,0x76,0x20,0x3a,0x20,0x54,0x45,0x58,0x43,
    0x4f,0x4f,0x52,0x44,0x33,0x3b,0x0a,0x20,0x20,0x20,0x20,0x66,0x6c,0x6f,0x61,0x74,
    0x34,0x20,0x69,0x43,0x6f,0x6c,0x6f,0x72,0x20,0x3a,0x20,0x54,0x45,0x58,0x43,0x4f,
    0x4f,0x52,0x44,0x34,0x3b,0x0a,0x7d,0x3b,0x0a,0x0a,0x73,0x74,0x72,0x75,0x63,0x74,
    0x20,0x53,0x50,0x49,0x52,0x56,0x5f,0x43,0x72,0x6f,0x73,0x73,0x5f,0x4f,0x75,0x74,
    0x70,0x75,0x74,0x0a,0x7b,0x0a,0x20,0x20,0x20,0x20,0x66,0x6c,0x6f,0x61,0x74,0x32,
    0x20,0x75,0x76,0x20,0x3a,0x20,0x54,0x45,0x58,0x43,0x4f,0x4f,0x52,0x44,0x30,0x3b,
    0x0a,0x20,0x20,0x20,0x20,0x66,0x6c,0x6f,0x61,0x74,0x34,0x20,0x63,0x6f,0x6c,0x6f,
    0x72,0x20,0x3a,0x20,0x54,0x45,0x58,0x43,0x4f,0x4f,0x52,0x44,0x31,0x3b,0x0a,0x20,
    0x20,0x20,0x20,0x66,0x6c,0x6f,0x61,0x74,0x20,0x73,0x72,0x63,0x50,0x72,0x65,0x6d,
    0x75,0x6c,0x74,0x20,0x3a,0x20,0x54,0x45,0x58,0x43,0x4f,0x4f,0x52,0x44,0x32,0x3b,
    0x0a,0x20,0x20,0x20,0x20,0x66,0x6c,0x6f,0x61,0x74,0x34,0x20,0x63,0x6c,0x69,0x70,
    0x44,0x69,0x73,0x74,0x61,0x6e,0x63,0x65,0x20,0x3a,0x20,0x54,0x45,0x58,0x43,0x4f,
    0x4f,0x52,0x44,0x33,0x3b,0x0a,0x20,0x20,0x20,0x20,0x66,0x6c,0x6f,0x61,0x74,0x34,
    0x20,0x67,0x6c,0x5f,0x50,0x6f,0x73,0x69,0x74,0x69,0x6f,0x6e,0x20,0x3a,0x20,0x53,
    0x56,0x5f,0x50,0x6f,0x73,0x69,0x74,0x69,0x6f,0x6e,0x3b,0x0a,0x7d,0x3b,0x0a,0x0a,
    0x76,0x6f,0x69,0x64,0x20,0x76,0x65,0x72,0x74,0x5f,0x6d,0x61,0x69,0x6e,0x28,0x29,
    0x0a,0x7b,0x0a,0x20,0x20,0x20,0x20,0x66,0x6c,0x6f,0x61,0x74,0x32,0x20,0x5f,0x31,
    0x38,0x20,0x3d,0x20,0x63,0x6f,0x72,0x6e,0x65,0x72,0x20,0x2a,0x20,0x69,0x4f,0x72,
    0x69,0x67,0x69,0x6e,0x53,0x69,0x7a,0x65,0x2e,0x7a,0x77,0x3b,0x0a,0x20,0x20,0x20,
    0x20,0x66,0x6c,0x6f,0x61,0x74,0x20,0x5f,0x32,0x38,0x20,0x3d,0x20,0x5f,0x31,0x38,
    0x2e,0x78,0x3b,0x0a,0x20,0x20,0x20,0x20,0x66,0x6c,0x6f,0x61,0x74,0x20,0x5f,0x33,
    0x35,0x20,0x3d,0x20,0x5f,0x31,0x38,0x2e,0x79,0x3b,0x0a,0x20,0x20,0x20,0x20,0x66,
    0x6c,0x6f,0x61,0x74,0x20,0x5f,0x34,0x30,0x20,0x3d,0x20,0x28,0x28,0x69,0x41,0x66,
    0x66,0x69,0x6e,0x65,0x2e,0x78,0x20,0x2a,0x20,0x5f,0x32,0x38,0x29,0x20,0x2b,0x20,
    0x28,0x69,0x41,0x66,0x66,0x69,0x6e,0x65,0x2e,0x7a,0x20,0x2a,0x20,0x5f,0x33,0x35,
    0x29,0x29,0x20,0x2b,0x20,0x69,0x4f,0x72,0x69,0x67,0x69,0x6e,0x53,0x69,0x7a,0x65,
    0x2e,0x78,0x3b,0x0a,0x20,0x20,0x20,0x20,0x66,0x6c,0x6f,0x61,0x74,0x20,0x5f,0x35,
    0x35,0x20,0x3d,0x20,0x28,0x28,0x69,0x41,0x66,0x66,0x69,0x6e,0x65,0x2e,0x79,0x20,
    0x2a,0x20,0x5f,0x32,0x38,0x29,0x20,0x2b,0x20,0x28,0x69,0x41,0x66,0x66,0x69,0x6e,
    0x65,0x2e,0x77,0x20,0x2a,0x20,0x5f,0x33,0x35,0x29,0x29,0x20,0x2b,0x20,0x69,0x4f,
    0x72,0x69,0x67,0x69,0x6e,0x53,0x69,0x7a,0x65,0x2e,0x79,0x3b,0x0a,0x20,0x20,0x20,
    0x20,0x66,0x6c,0x6f,0x61,0x74,0x32,0x20,0x5f,0x35,0x36,0x20,0x3d,0x20,0x66,0x6c,
    0x6f,0x61,0x74,0x32,0x28,0x5f,0x34,0x30,0x2c,0x20,0x5f,0x35,0x35,0x29,0x3b,0x0a,
    0x20,0x20,0x20,0x20,0x67,0x6c,0x5f,0x50,0x6f,0x73,0x69,0x74,0x69,0x6f,0x6e,0x20,
    0x3d,0x20,0x66,0x6c,0x6f,0x61,0x74,0x34,0x28,0x28,0x28,0x5f,0x34,0x30,0x20,0x2f,
    0x20,0x5f,0x36,0x32,0x5f,0x76,0x69,0x65,0x77,0x70,0x6f,0x72,0x74,0x2e,0x78,0x29,
    0x20,0x2a,0x20,0x32,0x2e,0x30,0x66,0x29,0x20,0x2d,0x20,0x31,0x2e,0x30,0x66,0x2c,
    0x20,0x31,0x2e,0x30,0x66,0x20,0x2d,0x20,0x28,0x28,0x5f,0x35,0x35,0x20,0x2f,0x20,
    0x5f,0x36,0x32,0x5f,0x76,0x69,0x65,0x77,0x70,0x6f,0x72,0x74,0x2e,0x79,0x29,0x20,
    0x2a,0x20,0x32,0x2e,0x30,0x66,0x29,0x2c,0x20,0x30,0x2e,0x30,0x66,0x2c,0x20,0x31,
    0x2e,0x30,0x66,0x29,0x3b,0x0a,0x20,0x20,0x20,0x20,0x66,0x6c,0x6f,0x61,0x74,0x32,
    0x20,0x5f,0x39,0x39,0x20,0x3d,0x20,0x6c,0x65,0x72,0x70,0x28,0x69,0x55,0x76,0x2e,
    0x78,0x79,0x2c,0x20,0x69,0x55,0x76,0x2e,0x7a,0x77,0x2c,0x20,0x63,0x6f,0x72,0x6e,
    0x65,0x72,0x29,0x3b,0x0a,0x20,0x20,0x20,0x20,0x66,0x6c,0x6f,0x61,0x74,0x32,0x20,
    0x5f,0x31,0x30,0x37,0x3b,0x0a,0x20,0x20,0x20,0x20,0x69,0x66,0x20,0x28,0x5f,0x36,
    0x32,0x5f,0x76,0x69,0x65,0x77,0x70,0x6f,0x72,0x74,0x2e,0x7a,0x20,0x3e,0x20,0x30,
    0x2e,0x35,0x66,0x29,0x0a,0x20,0x20,0x20,0x20,0x7b,0x0a,0x20,0x20,0x20,0x20,0x20,
    0x20,0x20,0x20,0x5f,0x31,0x30,0x37,0x20,0x3d,0x20,0x66,0x6c,0x6f,0x61,0x74,0x32,
    0x28,0x5f,0x39,0x39,0x2e,0x78,0x2c,0x20,0x31,0x2e,0x30,0x66,0x20,0x2d,0x20,0x5f,
    0x39,0x39,0x2e,0x79,0x29,0x3b,0x0a,0x20,0x20,0x20,0x20,0x7d,0x0a,0x20,0x20,0x20,
    0x20,0x65,0x6c,0x73,0x65,0x0a,0x20,0x20,0x20,0x20,0x7b,0x0a,0x20,0x20,0x20,0x20,
    0x20,0x20,0x20,0x20,0x5f,0x31,0x30,0x37,0x20,0x3d,0x20,0x5f,0x39,0x39,0x3b,0x0a,
    0x20,0x20,0x20,0x20,0x7d,0x0a,0x20,0x20,0x20,0x20,0x75,0x76,0x20,0x3d,0x20,0x5f,
    0x31,0x30,0x37,0x3b,0x0a,0x20,0x20,0x20,0x20,0x63,0x6f,0x6c,0x6f,0x72,0x20,0x3d,
    0x20,0x69,0x43,0x6f,0x6c,0x6f,0x72,0x3b,0x0a,0x20,0x20,0x20,0x20,0x73,0x72,0x63,
    0x50,0x72,0x65,0x6d,0x75,0x6c,0x74,0x20,0x3d,0x20,0x5f,0x36,0x32,0x5f,0x76,0x69,
    0x65,0x77,0x70,0x6f,0x72,0x74,0x2e,0x77,0x3b,0x0a,0x20,0x20,0x20,0x20,0x69,0x66,
    0x20,0x28,0x5f,0x36,0x32,0x5f,0x63,0x6c,0x69,0x70,0x55,0x2e,0x77,0x20,0x3e,0x20,
    0x5f,0x36,0x32,0x5f,0x63,0x6c,0x69,0x70,0x55,0x2e,0x7a,0x29,0x0a,0x20,0x20,0x20,
    0x20,0x7b,0x0a,0x20,0x20,0x20,0x20,0x20,0x20,0x20,0x20,0x66,0x6c,0x6f,0x61,0x74,
    0x20,0x5f,0x31,0x34,0x30,0x20,0x3d,0x20,0x64,0x6f,0x74,0x28,0x5f,0x35,0x36,0x2c,
    0x20,0x5f,0x36,0x32,0x5f,0x63,0x6c,0x69,0x70,0x55,0x2e,0x78,0x79,0x29,0x3b,0x0a,
    0x20,0x20,0x20,0x20,0x20,0x20,0x20,0x20,0x66,0x6c,0x6f,0x61,0x74,0x20,0x5f,0x31,
    0x34,0x37,0x20,0x3d,0x20,0x64,0x6f,0x74,0x28,0x5f,0x35,0x36,0x2c,0x20,0x5f,0x36,
    0x32,0x5f,0x63,0x6c,0x69,0x70,0x56,0x2e,0x78,0x79,0x29,0x3b,0x0a,0x20,0x20,0x20,
    0x20,0x20,0x20,0x20,0x20,0x63,0x6c,0x69,0x70,0x44,0x69,0x73,0x74,0x61,0x6e,0x63,
    0x65,0x20,0x3d,0x20,0x66,0x6c,0x6f,0x61,0x74,0x34,0x28,0x5f,0x31,0x34,0x30,0x20,
    0x2d,0x20,0x5f,0x36,0x32,0x5f,0x63,0x6c,0x69,0x70,0x55,0x2e,0x7a,0x2c,0x20,0x5f,
    0x36,0x32,0x5f,0x63,0x6c,0x69,0x70,0x55,0x2e,0x77,0x20,0x2d,0x20,0x5f,0x31,0x34,
    0x30,0x2c,0x20,0x5f,0x31,0x34,0x37,0x20,0x2d,0x20,0x5f,0x36,0x32,0x5f,0x63,0x6c,
    0x69,0x70,0x56,0x2e,0x7a,0x2c,0x20,0x5f,0x36,0x32,0x5f,0x63,0x6c,0x69,0x70,0x56,
    0x2e,0x77,0x20,0x2d,0x20,0x5f,0x31,0x34,0x37,0x29,0x3b,0x0a,0x20,0x20,0x20,0x20,
    0x7d,0x0a,0x20,0x20,0x20,0x20,0x65,0x6c,0x73,0x65,0x0a,0x20,0x20,0x20,0x20,0x7b,
    0x0a,0x20,0x20,0x20,0x20,0x20,0x20,0x20,0x20,0x63,0x6c,0x69,0x70,0x44,0x69,0x73,
    0x74,0x61,0x6e,0x63,0x65,0x20,0x3d,0x20,0x31,0x2e,0x30,0x66,0x2e,0x78,0x78,0x78,
    0x78,0x3b,0x0a,0x20,0x20,0x20,0x20,0x7d,0x0a,0x7d,0x0a,0x0a,0x53,0x50,0x49,0x52,
    0x56,0x5f,0x43,0x72,0x6f,0x73,0x73,0x5f,0x4f,0x75,0x74,0x70,0x75,0x74,0x20,0x6d,
    0x61,0x69,0x6e,0x28,0x53,0x50,0x49,0x52,0x56,0x5f,0x43,0x72,0x6f,0x73,0x73,0x5f,
    0x49,0x6e,0x70,0x75,0x74,0x20,0x73,0x74,0x61,0x67,0x65,0x5f,0x69,0x6e,0x70,0x75,
    0x74,0x29,0x0a,0x7b,0x0a,0x20,0x20,0x20,0x20,0x63,0x6f,0x72,0x6e,0x65,0x72,0x20,
    0x3d,0x20,0x73,0x74,0x61,0x67,0x65,0x5f,0x69,0x6e,0x70,0x75,0x74,0x2e,0x63,0x6f,
    0x72,0x6e,0x65,0x72,0x3b,0x0a,0x20,0x20,0x20,0x20,0x69,0x4f,0x72,0x69,0x67,0x69,
    0x6e,0x53,0x69,0x7a,0x65,0x20,0x3d,0x20,0x73,0x74,0x61,0x67,0x65,0x5f,0x69,0x6e,
    0x70,0x75,0x74,0x2e,0x69,0x4f,0x72,0x69,0x67,0x69,0x6e,0x53,0x69,0x7a,0x65,0x3b,
    0x0a,0x20,0x20,0x20,0x20,0x69,0x41,0x66,0x66,0x69,0x6e,0x65,0x20,0x3d,0x20,0x73,
    0x74,0x61,0x67,0x65,0x5f,0x69,0x6e,0x70,0x75,0x74,0x2e,0x69,0x41,0x66,0x66,0x69,
    0x6e,0x65,0x3b,0x0a,0x20,0x20,0x20,0x20,0x69,0x55,0x76,0x20,0x3d,0x20,0x73,0x74,
    0x61,0x67,0x65,0x5f,0x69,0x6e,0x70,0x75,0x74,0x2e,0x69,0x55,0x76,0x3b,0x0a,0x20,
    0x20,0x20,0x20,0x69,0x43,0x6f,0x6c,0x6f,0x72,0x20,0x3d,0x20,0x73,0x74,0x61,0x67,
    0x65,0x5f,0x69,0x6e,0x70,0x75,0x74,0x2e,0x69,0x43,0x6f,0x6c,0x6f,0x72,0x3b,0x0a,
    0x20,0x20,0x20,0x20,0x76,0x65,0x72,0x74,0x5f,0x6d,0x61,0x69,0x6e,0x28,0x29,0x3b,
    0x0a,0x20,0x20,0x20,0x20,0x53,0x50,0x49,0x52,0x56,0x5f,0x43,0x72,0x6f,0x73,0x73,
    0x5f,0x4f,0x75,0x74,0x70,0x75,0x74,0x20,0x73,0x74,0x61,0x67,0x65,0x5f,0x6f,0x75,
    0x74,0x70,0x75,0x74,0x3b,0x0a,0x20,0x20,0x20,0x20,0x73,0x74,0x61,0x67,0x65,0x5f,
    0x6f,0x75,0x74,0x70,0x75,0x74,0x2e,0x67,0x6c,0x5f,0x50,0x6f,0x73,0x69,0x74,0x69,
    0x6f,0x6e,0x20,0x3d,0x20,0x67,0x6c,0x5f,0x50,0x6f,0x73,0x69,0x74,0x69,0x6f,0x6e,
    0x3b,0x0a,0x20,0x20,0x20,0x20,0x73,0x74,0x61,0x67,0x65,0x5f,0x6f,0x75,0x74,0x70,
    0x75,0x74,0x2e,0x75,0x76,0x20,0x3d,0x20,0x75,0x76,0x3b,0x0a,0x20,0x20,0x20,0x20,
    0x73,0x74,0x61,0x67,0x65,0x5f,0x6f,0x75,0x74,0x70,0x75,0x74,0x2e,0x63,0x6f,0x6c,
    0x6f,0x72,0x20,0x3d,0x20,0x63,0x6f,0x6c,0x6f,0x72,0x3b,0x0a,0x20,0x20,0x20,0x20,
    0x73,0x74,0x61,0x67,0x65,0x5f,0x6f,0x75,0x74,0x70,0x75,0x74,0x2e,0x73,0x72,0x63,
    0x50,0x72,0x65,0x6d,0x75,0x6c,0x74,0x20,0x3d,0x20,0x73,0x72,0x63,0x50,0x72,0x65,
    0x6d,0x75,0x6c,0x74,0x3b,0x0a,0x20,0x20,0x20,0x20,0x73,0x74,0x61,0x67,0x65,0x5f,
    0x6f,0x75,0x74,0x70,0x75,0x74,0x2e,0x63,0x6c,0x69,0x70,0x44,0x69,0x73,0x74,0x61,
    0x6e,0x63,0x65,0x20,0x3d,0x20,0x63,0x6c,0x69,0x70,0x44,0x69,0x73,0x74,0x61,0x6e,
    0x63,0x65,0x3b,0x0a,0x20,0x20,0x20,0x20,0x72,0x65,0x74,0x75,0x72,0x6e,0x20,0x73,
    0x74,0x61,0x67,0x65,0x5f,0x6f,0x75,0x74,0x70,0x75,0x74,0x3b,0x0a,0x7d,0x0a,0x00,

};
/*
    Texture2D<float4> spriteTex : register(t0);
    SamplerState spriteSmp : register(s0);

    static float4 clipDistance;
    static float2 uv;
    static float4 color;
    static float srcPremult;
    static float4 frag_color;

    struct SPIRV_Cross_Input
    {
        float2 uv : TEXCOORD0;
        float4 color : TEXCOORD1;
        float srcPremult : TEXCOORD2;
        float4 clipDistance : TEXCOORD3;
    };

    struct SPIRV_Cross_Output
    {
        float4 frag_color : SV_Target0;
    };

    void frag_main()
    {
        if (min(min(clipDistance.x, clipDistance.y), min(clipDistance.z, clipDistance.w)) < 0.0f)
        {
            discard;
        }
        float4 _52 = spriteTex.Sample(spriteSmp, uv) * color;
        float3 _55 = _52.xyz;
        float3 _64 = lerp(_55, _55 * color.w, srcPremult.xxx);
        float4 _92 = _52;
        _92.x = _64.x;
        _92.y = _64.y;
        _92.z = _64.z;
        float _76 = _52.w;
        frag_color = lerp(float4(_92.xyz * _76, _76), _92, srcPremult.xxxx);
    }

    SPIRV_Cross_Output main(SPIRV_Cross_Input stage_input)
    {
        clipDistance = stage_input.clipDistance;
        uv = stage_input.uv;
        color = stage_input.color;
        srcPremult = stage_input.srcPremult;
        frag_main();
        SPIRV_Cross_Output stage_output;
        stage_output.frag_color = frag_color;
        return stage_output;
    }
*/
static const uint8_t spriteFs_source_hlsl5[1216] = {
    0x54,0x65,0x78,0x74,0x75,0x72,0x65,0x32,0x44,0x3c,0x66,0x6c,0x6f,0x61,0x74,0x34,
    0x3e,0x20,0x73,0x70,0x72,0x69,0x74,0x65,0x54,0x65,0x78,0x20,0x3a,0x20,0x72,0x65,
    0x67,0x69,0x73,0x74,0x65,0x72,0x28,0x74,0x30,0x29,0x3b,0x0a,0x53,0x61,0x6d,0x70,
    0x6c,0x65,0x72,0x53,0x74,0x61,0x74,0x65,0x20,0x73,0x70,0x72,0x69,0x74,0x65,0x53,
    0x6d,0x70,0x20,0x3a,0x20,0x72,0x65,0x67,0x69,0x73,0x74,0x65,0x72,0x28,0x73,0x30,
    0x29,0x3b,0x0a,0x0a,0x73,0x74,0x61,0x74,0x69,0x63,0x20,0x66,0x6c,0x6f,0x61,0x74,
    0x34,0x20,0x63,0x6c,0x69,0x70,0x44,0x69,0x73,0x74,0x61,0x6e,0x63,0x65,0x3b,0x0a,
    0x73,0x74,0x61,0x74,0x69,0x63,0x20,0x66,0x6c,0x6f,0x61,0x74,0x32,0x20,0x75,0x76,
    0x3b,0x0a,0x73,0x74,0x61,0x74,0x69,0x63,0x20,0x66,0x6c,0x6f,0x61,0x74,0x34,0x20,
    0x63,0x6f,0x6c,0x6f,0x72,0x3b,0x0a,0x73,0x74,0x61,0x74,0x69,0x63,0x20,0x66,0x6c,
    0x6f,0x61,0x74,0x20,0x73,0x72,0x63,0x50,0x72,0x65,0x6d,0x75,0x6c,0x74,0x3b,0x0a,
    0x73,0x74,0x61,0x74,0x69,0x63,0x20,0x66,0x6c,0x6f,0x61,0x74,0x34,0x20,0x66,0x72,
    0x61,0x67,0x5f,0x63,0x6f,0x6c,0x6f,0x72,0x3b,0x0a,0x0a,0x73,0x74,0x72,0x75,0x63,
    0x74,0x20,0x53,0x50,0x49,0x52,0x56,0x5f,0x43,0x72,0x6f,0x73,0x73,0x5f,0x49,0x6e,
    0x70,0x75,0x74,0x0a,0x7b,0x0a,0x20,0x20,0x20,0x20,0x66,0x6c,0x6f,0x61,0x74,0x32,
    0x20,0x75,0x76,0x20,0x3a,0x20,0x54,0x45,0x58,0x43,0x4f,0x4f,0x52,0x44,0x30,0x3b,
    0x0a,0x20,0x20,0x20,0x20,0x66,0x6c,0x6f,0x61,0x74,0x34,0x20,0x63,0x6f,0x6c,0x6f,
    0x72,0x20,0x3a,0x20,0x54,0x45,0x58,0x43,0x4f,0x4f,0x52,0x44,0x31,0x3b,0x0a,0x20,
    0x20,0x20,0x20,0x66,0x6c,0x6f,0x61,0x74,0x20,0x73,0x72,0x63,0x50,0x72,0x65,0x6d,
    0x75,0x6c,0x74,0x20,0x3a,0x20,0x54,0x45,0x58,0x43,0x4f,0x4f,0x52,0x44,0x32,0x3b,
    0x0a,0x20,0x20,0x20,0x20,0x66,0x6c,0x6f,0x61,0x74,0x34,0x20,0x63,0x6c,0x69,0x70,
    0x44,0x69,0x73,0x74,0x61,0x6e,0x63,0x65,0x20,0x3a,0x20,0x54,0x45,0x58,0x43,0x4f,
    0x4f,0x52,0x44,0x33,0x3b,0x0a,0x7d,0x3b,0x0a,0x0a,0x73,0x74,0x72,0x75,0x63,0x74,
    0x20,0x53,0x50,0x49,0x52,0x56,0x5f,0x43,0x72,0x6f,0x73,0x73,0x5f,0x4f,0x75,0x74,
    0x70,0x75,0x74,0x0a,0x7b,0x0a,0x20,0x20,0x20,0x20,0x66,0x6c,0x6f,0x61,0x74,0x34,
    0x20,0x66,0x72,0x61,0x67,0x5f,0x63,0x6f,0x6c,0x6f,0x72,0x20,0x3a,0x20,0x53,0x56,
    0x5f,0x54,0x61,0x72,0x67,0x65,0x74,0x30,0x3b,0x0a,0x7d,0x3b,0x0a,0x0a,0x76,0x6f,
    0x69,0x64,0x20,0x66,0x72,0x61,0x67,0x5f,0x6d,0x61,0x69,0x6e,0x28,0x29,0x0a,0x7b,
    0x0a,0x20,0x20,0x20,0x20,0x69,0x66,0x20,0x28,0x6d,0x69,0x6e,0x28,0x6d,0x69,0x6e,
    0x28,0x63,0x6c,0x69,0x70,0x44,0x69,0x73,0x74,0x61,0x6e,0x63,0x65,0x2e,0x78,0x2c,
    0x20,0x63,0x6c,0x69,0x70,0x44,0x69,0x73,0x74,0x61,0x6e,0x63,0x65,0x2e,0x79,0x29,
    0x2c,0x20,0x6d,0x69,0x6e,0x28,0x63,0x6c,0x69,0x70,0x44,0x69,0x73,0x74,0x61,0x6e,
    0x63,0x65,0x2e,0x7a,0x2c,0x20,0x63,0x6c,0x69,0x70,0x44,0x69,0x73,0x74,0x61,0x6e,
    0x63,0x65,0x2e,0x77,0x29,0x29,0x20,0x3c,0x20,0x30,0x2e,0x30,0x66,0x29,0x0a,0x20,
    0x20,0x20,0x20,0x7b,0x0a,0x20,0x20,0x20,0x20,0x20,0x20,0x20,0x20,0x64,0x69,0x73,
    0x63,0x61,0x72,0x64,0x3b,0x0a,0x20,0x20,0x20,0x20,0x7d,0x0a,0x20,0x20,0x20,0x20,
    0x66,0x6c,0x6f,0x61,0x74,0x34,0x20,0x5f,0x35,0x32,0x20,0x3d,0x20,0x73,0x70,0x72,
    0x69,0x74,0x65,0x54,0x65,0x78,0x2e,0x53,0x61,0x6d,0x70,0x6c,0x65,0x28,0x73,0x70,
    0x72,0x69,0x74,0x65,0x53,0x6d,0x70,0x2c,0x20,0x75,0x76,0x29,0x20,0x2a,0x20,0x63,
    0x6f,0x6c,0x6f,0x72,0x3b,0x0a,0x20,0x20,0x20,0x20,0x66,0x6c,0x6f,0x61,0x74,0x33,
    0x20,0x5f,0x35,0x35,0x20,0x3d,0x20,0x5f,0x35,0x32,0x2e,0x78,0x79,0x7a,0x3b,0x0a,
    0x20,0x20,0x20,0x20,0x66,0x6c,0x6f,0x61,0x74,0x33,0x20,0x5f,0x36,0x34,0x20,0x3d,
    0x20,0x6c,0x65,0x72,0x70,0x28,0x5f,0x35,0x35,0x2c,0x20,0x5f,0x35,0x35,0x20,0x2a,
    0x20,0x63,0x6f,0x6c,0x6f,0x72,0x2e,0x77,0x2c,0x20,0x73,0x72,0x63,0x50,0x72,0x65,
    0x6d,0x75,0x6c,0x74,0x2e,0x78,0x78,0x78,0x29,0x3b,0x0a,0x20,0x20,0x20,0x20,0x66,
    0x6c,0x6f,0x61,0x74,0x34,0x20,0x5f,0x39,0x32,0x20,0x3d,0x20,0x5f,0x35,0x32,0x3b,
    0x0a,0x20,0x20,0x20,0x20,0x5f,0x39,0x32,0x2e,0x78,0x20,0x3d,0x20,0x5f,0x36,0x34,
    0x2e,0x78,0x3b,0x0a,0x20,0x20,0x20,0x20,0x5f,0x39,0x32,0x2e,0x79,0x20,0x3d,0x20,
    0x5f,0x36,0x34,0x2e,0x79,0x3b,0x0a,0x20,0x20,0x20,0x20,0x5f,0x39,0x32,0x2e,0x7a,
    0x20,0x3d,0x20,0x5f,0x36,0x34,0x2e,0x7a,0x3b,0x0a,0x20,0x20,0x20,0x20,0x66,0x6c,
    0x6f,0x61,0x74,0x20,0x5f,0x37,0x36,0x20,0x3d,0x20,0x5f,0x35,0x32,0x2e,0x77,0x3b,
    0x0a,0x20,0x20,0x20,0x20,0x66,0x72,0x61,0x67,0x5f,0x63,0x6f,0x6c,0x6f,0x72,0x20,
    0x3d,0x20,0x6c,0x65,0x72,0x70,0x28,0x66,0x6c,0x6f,0x61,0x74,0x34,0x28,0x5f,0x39,
    0x32,0x2e,0x78,0x79,0x7a,0x20,0x2a,0x20,0x5f,0x37,0x36,0x2c,0x20,0x5f,0x37,0x36,
    0x29,0x2c,0x20,0x5f,0x39,0x32,0x2c,0x20,0x73,0x72,0x63,0x50,0x72,0x65,0x6d,0x75,
    0x6c,0x74,0x2e,0x78,0x78,0x78,0x78,0x29,0x3b,0x0a,0x7d,0x0a,0x0a,0x53,0x50,0x49,
    0x52,0x56,0x5f,0x43,0x72,0x6f,0x73,0x73,0x5f,0x4f,0x75,0x74,0x70,0x75,0x74,0x20,
    0x6d,0x61,0x69,0x6e,0x28,0x53,0x50,0x49,0x52,0x56,0x5f,0x43,0x72,0x6f,0x73,0x73,
    0x5f,0x49,0x6e,0x70,0x75,0x74,0x20,0x73,0x74,0x61,0x67,0x65,0x5f,0x69,0x6e,0x70,
    0x75,0x74,0x29,0x0a,0x7b,0x0a,0x20,0x20,0x20,0x20,0x63,0x6c,0x69,0x70,0x44,0x69,
    0x73,0x74,0x61,0x6e,0x63,0x65,0x20,0x3d,0x20,0x73,0x74,0x61,0x67,0x65,0x5f,0x69,
    0x6e,0x70,0x75,0x74,0x2e,0x63,0x6c,0x69,0x70,0x44,0x69,0x73,0x74,0x61,0x6e,0x63,
    0x65,0x3b,0x0a,0x20,0x20,0x20,0x20,0x75,0x76,0x20,0x3d,0x20,0x73,0x74,0x61,0x67,
    0x65,0x5f,0x69,0x6e,0x70,0x75,0x74,0x2e,0x75,0x76,0x3b,0x0a,0x20,0x20,0x20,0x20,
    0x63,0x6f,0x6c,0x6f,0x72,0x20,0x3d,0x20,0x73,0x74,0x61,0x67,0x65,0x5f,0x69,0x6e,
    0x70,0x75,0x74,0x2e,0x63,0x6f,0x6c,0x6f,0x72,0x3b,0x0a,0x20,0x20,0x20,0x20,0x73,
    0x72,0x63,0x50,0x72,0x65,0x6d,0x75,0x6c,0x74,0x20,0x3d,0x20,0x73,0x74,0x61,0x67,
    0x65,0x5f,0x69,0x6e,0x70,0x75,0x74,0x2e,0x73,0x72,0x63,0x50,0x72,0x65,0x6d,0x75,
    0x6c,0x74,0x3b,0x0a,0x20,0x20,0x20,0x20,0x66,0x72,0x61,0x67,0x5f,0x6d,0x61,0x69,
    0x6e,0x28,0x29,0x3b,0x0a,0x20,0x20,0x20,0x20,0x53,0x50,0x49,0x52,0x56,0x5f,0x43,
    0x72,0x6f,0x73,0x73,0x5f,0x4f,0x75,0x74,0x70,0x75,0x74,0x20,0x73,0x74,0x61,0x67,
    0x65,0x5f,0x6f,0x75,0x74,0x70,0x75,0x74,0x3b,0x0a,0x20,0x20,0x20,0x20,0x73,0x74,
    0x61,0x67,0x65,0x5f,0x6f,0x75,0x74,0x70,0x75,0x74,0x2e,0x66,0x72,0x61,0x67,0x5f,
    0x63,0x6f,0x6c,0x6f,0x72,0x20,0x3d,0x20,0x66,0x72,0x61,0x67,0x5f,0x63,0x6f,0x6c,
    0x6f,0x72,0x3b,0x0a,0x20,0x20,0x20,0x20,0x72,0x65,0x74,0x75,0x72,0x6e,0x20,0x73,
    0x74,0x61,0x67,0x65,0x5f,0x6f,0x75,0x74,0x70,0x75,0x74,0x3b,0x0a,0x7d,0x0a,0x00,

};
/*
    cbuffer ui_params : register(b0)
    {
        float4 _112_viewport : packoffset(c0);
        float4 _112_clipU : packoffset(c1);
        float4 _112_clipV : packoffset(c2);
    };


    static float4 gl_Position;
    static float4 iAffine;
    static float4 iParams0;
    static float4 iOriginSize;
    static float2 corner;
    static float4 iUvRadii;
    static float4 vLocalHalf;
    static float4 vUvAa;
    static float4 vRadii;
    static float4 vBorders;
    static float4 iBorders;
    static float4 vParams1;
    static float4 iParams1;
    static float4 vFill;
    static float4 iColorFill;
    static float4 vBorder;
    static float4 iColorBorder;
    static float4 vExtra;
    static float4 iColorExtra;
    static float4 clipDistance;

    struct SPIRV_Cross_Input
    {
        float2 corner : TEXCOORD0;
        float4 iAffine : TEXCOORD1;
        float4 iOriginSize : TEXCOORD2;
        float4 iUvRadii : TEXCOORD3;
        float4 iBorders : TEXCOORD4;
        float4 iParams0 : TEXCOORD5;
        float4 iParams1 : TEXCOORD6;
        float4 iColorFill : TEXCOORD7;
        float4 iColorBorder : TEXCOORD8;
        float4 iColorExtra : TEXCOORD9;
    };

    struct SPIRV_Cross_Output
    {
        float4 vLocalHalf : TEXCOORD0;
        float4 vUvAa : TEXCOORD1;
        float4 vRadii : TEXCOORD2;
        float4 vBorders : TEXCOORD3;
        float4 vParams1 : TEXCOORD4;
        float4 vFill : TEXCOORD5;
        float4 vBorder : TEXCOORD6;
        float4 vExtra : TEXCOORD7;
        float4 clipDistance : TEXCOORD8;
        float4 gl_Position : SV_Position;
    };

    void vert_main()
    {
        float _24 = sqrt(length(iAffine.xy) * length(iAffine.zw));
        float _35;
        if (iParams0.x == 2.0f)
        {
            _35 = 0.0f;
        }
        else
        {
            float _42;
            if (_24 > 0.0f)
            {
                _42 = 1.0f / _24;
            }
            else
            {
                _42 = 0.0f;
            }
            _35 = _42;
        }
        float2 _68 = (corner * (iOriginSize.zw + (2.0f * _35).xx)) - _35.xx;
        float _73 = _68.x;
        float _80 = _68.y;
        float _85 = ((iAffine.x * _73) + (iAffine.z * _80)) + iOriginSize.x;
        float _100 = ((iAffine.y * _73) + (iAffine.w * _80)) + iOriginSize.y;
        float2 _101 = float2(_85, _100);
        gl_Position = float4(((_85 / _112_viewport.x) * 2.0f) - 1.0f, 1.0f - ((_100 / _112_viewport.y) * 2.0f), 0.0f, 1.0f);
        bool _137 = iOriginSize.z > 0.0f;
        bool _143;
        if (_137)
        {
            _143 = iOriginSize.w > 0.0f;
        }
        else
        {
            _143 = _137;
        }
        float2 _144;
        if (_143)
        {
            _144 = _68 / iOriginSize.zw;
        }
        else
        {
            _144 = 0.0f.xx;
        }
        float2 _153 = lerp(iUvRadii.xy, iUvRadii.zw, _144);
        float2 _158 = iOriginSize.zw * 0.5f;
        vLocalHalf = float4(_68 - _158, _158);
        float2 _171;
        if (_112_viewport.z > 0.5f)
        {
            _171 = float2(_153.x, 1.0f - _153.y);
        }
        else
        {
            _171 = _153;
        }
        vUvAa = float4(_171, _35, iParams0.x);
        vRadii = iUvRadii;
        vBorders = iBorders;
        vParams1 = iParams1;
        vFill = iColorFill;
        vBorder = iColorBorder;
        vExtra = iColorExtra;
        if (_112_clipU.w > _112_clipU.z)
        {
            float _220 = dot(_101, _112_clipU.xy);
            float _227 = dot(_101, _112_clipV.xy);
            clipDistance = float4(_220 - _112_clipU.z, _112_clipU.w - _220, _227 - _112_clipV.z, _112_clipV.w - _227);
        }
        else
        {
            clipDistance = 1.0f.xxxx;
        }
    }

    SPIRV_Cross_Output main(SPIRV_Cross_Input stage_input)
    {
        iAffine = stage_input.iAffine;
        iParams0 = stage_input.iParams0;
        iOriginSize = stage_input.iOriginSize;
        corner = stage_input.corner;
        iUvRadii = stage_input.iUvRadii;
        iBorders = stage_input.iBorders;
        iParams1 = stage_input.iParams1;
        iColorFill = stage_input.iColorFill;
        iColorBorder = stage_input.iColorBorder;
        iColorExtra = stage_input.iColorExtra;
        vert_main();
        SPIRV_Cross_Output stage_output;
        stage_output.gl_Position = gl_Position;
        stage_output.vLocalHalf = vLocalHalf;
        stage_output.vUvAa = vUvAa;
        stage_output.vRadii = vRadii;
        stage_output.vBorders = vBorders;
        stage_output.vParams1 = vParams1;
        stage_output.vFill = vFill;
        stage_output.vBorder = vBorder;
        stage_output.vExtra = vExtra;
        stage_output.clipDistance = clipDistance;
        return stage_output;
    }
*/
static const uint8_t uiVs_source_hlsl5[4139] = {
    0x63,0x62,0x75,0x66,0x66,0x65,0x72,0x20,0x75,0x69,0x5f,0x70,0x61,0x72,0x61,0x6d,
    0x73,0x20,0x3a,0x20,0x72,0x65,0x67,0x69,0x73,0x74,0x65,0x72,0x28,0x62,0x30,0x29,
    0x0a,0x7b,0x0a,0x20,0x20,0x20,0x20,0x66,0x6c,0x6f,0x61,0x74,0x34,0x20,0x5f,0x31,
    0x31,0x32,0x5f,0x76,0x69,0x65,0x77,0x70,0x6f,0x72,0x74,0x20,0x3a,0x20,0x70,0x61,
    0x63,0x6b,0x6f,0x66,0x66,0x73,0x65,0x74,0x28,0x63,0x30,0x29,0x3b,0x0a,0x20,0x20,
    0x20,0x20,0x66,0x6c,0x6f,0x61,0x74,0x34,0x20,0x5f,0x31,0x31,0x32,0x5f,0x63,0x6c,
    0x69,0x70,0x55,0x20,0x3a,0x20,0x70,0x61,0x63,0x6b,0x6f,0x66,0x66,0x73,0x65,0x74,
    0x28,0x63,0x31,0x29,0x3b,0x0a,0x20,0x20,0x20,0x20,0x66,0x6c,0x6f,0x61,0x74,0x34,
    0x20,0x5f,0x31,0x31,0x32,0x5f,0x63,0x6c,0x69,0x70,0x56,0x20,0x3a,0x20,0x70,0x61,
    0x63,0x6b,0x6f,0x66,0x66,0x73,0x65,0x74,0x28,0x63,0x32,0x29,0x3b,0x0a,0x7d,0x3b,
    0x0a,0x0a,0x0a,0x73,0x74,0x61,0x74,0x69,0x63,0x20,0x66,0x6c,0x6f,0x61,0x74,0x34,
    0x20,0x67,0x6c,0x5f,0x50,0x6f,0x73,0x69,0x74,0x69,0x6f,0x6e,0x3b,0x0a,0x73,0x74,
    0x61,0x74,0x69,0x63,0x20,0x66,0x6c,0x6f,0x61,0x74,0x34,0x20,0x69,0x41,0x66,0x66,
    0x69,0x6e,0x65,0x3b,0x0a,0x73,0x74,0x61,0x74,0x69,0x63,0x20,0x66,0x6c,0x6f,0x61,
    0x74,0x34,0x20,0x69,0x50,0x61,0x72,0x61,0x6d,0x73,0x30,0x3b,0x0a,0x73,0x74,0x61,
    0x74,0x69,0x63,0x20,0x66,0x6c,0x6f,0x61,0x74,0x34,0x20,0x69,0x4f,0x72,0x69,0x67,
    0x69,0x6e,0x53,0x69,0x7a,0x65,0x3b,0x0a,0x73,0x74,0x61,0x74,0x69,0x63,0x20,0x66,
    0x6c,0x6f,0x61,0x74,0x32,0x20,0x63,0x6f,0x72,0x6e,0x65,0x72,0x3b,0x0a,0x73,0x74,
    0x61,0x74,0x69,0x63,0x20,0x66,0x6c,0x6f,0x61,0x74,0x34,0x20,0x69,0x55,0x76,0x52,
    0x61,0x64,0x69,0x69,0x3b,0x0a,0x73,0x74,0x61,0x74,0x69,0x63,0x20,0x66,0x6c,0x6f,
    0x61,0x74,0x34,0x20,0x76,0x4c,0x6f,0x63,0x61,0x6c,0x48,0x61,0x6c,0x66,0x3b,0x0a,
    0x73,0x74,0x61,0x74,0x69,0x63,0x20,0x66,0x6c,0x6f,0x61,0x74,0x34,0x20,0x76,0x55,
    0x76,0x41,0x61,0x3b,0x0a,0x73,0x74,0x61,0x74,0x69,0x63,0x20,0x66,0x6c,0x6f,0x61,
    0x74,0x34,0x20,0x76,0x52,0x61,0x64,0x69,0x69,0x3b,0x0a,0x73,0x74,0x61,0x74,0x69,
    0x63,0x20,0x66,0x6c,0x6f,0x61,0x74,0x34,0x20,0x76,0x42,0x6f,0x72,0x64,0x65,0x72,
    0x73,0x3b,0x0a,0x73,0x74,0x61,0x74,0x69,0x63,0x20,0x66,0x6c,0x6f,0x61,0x74,0x34,
    0x20,0x69,0x42,0x6f,0x72,0x64,0x65,0x72,0x73,0x3b,0x0a,0x73,0x74,0x61,0x74,0x69,
    0x63,0x20,0x66,0x6c,0x6f,0x61,0x74,0x34,0x20,0x76,0x50,0x61,0x72,0x61,0x6d,0x73,
    0x31,0x3b,0x0a,0x73,0x74,0x61,0x74,0x69,0x63,0x20,0x66,0x6c,0x6f,0x61,0x74,0x34,
    0x20,0x69,0x50,0x61,0x72,0x61,0x6d,0x73,0x31,0x3b,0x0a,0x73,0x74,0x61,0x74,0x69,
    0x63,0x20,0x66,0x6c,0x6f,0x61,0x74,0x34,0x20,0x76,0x46,0x69,0x6c,0x6c,0x3b,0x0a,
    0x73,0x74,0x61,0x74,0x69,0x63,0x20,0x66,0x6c,0x6f,0x61,0x74,0x34,0x20,0x69,0x43,
    0x6f,0x6c,0x6f,0x72,0x46,0x69,0x6c,0x6c,0x3b,0x0a,0x73,0x74,0x61,0x74,0x69,0x63,
    0x20,0x66,0x6c,0x6f,0x61,0x74,0x34,0x20,0x76,0x42,0x6f,0x72,0x64,0x65,0x72,0x3b,
    0x0a,0x73,0x74,0x61,0x74,0x69,0x63,0x20,0x66,0x6c,0x6f,0x61,0x74,0x34,0x20,0x69,
    0x43,0x6f,0x6c,0x6f,0x72,0x42,0x6f,0x72,0x64,0x65,0x72,0x3b,0x0a,0x73,0x74,0x61,
    0x74,0x69,0x63,0x20,0x66,0x6c,0x6f,0x61,0x74,0x34,0x20,0x76,0x45,0x78,0x74,0x72,
    0x61,0x3b,0x0a,0x73,0x74,0x61,0x74,0x69,0x63,0x20,0x66,0x6c,0x6f,0x61,0x74,0x34,
    0x20,0x69,0x43,0x6f,0x6c,0x6f,0x72,0x45,0x78,0x74,0x72,0x61,0x3b,0x0a,0x73,0x74,
    0x61,0x74,0x69,0x63,0x20,0x66,0x6c,0x6f,0x61,0x74,0x34,0x20,0x63,0x6c,0x69,0x70,
    0x44,0x69,0x73,0x74,0x61,0x6e,0x63,0x65,0x3b,0x0a,0x0a,0x73,0x74,0x72,0x75,0x63,
    0x74,0x20,0x53,0x50,0x49,0x52,0x56,0x5f,0x43,0x72,0x6f,0x73,0x73,0x5f,0x49,0x6e,
    0x70,0x75,0x74,0x0a,0x7b,0x0a,0x20,0x20,0x20,0x20,0x66,0x6c,0x6f,0x61,0x74,0x32,
    0x20,0x63,0x6f,0x72,0x6e,0x65,0x72,0x20,0x3a,0x20,0x54,0x45,0x58,0x43,0x4f,0x4f,
    0x52,0x44,0x30,0x3b,0x0a,0x20,0x20,0x20,0x20,0x66,0x6c,0x6f,0x61,0x74,0x34,0x20,
    0x69,0x41,0x66,0x66,0x69,0x6e,0x65,0x20,0x3a,0x20,0x54,0x45,0x58,0x43,0x4f,0x4f,
    0x52,0x44,0x31,0x3b,0x0a,0x20,0x20,0x20,0x20,0x66,0x6c,0x6f,0x61,0x74,0x34,0x20,
    0x69,0x4f,0x72,0x69,0x67,0x69,0x6e,0x53,0x69,0x7a,0x65,0x20,0x3a,0x20,0x54,0x45,
    0x58,0x43,0x4f,0x4f,0x52,0x44,0x32,0x3b,0x0a,0x20,0x20,0x20,0x20,0x66,0x6c,0x6f,
    0x61,0x74,0x34,0x20,0x69,0x55,0x76,0x52,0x61,0x64,0x69,0x69,0x20,0x3a,0x20,0x54,
    0x45,0x58,0x43,0x4f,0x4f,0x52,0x44,0x33,0x3b,0x0a,0x20,0x20,0x20,0x20,0x66,0x6c,
    0x6f,0x61,0x74,0x34,0x20,0x69,0x42,0x6f,0x72,0x64,0x65,0x72,0x73,0x20,0x3a,0x20,
    0x54,0x45,0x58,0x43,0x4f,0x4f,0x52,0x44,0x34,0x3b,0x0a,0x20,0x20,0x20,0x20,0x66,
    0x6c,0x6f,0x61,0x74,0x34,0x20,0x69,0x50,0x61,0x72,0x61,0x6d,0x73,0x30,0x20,0x3a,
    0x20,0x54,0x45,0x58,0x43,0x4f,0x4f,0x52,0x44,0x35,0x3b,0x0a,0x20,0x20,0x20,0x20,
    0x66,0x6c,0x6f,0x61,0x74,0x34,0x20,0x69,0x50,0x61,0x72,0x61,0x6d,0x73,0x31,0x20,
    0x3a,0x20,0x54,0x45,0x58,0x43,0x4f,0x4f,0x52,0x44,0x36,0x3b,0x0a,0x20,0x20,0x20,
    0x20,0x66,0x6c,0x6f,0x61,0x74,0x34,0x20,0x69,0x43,0x6f,0x6c,0x6f,0x72,0x46,0x69,
    0x6c,0x6c,0x20,0x3a,0x20,0x54,0x45,0x58,0x43,0x4f,0x4f,0x52,0x44,0x37,0x3b,0x0a,
    0x20,0x20,0x20,0x20,0x66,0x6c,0x6f,0x61,0x74,0x34,0x20,0x69,0x43,0x6f,0x6c,0x6f,
    0x72,0x42,0x6f,0x72,0x64,0x65,0x72,0x20,0x3a,0x20,0x54,0x45,0x58,0x43,0x4f,0x4f,
    0x52,0x44,0x38,0x3b,0x0a,0x20,0x20,0x20,0x20,0x66,0x6c,0x6f,0x61,0x74,0x34,0x20,
    0x69,0x43,0x6f,0x6c,0x6f,0x72,0x45,0x78,0x74,0x72,0x61,0x20,0x3a,0x20,0x54,0x45,
    0x58,0x43,0x4f,0x4f,0x52,0x44,0x39,0x3b,0x0a,0x7d,0x3b,0x0a,0x0a,0x73,0x74,0x72,
    0x75,0x63,0x74,0x20,0x53,0x50,0x49,0x52,0x56,0x5f,0x43,0x72,0x6f,0x73,0x73,0x5f,
    0x4f,0x75,0x74,0x70,0x75,0x74,0x0a,0x7b,0x0a,0x20,0x20,0x20,0x20,0x66,0x6c,0x6f,
    0x61,0x74,0x34,0x20,0x76,0x4c,0x6f,0x63,0x61,0x6c,0x48,0x61,0x6c,0x66,0x20,0x3a,
    0x20,0x54,0x45,0x58,0x43,0x4f,0x4f,0x52,0x44,0x30,0x3b,0x0a,0x20,0x20,0x20,0x20,
    0x66,0x6c,0x6f,0x61,0x74,0x34,0x20,0x76,0x55,0x76,0x41,0x61,0x20,0x3a,0x20,0x54,
    0x45,0x58,0x43,0x4f,0x4f,0x52,0x44,0x31,0x3b,0x0a,0x20,0x20,0x20,0x20,0x66,0x6c,
    0x6f,0x61,0x74,0x34,0x20,0x76,0x52,0x61,0x64,0x69,0x69,0x20,0x3a,0x20,0x54,0x45,
    0x58,0x43,0x4f,0x4f,0x52,0x44,0x32,0x3b,0x0a,0x20,0x20,0x20,0x20,0x66,0x6c,0x6f,
    0x61,0x74,0x34,0x20,0x76,0x42,0x6f,0x72,0x64,0x65,0x72,0x73,0x20,0x3a,0x20,0x54,
    0x45,0x58,0x43,0x4f,0x4f,0x52,0x44,0x33,0x3b,0x0a,0x20,0x20,0x20,0x20,0x66,0x6c,
    0x6f,0x61,0x74,0x34,0x20,0x76,0x50,0x61,0x72,0x61,0x6d,0x73,0x31,0x20,0x3a,0x20,
    0x54,0x45,0x58,0x43,0x4f,0x4f,0x52,0x44,0x34,0x3b,0x0a,0x20,0x20,0x20,0x20,0x66,
    0x6c,0x6f,0x61,0x74,0x34,0x20,0x76,0x46,0x69,0x6c,0x6c,0x20,0x3a,0x20,0x54,0x45,
    0x58,0x43,0x4f,0x4f,0x52,0x44,0x35,0x3b,0x0a,0x20,0x20,0x20,0x20,0x66,0x6c,0x6f,
    0x61,0x74,0x34,0x20,0x76,0x42,0x6f,0x72,0x64,0x65,0x72,0x20,0x3a,0x20,0x54,0x45,
    0x58,0x43,0x4f,0x4f,0x52,0x44,0x36,0x3b,0x0a,0x20,0x20,0x20,0x20,0x66,0x6c,0x6f,
    0x61,0x74,0x34,0x20,0x76,0x45,0x78,0x74,0x72,0x61,0x20,0x3a,0x20,0x54,0x45,0x58,
    0x43,0x4f,0x4f,0x52,0x44,0x37,0x3b,0x0a,0x20,0x20,0x20,0x20,0x66,0x6c,0x6f,0x61,
    0x74,0x34,0x20,0x63,0x6c,0x69,0x70,0x44,0x69,0x73,0x74,0x61,0x6e,0x63,0x65,0x20,
    0x3a,0x20,0x54,0x45,0x58,0x43,0x4f,0x4f,0x52,0x44,0x38,0x3b,0x0a,0x20,0x20,0x20,
    0x20,0x66,0x6c,0x6f,0x61,0x74,0x34,0x20,0x67,0x6c,0x5f,0x50,0x6f,0x73,0x69,0x74,
    0x69,0x6f,0x6e,0x20,0x3a,0x20,0x53,0x56,0x5f,0x50,0x6f,0x73,0x69,0x74,0x69,0x6f,
    0x6e,0x3b,0x0a,0x7d,0x3b,0x0a,0x0a,0x76,0x6f,0x69,0x64,0x20,0x76,0x65,0x72,0x74,
    0x5f,0x6d,0x61,0x69,0x6e,0x28,0x29,0x0a,0x7b,0x0a,0x20,0x20,0x20,0x20,0x66,0x6c,
    0x6f,0x61,0x74,0x20,0x5f,0x32,0x34,0x20,0x3d,0x20,0x73,0x71,0x72,0x74,0x28,0x6c,
    0x65,0x6e,0x67,0x74,0x68,0x28,0x69,0x41,0x66,0x66,0x69,0x6e,0x65,0x2e,0x78,0x79,
    0x29,0x20,0x2a,0x20,0x6c,0x65,0x6e,0x67,0x74,0x68,0x28,0x69,0x41,0x66,0x66,0x69,
    0x6e,0x65,0x2e,0x7a,0x77,0x29,0x29,0x3b,0x0a,0x20,0x20,0x20,0x20,0x66,0x6c,0x6f,
    0x61,0x74,0x20,0x5f,0x33,0x35,0x3b,0x0a,0x20,0x20,0x20,0x20,0x69,0x66,0x20,0x28,
    0x69,0x50,0x61,0x72,0x61,0x6d,0x73,0x30,0x2e,0x78,0x20,0x3d,0x3d,0x20,0x32,0x2e,
    0x30,0x66,0x29,0x0a,0x20,0x20,0x20,0x20,0x7b,0x0a,0x20,0x20,0x20,0x20,0x20,0x20,
    0x20,0x20,0x5f,0x33,0x35,0x20,0x3d,0x20,0x30,0x2e,0x30,0x66,0x3b,0x0a,0x20,0x20,
    0x20,0x20,0x7d,0x0a,0x20,0x20,0x20,0x20,0x65,0x6c,0x73,0x65,0x0a,0x20,0x20,0x20,
    0x20,0x7b,0x0a,0x20,0x20,0x20,0x20,0x20,0x20,0x20,0x20,0x66,0x6c,0x6f,0x61,0x74,
    0x20,0x5f,0x34,0x32,0x3b,0x0a,0x20,0x20,0x20,0x20,0x20,0x20,0x20,0x20,0x69,0x66,
    0x20,0x28,0x5f,0x32,0x34,0x20,0x3e,0x20,0x30,0x2e,0x30,0x66,0x29,0x0a,0x20,0x20,
    0x20,0x20,0x20,0x20,0x20,0x20,0x7b,0x0a,0x20,0x20,0x20,0x20,0x20,0x20,0x20,0x20,
    0x20,0x20,0x20,0x20,0x5f,0x34,0x32,0x20,0x3d,0x20,0x31,0x2e,0x30,0x66,0x20,0x2f,
    0x20,0x5f,0x32,0x34,0x3b,0x0a,0x20,0x20,0x20,0x20,0x20,0x20,0x20,0x20,0x7d,0x0a,
    0x20,0x20,0x20,0x20,0x20,0x20,0x20,0x20,0x65,0x6c,0x73,0x65,0x0a,0x20,0x20,0x20,
    0x20,0x20,0x20,0x20,0x20,0x7b,0x0a,0x20,0x20,0x20,0x20,0x20,0x20,0x20,0x20,0x20,
    0x20,0x20,0x20,0x5f,0x34,0x32,0x20,0x3d,0x20,0x30,0x2e,0x30,0x66,0x3b,0x0a,0x20,
    0x20,0x20,0x20,0x20,0x20,0x20,0x20,0x7d,0x0a,0x20,0x20,0x20,0x20,0x20,0x20,0x20,
    0x20,0x5f,0x33,0x35,0x20,0x3d,0x20,0x5f,0x34,0x32,0x3b,0x0a,0x20,0x20,0x20,0x20,
    0x7d,0x0a,0x20,0x20,0x20,0x20,0x66,0x6c,0x6f,0x61,0x74,0x32,0x20,0x5f,0x36,0x38,
    0x20,0x3d,0x20,0x28,0x63,0x6f,0x72,0x6e,0x65,0x72,0x20,0x2a,0x20,0x28,0x69,0x4f,
    0x72,0x69,0x67,0x69,0x6e,0x53,0x69,0x7a,0x65,0x2e,0x7a,0x77,0x20,0x2b,0x20,0x28,
    0x32,0x2e,0x30,0x66,0x20,0x2a,0x20,0x5f,0x33,0x35,0x29,0x2e,0x78,0x78,0x29,0x29,
    0x20,0x2d,0x20,0x5f,0x33,0x35,0x2e,0x78,0x78,0x3b,0x0a,0x20,0x20,0x20,0x20,0x66,
    0x6c,0x6f,0x61,0x74,0x20,0x5f,0x37,0x33,0x20,0x3d,0x20,0x5f,0x36,0x38,0x2e,0x78,
    0x3b,0x0a,0x20,0x20,0x20,0x20,0x66,0x6c,0x6f,0x61,0x74,0x20,0x5f,0x38,0x30,0x20,
    0x3d,0x20,0x5f,0x36,0x38,0x2e,0x79,0x3b,0x0a,0x20,0x20,0x20,0x20,0x66,0x6c,0x6f,
    0x61,0x74,0x20,0x5f,0x38,0x35,0x20,0x3d,0x20,0x28,0x28,0x69,0x41,0x66,0x66,0x69,
    0x6e,0x65,0x2e,0x78,0x20,0x2a,0x20,0x5f,0x37,0x33,0x29,0x20,0x2b,0x20,0x28,0x69,
    0x41,0x66,0x66,0x69,0x6e,0x65,0x2e,0x7a,0x20,0x2a,0x20,0x5f,0x38,0x30,0x29,0x29,
    0x20,0x2b,0x20,0x69,0x4f,0x72,0x69,0x67,0x69,0x6e,0x53,0x69,0x7a,0x65,0x2e,0x78,
    0x3b,0x0a,0x20,0x20,0x20,0x20,0x66,0x6c,0x6f,0x61,0x74,0x20,0x5f,0x31,0x30,0x30,
    0x20,0x3d,0x20,0x28,0x28,0x69,0x41,0x66,0x66,0x69,0x6e,0x65,0x2e,0x79,0x20,0x2a,
    0x20,0x5f,0x37,0x33,0x29,0x20,0x2b,0x20,0x28,0x69,0x41,0x66,0x66,0x69,0x6e,0x65,
    0x2e,0x77,0x20,0x2a,0x20,0x5f,0x38,0x30,0x29,0x29,0x20,0x2b,0x20,0x69,0x4f,0x72,
    0x69,0x67,0x69,0x6e,0x53,0x69,0x7a,0x65,0x2e,0x79,0x3b,0x0a,0x20,0x20,0x20,0x20,
    0x66,0x6c,0x6f,0x61,0x74,0x32,0x20,0x5f,0x31,0x30,0x31,0x20,0x3d,0x20,0x66,0x6c,
    0x6f,0x61,0x74,0x32,0x28,0x5f,0x38,0x35,0x2c,0x20,0x5f,0x31,0x30,0x30,0x29,0x3b,
    0x0a,0x20,0x20,0x20,0x20,0x67,0x6c,0x5f,0x50,0x6f,0x73,0x69,0x74,0x69,0x6f,0x6e,
    0x20,0x3d,0x20,0x66,0x6c,0x6f,0x61,0x74,0x34,0x28,0x28,0x28,0x5f,0x38,0x35,0x20,
    0x2f,0x20,0x5f,0x31,0x31,0x32,0x5f,0x76,0x69,0x65,0x77,0x70,0x6f,0x72,0x74,0x2e,
    0x78,0x29,0x20,0x2a,0x20,0x32,0x2e,0x30,0x66,0x29,0x20,0x2d,0x20,0x31,0x2e,0x30,
    0x66,0x2c,0x20,0x31,0x2e,0x30,0x66,0x20,0x2d,0x20,0x28,0x28,0x5f,0x31,0x30,0x30,
    0x20,0x2f,0x20,0x5f,0x31,0x31,0x32,0x5f,0x76,0x69,0x65,0x77,0x70,0x6f,0x72,0x74,
    0x2e,0x79,0x29,0x20,0x2a,0x20,0x32,0x2e,0x30,0x66,0x29,0x2c,0x20,0x30,0x2e,0x30,
    0x66,0x2c,0x20,0x31,0x2e,0x30,0x66,0x29,0x3b,0x0a,0x20,0x20,0x20,0x20,0x62,0x6f,
    0x6f,0x6c,0x20,0x5f,0x31,0x33,0x37,0x20,0x3d,0x20,0x69,0x4f,0x72,0x69,0x67,0x69,
    0x6e,0x53,0x69,0x7a,0x65,0x2e,0x7a,0x20,0x3e,0x20,0x30,0x2e,0x30,0x66,0x3b,0x0a,
    0x20,0x20,0x20,0x20,0x62,0x6f,0x6f,0x6c,0x20,0x5f,0x31,0x34,0x33,0x3b,0x0a,0x20,
    0x20,0x20,0x20,0x69,0x66,0x20,0x28,0x5f,0x31,0x33,0x37,0x29,0x0a,0x20,0x20,0x20,
    0x20,0x7b,0x0a,0x20,0x20,0x20,0x20,0x20,0x20,0x20,0x20,0x5f,0x31,0x34,0x33,0x20,
    0x3d,0x20,0x69,0x4f,0x72,0x69,0x67,0x69,0x6e,0x53,0x69,0x7a,0x65,0x2e,0x77,0x20,
    0x3e,0x20,0x30,0x2e,0x30,0x66,0x3b,0x0a,0x20,0x20,0x20,0x20,0x7d,0x0a,0x20,0x20,
    0x20,0x20,0x65,0x6c,0x73,0x65,0x0a,0x20,0x20,0x20,0x20,0x7b,0x0a,0x20,0x20,0x20,
    0x20,0x20,0x20,0x20,0x20,0x5f,0x31,0x34,0x33,0x20,0x3d,0x20,0x5f,0x31,0x33,0x37,
    0x3b,0x0a,0x20,0x20,0x20,0x20,0x7d,0x0a,0x20,0x20,0x20,0x20,0x66,0x6c,0x6f,0x61,
    0x74,0x32,0x20,0x5f,0x31,0x34,0x34,0x3b,0x0a,0x20,0x20,0x20,0x20,0x69,0x66,0x20,
    0x28,0x5f,0x31,0x34,0x33,0x29,0x0a,0x20,0x20,0x20,0x20,0x7b,0x0a,0x20,0x20,0x20,
    0x20,0x20,0x20,0x20,0x20,0x5f,0x31,0x34,0x34,0x20,0x3d,0x20,0x5f,0x36,0x38,0x20,
    0x2f,0x20,0x69,0x4f,0x72,0x69,0x67,0x69,0x6e,0x53,0x69,0x7a,0x65,0x2e,0x7a,0x77,
    0x3b,0x0a,0x20,0x20,0x20,0x20,0x7d,0x0a,0x20,0x20,0x20,0x20,0x65,0x6c,0x73,0x65,
    0x0a,0x20,0x20,0x20,0x20,0x7b,0x0a,0x20,0x20,0x20,0x20,0x20,0x20,0x20,0x20,0x5f,
    0x31,0x34,0x34,0x20,0x3d,0x20,0x30,0x2e,0x30,0x66,0x2e,0x78,0x78,0x3b,0x0a,0x20,
    0x20,0x20,0x20,0x7d,0x0a,0x20,0x20,0x20,0x20,0x66,0x6c,0x6f,0x61,0x74,0x32,0x20,
    0x5f,0x31,0x35,0x33,0x20,0x3d,0x20,0x6c,0x65,0x72,0x70,0x28,0x69,0x55,0x76,0x52,
    0x61,0x64,0x69,0x69,0x2e,0x78,0x79,0x2c,0x20,0x69,0x55,0x76,0x52,0x61,0x64,0x69,
    0x69,0x2e,0x7a,0x77,0x2c,0x20,0x5f,0x31,0x34,0x34,0x29,0x3b,0x0a,0x20,0x20,0x20,
    0x20,0x66,0x6c,0x6f,0x61,0x74,0x32,0x20,0x5f,0x31,0x35,0x38,0x20,0x3d,0x20,0x69,
    0x4f,0x72,0x69,0x67,0x69,0x6e,0x53,0x69,0x7a,0x65,0x2e,0x7a,0x77,0x20,0x2a,0x20,
    0x30,0x2e,0x35,0x66,0x3b,0x0a,0x20,0x20,0x20,0x20,0x76,0x4c,0x6f,0x63,0x61,0x6c,
    0x48,0x61,0x6c,0x66,0x20,0x3d,0x20,0x66,0x6c,0x6f,0x61,0x74,0x34,0x28,0x5f,0x36,
    0x38,0x20,0x2d,0x20,0x5f,0x31,0x35,0x38,0x2c,0x20,0x5f,0x31,0x35,0x38,0x29,0x3b,
    0x0a,0x20,0x20,0x20,0x20,0x66,0x6c,0x6f,0x61,0x74,0x32,0x20,0x5f,0x31,0x37,0x31,
    0x3b,0x0a,0x20,0x20,0x20,0x20,0x69,0x66,0x20,0x28,0x5f,0x31,0x31,0x32,0x5f,0x76,
    0x69,0x65,0x77,0x70,0x6f,0x72,0x74,0x2e,0x7a,0x20,0x3e,0x20,0x30,0x2e,0x35,0x66,
    0x29,0x0a,0x20,0x20,0x20,0x20,0x7b,0x0a,0x20,0x20,0x20,0x20,0x20,0x20,0x20,0x20,
    0x5f,0x31,0x37,0x31,0x20,0x3d,0x20,0x66,0x6c,0x6f,0x61,0x74,0x32,0x28,0x5f,0x31,
    0x35,0x33,0x2e,0x78,0x2c,0x20,0x31,0x2e,0x30,0x66,0x20,0x2d,0x20,0x5f,0x31,0x35,
    0x33,0x2e,0x79,0x29,0x3b,0x0a,0x20,0x20,0x20,0x20,0x7d,0x0a,0x20,0x20,0x20,0x20,
    0x65,0x6c,0x73,0x65,0x0a,0x20,0x20,0x20,0x20,0x7b,0x0a,0x20,0x20,0x20,0x20,0x20,
    0x20,0x20,0x20,0x5f,0x31,0x37,0x31,0x20,0x3d,0x20,0x5f,0x31,0x35,0x33,0x3b,0x0a,
    0x20,0x20,0x20,0x20,0x7d,0x0a,0x20,0x20,0x20,0x20,0x76,0x55,0x76,0x41,0x61,0x20,
    0x3d,0x20,0x66,0x6c,0x6f,0x61,0x74,0x34,0x28,0x5f,0x31,0x37,0x31,0x2c,0x20,0x5f,
    0x33,0x35,0x2c,0x20,0x69,0x50,0x61,0x72,0x61,0x6d,0x73,0x30,0x2e,0x78,0x29,0x3b,
    0x0a,0x20,0x20,0x20,0x20,0x76,0x52,0x61,0x64,0x69,0x69,0x20,0x3d,0x20,0x69,0x55,
    0x76,0x52,0x61,0x64,0x69,0x69,0x3b,0x0a,0x20,0x20,0x20,0x20,0x76,0x42,0x6f,0x72,
    0x64,0x65,0x72,0x73,0x20,0x3d,0x20,0x69,0x42,0x6f,0x72,0x64,0x65,0x72,0x73,0x3b,
    0x0a,0x20,0x20,0x20,0x20,0x76,0x50,0x61,0x72,0x61,0x6d,0x73,0x31,0x20,0x3d,0x20,
    0x69,0x50,0x61,0x72,0x61,0x6d,0x73,0x31,0x3b,0x0a,0x20,0x20,0x20,0x20,0x76,0x46,
    0x69,0x6c,0x6c,0x20,0x3d,0x20,0x69,0x43,0x6f,0x6c,0x6f,0x72,0x46,0x69,0x6c,0x6c,
    0x3b,0x0a,0x20,0x20,0x20,0x20,0x76,0x42,0x6f,0x72,0x64,0x65,0x72,0x20,0x3d,0x20,
    0x69,0x43,0x6f,0x6c,0x6f,0x72,0x42,0x6f,0x72,0x64,0x65,0x72,0x3b,0x0a,0x20,0x20,
    0x20,0x20,0x76,0x45,0x78,0x74,0x72,0x61,0x20,0x3d,0x20,0x69,0x43,0x6f,0x6c,0x6f,
    0x72,0x45,0x78,0x74,0x72,0x61,0x3b,0x0a,0x20,0x20,0x20,0x20,0x69,0x66,0x20,0x28,
    0x5f,0x31,0x31,0x32,0x5f,0x63,0x6c,0x69,0x70,0x55,0x2e,0x77,0x20,0x3e,0x20,0x5f,
    0x31,0x31,0x32,0x5f,0x63,0x6c,0x69,0x70,0x55,0x2e,0x7a,0x29,0x0a,0x20,0x20,0x20,
    0x20,0x7b,0x0a,0x20,0x20,0x20,0x20,0x20,0x20,0x20,0x20,0x66,0x6c,0x6f,0x61,0x74,
    0x20,0x5f,0x32,0x32,0x30,0x20,0x3d,0x20,0x64,0x6f,0x74,0x28,0x5f,0x31,0x30,0x31,
    0x2c,0x20,0x5f,0x31,0x31,0x32,0x5f,0x63,0x6c,0x69,0x70,0x55,0x2e,0x78,0x79,0x29,
    0x3b,0x0a,0x20,0x20,0x20,0x20,0x20,0x20,0x20,0x20,0x66,0x6c,0x6f,0x61,0x74,0x20,
    0x5f,0x32,0x32,0x37,0x20,0x3d,0x20,0x64,0x6f,0x74,0x28,0x5f,0x31,0x30,0x31,0x2c,
    0x20,0x5f,0x31,0x31,0x32,0x5f,0x63,0x6c,0x69,0x70,0x56,0x2e,0x78,0x79,0x29,0x3b,
    0x0a,0x20,0x20,0x20,0x20,0x20,0x20,0x20,0x20,0x63,0x6c,0x69,0x70,0x44,0x69,0x73,
    0x74,0x61,0x6e,0x63,0x65,0x20,0x3d,0x20,0x66,0x6c,0x6f,0x61,0x74,0x34,0x28,0x5f,
    0x32,0x32,0x30,0x20,0x2d,0x20,0x5f,0x31,0x31,0x32,0x5f,0x63,0x6c,0x69,0x70,0x55,
    0x2e,0x7a,0x2c,0x20,0x5f,0x31,0x31,0x32,0x5f,0x63,0x6c,0x69,0x70,0x55,0x2e,0x77,
    0x20,0x2d,0x20,0x5f,0x32,0x32,0x30,0x2c,0x20,0x5f,0x32,0x32,0x37,0x20,0x2d,0x20,
    0x5f,0x31,0x31,0x32,0x5f,0x63,0x6c,0x69,0x70,0x56,0x2e,0x7a,0x2c,0x20,0x5f,0x31,
    0x31,0x32,0x5f,0x63,0x6c,0x69,0x70,0x56,0x2e,0x77,0x20,0x2d,0x20,0x5f,0x32,0x32,
    0x37,0x29,0x3b,0x0a,0x20,0x20,0x20,0x20,0x7d,0x0a,0x20,0x20,0x20,0x20,0x65,0x6c,
    0x73,0x65,0x0a,0x20,0x20,0x20,0x20,0x7b,0x0a,0x20,0x20,0x20,0x20,0x20,0x20,0x20,
    0x20,0x63,0x6c,0x69,0x70,0x44,0x69,0x73,0x74,0x61,0x6e,0x63,0x65,0x20,0x3d,0x20,
    0x31,0x2e,0x30,0x66,0x2e,0x78,0x78,0x78,0x78,0x3b,0x0a,0x20,0x20,0x20,0x20,0x7d,
    0x0a,0x7d,0x0a,0x0a,0x53,0x50,0x49,0x52,0x56,0x5f,0x43,0x72,0x6f,0x73,0x73,0x5f,
    0x4f,0x75,0x74,0x70,0x75,0x74,0x20,0x6d,0x61,0x69,0x6e,0x28,0x53,0x50,0x49,0x52,
    0x56,0x5f,0x43,0x72,0x6f,0x73,0x73,0x5f,0x49,0x6e,0x70,0x75,0x74,0x20,0x73,0x74,
    0x61,0x67,0x65,0x5f,0x69,0x6e,0x70,0x75,0x74,0x29,0x0a,0x7b,0x0a,0x20,0x20,0x20,
    0x20,0x69,0x41,0x66,0x66,0x69,0x6e,0x65,0x20,0x3d,0x20,0x73,0x74,0x61,0x67,0x65,
    0x5f,0x69,0x6e,0x70,0x75,0x74,0x2e,0x69,0x41,0x66,0x66,0x69,0x6e,0x65,0x3b,0x0a,
    0x20,0x20,0x20,0x20,0x69,0x50,0x61,0x72,0x61,0x6d,0x73,0x30,0x20,0x3d,0x20,0x73,
    0x74,0x61,0x67,0x65,0x5f,0x69,0x6e,0x70,0x75,0x74,0x2e,0x69,0x50,0x61,0x72,0x61,
    0x6d,0x73,0x30,0x3b,0x0a,0x20,0x20,0x20,0x20,0x69,0x4f,0x72,0x69,0x67,0x69,0x6e,
    0x53,0x69,0x7a,0x65,0x20,0x3d,0x20,0x73,0x74,0x61,0x67,0x65,0x5f,0x69,0x6e,0x70,
    0x75,0x74,0x2e,0x69,0x4f,0x72,0x69,0x67,0x69,0x6e,0x53,0x69,0x7a,0x65,0x3b,0x0a,
    0x20,0x20,0x20,0x20,0x63,0x6f,0x72,0x6e,0x65,0x72,0x20,0x3d,0x20,0x73,0x74,0x61,
    0x67,0x65,0x5f,0x69,0x6e,0x70,0x75,0x74,0x2e,0x63,0x6f,0x72,0x6e,0x65,0x72,0x3b,
    0x0a,0x20,0x20,0x20,0x20,0x69,0x55,0x76,0x52,0x61,0x64,0x69,0x69,0x20,0x3d,0x20,
    0x73,0x74,0x61,0x67,0x65,0x5f,0x69,0x6e,0x70,0x75,0x74,0x2e,0x69,0x55,0x76,0x52,
    0x61,0x64,0x69,0x69,0x3b,0x0a,0x20,0x20,0x20,0x20,0x69,0x42,0x6f,0x72,0x64,0x65,
    0x72,0x73,0x20,0x3d,0x20,0x73,0x74,0x61,0x67,0x65,0x5f,0x69,0x6e,0x70,0x75,0x74,
    0x2e,0x69,0x42,0x6f,0x72,0x64,0x65,0x72,0x73,0x3b,0x0a,0x20,0x20,0x20,0x20,0x69,
    0x50,0x61,0x72,0x61,0x6d,0x73,0x31,0x20,0x3d,0x20,0x73,0x74,0x61,0x67,0x65,0x5f,
    0x69,0x6e,0x70,0x75,0x74,0x2e,0x69,0x50,0x61,0x72,0x61,0x6d,0x73,0x31,0x3b,0x0a,
    0x20,0x20,0x20,0x20,0x69,0x43,0x6f,0x6c,0x6f,0x72,0x46,0x69,0x6c,0x6c,0x20,0x3d,
    0x20,0x73,0x74,0x61,0x67,0x65,0x5f,0x69,0x6e,0x70,0x75,0x74,0x2e,0x69,0x43,0x6f,
    0x6c,0x6f,0x72,0x46,0x69,0x6c,0x6c,0x3b,0x0a,0x20,0x20,0x20,0x20,0x69,0x43,0x6f,
    0x6c,0x6f,0x72,0x42,0x6f,0x72,0x64,0x65,0x72,0x20,0x3d,0x20,0x73,0x74,0x61,0x67,
    0x65,0x5f,0x69,0x6e,0x70,0x75,0x74,0x2e,0x69,0x43,0x6f,0x6c,0x6f,0x72,0x42,0x6f,
    0x72,0x64,0x65,0x72,0x3b,0x0a,0x20,0x20,0x20,0x20,0x69,0x43,0x6f,0x6c,0x6f,0x72,
    0x45,0x78,0x74,0x72,0x61,0x20,0x3d,0x20,0x73,0x74,0x61,0x67,0x65,0x5f,0x69,0x6e,
    0x70,0x75,0x74,0x2e,0x69,0x43,0x6f,0x6c,0x6f,0x72,0x45,0x78,0x74,0x72,0x61,0x3b,
    0x0a,0x20,0x20,0x20,0x20,0x76,0x65,0x72,0x74,0x5f,0x6d,0x61,0x69,0x6e,0x28,0x29,
    0x3b,0x0a,0x20,0x20,0x20,0x20,0x53,0x50,0x49,0x52,0x56,0x5f,0x43,0x72,0x6f,0x73,
    0x73,0x5f,0x4f,0x75,0x74,0x70,0x75,0x74,0x20,0x73,0x74,0x61,0x67,0x65,0x5f,0x6f,
    0x75,0x74,0x70,0x75,0x74,0x3b,0x0a,0x20,0x20,0x20,0x20,0x73,0x74,0x61,0x67,0x65,
    0x5f,0x6f,0x75,0x74,0x70,0x75,0x74,0x2e,0x67,0x6c,0x5f,0x50,0x6f,0x73,0x69,0x74,
    0x69,0x6f,0x6e,0x20,0x3d,0x20,0x67,0x6c,0x5f,0x50,0x6f,0x73,0x69,0x74,0x69,0x6f,
    0x6e,0x3b,0x0a,0x20,0x20,0x20,0x20,0x73,0x74,0x61,0x67,0x65,0x5f,0x6f,0x75,0x74,
    0x70,0x75,0x74,0x2e,0x76,0x4c,0x6f,0x63,0x61,0x6c,0x48,0x61,0x6c,0x66,0x20,0x3d,
    0x20,0x76,0x4c,0x6f,0x63,0x61,0x6c,0x48,0x61,0x6c,0x66,0x3b,0x0a,0x20,0x20,0x20,
    0x20,0x73,0x74,0x61,0x67,0x65,0x5f,0x6f,0x75,0x74,0x70,0x75,0x74,0x2e,0x76,0x55,
    0x76,0x41,0x61,0x20,0x3d,0x20,0x76,0x55,0x76,0x41,0x61,0x3b,0x0a,0x20,0x20,0x20,
    0x20,0x73,0x74,0x61,0x67,0x65,0x5f,0x6f,0x75,0x74,0x70,0x75,0x74,0x2e,0x76,0x52,
    0x61,0x64,0x69,0x69,0x20,0x3d,0x20,0x76,0x52,0x61,0x64,0x69,0x69,0x3b,0x0a,0x20,
    0x20,0x20,0x20,0x73,0x74,0x61,0x67,0x65,0x5f,0x6f,0x75,0x74,0x70,0x75,0x74,0x2e,
    0x76,0x42,0x6f,0x72,0x64,0x65,0x72,0x73,0x20,0x3d,0x20,0x76,0x42,0x6f,0x72,0x64,
    0x65,0x72,0x73,0x3b,0x0a,0x20,0x20,0x20,0x20,0x73,0x74,0x61,0x67,0x65,0x5f,0x6f,
    0x75,0x74,0x70,0x75,0x74,0x2e,0x76,0x50,0x61,0x72,0x61,0x6d,0x73,0x31,0x20,0x3d,
    0x20,0x76,0x50,0x61,0x72,0x61,0x6d,0x73,0x31,0x3b,0x0a,0x20,0x20,0x20,0x20,0x73,
    0x74,0x61,0x67,0x65,0x5f,0x6f,0x75,0x74,0x70,0x75,0x74,0x2e,0x76,0x46,0x69,0x6c,
    0x6c,0x20,0x3d,0x20,0x76,0x46,0x69,0x6c,0x6c,0x3b,0x0a,0x20,0x20,0x20,0x20,0x73,
    0x74,0x61,0x67,0x65,0x5f,0x6f,0x75,0x74,0x70,0x75,0x74,0x2e,0x76,0x42,0x6f,0x72,
    0x64,0x65,0x72,0x20,0x3d,0x20,0x76,0x42,0x6f,0x72,0x64,0x65,0x72,0x3b,0x0a,0x20,
    0x20,0x20,0x20,0x73,0x74,0x61,0x67,0x65,0x5f,0x6f,0x75,0x74,0x70,0x75,0x74,0x2e,
    0x76,0x45,0x78,0x74,0x72,0x61,0x20,0x3d,0x20,0x76,0x45,0x78,0x74,0x72,0x61,0x3b,
    0x0a,0x20,0x20,0x20,0x20,0x73,0x74,0x61,0x67,0x65,0x5f,0x6f,0x75,0x74,0x70,0x75,
    0x74,0x2e,0x63,0x6c,0x69,0x70,0x44,0x69,0x73,0x74,0x61,0x6e,0x63,0x65,0x20,0x3d,
    0x20,0x63,0x6c,0x69,0x70,0x44,0x69,0x73,0x74,0x61,0x6e,0x63,0x65,0x3b,0x0a,0x20,
    0x20,0x20,0x20,0x72,0x65,0x74,0x75,0x72,0x6e,0x20,0x73,0x74,0x61,0x67,0x65,0x5f,
    0x6f,0x75,0x74,0x70,0x75,0x74,0x3b,0x0a,0x7d,0x0a,0x00,
};
/*
    Texture2D<float4> uiTex : register(t0);
    SamplerState uiSmp : register(s0);

    static float4 clipDistance;
    static float4 vLocalHalf;
    static float4 vUvAa;
    static float4 vBorders;
    static float4 vParams1;
    static float4 vFill;
    static float4 frag_color;
    static float4 vRadii;
    static float4 vExtra;
    static float4 vBorder;

    struct SPIRV_Cross_Input
    {
        float4 vLocalHalf : TEXCOORD0;
        float4 vUvAa : TEXCOORD1;
        float4 vRadii : TEXCOORD2;
        float4 vBorders : TEXCOORD3;
        float4 vParams1 : TEXCOORD4;
        float4 vFill : TEXCOORD5;
        float4 vBorder : TEXCOORD6;
        float4 vExtra : TEXCOORD7;
        float4 clipDistance : TEXCOORD8;
    };

    struct SPIRV_Cross_Output
    {
        float4 frag_color : SV_Target0;
    };

    float cornerRadius(float2 p, float4 radii)
    {
        float _91;
        if (p.x < 0.0f)
        {
            float _97;
            if (p.y < 0.0f)
            {
                _97 = radii.x;
            }
            else
            {
                _97 = radii.w;
            }
            _91 = _97;
        }
        else
        {
            float _111;
            if (p.y < 0.0f)
            {
                _111 = radii.y;
            }
            else
            {
                _111 = radii.z;
            }
            _91 = _111;
        }
        return _91;
    }

    float roundedRectDistance(float2 p, float2 half_, float r)
    {
        float _63 = clamp(r, 0.0f, min(half_.x, half_.y));
        float2 _71 = abs(p) - (half_ - _63.xx);
        return (length(max(_71, 0.0f.xx)) + min(max(_71.x, _71.y), 0.0f)) - _63;
    }

    float coverageFromDistance(float d, float aa)
    {
        if (aa <= 0.0f)
        {
            return float(d <= 0.0f);
        }
        return clamp(0.5f - (d / aa), 0.0f, 1.0f);
    }

    float scanlineHalf(float hx, float hy, float ay, float r)
    {
        float _199 = ay - (hy - r);
        float _207 = (r * r) - (_199 * _199);
        float _214;
        if ((_199 > 0.0f) && (_207 > 0.0f))
        {
            _214 = sqrt(_207);
        }
        else
        {
            _214 = r;
        }
        return (hx - r) + _214;
    }

    float erfApprox(float x)
    {
        float _143 = sign(x);
        float _146 = abs(x);
        float _163 = 1.0f + ((0.2783930003643035888671875f + ((0.23038899898529052734375f + ((0.0009720000089146196842193603515625f + (0.07810799777507781982421875f * _146)) * _146)) * _146)) * _146);
        float _167 = _163 * _163;
        return _143 - (_143 / (_167 * _167));
    }

    float gaussianPdf(float x, float sigma)
    {
        return exp((-(x * x)) / ((2.0f * sigma) * sigma)) / (2.5066282749176025390625f * sigma);
    }

    float shadowCoverage(float2 p, float2 half_, float4 radii, float2 offset, float sigma, float aa)
    {
        float4 _238 = clamp(radii, 0.0f.xxxx, min(half_.x, half_.y).xxxx);
        float2 _242 = p - offset;
        if (sigma <= 0.0f)
        {
            float2 param = _242;
            float4 param_1 = _238;
            float2 param_2 = _242;
            float2 param_3 = half_;
            float param_4 = cornerRadius(param, param_1);
            float param_5 = roundedRectDistance(param_2, param_3, param_4);
            float param_6 = aa;
            return coverageFromDistance(param_5, param_6);
        }
        float _265 = _242.y;
        float _268 = _265 - half_.y;
        float _274 = _265 + half_.y;
        float _281 = clamp((-3.0f) * sigma, _268, _274);
        float _292 = clamp(3.0f * sigma, _268, _274) - _281;
        float _294 = _292 * 0.25f;
        float _298 = 0.707106769084930419921875f / sigma;
        float acc = 0.0f;
        float y = _281 + (_292 * 0.125f);
        float _328;
        float _350;
        for (int i = 0; i < 4; i++)
        {
            float _321 = _265 - y;
            float _324 = abs(_321);
            bool _327 = _321 < 0.0f;
            if (_327)
            {
                _328 = _238.x;
            }
            else
            {
                _328 = _238.w;
            }
            float param_7 = half_.x;
            float param_8 = half_.y;
            float param_9 = _324;
            float param_10 = _328;
            if (_327)
            {
                _350 = _238.y;
            }
            else
            {
                _350 = _238.z;
            }
            float param_11 = half_.x;
            float param_12 = half_.y;
            float param_13 = _324;
            float param_14 = _350;
            float _371 = _242.x;
            float param_15 = (_371 + scanlineHalf(param_7, param_8, param_9, param_10)) * _298;
            float param_16 = (_371 - scanlineHalf(param_11, param_12, param_13, param_14)) * _298;
            float param_17 = y;
            float param_18 = sigma;
            acc += ((((0.5f + (0.5f * erfApprox(param_15))) - (0.5f + (0.5f * erfApprox(param_16)))) * gaussianPdf(param_17, param_18)) * _294);
            y += _294;
        }
        return acc;
    }

    void frag_main()
    {
        if (min(min(clipDistance.x, clipDistance.y), min(clipDistance.z, clipDistance.w)) < 0.0f)
        {
            discard;
        }
        int _446 = int(vUvAa.w + 0.5f);
        if (_446 == 3)
        {
            float2 param = vLocalHalf.xy;
            float4 param_1 = clamp(vBorders, 0.0f.xxxx, min(vLocalHalf.z, vLocalHalf.w).xxxx);
            float2 param_2 = vLocalHalf.xy;
            float2 param_3 = vLocalHalf.zw;
            float param_4 = cornerRadius(param, param_1);
            float param_5 = roundedRectDistance(param_2, param_3, param_4);
            float param_6 = vUvAa.z;
            float4 texel = uiTex.Sample(uiSmp, vUvAa.xy);
            if (vParams1.x > 0.5f)
            {
                float4 _500 = texel;
                float _506 = dot(_500.xyz, float3(0.2125999927520751953125f, 0.715200006961822509765625f, 0.072200000286102294921875f));
                float4 _886 = _500;
                _886.x = _506;
                _886.y = _506;
                _886.z = _506;
                texel = _886;
            }
            float4 _519 = texel * vFill;
            float _524 = _519.w * coverageFromDistance(param_5, param_6);
            frag_color = float4(_519.xyz * _524, _524);
            return;
        }
        if (_446 == 1)
        {
            float alpha;
            if (vBorders.w > 0.5f)
            {
                float2 param_7 = vLocalHalf.xy;
                float2 param_8 = vBorders.xy;
                float4 param_9 = vRadii;
                float2 param_10 = 0.0f.xx;
                float param_11 = vBorders.z;
                float param_12 = vUvAa.z;
                float2 param_13 = vLocalHalf.xy;
                float4 param_14 = vRadii;
                float2 param_15 = vLocalHalf.xy;
                float2 param_16 = vBorders.xy;
                float param_17 = cornerRadius(param_13, param_14);
                float param_18 = roundedRectDistance(param_15, param_16, param_17);
                float param_19 = vUvAa.z;
                alpha = (1.0f - shadowCoverage(param_7, param_8, param_9, param_10, param_11, param_12)) * coverageFromDistance(param_18, param_19);
            }
            else
            {
                float2 param_20 = vLocalHalf.xy;
                float2 param_21 = vBorders.xy;
                float4 param_22 = vRadii;
                float2 param_23 = vParams1.xy;
                float param_24 = vBorders.z;
                float param_25 = vUvAa.z;
                alpha = shadowCoverage(param_20, param_21, param_22, param_23, param_24, param_25);
            }
            float _607 = vExtra.w * alpha;
            frag_color = float4(vExtra.xyz * _607, _607);
            return;
        }
        float2 halfBox = vLocalHalf.zw;
        bool _624 = vExtra.w > 0.0f;
        bool _631;
        if (_624)
        {
            _631 = vParams1.w <= 0.5f;
        }
        else
        {
            _631 = _624;
        }
        if (_631)
        {
            halfBox = vLocalHalf.zw - ((3.0f * vParams1.z).xx + abs(vParams1.xy));
        }
        float2 param_26 = vLocalHalf.xy;
        float4 param_27 = vRadii;
        float2 param_28 = vLocalHalf.xy;
        float2 param_29 = halfBox;
        float param_30 = cornerRadius(param_26, param_27);
        float4 _660 = max(vBorders, 0.0f.xxxx);
        float _663 = _660.x;
        float _665 = _660.z;
        float _668 = _660.y;
        float _670 = _660.w;
        float2 _715 = vLocalHalf.xy - (float2(_663 - _665, _668 - _670) * 0.5f);
        float2 param_31 = _715;
        float4 param_32 = max(vRadii - float4(max(_663, _668), max(_668, _665), max(_665, _670), max(_670, _663)), 0.0f.xxxx);
        float2 param_33 = _715;
        float2 param_34 = max(halfBox - (float2(_663 + _665, _668 + _670) * 0.5f), 0.0f.xx);
        float param_35 = cornerRadius(param_31, param_32);
        float param_36 = roundedRectDistance(param_28, param_29, param_30);
        float param_37 = vUvAa.z;
        float _736 = coverageFromDistance(param_36, param_37);
        float param_38 = roundedRectDistance(param_33, param_34, param_35);
        float param_39 = vUvAa.z;
        float _742 = coverageFromDistance(param_38, param_39);
        float4 fill = vFill;
        if (_446 == 2)
        {
            float4 _908 = fill;
            _908.w = _908.w * uiTex.Sample(uiSmp, vUvAa.xy).w;
            fill = _908;
        }
        float _770 = fill.w * _742;
        float _775 = vBorder.w * max(_736 - _742, 0.0f);
        float alpha_1 = _770 + _775;
        float3 rgb = (fill.xyz * _770) + (vBorder.xyz * _775);
        if (_624)
        {
            bool _799 = vParams1.w > 0.5f;
            float sAlpha;
            if (_799)
            {
                float2 param_40 = vLocalHalf.xy;
                float2 param_41 = halfBox;
                float4 param_42 = vRadii;
                float2 param_43 = 0.0f.xx;
                float param_44 = vParams1.z;
                float param_45 = vUvAa.z;
                sAlpha = (1.0f - shadowCoverage(param_40, param_41, param_42, param_43, param_44, param_45)) * _736;
            }
            else
            {
                float2 param_46 = vLocalHalf.xy;
                float2 param_47 = halfBox;
                float4 param_48 = vRadii;
                float2 param_49 = vParams1.xy;
                float param_50 = vParams1.z;
                float param_51 = vUvAa.z;
                sAlpha = shadowCoverage(param_46, param_47, param_48, param_49, param_50, param_51);
            }
            sAlpha *= vExtra.w;
            if (_799)
            {
                float _852 = 1.0f - sAlpha;
                rgb = (vExtra.xyz * sAlpha) + (rgb * _852);
                alpha_1 = sAlpha + (alpha_1 * _852);
            }
            else
            {
                float _868 = 1.0f - alpha_1;
                rgb += ((vExtra.xyz * sAlpha) * _868);
                alpha_1 += (sAlpha * _868);
            }
        }
        frag_color = float4(rgb, alpha_1);
    }

    SPIRV_Cross_Output main(SPIRV_Cross_Input stage_input)
    {
        clipDistance = stage_input.clipDistance;
        vLocalHalf = stage_input.vLocalHalf;
        vUvAa = stage_input.vUvAa;
        vBorders = stage_input.vBorders;
        vParams1 = stage_input.vParams1;
        vFill = stage_input.vFill;
        vRadii = stage_input.vRadii;
        vExtra = stage_input.vExtra;
        vBorder = stage_input.vBorder;
        frag_main();
        SPIRV_Cross_Output stage_output;
        stage_output.frag_color = frag_color;
        return stage_output;
    }
*/
static const uint8_t uiFs_source_hlsl5[10368] = {
    0x54,0x65,0x78,0x74,0x75,0x72,0x65,0x32,0x44,0x3c,0x66,0x6c,0x6f,0x61,0x74,0x34,
    0x3e,0x20,0x75,0x69,0x54,0x65,0x78,0x20,0x3a,0x20,0x72,0x65,0x67,0x69,0x73,0x74,
    0x65,0x72,0x28,0x74,0x30,0x29,0x3b,0x0a,0x53,0x61,0x6d,0x70,0x6c,0x65,0x72,0x53,
    0x74,0x61,0x74,0x65,0x20,0x75,0x69,0x53,0x6d,0x70,0x20,0x3a,0x20,0x72,0x65,0x67,
    0x69,0x73,0x74,0x65,0x72,0x28,0x73,0x30,0x29,0x3b,0x0a,0x0a,0x73,0x74,0x61,0x74,
    0x69,0x63,0x20,0x66,0x6c,0x6f,0x61,0x74,0x34,0x20,0x63,0x6c,0x69,0x70,0x44,0x69,
    0x73,0x74,0x61,0x6e,0x63,0x65,0x3b,0x0a,0x73,0x74,0x61,0x74,0x69,0x63,0x20,0x66,
    0x6c,0x6f,0x61,0x74,0x34,0x20,0x76,0x4c,0x6f,0x63,0x61,0x6c,0x48,0x61,0x6c,0x66,
    0x3b,0x0a,0x73,0x74,0x61,0x74,0x69,0x63,0x20,0x66,0x6c,0x6f,0x61,0x74,0x34,0x20,
    0x76,0x55,0x76,0x41,0x61,0x3b,0x0a,0x73,0x74,0x61,0x74,0x69,0x63,0x20,0x66,0x6c,
    0x6f,0x61,0x74,0x34,0x20,0x76,0x42,0x6f,0x72,0x64,0x65,0x72,0x73,0x3b,0x0a,0x73,
    0x74,0x61,0x74,0x69,0x63,0x20,0x66,0x6c,0x6f,0x61,0x74,0x34,0x20,0x76,0x50,0x61,
    0x72,0x61,0x6d,0x73,0x31,0x3b,0x0a,0x73,0x74,0x61,0x74,0x69,0x63,0x20,0x66,0x6c,
    0x6f,0x61,0x74,0x34,0x20,0x76,0x46,0x69,0x6c,0x6c,0x3b,0x0a,0x73,0x74,0x61,0x74,
    0x69,0x63,0x20,0x66,0x6c,0x6f,0x61,0x74,0x34,0x20,0x66,0x72,0x61,0x67,0x5f,0x63,
    0x6f,0x6c,0x6f,0x72,0x3b,0x0a,0x73,0x74,0x61,0x74,0x69,0x63,0x20,0x66,0x6c,0x6f,
    0x61,0x74,0x34,0x20,0x76,0x52,0x61,0x64,0x69,0x69,0x3b,0x0a,0x73,0x74,0x61,0x74,
    0x69,0x63,0x20,0x66,0x6c,0x6f,0x61,0x74,0x34,0x20,0x76,0x45,0x78,0x74,0x72,0x61,
    0x3b,0x0a,0x73,0x74,0x61,0x74,0x69,0x63,0x20,0x66,0x6c,0x6f,0x61,0x74,0x34,0x20,
    0x76,0x42,0x6f,0x72,0x64,0x65,0x72,0x3b,0x0a,0x0a,0x73,0x74,0x72,0x75,0x63,0x74,
    0x20,0x53,0x50,0x49,0x52,0x56,0x5f,0x43,0x72,0x6f,0x73,0x73,0x5f,0x49,0x6e,0x70,
    0x75,0x74,0x0a,0x7b,0x0a,0x20,0x20,0x20,0x20,0x66,0x6c,0x6f,0x61,0x74,0x34,0x20,
    0x76,0x4c,0x6f,0x63,0x61,0x6c,0x48,0x61,0x6c,0x66,0x20,0x3a,0x20,0x54,0x45,0x58,
    0x43,0x4f,0x4f,0x52,0x44,0x30,0x3b,0x0a,0x20,0x20,0x20,0x20,0x66,0x6c,0x6f,0x61,
    0x74,0x34,0x20,0x76,0x55,0x76,0x41,0x61,0x20,0x3a,0x20,0x54,0x45,0x58,0x43,0x4f,
    0x4f,0x52,0x44,0x31,0x3b,0x0a,0x20,0x20,0x20,0x20,0x66,0x6c,0x6f,0x61,0x74,0x34,
    0x20,0x76,0x52,0x61,0x64,0x69,0x69,0x20,0x3a,0x20,0x54,0x45,0x58,0x43,0x4f,0x4f,
    0x52,0x44,0x32,0x3b,0x0a,0x20,0x20,0x20,0x20,0x66,0x6c,0x6f,0x61,0x74,0x34,0x20,
    0x76,0x42,0x6f,0x72,0x64,0x65,0x72,0x73,0x20,0x3a,0x20,0x54,0x45,0x58,0x43,0x4f,
    0x4f,0x52,0x44,0x33,0x3b,0x0a,0x20,0x20,0x20,0x20,0x66,0x6c,0x6f,0x61,0x74,0x34,
    0x20,0x76,0x50,0x61,0x72,0x61,0x6d,0x73,0x31,0x20,0x3a,0x20,0x54,0x45,0x58,0x43,
    0x4f,0x4f,0x52,0x44,0x34,0x3b,0x0a,0x20,0x20,0x20,0x20,0x66,0x6c,0x6f,0x61,0x74,
    0x34,0x20,0x76,0x46,0x69,0x6c,0x6c,0x20,0x3a,0x20,0x54,0x45,0x58,0x43,0x4f,0x4f,
    0x52,0x44,0x35,0x3b,0x0a,0x20,0x20,0x20,0x20,0x66,0x6c,0x6f,0x61,0x74,0x34,0x20,
    0x76,0x42,0x6f,0x72,0x64,0x65,0x72,0x20,0x3a,0x20,0x54,0x45,0x58,0x43,0x4f,0x4f,
    0x52,0x44,0x36,0x3b,0x0a,0x20,0x20,0x20,0x20,0x66,0x6c,0x6f,0x61,0x74,0x34,0x20,
    0x76,0x45,0x78,0x74,0x72,0x61,0x20,0x3a,0x20,0x54,0x45,0x58,0x43,0x4f,0x4f,0x52,
    0x44,0x37,0x3b,0x0a,0x20,0x20,0x20,0x20,0x66,0x6c,0x6f,0x61,0x74,0x34,0x20,0x63,
    0x6c,0x69,0x70,0x44,0x69,0x73,0x74,0x61,0x6e,0x63,0x65,0x20,0x3a,0x20,0x54,0x45,
    0x58,0x43,0x4f,0x4f,0x52,0x44,0x38,0x3b,0x0a,0x7d,0x3b,0x0a,0x0a,0x73,0x74,0x72,
    0x75,0x63,0x74,0x20,0x53,0x50,0x49,0x52,0x56,0x5f,0x43,0x72,0x6f,0x73,0x73,0x5f,
    0x4f,0x75,0x74,0x70,0x75,0x74,0x0a,0x7b,0x0a,0x20,0x20,0x20,0x20,0x66,0x6c,0x6f,
    0x61,0x74,0x34,0x20,0x66,0x72,0x61,0x67,0x5f,0x63,0x6f,0x6c,0x6f,0x72,0x20,0x3a,
    0x20,0x53,0x56,0x5f,0x54,0x61,0x72,0x67,0x65,0x74,0x30,0x3b,0x0a,0x7d,0x3b,0x0a,
    0x0a,0x66,0x6c,0x6f,0x61,0x74,0x20,0x63,0x6f,0x72,0x6e,0x65,0x72,0x52,0x61,0x64,
    0x69,0x75,0x73,0x28,0x66,0x6c,0x6f,0x61,0x74,0x32,0x20,0x70,0x2c,0x20,0x66,0x6c,
    0x6f,0x61,0x74,0x34,0x20,0x72,0x61,0x64,0x69,0x69,0x29,0x0a,0x7b,0x0a,0x20,0x20,
    0x20,0x20,0x66,0x6c,0x6f,0x61,0x74,0x20,0x5f,0x39,0x31,0x3b,0x0a,0x20,0x20,0x20,
    0x20,0x69,0x66,0x20,0x28,0x70,0x2e,0x78,0x20,0x3c,0x20,0x30,0x2e,0x30,0x66,0x29,
    0x0a,0x20,0x20,0x20,0x20,0x7b,0x0a,0x20,0x20,0x20,0x20,0x20,0x20,0x20,0x20,0x66,
    0x6c,0x6f,0x61,0x74,0x20,0x5f,0x39,0x37,0x3b,0x0a,0x20,0x20,0x20,0x20,0x20,0x20,
    0x20,0x20,0x69,0x66,0x20,0x28,0x70,0x2e,0x79,0x20,0x3c,0x20,0x30,0x2e,0x30,0x66,
    0x29,0x0a,0x20,0x20,0x20,0x20,0x20,0x20,0x20,0x20,0x7b,0x0a,0x20,0x20,0x20,0x20,
    0x20,0x20,0x20,0x20,0x20,0x20,0x20,0x20,0x5f,0x39,0x37,0x20,0x3d,0x20,0x72,0x61,
    0x64,0x69,0x69,0x2e,0x78,0x3b,0x0a,0x20,0x20,0x20,0x20,0x20,0x20,0x20,0x20,0x7d,
    0x0a,0x20,0x20,0x20,0x20,0x20,0x20,0x20,0x20,0x65,0x6c,0x73,0x65,0x0a,0x20,0x20,
    0x20,0x20,0x20,0x20,0x20,0x20,0x7b,0x0a,0x20,0x20,0x20,0x20,0x20,0x20,0x20,0x20,
    0x20,0x20,0x20,0x20,0x5f,0x39,0x37,0x20,0x3d,0x20,0x72,0x61,0x64,0x69,0x69,0x2e,
    0x77,0x3b,0x0a,0x20,0x20,0x20,0x20,0x20,0x20,0x20,0x20,0x7d,0x0a,0x20,0x20,0x20,
    0x20,0x20,0x20,0x20,0x20,0x5f,0x39,0x31,0x20,0x3d,0x20,0x5f,0x39,0x37,0x3b,0x0a,
    0x20,0x20,0x20,0x20,0x7d,0x0a,0x20,0x20,0x20,0x20,0x65,0x6c,0x73,0x65,0x0a,0x20,
    0x20,0x20,0x20,0x7b,0x0a,0x20,0x20,0x20,0x20,0x20,0x20,0x20,0x20,0x66,0x6c,0x6f,
    0x61,0x74,0x20,0x5f,0x31,0x31,0x31,0x3b,0x0a,0x20,0x20,0x20,0x20,0x20,0x20,0x20,
    0x20,0x69,0x66,0x20,0x28,0x70,0x2e,0x79,0x20,0x3c,0x20,0x30,0x2e,0x30,0x66,0x29,
    0x0a,0x20,0x20,0x20,0x20,0x20,0x20,0x20,0x20,0x7b,0x0a,0x20,0x20,0x20,0x20,0x20,
    0x20,0x20,0x20,0x20,0x20,0x20,0x20,0x5f,0x31,0x31,0x31,0x20,0x3d,0x20,0x72,0x61,
    0x64,0x69,0x69,0x2e,0x79,0x3b,0x0a,0x20,0x20,0x20,0x20,0x20,0x20,0x20,0x20,0x7d,
    0x0a,0x20,0x20,0x20,0x20,0x20,0x20,0x20,0x20,0x65,0x6c,0x73,0x65,0x0a,0x20,0x20,
    0x20,0x20,0x20,0x20,0x20,0x20,0x7b,0x0a,0x20,0x20,0x20,0x20,0x20,0x20,0x20,0x20,
    0x20,0x20,0x20,0x20,0x5f,0x31,0x31,0x31,0x20,0x3d,0x20,0x72,0x61,0x64,0x69,0x69,
    0x2e,0x7a,0x3b,0x0a,0x20,0x20,0x20,0x20,0x20,0x20,0x20,0x20,0x7d,0x0a,0x20,0x20,
    0x20,0x20,0x20,0x20,0x20,0x20,0x5f,0x39,0x31,0x20,0x3d,0x20,0x5f,0x31,0x31,0x31,
    0x3b,0x0a,0x20,0x20,0x20,0x20,0x7d,0x0a,0x20,0x20,0x20,0x20,0x72,0x65,0x74,0x75,
    0x72,0x6e,0x20,0x5f,0x39,0x31,0x3b,0x0a,0x7d,0x0a,0x0a,0x66,0x6c,0x6f,0x61,0x74,
    0x20,0x72,0x6f,0x75,0x6e,0x64,0x65,0x64,0x52,0x65,0x63,0x74,0x44,0x69,0x73,0x74,
    0x61,0x6e,0x63,0x65,0x28,0x66,0x6c,0x6f,0x61,0x74,0x32,0x20,0x70,0x2c,0x20,0x66,
    0x6c,0x6f,0x61,0x74,0x32,0x20,0x68,0x61,0x6c,0x66,0x5f,0x2c,0x20,0x66,0x6c,0x6f,
    0x61,0x74,0x20,0x72,0x29,0x0a,0x7b,0x0a,0x20,0x20,0x20,0x20,0x66,0x6c,0x6f,0x61,
    0x74,0x20,0x5f,0x36,0x33,0x20,0x3d,0x20,0x63,0x6c,0x61,0x6d,0x70,0x28,0x72,0x2c,
    0x20,0x30,0x2e,0x30,0x66,0x2c,0x20,0x6d,0x69,0x6e,0x28,0x68,0x61,0x6c,0x66,0x5f,
    0x2e,0x78,0x2c,0x20,0x68,0x61,0x6c,0x66,0x5f,0x2e,0x79,0x29,0x29,0x3b,0x0a,0x20,
    0x20,0x20,0x20,0x66,0x6c,0x6f,0x61,0x74,0x32,0x20,0x5f,0x37,0x31,0x20,0x3d,0x20,
    0x61,0x62,0x73,0x28,0x70,0x29,0x20,0x2d,0x20,0x28,0x68,0x61,0x6c,0x66,0x5f,0x20,
    0x2d,0x20,0x5f,0x36,0x33,0x2e,0x78,0x78,0x29,0x3b,0x0a,0x20,0x20,0x20,0x20,0x72,
    0x65,0x74,0x75,0x72,0x6e,0x20,0x28,0x6c,0x65,0x6e,0x67,0x74,0x68,0x28,0x6d,0x61,
    0x78,0x28,0x5f,0x37,0x31,0x2c,0x20,0x30,0x2e,0x30,0x66,0x2e,0x78,0x78,0x29,0x29,
    0x20,0x2b,0x20,0x6d,0x69,0x6e,0x28,0x6d,0x61,0x78,0x28,0x5f,0x37,0x31,0x2e,0x78,
    0x2c,0x20,0x5f,0x37,0x31,0x2e,0x79,0x29,0x2c,0x20,0x30,0x2e,0x30,0x66,0x29,0x29,
    0x20,0x2d,0x20,0x5f,0x36,0x33,0x3b,0x0a,0x7d,0x0a,0x0a,0x66,0x6c,0x6f,0x61,0x74,
    0x20,0x63,0x6f,0x76,0x65,0x72,0x61,0x67,0x65,0x46,0x72,0x6f,0x6d,0x44,0x69,0x73,
    0x74,0x61,0x6e,0x63,0x65,0x28,0x66,0x6c,0x6f,0x61,0x74,0x20,0x64,0x2c,0x20,0x66,
    0x6c,0x6f,0x61,0x74,0x20,0x61,0x61,0x29,0x0a,0x7b,0x0a,0x20,0x20,0x20,0x20,0x69,
    0x66,0x20,0x28,0x61,0x61,0x20,0x3c,0x3d,0x20,0x30,0x2e,0x30,0x66,0x29,0x0a,0x20,
    0x20,0x20,0x20,0x7b,0x0a,0x20,0x20,0x20,0x20,0x20,0x20,0x20,0x20,0x72,0x65,0x74,
    0x75,0x72,0x6e,0x20,0x66,0x6c,0x6f,0x61,0x74,0x28,0x64,0x20,0x3c,0x3d,0x20,0x30,
    0x2e,0x30,0x66,0x29,0x3b,0x0a,0x20,0x20,0x20,0x20,0x7d,0x0a,0x20,0x20,0x20,0x20,
    0x72,0x65,0x74,0x75,0x72,0x6e,0x20,0x63,0x6c,0x61,0x6d,0x70,0x28,0x30,0x2e,0x35,
    0x66,0x20,0x2d,0x20,0x28,0x64,0x20,0x2f,0x20,0x61,0x61,0x29,0x2c,0x20,0x30,0x2e,
    0x30,0x66,0x2c,0x20,0x31,0x2e,0x30,0x66,0x29,0x3b,0x0a,0x7d,0x0a,0x0a,0x66,0x6c,
    0x6f,0x61,0x74,0x20,0x73,0x63,0x61,0x6e,0x6c,0x69,0x6e,0x65,0x48,0x61,0x6c,0x66,
    0x28,0x66,0x6c,0x6f,0x61,0x74,0x20,0x68,0x78,0x2c,0x20,0x66,0x6c,0x6f,0x61,0x74,
    0x20,0x68,0x79,0x2c,0x20,0x66,0x6c,0x6f,0x61,0x74,0x20,0x61,0x79,0x2c,0x20,0x66,
    0x6c,0x6f,0x61,0x74,0x20,0x72,0x29,0x0a,0x7b,0x0a,0x20,0x20,0x20,0x20,0x66,0x6c,
    0x6f,0x61,0x74,0x20,0x5f,0x31,0x39,0x39,0x20,0x3d,0x20,0x61,0x79,0x20,0x2d,0x20,
    0x28,0x68,0x79,0x20,0x2d,0x20,0x72,0x29,0x3b,0x0a,0x20,0x20,0x20,0x20,0x66,0x6c,
    0x6f,0x61,0x74,0x20,0x5f,0x32,0x30,0x37,0x20,0x3d,0x20,0x28,0x72,0x20,0x2a,0x20,
    0x72,0x29,0x20,0x2d,0x20,0x28,0x5f,0x31,0x39,0x39,0x20,0x2a,0x20,0x5f,0x31,0x39,
    0x39,0x29,0x3b,0x0a,0x20,0x20,0x20,0x20,0x66,0x6c,0x6f,0x61,0x74,0x20,0x5f,0x32,
    0x31,0x34,0x3b,0x0a,0x20,0x20,0x20,0x20,0x69,0x66,0x20,0x28,0x28,0x5f,0x31,0x39,
    0x39,0x20,0x3e,0x20,0x30,0x2e,0x30,0x66,0x29,0x20,0x26,0x26,0x20,0x28,0x5f,0x32,
    0x30,0x37,0x20,0x3e,0x20,0x30,0x2e,0x30,0x66,0x29,0x29,0x0a,0x20,0x20,0x20,0x20,
    0x7b,0x0a,0x20,0x20,0x20,0x20,0x20,0x20,0x20,0x20,0x5f,0x32,0x31,0x34,0x20,0x3d,
    0x20,0x73,0x71,0x72,0x74,0x28,0x5f,0x32,0x30,0x37,0x29,0x3b,0x0a,0x20,0x20,0x20,
    0x20,0x7d,0x0a,0x20,0x20,0x20,0x20,0x65,0x6c,0x73,0x65,0x0a,0x20,0x20,0x20,0x20,
    0x7b,0x0a,0x20,0x20,0x20,0x20,0x20,0x20,0x20,0x20,0x5f,0x32,0x31,0x34,0x20,0x3d,
    0x20,0x72,0x3b,0x0a,0x20,0x20,0x20,0x20,0x7d,0x0a,0x20,0x20,0x20,0x20,0x72,0x65,
    0x74,0x75,0x72,0x6e,0x20,0x28,0x68,0x78,0x20,0x2d,0x20,0x72,0x29,0x20,0x2b,0x20,
    0x5f,0x32,0x31,0x34,0x3b,0x0a,0x7d,0x0a,0x0a,0x66,0x6c,0x6f,0x61,0x74,0x20,0x65,
    0x72,0x66,0x41,0x70,0x70,0x72,0x6f,0x78,0x28,0x66,0x6c,0x6f,0x61,0x74,0x20,0x78,
    0x29,0x0a,0x7b,0x0a,0x20,0x20,0x20,0x20,0x66,0x6c,0x6f,0x61,0x74,0x20,0x5f,0x31,
    0x34,0x33,0x20,0x3d,0x20,0x73,0x69,0x67,0x6e,0x28,0x78,0x29,0x3b,0x0a,0x20,0x20,
    0x20,0x20,0x66,0x6c,0x6f,0x61,0x74,0x20,0x5f,0x31,0x34,0x36,0x20,0x3d,0x20,0x61,
    0x62,0x73,0x28,0x78,0x29,0x3b,0x0a,0x20,0x20,0x20,0x20,0x66,0x6c,0x6f,0x61,0x74,
    0x20,0x5f,0x31,0x36,0x33,0x20,0x3d,0x20,0x31,0x2e,0x30,0x66,0x20,0x2b,0x20,0x28,
    0x28,0x30,0x2e,0x32,0x37,0x38,0x33,0x39,0x33,0x30,0x30,0x30,0x33,0x36,0x34,0x33,
    0x30,0x33,0x35,0x38,0x38,0x38,0x36,0x37,0x31,0x38,0x37,0x35,0x66,0x20,0x2b,0x20,
    0x28,0x28,0x30,0x2e,0x32,0x33,0x30,0x33,0x38,0x38,0x39,0x39,0x38,0x39,0x38,0x35,
    0x32,0x39,0x30,0x35,0x32,0x37,0x33,0x34,0x33,0x37,0x35,0x66,0x20,0x2b,0x20,0x28,
    0x28,0x30,0x2e,0x30,0x30,0x30,0x39,0x37,0x32,0x30,0x30,0x30,0x30,0x30,0x38,0x39,
    0x31,0x34,0x36,0x31,0x39,0x36,0x38,0x34,0x32,0x31,0x39,0x33,0x36,0x30,0x33,0x35,
    0x31,0x35,0x36,0x32,0x35,0x66,0x20,0x2b,0x20,0x28,0x30,0x2e,0x30,0x37,0x38,0x31,
    0x30,0x37,0x39,0x39,0x37,0x37,0x37,0x35,0x30,0x37,0x37,0x38,0x31,0x39,0x38,0x32,
    0x34,0x32,0x31,0x38,0x37,0x35,0x66,0x20,0x2a,0x20,0x5f,0x31,0x34,0x36,0x29,0x29,
    0x20,0x2a,0x20,0x5f,0x31,0x34,0x36,0x29,0x29,0x20,0x2a,0x20,0x5f,0x31,0x34,0x36,
    0x29,0x29,0x20,0x2a,0x20,0x5f,0x31,0x34,0x36,0x29,0x3b,0x0a,0x20,0x20,0x20,0x20,
    0x66,0x6c,0x6f,0x61,0x74,0x20,0x5f,0x31,0x36,0x37,0x20,0x3d,0x20,0x5f,0x31,0x36,
    0x33,0x20,0x2a,0x20,0x5f,0x31,0x36,0x33,0x3b,0x0a,0x20,0x20,0x20,0x20,0x72,0x65,
    0x74,0x75,0x72,0x6e,0x20,0x5f,0x31,0x34,0x33,0x20,0x2d,0x20,0x28,0x5f,0x31,0x34,
    0x33,0x20,0x2f,0x20,0x28,0x5f,0x31,0x36,0x37,0x20,0x2a,0x20,0x5f,0x31,0x36,0x37,
    0x29,0x29,0x3b,0x0a,0x7d,0x0a,0x0a,0x66,0x6c,0x6f,0x61,0x74,0x20,0x67,0x61,0x75,
    0x73,0x73,0x69,0x61,0x6e,0x50,0x64,0x66,0x28,0x66,0x6c,0x6f,0x61,0x74,0x20,0x78,
    0x2c,0x20,0x66,0x6c,0x6f,0x61,0x74,0x20,0x73,0x69,0x67,0x6d,0x61,0x29,0x0a,0x7b,
    0x0a,0x20,0x20,0x20,0x20,0x72,0x65,0x74,0x75,0x72,0x6e,0x20,0x65,0x78,0x70,0x28,
    0x28,0x2d,0x28,0x78,0x20,0x2a,0x20,0x78,0x29,0x29,0x20,0x2f,0x20,0x28,0x28,0x32,
    0x2e,0x30,0x66,0x20,0x2a,0x20,0x73,0x69,0x67,0x6d,0x61,0x29,0x20,0x2a,0x20,0x73,
    0x69,0x67,0x6d,0x61,0x29,0x29,0x20,0x2f,0x20,0x28,0x32,0x2e,0x35,0x30,0x36,0x36,
    0x32,0x38,0x32,0x37,0x34,0x39,0x31,0x37,0x36,0x30,0x32,0x35,0x33,0x39,0x30,0x36,
    0x32,0x35,0x66,0x20,0x2a,0x20,0x73,0x69,0x67,0x6d,0x61,0x29,0x3b,0x0a,0x7d,0x0a,
    0x0a,0x66,0x6c,0x6f,0x61,0x74,0x20,0x73,0x68,0x61,0x64,0x6f,0x77,0x43,0x6f,0x76,
    0x65,0x72,0x61,0x67,0x65,0x28,0x66,0x6c,0x6f,0x61,0x74,0x32,0x20,0x70,0x2c,0x20,
    0x66,0x6c,0x6f,0x61,0x74,0x32,0x20,0x68,0x61,0x6c,0x66,0x5f,0x2c,0x20,0x66,0x6c,
    0x6f,0x61,0x74,0x34,0x20,0x72,0x61,0x64,0x69,0x69,0x2c,0x20,0x66,0x6c,0x6f,0x61,
    0x74,0x32,0x20,0x6f,0x66,0x66,0x73,0x65,0x74,0x2c,0x20,0x66,0x6c,0x6f,0x61,0x74,
    0x20,0x73,0x69,0x67,0x6d,0x61,0x2c,0x20,0x66,0x6c,0x6f,0x61,0x74,0x20,0x61,0x61,
    0x29,0x0a,0x7b,0x0a,0x20,0x20,0x20,0x20,0x66,0x6c,0x6f,0x61,0x74,0x34,0x20,0x5f,
    0x32,0x33,0x38,0x20,0x3d,0x20,0x63,0x6c,0x61,0x6d,0x70,0x28,0x72,0x61,0x64,0x69,
    0x69,0x2c,0x20,0x30,0x2e,0x30,0x66,0x2e,0x78,0x78,0x78,0x78,0x2c,0x20,0x6d,0x69,
    0x6e,0x28,0x68,0x61,0x6c,0x66,0x5f,0x2e,0x78,0x2c,0x20,0x68,0x61,0x6c,0x66,0x5f,
    0x2e,0x79,0x29,0x2e,0x78,0x78,0x78,0x78,0x29,0x3b,0x0a,0x20,0x20,0x20,0x20,0x66,
    0x6c,0x6f,0x61,0x74,0x32,0x20,0x5f,0x32,0x34,0x32,0x20,0x3d,0x20,0x70,0x20,0x2d,
    0x20,0x6f,0x66,0x66,0x73,0x65,0x74,0x3b,0x0a,0x20,0x20,0x20,0x20,0x69,0x66,0x20,
    0x28,0x73,0x69,0x67,0x6d,0x61,0x20,0x3c,0x3d,0x20,0x30,0x2e,0x30,0x66,0x29,0x0a,
    0x20,0x20,0x20,0x20,0x7b,0x0a,0x20,0x20,0x20,0x20,0x20,0x20,0x20,0x20,0x66,0x6c,
    0x6f,0x61,0x74,0x32,0x20,0x70,0x61,0x72,0x61,0x6d,0x20,0x3d,0x20,0x5f,0x32,0x34,
    0x32,0x3b,0x0a,0x20,0x20,0x20,0x20,0x20,0x20,0x20,0x20,0x66,0x6c,0x6f,0x61,0x74,
    0x34,0x20,0x70,0x61,0x72,0x61,0x6d,0x5f,0x31,0x20,0x3d,0x20,0x5f,0x32,0x33,0x38,
    0x3b,0x0a,0x20,0x20,0x20,0x20,0x20,0x20,0x20,0x20,0x66,0x6c,0x6f,0x61,0x74,0x32,
    0x20,0x70,0x61,0x72,0x61,0x6d,0x5f,0x32,0x20,0x3d,0x20,0x5f,0x32,0x34,0x32,0x3b,
    0x0a,0x20,0x20,0x20,0x20,0x20,0x20,0x20,0x20,0x66,0x6c,0x6f,0x61,0x74,0x32,0x20,
    0x70,0x61,0x72,0x61,0x6d,0x5f,0x33,0x20,0x3d,0x20,0x68,0x61,0x6c,0x66,0x5f,0x3b,
    0x0a,0x20,0x20,0x20,0x20,0x20,0x20,0x20,0x20,0x66,0x6c,0x6f,0x61,0x74,0x20,0x70,
    0x61,0x72,0x61,0x6d,0x5f,0x34,0x20,0x3d,0x20,0x63,0x6f,0x72,0x6e,0x65,0x72,0x52,
    0x61,0x64,0x69,0x75,0x73,0x28,0x70,0x61,0x72,0x61,0x6d,0x2c,0x20,0x70,0x61,0x72,
    0x61,0x6d,0x5f,0x31,0x29,0x3b,0x0a,0x20,0x20,0x20,0x20,0x20,0x20,0x20,0x20,0x66,
    0x6c,0x6f,0x61,0x74,0x20,0x70,0x61,0x72,0x61,0x6d,0x5f,0x35,0x20,0x3d,0x20,0x72,
    0x6f,0x75,0x6e,0x64,0x65,0x64,0x52,0x65,0x63,0x74,0x44,0x69,0x73,0x74,0x61,0x6e,
    0x63,0x65,0x28,0x70,0x61,0x72,0x61,0x6d,0x5f,0x32,0x2c,0x20,0x70,0x61,0x72,0x61,
    0x6d,0x5f,0x33,0x2c,0x20,0x70,0x61,0x72,0x61,0x6d,0x5f,0x34,0x29,0x3b,0x0a,0x20,
    0x20,0x20,0x20,0x20,0x20,0x20,0x20,0x66,0x6c,0x6f,0x61,0x74,0x20,0x70,0x61,0x72,
    0x61,0x6d,0x5f,0x36,0x20,0x3d,0x20,0x61,0x61,0x3b,0x0a,0x20,0x20,0x20,0x20,0x20,
    0x20,0x20,0x20,0x72,0x65,0x74,0x75,0x72,0x6e,0x20,0x63,0x6f,0x76,0x65,0x72,0x61,
    0x67,0x65,0x46,0x72,0x6f,0x6d,0x44,0x69,0x73,0x74,0x61,0x6e,0x63,0x65,0x28,0x70,
    0x61,0x72,0x61,0x6d,0x5f,0x35,0x2c,0x20,0x70,0x61,0x72,0x61,0x6d,0x5f,0x36,0x29,
    0x3b,0x0a,0x20,0x20,0x20,0x20,0x7d,0x0a,0x20,0x20,0x20,0x20,0x66,0x6c,0x6f,0x61,
    0x74,0x20,0x5f,0x32,0x36,0x35,0x20,0x3d,0x20,0x5f,0x32,0x34,0x32,0x2e,0x79,0x3b,
    0x0a,0x20,0x20,0x20,0x20,0x66,0x6c,0x6f,0x61,0x74,0x20,0x5f,0x32,0x36,0x38,0x20,
    0x3d,0x20,0x5f,0x32,0x36,0x35,0x20,0x2d,0x20,0x68,0x61,0x6c,0x66,0x5f,0x2e,0x79,
    0x3b,0x0a,0x20,0x20,0x20,0x20,0x66,0x6c,0x6f,0x61,0x74,0x20,0x5f,0x32,0x37,0x34,
    0x20,0x3d,0x20,0x5f,0x32,0x36,0x35,0x20,0x2b,0x20,0x68,0x61,0x6c,0x66,0x5f,0x2e,
    0x79,0x3b,0x0a,0x20,0x20,0x20,0x20,0x66,0x6c,0x6f,0x61,0x74,0x20,0x5f,0x32,0x38,
    0x31,0x20,0x3d,0x20,0x63,0x6c,0x61,0x6d,0x70,0x28,0x28,0x2d,0x33,0x2e,0x30,0x66,
    0x29,0x20,0x2a,0x20,0x73,0x69,0x67,0x6d,0x61,0x2c,0x20,0x5f,0x32,0x36,0x38,0x2c,
    0x20,0x5f,0x32,0x37,0x34,0x29,0x3b,0x0a,0x20,0x20,0x20,0x20,0x66,0x6c,0x6f,0x61,
    0x74,0x20,0x5f,0x32,0x39,0x32,0x20,0x3d,0x20,0x63,0x6c,0x61,0x6d,0x70,0x28,0x33,
    0x2e,0x30,0x66,0x20,0x2a,0x20,0x73,0x69,0x67,0x6d,0x61,0x2c,0x20,0x5f,0x32,0x36,
    0x38,0x2c,0x20,0x5f,0x32,0x37,0x34,0x29,0x20,0x2d,0x20,0x5f,0x32,0x38,0x31,0x3b,
    0x0a,0x20,0x20,0x20,0x20,0x66,0x6c,0x6f,0x61,0x74,0x20,0x5f,0x32,0x39,0x34,0x20,
    0x3d,0x20,0x5f,0x32,0x39,0x32,0x20,0x2a,0x20,0x30,0x2e,0x32,0x35,0x66,0x3b,0x0a,
    0x20,0x20,0x20,0x20,0x66,0x6c,0x6f,0x61,0x74,0x20,0x5f,0x32,0x39,0x38,0x20,0x3d,
    0x20,0x30,0x2e,0x37,0x30,0x37,0x31,0x30,0x36,0x37,0x36,0x39,0x30,0x38,0x34,0x39,
    0x33,0x30,0x34,0x31,0x39,0x39,0x32,0x31,0x38,0x37,0x35,0x66,0x20,0x2f,0x20,0x73,
    0x69,0x67,0x6d,0x61,0x3b,0x0a,0x20,0x20,0x20,0x20,0x66,0x6c,0x6f,0x61,0x74,0x20,
    0x61,0x63,0x63,0x20,0x3d,0x20,0x30,0x2e,0x30,0x66,0x3b,0x0a,0x20,0x20,0x20,0x20,
    0x66,0x6c,0x6f,0x61,0x74,0x20,0x79,0x20,0x3d,0x20,0x5f,0x32,0x38,0x31,0x20,0x2b,
    0x20,0x28,0x5f,0x32,0x39,0x32,0x20,0x2a,0x20,0x30,0x2e,0x31,0x32,0x35,0x66,0x29,
    0x3b,0x0a,0x20,0x20,0x20,0x20,0x66,0x6c,0x6f,0x61,0x74,0x20,0x5f,0x33,0x32,0x38,
    0x3b,0x0a,0x20,0x20,0x20,0x20,0x66,0x6c,0x6f,0x61,0x74,0x20,0x5f,0x33,0x35,0x30,
    0x3b,0x0a,0x20,0x20,0x20,0x20,0x66,0x6f,0x72,0x20,0x28,0x69,0x6e,0x74,0x20,0x69,
    0x20,0x3d,0x20,0x30,0x3b,0x20,0x69,0x20,0x3c,0x20,0x34,0x3b,0x20,0x69,0x2b,0x2b,
    0x29,0x0a,0x20,0x20,0x20,0x20,0x7b,0x0a,0x20,0x20,0x20,0x20,0x20,0x20,0x20,0x20,
    0x66,0x6c,0x6f,0x61,0x74,0x20,0x5f,0x33,0x32,0x31,0x20,0x3d,0x20,0x5f,0x32,0x36,
    0x35,0x20,0x2d,0x20,0x79,0x3b,0x0a,0x20,0x20,0x20,0x20,0x20,0x20,0x20,0x20,0x66,
    0x6c,0x6f,0x61,0x74,0x20,0x5f,0x33,0x32,0x34,0x20,0x3d,0x20,0x61,0x62,0x73,0x28,
    0x5f,0x33,0x32,0x31,0x29,0x3b,0x0a,0x20,0x20,0x20,0x20,0x20,0x20,0x20,0x20,0x62,
    0x6f,0x6f,0x6c,0x20,0x5f,0x33,0x32,0x37,0x20,0x3d,0x20,0x5f,0x33,0x32,0x31,0x20,
    0x3c,0x20,0x30,0x2e,0x30,0x66,0x3b,0x0a,0x20,0x20,0x20,0x20,0x20,0x20,0x20,0x20,
    0x69,0x66,0x20,0x28,0x5f,0x33,0x32,0x37,0x29,0x0a,0x20,0x20,0x20,0x20,0x20,0x20,
    0x20,0x20,0x7b,0x0a,0x20,0x20,0x20,0x20,0x20,0x20,0x20,0x20,0x20,0x20,0x20,0x20,
    0x5f,0x33,0x32,0x38,0x20,0x3d,0x20,0x5f,0x32,0x33,0x38,0x2e,0x78,0x3b,0x0a,0x20,
    0x20,0x20,0x20,0x20,0x20,0x20,0x20,0x7d,0x0a,0x20,0x20,0x20,0x20,0x20,0x20,0x20,
    0x20,0x65,0x6c,0x73,0x65,0x0a,0x20,0x20,0x20,0x20,0x20,0x20,0x20,0x20,0x7b,0x0a,
    0x20,0x20,0x20,0x20,0x20,0x20,0x20,0x20,0x20,0x20,0x20,0x20,0x5f,0x33,0x32,0x38,
    0x20,0x3d,0x20,0x5f,0x32,0x33,0x38,0x2e,0x77,0x3b,0x0a,0x20,0x20,0x20,0x20,0x20,
    0x20,0x20,0x20,0x7d,0x0a,0x20,0x20,0x20,0x20,0x20,0x20,0x20,0x20,0x66,0x6c,0x6f,
    0x61,0x74,0x20,0x70,0x61,0x72,0x61,0x6d,0x5f,0x37,0x20,0x3d,0x20,0x68,0x61,0x6c,
    0x66,0x5f,0x2e,0x78,0x3b,0x0a,0x20,0x20,0x20,0x20,0x20,0x20,0x20,0x20,0x66,0x6c,
    0x6f,0x61,0x74,0x20,0x70,0x61,0x72,0x61,0x6d,0x5f,0x38,0x20,0x3d,0x20,0x68,0x61,
    0x6c,0x66,0x5f,0x2e,0x79,0x3b,0x0a,0x20,0x20,0x20,0x20,0x20,0x20,0x20,0x20,0x66,
    0x6c,0x6f,0x61,0x74,0x20,0x70,0x61,0x72,0x61,0x6d,0x5f,0x39,0x20,0x3d,0x20,0x5f,
    0x33,0x32,0x34,0x3b,0x0a,0x20,0x20,0x20,0x20,0x20,0x20,0x20,0x20,0x66,0x6c,0x6f,
    0x61,0x74,0x20,0x70,0x61,0x72,0x61,0x6d,0x5f,0x31,0x30,0x20,0x3d,0x20,0x5f,0x33,
    0x32,0x38,0x3b,0x0a,0x20,0x20,0x20,0x20,0x20,0x20,0x20,0x20,0x69,0x66,0x20,0x28,
    0x5f,0x33,0x32,0x37,0x29,0x0a,0x20,0x20,0x20,0x20,0x20,0x20,0x20,0x20,0x7b,0x0a,
    0x20,0x20,0x20,0x20,0x20,0x20,0x20,0x20,0x20,0x20,0x20,0x20,0x5f,0x33,0x35,0x30,
    0x20,0x3d,0x20,0x5f,0x32,0x33,0x38,0x2e,0x79,0x3b,0x0a,0x20,0x20,0x20,0x20,0x20,
    0x20,0x20,0x20,0x7d,0x0a,0x20,0x20,0x20,0x20,0x20,0x20,0x20,0x20,0x65,0x6c,0x73,
    0x65,0x0a,0x20,0x20,0x20,0x20,0x20,0x20,0x20,0x20,0x7b,0x0a,0x20,0x20,0x20,0x20,
    0x20,0x20,0x20,0x20,0x20,0x20,0x20,0x20,0x5f,0x33,0x35,0x30,0x20,0x3d,0x20,0x5f,
    0x32,0x33,0x38,0x2e,0x7a,0x3b,0x0a,0x20,0x20,0x20,0x20,0x20,0x20,0x20,0x20,0x7d,
    0x0a,0x20,0x20,0x20,0x20,0x20,0x20,0x20,0x20,0x66,0x6c,0x6f,0x61,0x74,0x20,0x70,
    0x61,0x72,0x61,0x6d,0x5f,0x31,0x31,0x20,0x3d,0x20,0x68,0x61,0x6c,0x66,0x5f,0x2e,
    0x78,0x3b,0x0a,0x20,0x20,0x20,0x20,0x20,0x20,0x20,0x20,0x66,0x6c,0x6f,0x61,0x74,
    0x20,0x70,0x61,0x72,0x61,0x6d,0x5f,0x31,0x32,0x20,0x3d,0x20,0x68,0x61,0x6c,0x66,
    0x5f,0x2e,0x79,0x3b,0x0a,0x20,0x20,0x20,0x20,0x20,0x20,0x20,0x20,0x66,0x6c,0x6f,
    0x61,0x74,0x20,0x70,0x61,0x72,0x61,0x6d,0x5f,0x31,0x33,0x20,0x3d,0x20,0x5f,0x33,
    0x32,0x34,0x3b,0x0a,0x20,0x20,0x20,0x20,0x20,0x20,0x20,0x20,0x66,0x6c,0x6f,0x61,
    0x74,0x20,0x70,0x61,0x72,0x61,0x6d,0x5f,0x31,0x34,0x20,0x3d,0x20,0x5f,0x33,0x35,
    0x30,0x3b,0x0a,0x20,0x20,0x20,0x20,0x20,0x20,0x20,0x20,0x66,0x6c,0x6f,0x61,0x74,
    0x20,0x5f,0x33,0x37,0x31,0x20,0x3d,0x20,0x5f,0x32,0x34,0x32,0x2e,0x78,0x3b,0x0a,
    0x20,0x20,0x20,0x20,0x20,0x20,0x20,0x20,0x66,0x6c,0x6f,0x61,0x74,0x20,0x70,0x61,
    0x72,0x61,0x6d,0x5f,0x31,0x35,0x20,0x3d,0x20,0x28,0x5f,0x33,0x37,0x31,0x20,0x2b,
    0x20,0x73,0x63,0x61,0x6e,0x6c,0x69,0x6e,0x65,0x48,0x61,0x6c,0x66,0x28,0x70,0x61,
    0x72,0x61,0x6d,0x5f,0x37,0x2c,0x20,0x70,0x61,0x72,0x61,0x6d,0x5f,0x38,0x2c,0x20,
    0x70,0x61,0x72,0x61,0x6d,0x5f,0x39,0x2c,0x20,0x70,0x61,0x72,0x61,0x6d,0x5f,0x31,
    0x30,0x29,0x29,0x20,0x2a,0x20,0x5f,0x32,0x39,0x38,0x3b,0x0a,0x20,0x20,0x20,0x20,
    0x20,0x20,0x20,0x20,0x66,0x6c,0x6f,0x61,0x74,0x20,0x70,0x61,0x72,0x61,0x6d,0x5f,
    0x31,0x36,0x20,0x3d,0x20,0x28,0x5f,0x33,0x37,0x31,0x20,0x2d,0x20,0x73,0x63,0x61,
    0x6e,0x6c,0x69,0x6e,0x65,0x48,0x61,0x6c,0x66,0x28,0x70,0x61,0x72,0x61,0x6d,0x5f,
    0x31,0x31,0x2c,0x20,0x70,0x61,0x72,0x61,0x6d,0x5f,0x31,0x32,0x2c,0x20,0x70,0x61,
    0x72,0x61,0x6d,0x5f,0x31,0x33,0x2c,0x20,0x70,0x61,0x72,0x61,0x6d,0x5f,0x31,0x34,
    0x29,0x29,0x20,0x2a,0x20,0x5f,0x32,0x39,0x38,0x3b,0x0a,0x20,0x20,0x20,0x20,0x20,
    0x20,0x20,0x20,0x66,0x6c,0x6f,0x61,0x74,0x20,0x70,0x61,0x72,0x61,0x6d,0x5f,0x31,
    0x37,0x20,0x3d,0x20,0x79,0x3b,0x0a,0x20,0x20,0x20,0x20,0x20,0x20,0x20,0x20,0x66,
    0x6c,0x6f,0x61,0x74,0x20,0x70,0x61,0x72,0x61,0x6d,0x5f,0x31,0x38,0x20,0x3d,0x20,
    0x73,0x69,0x67,0x6d,0x61,0x3b,0x0a,0x20,0x20,0x20,0x20,0x20,0x20,0x20,0x20,0x61,
    0x63,0x63,0x20,0x2b,0x3d,0x20,0x28,0x28,0x28,0x28,0x30,0x2e,0x35,0x66,0x20,0x2b,
    0x20,0x28,0x30,0x2e,0x35,0x66,0x20,0x2a,0x20,0x65,0x72,0x66,0x41,0x70,0x70,0x72,
    0x6f,0x78,0x28,0x70,0x61,0x72,0x61,0x6d,0x5f,0x31,0x35,0x29,0x29,0x29,0x20,0x2d,
    0x20,0x28,0x30,0x2e,0x35,0x66,0x20,0x2b,0x20,0x28,0x30,0x2e,0x35,0x66,0x20,0x2a,
    0x20,0x65,0x72,0x66,0x41,0x70,0x70,0x72,0x6f,0x78,0x28,0x70,0x61,0x72,0x61,0x6d,
    0x5f,0x31,0x36,0x29,0x29,0x29,0x29,0x20,0x2a,0x20,0x67,0x61,0x75,0x73,0x73,0x69,
    0x61,0x6e,0x50,0x64,0x66,0x28,0x70,0x61,0x72,0x61,0x6d,0x5f,0x31,0x37,0x2c,0x20,
    0x70,0x61,0x72,0x61,0x6d,0x5f,0x31,0x38,0x29,0x29,0x20,0x2a,0x20,0x5f,0x32,0x39,
    0x34,0x29,0x3b,0x0a,0x20,0x20,0x20,0x20,0x20,0x20,0x20,0x20,0x79,0x20,0x2b,0x3d,
    0x20,0x5f,0x32,0x39,0x34,0x3b,0x0a,0x20,0x20,0x20,0x20,0x7d,0x0a,0x20,0x20,0x20,
    0x20,0x72,0x65,0x74,0x75,0x72,0x6e,0x20,0x61,0x63,0x63,0x3b,0x0a,0x7d,0x0a,0x0a,
    0x76,0x6f,0x69,0x64,0x20,0x66,0x72,0x61,0x67,0x5f,0x6d,0x61,0x69,0x6e,0x28,0x29,
    0x0a,0x7b,0x0a,0x20,0x20,0x20,0x20,0x69,0x66,0x20,0x28,0x6d,0x69,0x6e,0x28,0x6d,
    0x69,0x6e,0x28,0x63,0x6c,0x69,0x70,0x44,0x69,0x73,0x74,0x61,0x6e,0x63,0x65,0x2e,
    0x78,0x2c,0x20,0x63,0x6c,0x69,0x70,0x44,0x69,0x73,0x74,0x61,0x6e,0x63,0x65,0x2e,
    0x79,0x29,0x2c,0x20,0x6d,0x69,0x6e,0x28,0x63,0x6c,0x69,0x70,0x44,0x69,0x73,0x74,
    0x61,0x6e,0x63,0x65,0x2e,0x7a,0x2c,0x20,0x63,0x6c,0x69,0x70,0x44,0x69,0x73,0x74,
    0x61,0x6e,0x63,0x65,0x2e,0x77,0x29,0x29,0x20,0x3c,0x20,0x30,0x2e,0x30,0x66,0x29,
    0x0a,0x20,0x20,0x20,0x20,0x7b,0x0a,0x20,0x20,0x20,0x20,0x20,0x20,0x20,0x20,0x64,
    0x69,0x73,0x63,0x61,0x72,0x64,0x3b,0x0a,0x20,0x20,0x20,0x20,0x7d,0x0a,0x20,0x20,
    0x20,0x20,0x69,0x6e,0x74,0x20,0x5f,0x34,0x34,0x36,0x20,0x3d,0x20,0x69,0x6e,0x74,
    0x28,0x76,0x55,0x76,0x41,0x61,0x2e,0x77,0x20,0x2b,0x20,0x30,0x2e,0x35,0x66,0x29,
    0x3b,0x0a,0x20,0x20,0x20,0x20,0x69,0x66,0x20,0x28,0x5f,0x34,0x34,0x36,0x20,0x3d,
    0x3d,0x20,0x33,0x29,0x0a,0x20,0x20,0x20,0x20,0x7b,0x0a,0x20,0x20,0x20,0x20,0x20,
    0x20,0x20,0x20,0x66,0x6c,0x6f,0x61,0x74,0x32,0x20,0x70,0x61,0x72,0x61,0x6d,0x20,
    0x3d,0x20,0x76,0x4c,0x6f,0x63,0x61,0x6c,0x48,0x61,0x6c,0x66,0x2e,0x78,0x79,0x3b,
    0x0a,0x20,0x20,0x20,0x20,0x20,0x20,0x20,0x20,0x66,0x6c,0x6f,0x61,0x74,0x34,0x20,
    0x70,0x61,0x72,0x61,0x6d,0x5f,0x31,0x20,0x3d,0x20,0x63,0x6c,0x61,0x6d,0x70,0x28,
    0x76,0x42,0x6f,0x72,0x64,0x65,0x72,0x73,0x2c,0x20,0x30,0x2e,0x30,0x66,0x2e,0x78,
    0x78,0x78,0x78,0x2c,0x20,0x6d,0x69,0x6e,0x28,0x76,0x4c,0x6f,0x63,0x61,0x6c,0x48,
    0x61,0x6c,0x66,0x2e,0x7a,0x2c,0x20,0x76,0x4c,0x6f,0x63,0x61,0x6c,0x48,0x61,0x6c,
    0x66,0x2e,0x77,0x29,0x2e,0x78,0x78,0x78,0x78,0x29,0x3b,0x0a,0x20,0x20,0x20,0x20,
    0x20,0x20,0x20,0x20,0x66,0x6c,0x6f,0x61,0x74,0x32,0x20,0x70,0x61,0x72,0x61,0x6d,
    0x5f,0x32,0x20,0x3d,0x20,0x76,0x4c,0x6f,0x63,0x61,0x6c,0x48,0x61,0x6c,0x66,0x2e,
    0x78,0x79,0x3b,0x0a,0x20,0x20,0x20,0x20,0x20,0x20,0x20,0x20,0x66,0x6c,0x6f,0x61,
    0x74,0x32,0x20,0x70,0x61,0x72,0x61,0x6d,0x5f,0x33,0x20,0x3d,0x20,0x76,0x4c,0x6f,
    0x63,0x61,0x6c,0x48,0x61,0x6c,0x66,0x2e,0x7a,0x77,0x3b,0x0a,0x20,0x20,0x20,0x20,
    0x20,0x20,0x20,0x20,0x66,0x6c,0x6f,0x61,0x74,0x20,0x70,0x61,0x72,0x61,0x6d,0x5f,
    0x34,0x20,0x3d,0x20,0x63,0x6f,0x72,0x6e,0x65,0x72,0x52,0x61,0x64,0x69,0x75,0x73,
    0x28,0x70,0x61,0x72,0x61,0x6d,0x2c,0x20,0x70,0x61,0x72,0x61,0x6d,0x5f,0x31,0x29,
    0x3b,0x0a,0x20,0x20,0x20,0x20,0x20,0x20,0x20,0x20,0x66,0x6c,0x6f,0x61,0x74,0x20,
    0x70,0x61,0x72,0x61,0x6d,0x5f,0x35,0x20,0x3d,0x20,0x72,0x6f,0x75,0x6e,0x64,0x65,
    0x64,0x52,0x65,0x63,0x74,0x44,0x69,0x73,0x74,0x61,0x6e,0x63,0x65,0x28,0x70,0x61,
    0x72,0x61,0x6d,0x5f,0x32,0x2c,0x20,0x70,0x61,0x72,0x61,0x6d,0x5f,0x33,0x2c,0x20,
    0x70,0x61,0x72,0x61,0x6d,0x5f,0x34,0x29,0x3b,0x0a,0x20,0x20,0x20,0x20,0x20,0x20,
    0x20,0x20,0x66,0x6c,0x6f,0x61,0x74,0x20,0x70,0x61,0x72,0x61,0x6d,0x5f,0x36,0x20,
    0x3d,0x20,0x76,0x55,0x76,0x41,0x61,0x2e,0x7a,0x3b,0x0a,0x20,0x20,0x20,0x20,0x20,
    0x20,0x20,0x20,0x66,0x6c,0x6f,0x61,0x74,0x34,0x20,0x74,0x65,0x78,0x65,0x6c,0x20,
    0x3d,0x20,0x75,0x69,0x54,0x65,0x78,0x2e,0x53,0x61,0x6d,0x70,0x6c,0x65,0x28,0x75,
    0x69,0x53,0x6d,0x70,0x2c,0x20,0x76,0x55,0x76,0x41,0x61,0x2e,0x78,0x79,0x29,0x3b,
    0x0a,0x20,0x20,0x20,0x20,0x20,0x20,0x20,0x20,0x69,0x66,0x20,0x28,0x76,0x50,0x61,
    0x72,0x61,0x6d,0x73,0x31,0x2e,0x78,0x20,0x3e,0x20,0x30,0x2e,0x35,0x66,0x29,0x0a,
    0x20,0x20,0x20,0x20,0x20,0x20,0x20,0x20,0x7b,0x0a,0x20,0x20,0x20,0x20,0x20,0x20,
    0x20,0x20,0x20,0x20,0x20,0x20,0x66,0x6c,0x6f,0x61,0x74,0x34,0x20,0x5f,0x35,0x30,
    0x30,0x20,0x3d,0x20,0x74,0x65,0x78,0x65,0x6c,0x3b,0x0a,0x20,0x20,0x20,0x20,0x20,
    0x20,0x20,0x20,0x20,0x20,0x20,0x20,0x66,0x6c,0x6f,0x61,0x74,0x20,0x5f,0x35,0x30,
    0x36,0x20,0x3d,0x20,0x64,0x6f,0x74,0x28,0x5f,0x35,0x30,0x30,0x2e,0x78,0x79,0x7a,
    0x2c,0x20,0x66,0x6c,0x6f,0x61,0x74,0x33,0x28,0x30,0x2e,0x32,0x31,0x32,0x35,0x39,
    0x39,0x39,0x39,0x32,0x37,0x35,0x32,0x30,0x37,0x35,0x31,0x39,0x35,0x33,0x31,0x32,
    0x35,0x66,0x2c,0x20,0x30,0x2e,0x37,0x31,0x35,0x32,0x30,0x30,0x30,0x30,0x36,0x39,
    0x36,0x31,0x38,0x32,0x32,0x35,0x30,0x39,0x37,0x36,0x35,0x36,0x32,0x35,0x66,0x2c,
    0x20,0x30,0x2e,0x30,0x37,0x32,0x32,0x30,0x30,0x30,0x30,0x30,0x32,0x38,0x36,0x31,
    0x30,0x32,0x32,0x39,0x34,0x39,0x32,0x31,0x38,0x37,0x35,0x66,0x29,0x29,0x3b,0x0a,
    0x20,0x20,0x20,0x20,0x20,0x20,0x20,0x20,0x20,0x20,0x20,0x20,0x66,0x6c,0x6f,0x61,
    0x74,0x34,0x20,0x5f,0x38,0x38,0x36,0x20,0x3d,0x20,0x5f,0x35,0x30,0x30,0x3b,0x0a,
    0x20,0x20,0x20,0x20,0x20,0x20,0x20,0x20,0x20,0x20,0x20,0x20,0x5f,0x38,0x38,0x36,
    0x2e,0x78,0x20,0x3d,0x20,0x5f,0x35,0x30,0x36,0x3b,0x0a,0x20,0x20,0x20,0x20,0x20,
    0x20,0x20,0x20,0x20,0x20,0x20,0x20,0x5f,0x38,0x38,0x36,0x2e,0x79,0x20,0x3d,0x20,
    0x5f,0x35,0x30,0x36,0x3b,0x0a,0x20,0x20,0x20,0x20,0x20,0x20,0x20,0x20,0x20,0x20,
    0x20,0x20,0x5f,0x38,0x38,0x36,0x2e,0x7a,0x20,0x3d,0x20,0x5f,0x35,0x30,0x36,0x3b,
    0x0a,0x20,0x20,0x20,0x20,0x20,0x20,0x20,0x20,0x20,0x20,0x20,0x20,0x74,0x65,0x78,
    0x65,0x6c,0x20,0x3d,0x20,0x5f,0x38,0x38,0x36,0x3b,0x0a,0x20,0x20,0x20,0x20,0x20,
    0x20,0x20,0x20,0x7d,0x0a,0x20,0x20,0x20,0x20,0x20,0x20,0x20,0x20,0x66,0x6c,0x6f,
    0x61,0x74,0x34,0x20,0x5f,0x35,0x31,0x39,0x20,0x3d,0x20,0x74,0x65,0x78,0x65,0x6c,
    0x20,0x2a,0x20,0x76,0x46,0x69,0x6c,0x6c,0x3b,0x0a,0x20,0x20,0x20,0x20,0x20,0x20,
    0x20,0x20,0x66,0x6c,0x6f,0x61,0x74,0x20,0x5f,0x35,0x32,0x34,0x20,0x3d,0x20,0x5f,
    0x35,0x31,0x39,0x2e,0x77,0x20,0x2a,0x20,0x63,0x6f,0x76,0x65,0x72,0x61,0x67,0x65,
    0x46,0x72,0x6f,0x6d,0x44,0x69,0x73,0x74,0x61,0x6e,0x63,0x65,0x28,0x70,0x61,0x72,
    0x61,0x6d,0x5f,0x35,0x2c,0x20,0x70,0x61,0x72,0x61,0x6d,0x5f,0x36,0x29,0x3b,0x0a,
    0x20,0x20,0x20,0x20,0x20,0x20,0x20,0x20,0x66,0x72,0x61,0x67,0x5f,0x63,0x6f,0x6c,
    0x6f,0x72,0x20,0x3d,0x20,0x66,0x6c,0x6f,0x61,0x74,0x34,0x28,0x5f,0x35,0x31,0x39,
    0x2e,0x78,0x79,0x7a,0x20,0x2a,0x20,0x5f,0x35,0x32,0x34,0x2c,0x20,0x5f,0x35,0x32,
    0x34,0x29,0x3b,0x0a,0x20,0x20,0x20,0x20,0x20,0x20,0x20,0x20,0x72,0x65,0x74,0x75,
    0x72,0x6e,0x3b,0x0a,0x20,0x20,0x20,0x20,0x7d,0x0a,0x20,0x20,0x20,0x20,0x69,0x66,
    0x20,0x28,0x5f,0x34,0x34,0x36,0x20,0x3d,0x3d,0x20,0x31,0x29,0x0a,0x20,0x20,0x20,
    0x20,0x7b,0x0a,0x20,0x20,0x20,0x20,0x20,0x20,0x20,0x20,0x66,0x6c,0x6f,0x61,0x74,
    0x20,0x61,0x6c,0x70,0x68,0x61,0x3b,0x0a,0x20,0x20,0x20,0x20,0x20,0x20,0x20,0x20,
    0x69,0x66,0x20,0x28,0x76,0x42,0x6f,0x72,0x64,0x65,0x72,0x73,0x2e,0x77,0x20,0x3e,
    0x20,0x30,0x2e,0x35,0x66,0x29,0x0a,0x20,0x20,0x20,0x20,0x20,0x20,0x20,0x20,0x7b,
    0x0a,0x20,0x20,0x20,0x20,0x20,0x20,0x20,0x20,0x20,0x20,0x20,0x20,0x66,0x6c,0x6f,
    0x61,0x74,0x32,0x20,0x70,0x61,0x72,0x61,0x6d,0x5f,0x37,0x20,0x3d,0x20,0x76,0x4c,
    0x6f,0x63,0x61,0x6c,0x48,0x61,0x6c,0x66,0x2e,0x78,0x79,0x3b,0x0a,0x20,0x20,0x20,
    0x20,0x20,0x20,0x20,0x20,0x20,0x20,0x20,0x20,0x66,0x6c,0x6f,0x61,0x74,0x32,0x20,
    0x70,0x61,0x72,0x61,0x6d,0x5f,0x38,0x20,0x3d,0x20,0x76,0x42,0x6f,0x72,0x64,0x65,
    0x72,0x73,0x2e,0x78,0x79,0x3b,0x0a,0x20,0x20,0x20,0x20,0x20,0x20,0x20,0x20,0x20,
    0x20,0x20,0x20,0x66,0x6c,0x6f,0x61,0x74,0x34,0x20,0x70,0x61,0x72,0x61,0x6d,0x5f,
    0x39,0x20,0x3d,0x20,0x76,0x52,0x61,0x64,0x69,0x69,0x3b,0x0a,0x20,0x20,0x20,0x20,
    0x20,0x20,0x20,0x20,0x20,0x20,0x20,0x20,0x66,0x6c,0x6f,0x61,0x74,0x32,0x20,0x70,
    0x61,0x72,0x61,0x6d,0x5f,0x31,0x30,0x20,0x3d,0x20,0x30,0x2e,0x30,0x66,0x2e,0x78,
    0x78,0x3b,0x0a,0x20,0x20,0x20,0x20,0x20,0x20,0x20,0x20,0x20,0x20,0x20,0x20,0x66,
    0x6c,0x6f,0x61,0x74,0x20,0x70,0x61,0x72,0x61,0x6d,0x5f,0x31,0x31,0x20,0x3d,0x20,
    0x76,0x42,0x6f,0x72,0x64,0x65,0x72,0x73,0x2e,0x7a,0x3b,0x0a,0x20,0x20,0x20,0x20,
    0x20,0x20,0x20,0x20,0x20,0x20,0x20,0x20,0x66,0x6c,0x6f,0x61,0x74,0x20,0x70,0x61,
    0x72,0x61,0x6d,0x5f,0x31,0x32,0x20,0x3d,0x20,0x76,0x55,0x76,0x41,0x61,0x2e,0x7a,
    0x3b,0x0a,0x20,0x20,0x20,0x20,0x20,0x20,0x20,0x20,0x20,0x20,0x20,0x20,0x66,0x6c,
    0x6f,0x61,0x74,0x32,0x20,0x70,0x61,0x72,0x61,0x6d,0x5f,0x31,0x33,0x20,0x3d,0x20,
    0x76,0x4c,0x6f,0x63,0x61,0x6c,0x48,0x61,0x6c,0x66,0x2e,0x78,0x79,0x3b,0x0a,0x20,
    0x20,0x20,0x20,0x20,0x20,0x20,0x20,0x20,0x20,0x20,0x20,0x66,0x6c,0x6f,0x61,0x74,
    0x34,0x20,0x70,0x61,0x72,0x61,0x6d,0x5f,0x31,0x34,0x20,0x3d,0x20,0x76,0x52,0x61,
    0x64,0x69,0x69,0x3b,0x0a,0x20,0x20,0x20,0x20,0x20,0x20,0x20,0x20,0x20,0x20,0x20,
    0x20,0x66,0x6c,0x6f,0x61,0x74,0x32,0x20,0x70,0x61,0x72,0x61,0x6d,0x5f,0x31,0x35,
    0x20,0x3d,0x20,0x76,0x4c,0x6f,0x63,0x61,0x6c,0x48,0x61,0x6c,0x66,0x2e,0x78,0x79,
    0x3b,0x0a,0x20,0x20,0x20,0x20,0x20,0x20,0x20,0x20,0x20,0x20,0x20,0x20,0x66,0x6c,
    0x6f,0x61,0x74,0x32,0x20,0x70,0x61,0x72,0x61,0x6d,0x5f,0x31,0x36,0x20,0x3d,0x20,
    0x76,0x42,0x6f,0x72,0x64,0x65,0x72,0x73,0x2e,0x78,0x79,0x3b,0x0a,0x20,0x20,0x20,
    0x20,0x20,0x20,0x20,0x20,0x20,0x20,0x20,0x20,0x66,0x6c,0x6f,0x61,0x74,0x20,0x70,
    0x61,0x72,0x61,0x6d,0x5f,0x31,0x37,0x20,0x3d,0x20,0x63,0x6f,0x72,0x6e,0x65,0x72,
    0x52,0x61,0x64,0x69,0x75,0x73,0x28,0x70,0x61,0x72,0x61,0x6d,0x5f,0x31,0x33,0x2c,
    0x20,0x70,0x61,0x72,0x61,0x6d,0x5f,0x31,0x34,0x29,0x3b,0x0a,0x20,0x20,0x20,0x20,
    0x20,0x20,0x20,0x20,0x20,0x20,0x20,0x20,0x66,0x6c,0x6f,0x61,0x74,0x20,0x70,0x61,
    0x72,0x61,0x6d,0x5f,0x31,0x38,0x20,0x3d,0x20,0x72,0x6f,0x75,0x6e,0x64,0x65,0x64,
    0x52,0x65,0x63,0x74,0x44,0x69,0x73,0x74,0x61,0x6e,0x63,0x65,0x28,0x70,0x61,0x72,
    0x61,0x6d,0x5f,0x31,0x35,0x2c,0x20,0x70,0x61,0x72,0x61,0x6d,0x5f,0x31,0x36,0x2c,
    0x20,0x70,0x61,0x72,0x61,0x6d,0x5f,0x31,0x37,0x29,0x3b,0x0a,0x20,0x20,0x20,0x20,
    0x20,0x20,0x20,0x20,0x20,0x20,0x20,0x20,0x66,0x6c,0x6f,0x61,0x74,0x20,0x70,0x61,
    0x72,0x61,0x6d,0x5f,0x31,0x39,0x20,0x3d,0x20,0x76,0x55,0x76,0x41,0x61,0x2e,0x7a,
    0x3b,0x0a,0x20,0x20,0x20,0x20,0x20,0x20,0x20,0x20,0x20,0x20,0x20,0x20,0x61,0x6c,
    0x70,0x68,0x61,0x20,0x3d,0x20,0x28,0x31,0x2e,0x30,0x66,0x20,0x2d,0x20,0x73,0x68,
    0x61,0x64,0x6f,0x77,0x43,0x6f,0x76,0x65,0x72,0x61,0x67,0x65,0x28,0x70,0x61,0x72,
    0x61,0x6d,0x5f,0x37,0x2c,0x20,0x70,0x61,0x72,0x61,0x6d,0x5f,0x38,0x2c,0x20,0x70,
    0x61,0x72,0x61,0x6d,0x5f,0x39,0x2c,0x20,0x70,0x61,0x72,0x61,0x6d,0x5f,0x31,0x30,
    0x2c,0x20,0x70,0x61,0x72,0x61,0x6d,0x5f,0x31,0x31,0x2c,0x20,0x70,0x61,0x72,0x61,
    0x6d,0x5f,0x31,0x32,0x29,0x29,0x20,0x2a,0x20,0x63,0x6f,0x76,0x65,0x72,0x61,0x67,
    0x65,0x46,0x72,0x6f,0x6d,0x44,0x69,0x73,0x74,0x61,0x6e,0x63,0x65,0x28,0x70,0x61,
    0x72,0x61,0x6d,0x5f,0x31,0x38,0x2c,0x20,0x70,0x61,0x72,0x61,0x6d,0x5f,0x31,0x39,
    0x29,0x3b,0x0a,0x20,0x20,0x20,0x20,0x20,0x20,0x20,0x20,0x7d,0x0a,0x20,0x20,0x20,
    0x20,0x20,0x20,0x20,0x20,0x65,0x6c,0x73,0x65,0x0a,0x20,0x20,0x20,0x20,0x20,0x20,
    0x20,0x20,0x7b,0x0a,0x20,0x20,0x20,0x20,0x20,0x20,0x20,0x20,0x20,0x20,0x20,0x20,
    0x66,0x6c,0x6f,0x61,0x74,0x32,0x20,0x70,0x61,0x72,0x61,0x6d,0x5f,0x32,0x30,0x20,
    0x3d,0x20,0x76,0x4c,0x6f,0x63,0x61,0x6c,0x48,0x61,0x6c,0x66,0x2e,0x78,0x79,0x3b,
    0x0a,0x20,0x20,0x20,0x20,0x20,0x20,0x20,0x20,0x20,0x20,0x20,0x20,0x66,0x6c,0x6f,
    0x61,0x74,0x32,0x20,0x70,0x61,0x72,0x61,0x6d,0x5f,0x32,0x31,0x20,0x3d,0x20,0x76,
    0x42,0x6f,0x72,0x64,0x65,0x72,0x73,0x2e,0x78,0x79,0x3b,0x0a,0x20,0x20,0x20,0x20,
    0x20,0x20,0x20,0x20,0x20,0x20,0x20,0x20,0x66,0x6c,0x6f,0x61,0x74,0x34,0x20,0x70,
    0x61,0x72,0x61,0x6d,0x5f,0x32,0x32,0x20,0x3d,0x20,0x76,0x52,0x61,0x64,0x69,0x69,
    0x3b,0x0a,0x20,0x20,0x20,0x20,0x20,0x20,0x20,0x20,0x20,0x20,0x20,0x20,0x66,0x6c,
    0x6f,0x61,0x74,0x32,0x20,0x70,0x61,0x72,0x61,0x6d,0x5f,0x32,0x33,0x20,0x3d,0x20,
    0x76,0x50,0x61,0x72,0x61,0x6d,0x73,0x31,0x2e,0x78,0x79,0x3b,0x0a,0x20,0x20,0x20,
    0x20,0x20,0x20,0x20,0x20,0x20,0x20,0x20,0x20,0x66,0x6c,0x6f,0x61,0x74,0x20,0x70,
    0x61,0x72,0x61,0x6d,0x5f,0x32,0x34,0x20,0x3d,0x20,0x76,0x42,0x6f,0x72,0x64,0x65,
    0x72,0x73,0x2e,0x7a,0x3b,0x0a,0x20,0x20,0x20,0x20,0x20,0x20,0x20,0x20,0x20,0x20,
    0x20,0x20,0x66,0x6c,0x6f,0x61,0x74,0x20,0x70,0x61,0x72,0x61,0x6d,0x5f,0x32,0x35,
    0x20,0x3d,0x20,0x76,0x55,0x76,0x41,0x61,0x2e,0x7a,0x3b,0x0a,0x20,0x20,0x20,0x20,
    0x20,0x20,0x20,0x20,0x20,0x20,0x20,0x20,0x61,0x6c,0x70,0x68,0x61,0x20,0x3d,0x20,
    0x73,0x68,0x61,0x64,0x6f,0x77,0x43,0x6f,0x76,0x65,0x72,0x61,0x67,0x65,0x28,0x70,
    0x61,0x72,0x61,0x6d,0x5f,0x32,0x30,0x2c,0x20,0x70,0x61,0x72,0x61,0x6d,0x5f,0x32,
    0x31,0x2c,0x20,0x70,0x61,0x72,0x61,0x6d,0x5f,0x32,0x32,0x2c,0x20,0x70,0x61,0x72,
    0x61,0x6d,0x5f,0x32,0x33,0x2c,0x20,0x70,0x61,0x72,0x61,0x6d,0x5f,0x32,0x34,0x2c,
    0x20,0x70,0x61,0x72,0x61,0x6d,0x5f,0x32,0x35,0x29,0x3b,0x0a,0x20,0x20,0x20,0x20,
    0x20,0x20,0x20,0x20,0x7d,0x0a,0x20,0x20,0x20,0x20,0x20,0x20,0x20,0x20,0x66,0x6c,
    0x6f,0x61,0x74,0x20,0x5f,0x36,0x30,0x37,0x20,0x3d,0x20,0x76,0x45,0x78,0x74,0x72,
    0x61,0x2e,0x77,0x20,0x2a,0x20,0x61,0x6c,0x70,0x68,0x61,0x3b,0x0a,0x20,0x20,0x20,
    0x20,0x20,0x20,0x20,0x20,0x66,0x72,0x61,0x67,0x5f,0x63,0x6f,0x6c,0x6f,0x72,0x20,
    0x3d,0x20,0x66,0x6c,0x6f,0x61,0x74,0x34,0x28,0x76,0x45,0x78,0x74,0x72,0x61,0x2e,
    0x78,0x79,0x7a,0x20,0x2a,0x20,0x5f,0x36,0x30,0x37,0x2c,0x20,0x5f,0x36,0x30,0x37,
    0x29,0x3b,0x0a,0x20,0x20,0x20,0x20,0x20,0x20,0x20,0x20,0x72,0x65,0x74,0x75,0x72,
    0x6e,0x3b,0x0a,0x20,0x20,0x20,0x20,0x7d,0x0a,0x20,0x20,0x20,0x20,0x66,0x6c,0x6f,
    0x61,0x74,0x32,0x20,0x68,0x61,0x6c,0x66,0x42,0x6f,0x78,0x20,0x3d,0x20,0x76,0x4c,
    0x6f,0x63,0x61,0x6c,0x48,0x61,0x6c,0x66,0x2e,0x7a,0x77,0x3b,0x0a,0x20,0x20,0x20,
    0x20,0x62,0x6f,0x6f,0x6c,0x20,0x5f,0x36,0x32,0x34,0x20,0x3d,0x20,0x76,0x45,0x78,
    0x74,0x72,0x61,0x2e,0x77,0x20,0x3e,0x20,0x30,0x2e,0x30,0x66,0x3b,0x0a,0x20,0x20,
    0x20,0x20,0x62,0x6f,0x6f,0x6c,0x20,0x5f,0x36,0x33,0x31,0x3b,0x0a,0x20,0x20,0x20,
    0x20,0x69,0x66,0x20,0x28,0x5f,0x36,0x32,0x34,0x29,0x0a,0x20,0x20,0x20,0x20,0x7b,
    0x0a,0x20,0x20,0x20,0x20,0x20,0x20,0x20,0x20,0x5f,0x36,0x33,0x31,0x20,0x3d,0x20,
    0x76,0x50,0x61,0x72,0x61,0x6d,0x73,0x31,0x2e,0x77,0x20,0x3c,0x3d,0x20,0x30,0x2e,
    0x35,0x66,0x3b,0x0a,0x20,0x20,0x20,0x20,0x7d,0x0a,0x20,0x20,0x20,0x20,0x65,0x6c,
    0x73,0x65,0x0a,0x20,0x20,0x20,0x20,0x7b,0x0a,0x20,0x20,0x20,0x20,0x20,0x20,0x20,
    0x20,0x5f,0x36,0x33,0x31,0x20,0x3d,0x20,0x5f,0x36,0x32,0x34,0x3b,0x0a,0x20,0x20,
    0x20,0x20,0x7d,0x0a,0x20,0x20,0x20,0x20,0x69,0x66,0x20,0x28,0x5f,0x36,0x33,0x31,
    0x29,0x0a,0x20,0x20,0x20,0x20,0x7b,0x0a,0x20,0x20,0x20,0x20,0x20,0x20,0x20,0x20,
    0x68,0x61,0x6c,0x66,0x42,0x6f,0x78,0x20,0x3d,0x20,0x76,0x4c,0x6f,0x63,0x61,0x6c,
    0x48,0x61,0x6c,0x66,0x2e,0x7a,0x77,0x20,0x2d,0x20,0x28,0x28,0x33,0x2e,0x30,0x66,
    0x20,0x2a,0x20,0x76,0x50,0x61,0x72,0x61,0x6d,0x73,0x31,0x2e,0x7a,0x29,0x2e,0x78,
    0x78,0x20,0x2b,0x20,0x61,0x62,0x73,0x28,0x76,0x50,0x61,0x72,0x61,0x6d,0x73,0x31,
    0x2e,0x78,0x79,0x29,0x29,0x3b,0x0a,0x20,0x20,0x20,0x20,0x7d,0x0a,0x20,0x20,0x20,
    0x20,0x66,0x6c,0x6f,0x61,0x74,0x32,0x20,0x70,0x61,0x72,0x61,0x6d,0x5f,0x32,0x36,
    0x20,0x3d,0x20,0x76,0x4c,0x6f,0x63,0x61,0x6c,0x48,0x61,0x6c,0x66,0x2e,0x78,0x79,
    0x3b,0x0a,0x20,0x20,0x20,0x20,0x66,0x6c,0x6f,0x61,0x74,0x34,0x20,0x70,0x61,0x72,
    0x61,0x6d,0x5f,0x32,0x37,0x20,0x3d,0x20,0x76,0x52,0x61,0x64,0x69,0x69,0x3b,0x0a,
    0x20,0x20,0x20,0x20,0x66,0x6c,0x6f,0x61,0x74,0x32,0x20,0x70,0x61,0x72,0x61,0x6d,
    0x5f,0x32,0x38,0x20,0x3d,0x20,0x76,0x4c,0x6f,0x63,0x61,0x6c,0x48,0x61,0x6c,0x66,
    0x2e,0x78,0x79,0x3b,0x0a,0x20,0x20,0x20,0x20,0x66,0x6c,0x6f,0x61,0x74,0x32,0x20,
    0x70,0x61,0x72,0x61,0x6d,0x5f,0x32,0x39,0x20,0x3d,0x20,0x68,0x61,0x6c,0x66,0x42,
    0x6f,0x78,0x3b,0x0a,0x20,0x20,0x20,0x20,0x66,0x6c,0x6f,0x61,0x74,0x20,0x70,0x61,
    0x72,0x61,0x6d,0x5f,0x33,0x30,0x20,0x3d,0x20,0x63,0x6f,0x72,0x6e,0x65,0x72,0x52,
    0x61,0x64,0x69,0x75,0x73,0x28,0x70,0x61,0x72,0x61,0x6d,0x5f,0x32,0x36,0x2c,0x20,
    0x70,0x61,0x72,0x61,0x6d,0x5f,0x32,0x37,0x29,0x3b,0x0a,0x20,0x20,0x20,0x20,0x66,
    0x6c,0x6f,0x61,0x74,0x34,0x20,0x5f,0x36,0x36,0x30,0x20,0x3d,0x20,0x6d,0x61,0x78,
    0x28,0x76,0x42,0x6f,0x72,0x64,0x65,0x72,0x73,0x2c,0x20,0x30,0x2e,0x30,0x66,0x2e,
    0x78,0x78,0x78,0x78,0x29,0x3b,0x0a,0x20,0x20,0x20,0x20,0x66,0x6c,0x6f,0x61,0x74,
    0x20,0x5f,0x36,0x36,0x33,0x20,0x3d,0x20,0x5f,0x36,0x36,0x30,0x2e,0x78,0x3b,0x0a,
    0x20,0x20,0x20,0x20,0x66,0x6c,0x6f,0x61,0x74,0x20,0x5f,0x36,0x36,0x35,0x20,0x3d,
    0x20,0x5f,0x36,0x36,0x30,0x2e,0x7a,0x3b,0x0a,0x20,0x20,0x20,0x20,0x66,0x6c,0x6f,
    0x61,0x74,0x20,0x5f,0x36,0x36,0x38,0x20,0x3d,0x20,0x5f,0x36,0x36,0x30,0x2e,0x79,
    0x3b,0x0a,0x20,0x20,0x20,0x20,0x66,0x6c,0x6f,0x61,0x74,0x20,0x5f,0x36,0x37,0x30,
    0x20,0x3d,0x20,0x5f,0x36,0x36,0x30,0x2e,0x77,0x3b,0x0a,0x20,0x20,0x20,0x20,0x66,
    0x6c,0x6f,0x61,0x74,0x32,0x20,0x5f,0x37,0x31,0x35,0x20,0x3d,0x20,0x76,0x4c,0x6f,
    0x63,0x61,0x6c,0x48,0x61,0x6c,0x66,0x2e,0x78,0x79,0x20,0x2d,0x20,0x28,0x66,0x6c,
    0x6f,0x61,0x74,0x32,0x28,0x5f,0x36,0x36,0x33,0x20,0x2d,0x20,0x5f,0x36,0x36,0x35,
    0x2c,0x20,0x5f,0x36,0x36,0x38,0x20,0x2d,0x20,0x5f,0x36,0x37,0x30,0x29,0x20,0x2a,
    0x20,0x30,0x2e,0x35,0x66,0x29,0x3b,0x0a,0x20,0x20,0x20,0x20,0x66,0x6c,0x6f,0x61,
    0x74,0x32,0x20,0x70,0x61,0x72,0x61,0x6d,0x5f,0x33,0x31,0x20,0x3d,0x20,0x5f,0x37,
    0x31,0x35,0x3b,0x0a,0x20,0x20,0x20,0x20,0x66,0x6c,0x6f,0x61,0x74,0x34,0x20,0x70,
    0x61,0x72,0x61,0x6d,0x5f,0x33,0x32,0x20,0x3d,0x20,0x6d,0x61,0x78,0x28,0x76,0x52,
    0x61,0x64,0x69,0x69,0x20,0x2d,0x20,0x66,0x6c,0x6f,0x61,0x74,0x34,0x28,0x6d,0x61,
    0x78,0x28,0x5f,0x36,0x36,0x33,0x2c,0x20,0x5f,0x36,0x36,0x38,0x29,0x2c,0x20,0x6d,
    0x61,0x78,0x28,0x5f,0x36,0x36,0x38,0x2c,0x20,0x5f,0x36,0x36,0x35,0x29,0x2c,0x20,
    0x6d,0x61,0x78,0x28,0x5f,0x36,0x36,0x35,0x2c,0x20,0x5f,0x36,0x37,0x30,0x29,0x2c,
    0x20,0x6d,0x61,0x78,0x28,0x5f,0x36,0x37,0x30,0x2c,0x20,0x5f,0x36,0x36,0x33,0x29,
    0x29,0x2c,0x20,0x30,0x2e,0x30,0x66,0x2e,0x78,0x78,0x78,0x78,0x29,0x3b,0x0a,0x20,
    0x20,0x20,0x20,0x66,0x6c,0x6f,0x61,0x74,0x32,0x20,0x70,0x61,0x72,0x61,0x6d,0x5f,
    0x33,0x33,0x20,0x3d,0x20,0x5f,0x37,0x31,0x35,0x3b,0x0a,0x20,0x20,0x20,0x20,0x66,
    0x6c,0x6f,0x61,0x74,0x32,0x20,0x70,0x61,0x72,0x61,0x6d,0x5f,0x33,0x34,0x20,0x3d,
    0x20,0x6d,0x61,0x78,0x28,0x68,0x61,0x6c,0x66,0x42,0x6f,0x78,0x20,0x2d,0x20,0x28,
    0x66,0x6c,0x6f,0x61,0x74,0x32,0x28,0x5f,0x36,0x36,0x33,0x20,0x2b,0x20,0x5f,0x36,
    0x36,0x35,0x2c,0x20,0x5f,0x36,0x36,0x38,0x20,0x2b,0x20,0x5f,0x36,0x37,0x30,0x29,
    0x20,0x2a,0x20,0x30,0x2e,0x35,0x66,0x29,0x2c,0x20,0x30,0x2e,0x30,0x66,0x2e,0x78,
    0x78,0x29,0x3b,0x0a,0x20,0x20,0x20,0x20,0x66,0x6c,0x6f,0x61,0x74,0x20,0x70,0x61,
    0x72,0x61,0x6d,0x5f,0x33,0x35,0x20,0x3d,0x20,0x63,0x6f,0x72,0x6e,0x65,0x72,0x52,
    0x61,0x64,0x69,0x75,0x73,0x28,0x70,0x61,0x72,0x61,0x6d,0x5f,0x33,0x31,0x2c,0x20,
    0x70,0x61,0x72,0x61,0x6d,0x5f,0x33,0x32,0x29,0x3b,0x0a,0x20,0x20,0x20,0x20,0x66,
    0x6c,0x6f,0x61,0x74,0x20,0x70,0x61,0x72,0x61,0x6d,0x5f,0x33,0x36,0x20,0x3d,0x20,
    0x72,0x6f,0x75,0x6e,0x64,0x65,0x64,0x52,0x65,0x63,0x74,0x44,0x69,0x73,0x74,0x61,
    0x6e,0x63,0x65,0x28,0x70,0x61,0x72,0x61,0x6d,0x5f,0x32,0x38,0x2c,0x20,0x70,0x61,
    0x72,0x61,0x6d,0x5f,0x32,0x39,0x2c,0x20,0x70,0x61,0x72,0x61,0x6d,0x5f,0x33,0x30,
    0x29,0x3b,0x0a,0x20,0x20,0x20,0x20,0x66,0x6c,0x6f,0x61,0x74,0x20,0x70,0x61,0x72,
    0x61,0x6d,0x5f,0x33,0x37,0x20,0x3d,0x20,0x76,0x55,0x76,0x41,0x61,0x2e,0x7a,0x3b,
    0x0a,0x20,0x20,0x20,0x20,0x66,0x6c,0x6f,0x61,0x74,0x20,0x5f,0x37,0x33,0x36,0x20,
    0x3d,0x20,0x63,0x6f,0x76,0x65,0x72,0x61,0x67,0x65,0x46,0x72,0x6f,0x6d,0x44,0x69,
    0x73,0x74,0x61,0x6e,0x63,0x65,0x28,0x70,0x61,0x72,0x61,0x6d,0x5f,0x33,0x36,0x2c,
    0x20,0x70,0x61,0x72,0x61,0x6d,0x5f,0x33,0x37,0x29,0x3b,0x0a,0x20,0x20,0x20,0x20,
    0x66,0x6c,0x6f,0x61,0x74,0x20,0x70,0x61,0x72,0x61,0x6d,0x5f,0x33,0x38,0x20,0x3d,
    0x20,0x72,0x6f,0x75,0x6e,0x64,0x65,0x64,0x52,0x65,0x63,0x74,0x44,0x69,0x73,0x74,
    0x61,0x6e,0x63,0x65,0x28,0x70,0x61,0x72,0x61,0x6d,0x5f,0x33,0x33,0x2c,0x20,0x70,
    0x61,0x72,0x61,0x6d,0x5f,0x33,0x34,0x2c,0x20,0x70,0x61,0x72,0x61,0x6d,0x5f,0x33,
    0x35,0x29,0x3b,0x0a,0x20,0x20,0x20,0x20,0x66,0x6c,0x6f,0x61,0x74,0x20,0x70,0x61,
    0x72,0x61,0x6d,0x5f,0x33,0x39,0x20,0x3d,0x20,0x76,0x55,0x76,0x41,0x61,0x2e,0x7a,
    0x3b,0x0a,0x20,0x20,0x20,0x20,0x66,0x6c,0x6f,0x61,0x74,0x20,0x5f,0x37,0x34,0x32,
    0x20,0x3d,0x20,0x63,0x6f,0x76,0x65,0x72,0x61,0x67,0x65,0x46,0x72,0x6f,0x6d,0x44,
    0x69,0x73,0x74,0x61,0x6e,0x63,0x65,0x28,0x70,0x61,0x72,0x61,0x6d,0x5f,0x33,0x38,
    0x2c,0x20,0x70,0x61,0x72,0x61,0x6d,0x5f,0x33,0x39,0x29,0x3b,0x0a,0x20,0x20,0x20,
    0x20,0x66,0x6c,0x6f,0x61,0x74,0x34,0x20,0x66,0x69,0x6c,0x6c,0x20,0x3d,0x20,0x76,
    0x46,0x69,0x6c,0x6c,0x3b,0x0a,0x20,0x20,0x20,0x20,0x69,0x66,0x20,0x28,0x5f,0x34,
    0x34,0x36,0x20,0x3d,0x3d,0x20,0x32,0x29,0x0a,0x20,0x20,0x20,0x20,0x7b,0x0a,0x20,
    0x20,0x20,0x20,0x20,0x20,0x20,0x20,0x66,0x6c,0x6f,0x61,0x74,0x34,0x20,0x5f,0x39,
    0x30,0x38,0x20,0x3d,0x20,0x66,0x69,0x6c,0x6c,0x3b,0x0a,0x20,0x20,0x20,0x20,0x20,
    0x20,0x20,0x20,0x5f,0x39,0x30,0x38,0x2e,0x77,0x20,0x3d,0x20,0x5f,0x39,0x30,0x38,
    0x2e,0x77,0x20,0x2a,0x20,0x75,0x69,0x54,0x65,0x78,0x2e,0x53,0x61,0x6d,0x70,0x6c,
    0x65,0x28,0x75,0x69,0x53,0x6d,0x70,0x2c,0x20,0x76,0x55,0x76,0x41,0x61,0x2e,0x78,
    0x79,0x29,0x2e,0x77,0x3b,0x0a,0x20,0x20,0x20,0x20,0x20,0x20,0x20,0x20,0x66,0x69,
    0x6c,0x6c,0x20,0x3d,0x20,0x5f,0x39,0x30,0x38,0x3b,0x0a,0x20,0x20,0x20,0x20,0x7d,
    0x0a,0x20,0x20,0x20,0x20,0x66,0x6c,0x6f,0x61,0x74,0x20,0x5f,0x37,0x37,0x30,0x20,
    0x3d,0x20,0x66,0x69,0x6c,0x6c,0x2e,0x77,0x20,0x2a,0x20,0x5f,0x37,0x34,0x32,0x3b,
    0x0a,0x20,0x20,0x20,0x20,0x66,0x6c,0x6f,0x61,0x74,0x20,0x5f,0x37,0x37,0x35,0x20,
    0x3d,0x20,0x76,0x42,0x6f,0x72,0x64,0x65,0x72,0x2e,0x77,0x20,0x2a,0x20,0x6d,0x61,
    0x78,0x28,0x5f,0x37,0x33,0x36,0x20,0x2d,0x20,0x5f,0x37,0x34,0x32,0x2c,0x20,0x30,
    0x2e,0x30,0x66,0x29,0x3b,0x0a,0x20,0x20,0x20,0x20,0x66,0x6c,0x6f,0x61,0x74,0x20,
    0x61,0x6c,0x70,0x68,0x61,0x5f,0x31,0x20,0x3d,0x20,0x5f,0x37,0x37,0x30,0x20,0x2b,
    0x20,0x5f,0x37,0x37,0x35,0x3b,0x0a,0x20,0x20,0x20,0x20,0x66,0x6c,0x6f,0x61,0x74,
    0x33,0x20,0x72,0x67,0x62,0x20,0x3d,0x20,0x28,0x66,0x69,0x6c,0x6c,0x2e,0x78,0x79,
    0x7a,0x20,0x2a,0x20,0x5f,0x37,0x37,0x30,0x29,0x20,0x2b,0x20,0x28,0x76,0x42,0x6f,
    0x72,0x64,0x65,0x72,0x2e,0x78,0x79,0x7a,0x20,0x2a,0x20,0x5f,0x37,0x37,0x35,0x29,
    0x3b,0x0a,0x20,0x20,0x20,0x20,0x69,0x66,0x20,0x28,0x5f,0x36,0x32,0x34,0x29,0x0a,
    0x20,0x20,0x20,0x20,0x7b,0x0a,0x20,0x20,0x20,0x20,0x20,0x20,0x20,0x20,0x62,0x6f,
    0x6f,0x6c,0x20,0x5f,0x37,0x39,0x39,0x20,0x3d,0x20,0x76,0x50,0x61,0x72,0x61,0x6d,
    0x73,0x31,0x2e,0x77,0x20,0x3e,0x20,0x30,0x2e,0x35,0x66,0x3b,0x0a,0x20,0x20,0x20,
    0x20,0x20,0x20,0x20,0x20,0x66,0x6c,0x6f,0x61,0x74,0x20,0x73,0x41,0x6c,0x70,0x68,
    0x61,0x3b,0x0a,0x20,0x20,0x20,0x20,0x20,0x20,0x20,0x20,0x69,0x66,0x20,0x28,0x5f,
    0x37,0x39,0x39,0x29,0x0a,0x20,0x20,0x20,0x20,0x20,0x20,0x20,0x20,0x7b,0x0a,0x20,
    0x20,0x20,0x20,0x20,0x20,0x20,0x20,0x20,0x20,0x20,0x20,0x66,0x6c,0x6f,0x61,0x74,
    0x32,0x20,0x70,0x61,0x72,0x61,0x6d,0x5f,0x34,0x30,0x20,0x3d,0x20,0x76,0x4c,0x6f,
    0x63,0x61,0x6c,0x48,0x61,0x6c,0x66,0x2e,0x78,0x79,0x3b,0x0a,0x20,0x20,0x20,0x20,
    0x20,0x20,0x20,0x20,0x20,0x20,0x20,0x20,0x66,0x6c,0x6f,0x61,0x74,0x32,0x20,0x70,
    0x61,0x72,0x61,0x6d,0x5f,0x34,0x31,0x20,0x3d,0x20,0x68,0x61,0x6c,0x66,0x42,0x6f,
    0x78,0x3b,0x0a,0x20,0x20,0x20,0x20,0x20,0x20,0x20,0x20,0x20,0x20,0x20,0x20,0x66,
    0x6c,0x6f,0x61,0x74,0x34,0x20,0x70,0x61,0x72,0x61,0x6d,0x5f,0x34,0x32,0x20,0x3d,
    0x20,0x76,0x52,0x61,0x64,0x69,0x69,0x3b,0x0a,0x20,0x20,0x20,0x20,0x20,0x20,0x20,
    0x20,0x20,0x20,0x20,0x20,0x66,0x6c,0x6f,0x61,0x74,0x32,0x20,0x70,0x61,0x72,0x61,
    0x6d,0x5f,0x34,0x33,0x20,0x3d,0x20,0x30,0x2e,0x30,0x66,0x2e,0x78,0x78,0x3b,0x0a,
    0x20,0x20,0x20,0x20,0x20,0x20,0x20,0x20,0x20,0x20,0x20,0x20,0x66,0x6c,0x6f,0x61,
    0x74,0x20,0x70,0x61,0x72,0x61,0x6d,0x5f,0x34,0x34,0x20,0x3d,0x20,0x76,0x50,0x61,
    0x72,0x61,0x6d,0x73,0x31,0x2e,0x7a,0x3b,0x0a,0x20,0x20,0x20,0x20,0x20,0x20,0x20,
    0x20,0x20,0x20,0x20,0x20,0x66,0x6c,0x6f,0x61,0x74,0x20,0x70,0x61,0x72,0x61,0x6d,
    0x5f,0x34,0x35,0x20,0x3d,0x20,0x76,0x55,0x76,0x41,0x61,0x2e,0x7a,0x3b,0x0a,0x20,
    0x20,0x20,0x20,0x20,0x20,0x20,0x20,0x20,0x20,0x20,0x20,0x73,0x41,0x6c,0x70,0x68,
    0x61,0x20,0x3d,0x20,0x28,0x31,0x2e,0x30,0x66,0x20,0x2d,0x20,0x73,0x68,0x61,0x64,
    0x6f,0x77,0x43,0x6f,0x76,0x65,0x72,0x61,0x67,0x65,0x28,0x70,0x61,0x72,0x61,0x6d,
    0x5f,0x34,0x30,0x2c,0x20,0x70,0x61,0x72,0x61,0x6d,0x5f,0x34,0x31,0x2c,0x20,0x70,
    0x61,0x72,0x61,0x6d,0x5f,0x34,0x32,0x2c,0x20,0x70,0x61,0x72,0x61,0x6d,0x5f,0x34,
    0x33,0x2c,0x20,0x70,0x61,0x72,0x61,0x6d,0x5f,0x34,0x34,0x2c,0x20,0x70,0x61,0x72,
    0x61,0x6d,0x5f,0x34,0x35,0x29,0x29,0x20,0x2a,0x20,0x5f,0x37,0x33,0x36,0x3b,0x0a,
    0x20,0x20,0x20,0x20,0x20,0x20,0x20,0x20,0x7d,0x0a,0x20,0x20,0x20,0x20,0x20,0x20,
    0x20,0x20,0x65,0x6c,0x73,0x65,0x0a,0x20,0x20,0x20,0x20,0x20,0x20,0x20,0x20,0x7b,
    0x0a,0x20,0x20,0x20,0x20,0x20,0x20,0x20,0x20,0x20,0x20,0x20,0x20,0x66,0x6c,0x6f,
    0x61,0x74,0x32,0x20,0x70,0x61,0x72,0x61,0x6d,0x5f,0x34,0x36,0x20,0x3d,0x20,0x76,
    0x4c,0x6f,0x63,0x61,0x6c,0x48,0x61,0x6c,0x66,0x2e,0x78,0x79,0x3b,0x0a,0x20,0x20,
    0x20,0x20,0x20,0x20,0x20,0x20,0x20,0x20,0x20,0x20,0x66,0x6c,0x6f,0x61,0x74,0x32,
    0x20,0x70,0x61,0x72,0x61,0x6d,0x5f,0x34,0x37,0x20,0x3d,0x20,0x68,0x61,0x6c,0x66,
    0x42,0x6f,0x78,0x3b,0x0a,0x20,0x20,0x20,0x20,0x20,0x20,0x20,0x20,0x20,0x20,0x20,
    0x20,0x66,0x6c,0x6f,0x61,0x74,0x34,0x20,0x70,0x61,0x72,0x61,0x6d,0x5f,0x34,0x38,
    0x20,0x3d,0x20,0x76,0x52,0x61,0x64,0x69,0x69,0x3b,0x0a,0x20,0x20,0x20,0x20,0x20,
    0x20,0x20,0x20,0x20,0x20,0x20,0x20,0x66,0x6c,0x6f,0x61,0x74,0x32,0x20,0x70,0x61,
    0x72,0x61,0x6d,0x5f,0x34,0x39,0x20,0x3d,0x20,0x76,0x50,0x61,0x72,0x61,0x6d,0x73,
    0x31,0x2e,0x78,0x79,0x3b,0x0a,0x20,0x20,0x20,0x20,0x20,0x20,0x20,0x20,0x20,0x20,
    0x20,0x20,0x66,0x6c,0x6f,0x61,0x74,0x20,0x70,0x61,0x72,0x61,0x6d,0x5f,0x35,0x30,
    0x20,0x3d,0x20,0x76,0x50,0x61,0x72,0x61,0x6d,0x73,0x31,0x2e,0x7a,0x3b,0x0a,0x20,
    0x20,0x20,0x20,0x20,0x20,0x20,0x20,0x20,0x20,0x20,0x20,0x66,0x6c,0x6f,0x61,0x74,
    0x20,0x70,0x61,0x72,0x61,0x6d,0x5f,0x35,0x31,0x20,0x3d,0x20,0x76,0x55,0x76,0x41,
    0x61,0x2e,0x7a,0x3b,0x0a,0x20,0x20,0x20,0x20,0x20,0x20,0x20,0x20,0x20,0x20,0x20,
    0x20,0x73,0x41,0x6c,0x70,0x68,0x61,0x20,0x3d,0x20,0x73,0x68,0x61,0x64,0x6f,0x77,
    0x43,0x6f,0x76,0x65,0x72,0x61,0x67,0x65,0x28,0x70,0x61,0x72,0x61,0x6d,0x5f,0x34,
    0x36,0x2c,0x20,0x70,0x61,0x72,0x61,0x6d,0x5f,0x34,0x37,0x2c,0x20,0x70,0x61,0x72,
    0x61,0x6d,0x5f,0x34,0x38,0x2c,0x20,0x70,0x61,0x72,0x61,0x6d,0x5f,0x34,0x39,0x2c,
    0x20,0x70,0x61,0x72,0x61,0x6d,0x5f,0x35,0x30,0x2c,0x20,0x70,0x61,0x72,0x61,0x6d,
    0x5f,0x35,0x31,0x29,0x3b,0x0a,0x20,0x20,0x20,0x20,0x20,0x20,0x20,0x20,0x7d,0x0a,
    0x20,0x20,0x20,0x20,0x20,0x20,0x20,0x20,0x73,0x41,0x6c,0x70,0x68,0x61,0x20,0x2a,
    0x3d,0x20,0x76,0x45,0x78,0x74,0x72,0x61,0x2e,0x77,0x3b,0x0a,0x20,0x20,0x20,0x20,
    0x20,0x20,0x20,0x20,0x69,0x66,0x20,0x28,0x5f,0x37,0x39,0x39,0x29,0x0a,0x20,0x20,
    0x20,0x20,0x20,0x20,0x20,0x20,0x7b,0x0a,0x20,0x20,0x20,0x20,0x20,0x20,0x20,0x20,
    0x20,0x20,0x20,0x20,0x66,0x6c,0x6f,0x61,0x74,0x20,0x5f,0x38,0x35,0x32,0x20,0x3d,
    0x20,0x31,0x2e,0x30,0x66,0x20,0x2d,0x20,0x73,0x41,0x6c,0x70,0x68,0x61,0x3b,0x0a,
    0x20,0x20,0x20,0x20,0x20,0x20,0x20,0x20,0x20,0x20,0x20,0x20,0x72,0x67,0x62,0x20,
    0x3d,0x20,0x28,0x76,0x45,0x78,0x74,0x72,0x61,0x2e,0x78,0x79,0x7a,0x20,0x2a,0x20,
    0x73,0x41,0x6c,0x70,0x68,0x61,0x29,0x20,0x2b,0x20,0x28,0x72,0x67,0x62,0x20,0x2a,
    0x20,0x5f,0x38,0x35,0x32,0x29,0x3b,0x0a,0x20,0x20,0x20,0x20,0x20,0x20,0x20,0x20,
    0x20,0x20,0x20,0x20,0x61,0x6c,0x70,0x68,0x61,0x5f,0x31,0x20,0x3d,0x20,0x73,0x41,
    0x6c,0x70,0x68,0x61,0x20,0x2b,0x20,0x28,0x61,0x6c,0x70,0x68,0x61,0x5f,0x31,0x20,
    0x2a,0x20,0x5f,0x38,0x35,0x32,0x29,0x3b,0x0a,0x20,0x20,0x20,0x20,0x20,0x20,0x20,
    0x20,0x7d,0x0a,0x20,0x20,0x20,0x20,0x20,0x20,0x20,0x20,0x65,0x6c,0x73,0x65,0x0a,
    0x20,0x20,0x20,0x20,0x20,0x20,0x20,0x20,0x7b,0x0a,0x20,0x20,0x20,0x20,0x20,0x20,
    0x20,0x20,0x20,0x20,0x20,0x20,0x66,0x6c,0x6f,0x61,0x74,0x20,0x5f,0x38,0x36,0x38,
    0x20,0x3d,0x20,0x31,0x2e,0x30,0x66,0x20,0x2d,0x20,0x61,0x6c,0x70,0x68,0x61,0x5f,
    0x31,0x3b,0x0a,0x20,0x20,0x20,0x20,0x20,0x20,0x20,0x20,0x20,0x20,0x20,0x20,0x72,
    0x67,0x62,0x20,0x2b,0x3d,0x20,0x28,0x28,0x76,0x45,0x78,0x74,0x72,0x61,0x2e,0x78,
    0x79,0x7a,0x20,0x2a,0x20,0x73,0x41,0x6c,0x70,0x68,0x61,0x29,0x20,0x2a,0x20,0x5f,
    0x38,0x36,0x38,0x29,0x3b,0x0a,0x20,0x20,0x20,0x20,0x20,0x20,0x20,0x20,0x20,0x20,
    0x20,0x20,0x61,0x6c,0x70,0x68,0x61,0x5f,0x31,0x20,0x2b,0x3d,0x20,0x28,0x73,0x41,
    0x6c,0x70,0x68,0x61,0x20,0x2a,0x20,0x5f,0x38,0x36,0x38,0x29,0x3b,0x0a,0x20,0x20,
    0x20,0x20,0x20,0x20,0x20,0x20,0x7d,0x0a,0x20,0x20,0x20,0x20,0x7d,0x0a,0x20,0x20,
    0x20,0x20,0x66,0x72,0x61,0x67,0x5f,0x63,0x6f,0x6c,0x6f,0x72,0x20,0x3d,0x20,0x66,
    0x6c,0x6f,0x61,0x74,0x34,0x28,0x72,0x67,0x62,0x2c,0x20,0x61,0x6c,0x70,0x68,0x61,
    0x5f,0x31,0x29,0x3b,0x0a,0x7d,0x0a,0x0a,0x53,0x50,0x49,0x52,0x56,0x5f,0x43,0x72,
    0x6f,0x73,0x73,0x5f,0x4f,0x75,0x74,0x70,0x75,0x74,0x20,0x6d,0x61,0x69,0x6e,0x28,
    0x53,0x50,0x49,0x52,0x56,0x5f,0x43,0x72,0x6f,0x73,0x73,0x5f,0x49,0x6e,0x70,0x75,
    0x74,0x20,0x73,0x74,0x61,0x67,0x65,0x5f,0x69,0x6e,0x70,0x75,0x74,0x29,0x0a,0x7b,
    0x0a,0x20,0x20,0x20,0x20,0x63,0x6c,0x69,0x70,0x44,0x69,0x73,0x74,0x61,0x6e,0x63,
    0x65,0x20,0x3d,0x20,0x73,0x74,0x61,0x67,0x65,0x5f,0x69,0x6e,0x70,0x75,0x74,0x2e,
    0x63,0x6c,0x69,0x70,0x44,0x69,0x73,0x74,0x61,0x6e,0x63,0x65,0x3b,0x0a,0x20,0x20,
    0x20,0x20,0x76,0x4c,0x6f,0x63,0x61,0x6c,0x48,0x61,0x6c,0x66,0x20,0x3d,0x20,0x73,
    0x74,0x61,0x67,0x65,0x5f,0x69,0x6e,0x70,0x75,0x74,0x2e,0x76,0x4c,0x6f,0x63,0x61,
    0x6c,0x48,0x61,0x6c,0x66,0x3b,0x0a,0x20,0x20,0x20,0x20,0x76,0x55,0x76,0x41,0x61,
    0x20,0x3d,0x20,0x73,0x74,0x61,0x67,0x65,0x5f,0x69,0x6e,0x70,0x75,0x74,0x2e,0x76,
    0x55,0x76,0x41,0x61,0x3b,0x0a,0x20,0x20,0x20,0x20,0x76,0x42,0x6f,0x72,0x64,0x65,
    0x72,0x73,0x20,0x3d,0x20,0x73,0x74,0x61,0x67,0x65,0x5f,0x69,0x6e,0x70,0x75,0x74,
    0x2e,0x76,0x42,0x6f,0x72,0x64,0x65,0x72,0x73,0x3b,0x0a,0x20,0x20,0x20,0x20,0x76,
    0x50,0x61,0x72,0x61,0x6d,0x73,0x31,0x20,0x3d,0x20,0x73,0x74,0x61,0x67,0x65,0x5f,
    0x69,0x6e,0x70,0x75,0x74,0x2e,0x76,0x50,0x61,0x72,0x61,0x6d,0x73,0x31,0x3b,0x0a,
    0x20,0x20,0x20,0x20,0x76,0x46,0x69,0x6c,0x6c,0x20,0x3d,0x20,0x73,0x74,0x61,0x67,
    0x65,0x5f,0x69,0x6e,0x70,0x75,0x74,0x2e,0x76,0x46,0x69,0x6c,0x6c,0x3b,0x0a,0x20,
    0x20,0x20,0x20,0x76,0x52,0x61,0x64,0x69,0x69,0x20,0x3d,0x20,0x73,0x74,0x61,0x67,
    0x65,0x5f,0x69,0x6e,0x70,0x75,0x74,0x2e,0x76,0x52,0x61,0x64,0x69,0x69,0x3b,0x0a,
    0x20,0x20,0x20,0x20,0x76,0x45,0x78,0x74,0x72,0x61,0x20,0x3d,0x20,0x73,0x74,0x61,
    0x67,0x65,0x5f,0x69,0x6e,0x70,0x75,0x74,0x2e,0x76,0x45,0x78,0x74,0x72,0x61,0x3b,
    0x0a,0x20,0x20,0x20,0x20,0x76,0x42,0x6f,0x72,0x64,0x65,0x72,0x20,0x3d,0x20,0x73,
    0x74,0x61,0x67,0x65,0x5f,0x69,0x6e,0x70,0x75,0x74,0x2e,0x76,0x42,0x6f,0x72,0x64,
    0x65,0x72,0x3b,0x0a,0x20,0x20,0x20,0x20,0x66,0x72,0x61,0x67,0x5f,0x6d,0x61,0x69,
    0x6e,0x28,0x29,0x3b,0x0a,0x20,0x20,0x20,0x20,0x53,0x50,0x49,0x52,0x56,0x5f,0x43,
    0x72,0x6f,0x73,0x73,0x5f,0x4f,0x75,0x74,0x70,0x75,0x74,0x20,0x73,0x74,0x61,0x67,
    0x65,0x5f,0x6f,0x75,0x74,0x70,0x75,0x74,0x3b,0x0a,0x20,0x20,0x20,0x20,0x73,0x74,
    0x61,0x67,0x65,0x5f,0x6f,0x75,0x74,0x70,0x75,0x74,0x2e,0x66,0x72,0x61,0x67,0x5f,
    0x63,0x6f,0x6c,0x6f,0x72,0x20,0x3d,0x20,0x66,0x72,0x61,0x67,0x5f,0x63,0x6f,0x6c,
    0x6f,0x72,0x3b,0x0a,0x20,0x20,0x20,0x20,0x72,0x65,0x74,0x75,0x72,0x6e,0x20,0x73,
    0x74,0x61,0x67,0x65,0x5f,0x6f,0x75,0x74,0x70,0x75,0x74,0x3b,0x0a,0x7d,0x0a,0x00,

};
/*
    static float4 gl_Position;
    static float2 pos;
    static float2 uv;
    static float2 uv0;

    struct SPIRV_Cross_Input
    {
        float2 pos : TEXCOORD0;
        float2 uv0 : TEXCOORD1;
    };

    struct SPIRV_Cross_Output
    {
        float2 uv : TEXCOORD0;
        float4 gl_Position : SV_Position;
    };

    void vert_main()
    {
        gl_Position = float4(pos, 0.0f, 1.0f);
        uv = uv0;
    }

    SPIRV_Cross_Output main(SPIRV_Cross_Input stage_input)
    {
        pos = stage_input.pos;
        uv0 = stage_input.uv0;
        vert_main();
        SPIRV_Cross_Output stage_output;
        stage_output.gl_Position = gl_Position;
        stage_output.uv = uv;
        return stage_output;
    }
*/
static const uint8_t blurVs_source_hlsl5[610] = {
    0x73,0x74,0x61,0x74,0x69,0x63,0x20,0x66,0x6c,0x6f,0x61,0x74,0x34,0x20,0x67,0x6c,
    0x5f,0x50,0x6f,0x73,0x69,0x74,0x69,0x6f,0x6e,0x3b,0x0a,0x73,0x74,0x61,0x74,0x69,
    0x63,0x20,0x66,0x6c,0x6f,0x61,0x74,0x32,0x20,0x70,0x6f,0x73,0x3b,0x0a,0x73,0x74,
    0x61,0x74,0x69,0x63,0x20,0x66,0x6c,0x6f,0x61,0x74,0x32,0x20,0x75,0x76,0x3b,0x0a,
    0x73,0x74,0x61,0x74,0x69,0x63,0x20,0x66,0x6c,0x6f,0x61,0x74,0x32,0x20,0x75,0x76,
    0x30,0x3b,0x0a,0x0a,0x73,0x74,0x72,0x75,0x63,0x74,0x20,0x53,0x50,0x49,0x52,0x56,
    0x5f,0x43,0x72,0x6f,0x73,0x73,0x5f,0x49,0x6e,0x70,0x75,0x74,0x0a,0x7b,0x0a,0x20,
    0x20,0x20,0x20,0x66,0x6c,0x6f,0x61,0x74,0x32,0x20,0x70,0x6f,0x73,0x20,0x3a,0x20,
    0x54,0x45,0x58,0x43,0x4f,0x4f,0x52,0x44,0x30,0x3b,0x0a,0x20,0x20,0x20,0x20,0x66,
    0x6c,0x6f,0x61,0x74,0x32,0x20,0x75,0x76,0x30,0x20,0x3a,0x20,0x54,0x45,0x58,0x43,
    0x4f,0x4f,0x52,0x44,0x31,0x3b,0x0a,0x7d,0x3b,0x0a,0x0a,0x73,0x74,0x72,0x75,0x63,
    0x74,0x20,0x53,0x50,0x49,0x52,0x56,0x5f,0x43,0x72,0x6f,0x73,0x73,0x5f,0x4f,0x75,
    0x74,0x70,0x75,0x74,0x0a,0x7b,0x0a,0x20,0x20,0x20,0x20,0x66,0x6c,0x6f,0x61,0x74,
    0x32,0x20,0x75,0x76,0x20,0x3a,0x20,0x54,0x45,0x58,0x43,0x4f,0x4f,0x52,0x44,0x30,
    0x3b,0x0a,0x20,0x20,0x20,0x20,0x66,0x6c,0x6f,0x61,0x74,0x34,0x20,0x67,0x6c,0x5f,
    0x50,0x6f,0x73,0x69,0x74,0x69,0x6f,0x6e,0x20,0x3a,0x20,0x53,0x56,0x5f,0x50,0x6f,
    0x73,0x69,0x74,0x69,0x6f,0x6e,0x3b,0x0a,0x7d,0x3b,0x0a,0x0a,0x76,0x6f,0x69,0x64,
    0x20,0x76,0x65,0x72,0x74,0x5f,0x6d,0x61,0x69,0x6e,0x28,0x29,0x0a,0x7b,0x0a,0x20,
    0x20,0x20,0x20,0x67,0x6c,0x5f,0x50,0x6f,0x73,0x69,0x74,0x69,0x6f,0x6e,0x20,0x3d,
    0x20,0x66,0x6c,0x6f,0x61,0x74,0x34,0x28,0x70,0x6f,0x73,0x2c,0x20,0x30,0x2e,0x30,
    0x66,0x2c,0x20,0x31,0x2e,0x30,0x66,0x29,0x3b,0x0a,0x20,0x20,0x20,0x20,0x75,0x76,
    0x20,0x3d,0x20,0x75,0x76,0x30,0x3b,0x0a,0x7d,0x0a,0x0a,0x53,0x50,0x49,0x52,0x56,
    0x5f,0x43,0x72,0x6f,0x73,0x73,0x5f,0x4f,0x75,0x74,0x70,0x75,0x74,0x20,0x6d,0x61,
    0x69,0x6e,0x28,0x53,0x50,0x49,0x52,0x56,0x5f,0x43,0x72,0x6f,0x73,0x73,0x5f,0x49,
    0x6e,0x70,0x75,0x74,0x20,0x73,0x74,0x61,0x67,0x65,0x5f,0x69,0x6e,0x70,0x75,0x74,
    0x29,0x0a,0x7b,0x0a,0x20,0x20,0x20,0x20,0x70,0x6f,0x73,0x20,0x3d,0x20,0x73,0x74,
    0x61,0x67,0x65,0x5f,0x69,0x6e,0x70,0x75,0x74,0x2e,0x70,0x6f,0x73,0x3b,0x0a,0x20,
    0x20,0x20,0x20,0x75,0x76,0x30,0x20,0x3d,0x20,0x73,0x74,0x61,0x67,0x65,0x5f,0x69,
    0x6e,0x70,0x75,0x74,0x2e,0x75,0x76,0x30,0x3b,0x0a,0x20,0x20,0x20,0x20,0x76,0x65,
    0x72,0x74,0x5f,0x6d,0x61,0x69,0x6e,0x28,0x29,0x3b,0x0a,0x20,0x20,0x20,0x20,0x53,
    0x50,0x49,0x52,0x56,0x5f,0x43,0x72,0x6f,0x73,0x73,0x5f,0x4f,0x75,0x74,0x70,0x75,
    0x74,0x20,0x73,0x74,0x61,0x67,0x65,0x5f,0x6f,0x75,0x74,0x70,0x75,0x74,0x3b,0x0a,
    0x20,0x20,0x20,0x20,0x73,0x74,0x61,0x67,0x65,0x5f,0x6f,0x75,0x74,0x70,0x75,0x74,
    0x2e,0x67,0x6c,0x5f,0x50,0x6f,0x73,0x69,0x74,0x69,0x6f,0x6e,0x20,0x3d,0x20,0x67,
    0x6c,0x5f,0x50,0x6f,0x73,0x69,0x74,0x69,0x6f,0x6e,0x3b,0x0a,0x20,0x20,0x20,0x20,
    0x73,0x74,0x61,0x67,0x65,0x5f,0x6f,0x75,0x74,0x70,0x75,0x74,0x2e,0x75,0x76,0x20,
    0x3d,0x20,0x75,0x76,0x3b,0x0a,0x20,0x20,0x20,0x20,0x72,0x65,0x74,0x75,0x72,0x6e,
    0x20,0x73,0x74,0x61,0x67,0x65,0x5f,0x6f,0x75,0x74,0x70,0x75,0x74,0x3b,0x0a,0x7d,
    0x0a,0x00,
};
/*
    cbuffer blur_params : register(b0)
    {
        float4 _13_dir : packoffset(c0);
    };

    Texture2D<float4> srcTex : register(t0);
    SamplerState srcSmp : register(s0);

    static float2 uv;
    static float4 frag_color;

    struct SPIRV_Cross_Input
    {
        float2 uv : TEXCOORD0;
    };

    struct SPIRV_Cross_Output
    {
        float4 frag_color : SV_Target0;
    };

    void frag_main()
    {
        float2 _21 = _13_dir.xy * 1.3846149444580078125f;
        float2 _27 = _13_dir.xy * 3.2307689189910888671875f;
        frag_color = ((((srcTex.Sample(srcSmp, uv) * 0.227026998996734619140625f) + (srcTex.Sample(srcSmp, uv + _21) * 0.316215991973876953125f)) + (srcTex.Sample(srcSmp, uv - _21) * 0.316215991973876953125f)) + (srcTex.Sample(srcSmp, uv + _27) * 0.070270001888275146484375f)) + (srcTex.Sample(srcSmp, uv - _27) * 0.070270001888275146484375f);
    }

    SPIRV_Cross_Output main(SPIRV_Cross_Input stage_input)
    {
        uv = stage_input.uv;
        frag_main();
        SPIRV_Cross_Output stage_output;
        stage_output.frag_color = frag_color;
        return stage_output;
    }
*/
static const uint8_t blurFs_source_hlsl5[1006] = {
    0x63,0x62,0x75,0x66,0x66,0x65,0x72,0x20,0x62,0x6c,0x75,0x72,0x5f,0x70,0x61,0x72,
    0x61,0x6d,0x73,0x20,0x3a,0x20,0x72,0x65,0x67,0x69,0x73,0x74,0x65,0x72,0x28,0x62,
    0x30,0x29,0x0a,0x7b,0x0a,0x20,0x20,0x20,0x20,0x66,0x6c,0x6f,0x61,0x74,0x34,0x20,
    0x5f,0x31,0x33,0x5f,0x64,0x69,0x72,0x20,0x3a,0x20,0x70,0x61,0x63,0x6b,0x6f,0x66,
    0x66,0x73,0x65,0x74,0x28,0x63,0x30,0x29,0x3b,0x0a,0x7d,0x3b,0x0a,0x0a,0x54,0x65,
    0x78,0x74,0x75,0x72,0x65,0x32,0x44,0x3c,0x66,0x6c,0x6f,0x61,0x74,0x34,0x3e,0x20,
    0x73,0x72,0x63,0x54,0x65,0x78,0x20,0x3a,0x20,0x72,0x65,0x67,0x69,0x73,0x74,0x65,
    0x72,0x28,0x74,0x30,0x29,0x3b,0x0a,0x53,0x61,0x6d,0x70,0x6c,0x65,0x72,0x53,0x74,
    0x61,0x74,0x65,0x20,0x73,0x72,0x63,0x53,0x6d,0x70,0x20,0x3a,0x20,0x72,0x65,0x67,
    0x69,0x73,0x74,0x65,0x72,0x28,0x73,0x30,0x29,0x3b,0x0a,0x0a,0x73,0x74,0x61,0x74,
    0x69,0x63,0x20,0x66,0x6c,0x6f,0x61,0x74,0x32,0x20,0x75,0x76,0x3b,0x0a,0x73,0x74,
    0x61,0x74,0x69,0x63,0x20,0x66,0x6c,0x6f,0x61,0x74,0x34,0x20,0x66,0x72,0x61,0x67,
    0x5f,0x63,0x6f,0x6c,0x6f,0x72,0x3b,0x0a,0x0a,0x73,0x74,0x72,0x75,0x63,0x74,0x20,
    0x53,0x50,0x49,0x52,0x56,0x5f,0x43,0x72,0x6f,0x73,0x73,0x5f,0x49,0x6e,0x70,0x75,
    0x74,0x0a,0x7b,0x0a,0x20,0x20,0x20,0x20,0x66,0x6c,0x6f,0x61,0x74,0x32,0x20,0x75,
    0x76,0x20,0x3a,0x20,0x54,0x45,0x58,0x43,0x4f,0x4f,0x52,0x44,0x30,0x3b,0x0a,0x7d,
    0x3b,0x0a,0x0a,0x73,0x74,0x72,0x75,0x63,0x74,0x20,0x53,0x50,0x49,0x52,0x56,0x5f,
    0x43,0x72,0x6f,0x73,0x73,0x5f,0x4f,0x75,0x74,0x70,0x75,0x74,0x0a,0x7b,0x0a,0x20,
    0x20,0x20,0x20,0x66,0x6c,0x6f,0x61,0x74,0x34,0x20,0x66,0x72,0x61,0x67,0x5f,0x63,
    0x6f,0x6c,0x6f,0x72,0x20,0x3a,0x20,0x53,0x56,0x5f,0x54,0x61,0x72,0x67,0x65,0x74,
    0x30,0x3b,0x0a,0x7d,0x3b,0x0a,0x0a,0x76,0x6f,0x69,0x64,0x20,0x66,0x72,0x61,0x67,
    0x5f,0x6d,0x61,0x69,0x6e,0x28,0x29,0x0a,0x7b,0x0a,0x20,0x20,0x20,0x20,0x66,0x6c,
    0x6f,0x61,0x74,0x32,0x20,0x5f,0x32,0x31,0x20,0x3d,0x20,0x5f,0x31,0x33,0x5f,0x64,
    0x69,0x72,0x2e,0x78,0x79,0x20,0x2a,0x20,0x31,0x2e,0x33,0x38,0x34,0x36,0x31,0x34,
    0x39,0x34,0x34,0x34,0x35,0x38,0x30,0x30,0x37,0x38,0x31,0x32,0x35,0x66,0x3b,0x0a,
    0x20,0x20,0x20,0x20,0x66,0x6c,0x6f,0x61,0x74,0x32,0x20,0x5f,0x32,0x37,0x20,0x3d,
    0x20,0x5f,0x31,0x33,0x5f,0x64,0x69,0x72,0x2e,0x78,0x79,0x20,0x2a,0x20,0x33,0x2e,
    0x32,0x33,0x30,0x37,0x36,0x38,0x39,0x31,0x38,0x39,0x39,0x31,0x30,0x38,0x38,0x38,
    0x36,0x37,0x31,0x38,0x37,0x35,0x66,0x3b,0x0a,0x20,0x20,0x20,0x20,0x66,0x72,0x61,
    0x67,0x5f,0x63,0x6f,0x6c,0x6f,0x72,0x20,0x3d,0x20,0x28,0x28,0x28,0x28,0x73,0x72,
    0x63,0x54,0x65,0x78,0x2e,0x53,0x61,0x6d,0x70,0x6c,0x65,0x28,0x73,0x72,0x63,0x53,
    0x6d,0x70,0x2c,0x20,0x75,0x76,0x29,0x20,0x2a,0x20,0x30,0x2e,0x32,0x32,0x37,0x30,
    0x32,0x36,0x39,0x39,0x38,0x39,0x39,0x36,0x37,0x33,0x34,0x36,0x31,0x39,0x31,0x34,
    0x30,0x36,0x32,0x35,0x66,0x29,0x20,0x2b,0x20,0x28,0x73,0x72,0x63,0x54,0x65,0x78,
    0x2e,0x53,0x61,0x6d,0x70,0x6c,0x65,0x28,0x73,0x72,0x63,0x53,0x6d,0x70,0x2c,0x20,
    0x75,0x76,0x20,0x2b,0x20,0x5f,0x32,0x31,0x29,0x20,0x2a,0x20,0x30,0x2e,0x33,0x31,
    0x36,0x32,0x31,0x35,0x39,0x39,0x31,0x39,0x37,0x33,0x38,0x37,0x36,0x39,0x35,0x33,
    0x31,0x32,0x35,0x66,0x29,0x29,0x20,0x2b,0x20,0x28,0x73,0x72,0x63,0x54,0x65,0x78,
    0x2e,0x53,0x61,0x6d,0x70,0x6c,0x65,0x28,0x73,0x72,0x63,0x53,0x6d,0x70,0x2c,0x20,
    0x75,0x76,0x20,0x2d,0x20,0x5f,0x32,0x31,0x29,0x20,0x2a,0x20,0x30,0x2e,0x33,0x31,
    0x36,0x32,0x31,0x35,0x39,0x39,0x31,0x39,0x37,0x33,0x38,0x37,0x36,0x39,0x35,0x33,
    0x31,0x32,0x35,0x66,0x29,0x29,0x20,0x2b,0x20,0x28,0x73,0x72,0x63,0x54,0x65,0x78,
    0x2e,0x53,0x61,0x6d,0x70,0x6c,0x65,0x28,0x73,0x72,0x63,0x53,0x6d,0x70,0x2c,0x20,
    0x75,0x76,0x20,0x2b,0x20,0x5f,0x32,0x37,0x29,0x20,0x2a,0x20,0x30,0x2e,0x30,0x37,
    0x30,0x32,0x37,0x30,0x30,0x30,0x31,0x38,0x38,0x38,0x32,0x37,0x35,0x31,0x34,0x36,
    0x34,0x38,0x34,0x33,0x37,0x35,0x66,0x29,0x29,0x20,0x2b,0x20,0x28,0x73,0x72,0x63,
    0x54,0x65,0x78,0x2e,0x53,0x61,0x6d,0x70,0x6c,0x65,0x28,0x73,0x72,0x63,0x53,0x6d,
    0x70,0x2c,0x20,0x75,0x76,0x20,0x2d,0x20,0x5f,0x32,0x37,0x29,0x20,0x2a,0x20,0x30,
    0x2e,0x30,0x37,0x30,0x32,0x37,0x30,0x30,0x30,0x31,0x38,0x38,0x38,0x32,0x37,0x35,
    0x31,0x34,0x36,0x34,0x38,0x34,0x33,0x37,0x35,0x66,0x29,0x3b,0x0a,0x7d,0x0a,0x0a,
    0x53,0x50,0x49,0x52,0x56,0x5f,0x43,0x72,0x6f,0x73,0x73,0x5f,0x4f,0x75,0x74,0x70,
    0x75,0x74,0x20,0x6d,0x61,0x69,0x6e,0x28,0x53,0x50,0x49,0x52,0x56,0x5f,0x43,0x72,
    0x6f,0x73,0x73,0x5f,0x49,0x6e,0x70,0x75,0x74,0x20,0x73,0x74,0x61,0x67,0x65,0x5f,
    0x69,0x6e,0x70,0x75,0x74,0x29,0x0a,0x7b,0x0a,0x20,0x20,0x20,0x20,0x75,0x76,0x20,
    0x3d,0x20,0x73,0x74,0x61,0x67,0x65,0x5f,0x69,0x6e,0x70,0x75,0x74,0x2e,0x75,0x76,
    0x3b,0x0a,0x20,0x20,0x20,0x20,0x66,0x72,0x61,0x67,0x5f,0x6d,0x61,0x69,0x6e,0x28,
    0x29,0x3b,0x0a,0x20,0x20,0x20,0x20,0x53,0x50,0x49,0x52,0x56,0x5f,0x43,0x72,0x6f,
    0x73,0x73,0x5f,0x4f,0x75,0x74,0x70,0x75,0x74,0x20,0x73,0x74,0x61,0x67,0x65,0x5f,
    0x6f,0x75,0x74,0x70,0x75,0x74,0x3b,0x0a,0x20,0x20,0x20,0x20,0x73,0x74,0x61,0x67,
    0x65,0x5f,0x6f,0x75,0x74,0x70,0x75,0x74,0x2e,0x66,0x72,0x61,0x67,0x5f,0x63,0x6f,
    0x6c,0x6f,0x72,0x20,0x3d,0x20,0x66,0x72,0x61,0x67,0x5f,0x63,0x6f,0x6c,0x6f,0x72,
    0x3b,0x0a,0x20,0x20,0x20,0x20,0x72,0x65,0x74,0x75,0x72,0x6e,0x20,0x73,0x74,0x61,
    0x67,0x65,0x5f,0x6f,0x75,0x74,0x70,0x75,0x74,0x3b,0x0a,0x7d,0x0a,0x00,
};
/*
    #include <metal_stdlib>
    #include <simd/simd.h>

    using namespace metal;

    struct void2d_params
    {
        float4 viewport;
        float4 model0;
        float4 model1;
        float4 globalColor;
        float4 clipU;
        float4 clipV;
    };

    struct main0_out
    {
        float2 uv [[user(locn0)]];
        float4 color [[user(locn1)]];
        float srcPremult [[user(locn2)]];
        float4 clipDistance [[user(locn3)]];
        float4 gl_Position [[position]];
    };

    struct main0_in
    {
        float2 pos [[attribute(0)]];
        float2 uv0 [[attribute(1)]];
        float4 color0 [[attribute(2)]];
    };

    vertex main0_out main0(main0_in in [[stage_in]], constant void2d_params& _13 [[buffer(0)]])
    {
        main0_out out = {};
        float _38 = ((_13.model0.x * in.pos.x) + (_13.model0.z * in.pos.y)) + _13.model1.x;
        float _53 = ((_13.model0.y * in.pos.x) + (_13.model0.w * in.pos.y)) + _13.model1.y;
        float2 _54 = float2(_38, _53);
        out.gl_Position = float4(((_38 / _13.viewport.x) * 2.0) - 1.0, 1.0 - ((_53 / _13.viewport.y) * 2.0), 0.0, 1.0);
        float2 _93;
        if (_13.viewport.z > 0.5)
        {
            _93 = float2(in.uv0.x, 1.0 - in.uv0.y);
        }
        else
        {
            _93 = in.uv0;
        }
        out.uv = _93;
        out.color = in.color0 * _13.globalColor;
        out.srcPremult = _13.viewport.w;
        if (_13.clipU.w > _13.clipU.z)
        {
            float _132 = dot(_54, _13.clipU.xy);
            float _139 = dot(_54, _13.clipV.xy);
            out.clipDistance = float4(_132 - _13.clipU.z, _13.clipU.w - _132, _139 - _13.clipV.z, _13.clipV.w - _139);
        }
        else
        {
            out.clipDistance = float4(1.0);
        }
        return out;
    }

*/
static const uint8_t vs_source_metal_macos[1573] = {
    0x23,0x69,0x6e,0x63,0x6c,0x75,0x64,0x65,0x20,0x3c,0x6d,0x65,0x74,0x61,0x6c,0x5f,
    0x73,0x74,0x64,0x6c,0x69,0x62,0x3e,0x0a,0x23,0x69,0x6e,0x63,0x6c,0x75,0x64,0x65,
    0x20,0x3c,0x73,0x69,0x6d,0x64,0x2f,0x73,0x69,0x6d,0x64,0x2e,0x68,0x3e,0x0a,0x0a,
    0x75,0x73,0x69,0x6e,0x67,0x20,0x6e,0x61,0x6d,0x65,0x73,0x70,0x61,0x63,0x65,0x20,
    0x6d,0x65,0x74,0x61,0x6c,0x3b,0x0a,0x0a,0x73,0x74,0x72,0x75,0x63,0x74,0x20,0x76,
    0x6f,0x69,0x64,0x32,0x64,0x5f,0x70,0x61,0x72,0x61,0x6d,0x73,0x0a,0x7b,0x0a,0x20,
    0x20,0x20,0x20,0x66,0x6c,0x6f,0x61,0x74,0x34,0x20,0x76,0x69,0x65,0x77,0x70,0x6f,
    0x72,0x74,0x3b,0x0a,0x20,0x20,0x20,0x20,0x66,0x6c,0x6f,0x61,0x74,0x34,0x20,0x6d,
    0x6f,0x64,0x65,0x6c,0x30,0x3b,0x0a,0x20,0x20,0x20,0x20,0x66,0x6c,0x6f,0x61,0x74,
    0x34,0x20,0x6d,0x6f,0x64,0x65,0x6c,0x31,0x3b,0x0a,0x20,0x20,0x20,0x20,0x66,0x6c,
    0x6f,0x61,0x74,0x34,0x20,0x67,0x6c,0x6f,0x62,0x61,0x6c,0x43,0x6f,0x6c,0x6f,0x72,
    0x3b,0x0a,0x20,0x20,0x20,0x20,0x66,0x6c,0x6f,0x61,0x74,0x34,0x20,0x63,0x6c,0x69,
    0x70,0x55,0x3b,0x0a,0x20,0x20,0x20,0x20,0x66,0x6c,0x6f,0x61,0x74,0x34,0x20,0x63,
    0x6c,0x69,0x70,0x56,0x3b,0x0a,0x7d,0x3b,0x0a,0x0a,0x73,0x74,0x72,0x75,0x63,0x74,
    0x20,0x6d,0x61,0x69,0x6e,0x30,0x5f,0x6f,0x75,0x74,0x0a,0x7b,0x0a,0x20,0x20,0x20,
    0x20,0x66,0x6c,0x6f,0x61,0x74,0x32,0x20,0x75,0x76,0x20,0x5b,0x5b,0x75,0x73,0x65,
    0x72,0x28,0x6c,0x6f,0x63,0x6e,0x30,0x29,0x5d,0x5d,0x3b,0x0a,0x20,0x20,0x20,0x20,
    0x66,0x6c,0x6f,0x61,0x74,0x34,0x20,0x63,0x6f,0x6c,0x6f,0x72,0x20,0x5b,0x5b,0x75,
    0x73,0x65,0x72,0x28,0x6c,0x6f,0x63,0x6e,0x31,0x29,0x5d,0x5d,0x3b,0x0a,0x20,0x20,
    0x20,0x20,0x66,0x6c,0x6f,0x61,0x74,0x20,0x73,0x72,0x63,0x50,0x72,0x65,0x6d,0x75,
    0x6c,0x74,0x20,0x5b,0x5b,0x75,0x73,0x65,0x72,0x28,0x6c,0x6f,0x63,0x6e,0x32,0x29,
    0x5d,0x5d,0x3b,0x0a,0x20,0x20,0x20,0x20,0x66,0x6c,0x6f,0x61,0x74,0x34,0x20,0x63,
    0x6c,0x69,0x70,0x44,0x69,0x73,0x74,0x61,0x6e,0x63,0x65,0x20,0x5b,0x5b,0x75,0x73,
    0x65,0x72,0x28,0x6c,0x6f,0x63,0x6e,0x33,0x29,0x5d,0x5d,0x3b,0x0a,0x20,0x20,0x20,
    0x20,0x66,0x6c,0x6f,0x61,0x74,0x34,0x20,0x67,0x6c,0x5f,0x50,0x6f,0x73,0x69,0x74,
    0x69,0x6f,0x6e,0x20,0x5b,0x5b,0x70,0x6f,0x73,0x69,0x74,0x69,0x6f,0x6e,0x5d,0x5d,
    0x3b,0x0a,0x7d,0x3b,0x0a,0x0a,0x73,0x74,0x72,0x75,0x63,0x74,0x20,0x6d,0x61,0x69,
    0x6e,0x30,0x5f,0x69,0x6e,0x0a,0x7b,0x0a,0x20,0x20,0x20,0x20,0x66,0x6c,0x6f,0x61,
    0x74,0x32,0x20,0x70,0x6f,0x73,0x20,0x5b,0x5b,0x61,0x74,0x74,0x72,0x69,0x62,0x75,
    0x74,0x65,0x28,0x30,0x29,0x5d,0x5d,0x3b,0x0a,0x20,0x20,0x20,0x20,0x66,0x6c,0x6f,
    0x61,0x74,0x32,0x20,0x75,0x76,0x30,0x20,0x5b,0x5b,0x61,0x74,0x74,0x72,0x69,0x62,
    0x75,0x74,0x65,0x28,0x31,0x29,0x5d,0x5d,0x3b,0x0a,0x20,0x20,0x20,0x20,0x66,0x6c,
    0x6f,0x61,0x74,0x34,0x20,0x63,0x6f,0x6c,0x6f,0x72,0x30,0x20,0x5b,0x5b,0x61,0x74,
    0x74,0x72,0x69,0x62,0x75,0x74,0x65,0x28,0x32,0x29,0x5d,0x5d,0x3b,0x0a,0x7d,0x3b,
    0x0a,0x0a,0x76,0x65,0x72,0x74,0x65,0x78,0x20,0x6d,0x61,0x69,0x6e,0x30,0x5f,0x6f,
    0x75,0x74,0x20,0x6d,0x61,0x69,0x6e,0x30,0x28,0x6d,0x61,0x69,0x6e,0x30,0x5f,0x69,
    0x6e,0x20,0x69,0x6e,0x20,0x5b,0x5b,0x73,0x74,0x61,0x67,0x65,0x5f,0x69,0x6e,0x5d,
    0x5d,0x2c,0x20,0x63,0x6f,0x6e,0x73,0x74,0x61,0x6e,0x74,0x20,0x76,0x6f,0x69,0x64,
    0x32,0x64,0x5f,0x70,0x61,0x72,0x61,0x6d,0x73,0x26,0x20,0x5f,0x31,0x33,0x20,0x5b,
    0x5b,0x62,0x75,0x66,0x66,0x65,0x72,0x28,0x30,0x29,0x5d,0x5d,0x29,0x0a,0x7b,0x0a,
    0x20,0x20,0x20,0x20,0x6d,0x61,0x69,0x6e,0x30,0x5f,0x6f,0x75,0x74,0x20,0x6f,0x75,
    0x74,0x20,0x3d,0x20,0x7b,0x7d,0x3b,0x0a,0x20,0x20,0x20,0x20,0x66,0x6c,0x6f,0x61,
    0x74,0x20,0x5f,0x33,0x38,0x20,0x3d,0x20,0x28,0x28,0x5f,0x31,0x33,0x2e,0x6d,0x6f,
    0x64,0x65,0x6c,0x30,0x2e,0x78,0x20,0x2a,0x20,0x69,0x6e,0x2e,0x70,0x6f,0x73,0x2e,
    0x78,0x29,0x20,0x2b,0x20,0x28,0x5f,0x31,0x33,0x2e,0x6d,0x6f,0x64,0x65,0x6c,0x30,
    0x2e,0x7a,0x20,0x2a,0x20,0x69,0x6e,0x2e,0x70,0x6f,0x73,0x2e,0x79,0x29,0x29,0x20,
    0x2b,0x20,0x5f,0x31,0x33,0x2e,0x6d,0x6f,0x64,0x65,0x6c,0x31,0x2e,0x78,0x3b,0x0a,
    0x20,0x20,0x20,0x20,0x66,0x6c,0x6f,0x61,0x74,0x20,0x5f,0x35,0x33,0x20,0x3d,0x20,
    0x28,0x28,0x5f,0x31,0x33,0x2e,0x6d,0x6f,0x64,0x65,0x6c,0x30,0x2e,0x79,0x20,0x2a,
    0x20,0x69,0x6e,0x2e,0x70,0x6f,0x73,0x2e,0x78,0x29,0x20,0x2b,0x20,0x28,0x5f,0x31,
    0x33,0x2e,0x6d,0x6f,0x64,0x65,0x6c,0x30,0x2e,0x77,0x20,0x2a,0x20,0x69,0x6e,0x2e,
    0x70,0x6f,0x73,0x2e,0x79,0x29,0x29,0x20,0x2b,0x20,0x5f,0x31,0x33,0x2e,0x6d,0x6f,
    0x64,0x65,0x6c,0x31,0x2e,0x79,0x3b,0x0a,0x20,0x20,0x20,0x20,0x66,0x6c,0x6f,0x61,
    0x74,0x32,0x20,0x5f,0x35,0x34,0x20,0x3d,0x20,0x66,0x6c,0x6f,0x61,0x74,0x32,0x28,
    0x5f,0x33,0x38,0x2c,0x20,0x5f,0x35,0x33,0x29,0x3b,0x0a,0x20,0x20,0x20,0x20,0x6f,
    0x75,0x74,0x2e,0x67,0x6c,0x5f,0x50,0x6f,0x73,0x69,0x74,0x69,0x6f,0x6e,0x20,0x3d,
    0x20,0x66,0x6c,0x6f,0x61,0x74,0x34,0x28,0x28,0x28,0x5f,0x33,0x38,0x20,0x2f,0x20,
    0x5f,0x31,0x33,0x2e,0x76,0x69,0x65,0x77,0x70,0x6f,0x72,0x74,0x2e,0x78,0x29,0x20,
    0x2a,0x20,0x32,0x2e,0x30,0x29,0x20,0x2d,0x20,0x31,0x2e,0x30,0x2c,0x20,0x31,0x2e,
    0x30,0x20,0x2d,0x20,0x28,0x28,0x5f,0x35,0x33,0x20,0x2f,0x20,0x5f,0x31,0x33,0x2e,
    0x76,0x69,0x65,0x77,0x70,0x6f,0x72,0x74,0x2e,0x79,0x29,0x20,0x2a,0x20,0x32,0x2e,
    0x30,0x29,0x2c,0x20,0x30,0x2e,0x30,0x2c,0x20,0x31,0x2e,0x30,0x29,0x3b,0x0a,0x20,
    0x20,0x20,0x20,0x66,0x6c,0x6f,0x61,0x74,0x32,0x20,0x5f,0x39,0x33,0x3b,0x0a,0x20,
    0x20,0x20,0x20,0x69,0x66,0x20,0x28,0x5f,0x31,0x33,0x2e,0x76,0x69,0x65,0x77,0x70,
    0x6f,0x72,0x74,0x2e,0x7a,0x20,0x3e,0x20,0x30,0x2e,0x35,0x29,0x0a,0x20,0x20,0x20,
    0x20,0x7b,0x0a,0x20,0x20,0x20,0x20,0x20,0x20,0x20,0x20,0x5f,0x39,0x33,0x20,0x3d,
    0x20,0x66,0x6c,0x6f,0x61,0x74,0x32,0x28,0x69,0x6e,0x2e,0x75,0x76,0x30,0x2e,0x78,
    0x2c,0x20,0x31,0x2e,0x30,0x20,0x2d,0x20,0x69,0x6e,0x2e,0x75,0x76,0x30,0x2e,0x79,
    0x29,0x3b,0x0a,0x20,0x20,0x20,0x20,0x7d,0x0a,0x20,0x20,0x20,0x20,0x65,0x6c,0x73,
    0x65,0x0a,0x20,0x20,0x20,0x20,0x7b,0x0a,0x20,0x20,0x20,0x20,0x20,0x20,0x20,0x20,
    0x5f,0x39,0x33,0x20,0x3d,0x20,0x69,0x6e,0x2e,0x75,0x76,0x30,0x3b,0x0a,0x20,0x20,
    0x20,0x20,0x7d,0x0a,0x20,0x20,0x20,0x20,0x6f,0x75,0x74,0x2e,0x75,0x76,0x20,0x3d,
    0x20,0x5f,0x39,0x33,0x3b,0x0a,0x20,0x20,0x20,0x20,0x6f,0x75,0x74,0x2e,0x63,0x6f,
    0x6c,0x6f,0x72,0x20,0x3d,0x20,0x69,0x6e,0x2e,0x63,0x6f,0x6c,0x6f,0x72,0x30,0x20,
    0x2a,0x20,0x5f,0x31,0x33,0x2e,0x67,0x6c,0x6f,0x62,0x61,0x6c,0x43,0x6f,0x6c,0x6f,
    0x72,0x3b,0x0a,0x20,0x20,0x20,0x20,0x6f,0x75,0x74,0x2e,0x73,0x72,0x63,0x50,0x72,
    0x65,0x6d,0x75,0x6c,0x74,0x20,0x3d,0x20,0x5f,0x31,0x33,0x2e,0x76,0x69,0x65,0x77,
    0x70,0x6f,0x72,0x74,0x2e,0x77,0x3b,0x0a,0x20,0x20,0x20,0x20,0x69,0x66,0x20,0x28,
    0x5f,0x31,0x33,0x2e,0x63,0x6c,0x69,0x70,0x55,0x2e,0x77,0x20,0x3e,0x20,0x5f,0x31,
    0x33,0x2e,0x63,0x6c,0x69,0x70,0x55,0x2e,0x7a,0x29,0x0a,0x20,0x20,0x20,0x20,0x7b,
    0x0a,0x20,0x20,0x20,0x20,0x20,0x20,0x20,0x20,0x66,0x6c,0x6f,0x61,0x74,0x20,0x5f,
    0x31,0x33,0x32,0x20,0x3d,0x20,0x64,0x6f,0x74,0x28,0x5f,0x35,0x34,0x2c,0x20,0x5f,
    0x31,0x33,0x2e,0x63,0x6c,0x69,0x70,0x55,0x2e,0x78,0x79,0x29,0x3b,0x0a,0x20,0x20,
    0x20,0x20,0x20,0x20,0x20,0x20,0x66,0x6c,0x6f,0x61,0x74,0x20,0x5f,0x31,0x33,0x39,
    0x20,0x3d,0x20,0x64,0x6f,0x74,0x28,0x5f,0x35,0x34,0x2c,0x20,0x5f,0x31,0x33,0x2e,
    0x63,0x6c,0x69,0x70,0x56,0x2e,0x78,0x79,0x29,0x3b,0x0a,0x20,0x20,0x20,0x20,0x20,
    0x20,0x20,0x20,0x6f,0x75,0x74,0x2e,0x63,0x6c,0x69,0x70,0x44,0x69,0x73,0x74,0x61,
    0x6e,0x63,0x65,0x20,0x3d,0x20,0x66,0x6c,0x6f,0x61,0x74,0x34,0x28,0x5f,0x31,0x33,
    0x32,0x20,0x2d,0x20,0x5f,0x31,0x33,0x2e,0x63,0x6c,0x69,0x70,0x55,0x2e,0x7a,0x2c,
    0x20,0x5f,0x31,0x33,0x2e,0x63,0x6c,0x69,0x70,0x55,0x2e,0x77,0x20,0x2d,0x20,0x5f,
    0x31,0x33,0x32,0x2c,0x20,0x5f,0x31,0x33,0x39,0x20,0x2d,0x20,0x5f,0x31,0x33,0x2e,
    0x63,0x6c,0x69,0x70,0x56,0x2e,0x7a,0x2c,0x20,0x5f,0x31,0x33,0x2e,0x63,0x6c,0x69,
    0x70,0x56,0x2e,0x77,0x20,0x2d,0x20,0x5f,0x31,0x33,0x39,0x29,0x3b,0x0a,0x20,0x20,
    0x20,0x20,0x7d,0x0a,0x20,0x20,0x20,0x20,0x65,0x6c,0x73,0x65,0x0a,0x20,0x20,0x20,
    0x20,0x7b,0x0a,0x20,0x20,0x20,0x20,0x20,0x20,0x20,0x20,0x6f,0x75,0x74,0x2e,0x63,
    0x6c,0x69,0x70,0x44,0x69,0x73,0x74,0x61,0x6e,0x63,0x65,0x20,0x3d,0x20,0x66,0x6c,
    0x6f,0x61,0x74,0x34,0x28,0x31,0x2e,0x30,0x29,0x3b,0x0a,0x20,0x20,0x20,0x20,0x7d,
    0x0a,0x20,0x20,0x20,0x20,0x72,0x65,0x74,0x75,0x72,0x6e,0x20,0x6f,0x75,0x74,0x3b,
    0x0a,0x7d,0x0a,0x0a,0x00,
};
/*
    #pragma clang diagnostic ignored "-Wmissing-prototypes"

    #include <metal_stdlib>
    #include <simd/simd.h>

    using namespace metal;

    // Implementation of the GLSL mod() function, which is slightly different than Metal fmod()
    template<typename Tx, typename Ty>
    inline Tx mod(Tx x, Ty y)
    {
        return x - y * floor(x / y);
    }

    struct void2d_fx
    {
        float4x4 colorMatrix;
        float4 colorAdd;
        float4 colorKey;
        float4 gradientMeta;
        float4 gradientParams;
        float4 gradientColor0;
        float4 gradientColor1;
        float4 gradientColor2;
    };

    struct main0_out
    {
        float4 frag_color [[color(0)]];
    };

    struct main0_in
    {
        float2 uv [[user(locn0)]];
        float4 color [[user(locn1)]];
        float srcPremult [[user(locn2)]];
        float4 clipDistance [[user(locn3)]];
    };

    static inline __attribute__((always_inline))
    float3 srgbToLinear(thread const float3& c)
    {
        return select(powr((c + float3(0.054999999701976776123046875)) * float3(0.947867333889007568359375), float3(2.400000095367431640625)), c * float3(0.077399380505084991455078125), c <= float3(0.040449999272823333740234375));
    }

    static inline __attribute__((always_inline))
    float3 linearToOklab(thread const float3& c)
    {
        float3 _138 = float3(((0.4122214615345001220703125 * c.x) + (0.536332547664642333984375 * c.y)) + (0.0514459945261478424072265625 * c.z), ((0.21190349757671356201171875 * c.x) + (0.680699527263641357421875 * c.y)) + (0.10739696025848388671875 * c.z), ((0.0883024632930755615234375 * c.x) + (0.28171885013580322265625 * c.y)) + (0.629978716373443603515625 * c.z));
        float3 _146 = sign(_138) * powr(abs(_138), float3(0.3333333432674407958984375));
        float _149 = _146.x;
        float _153 = _146.y;
        float _158 = _146.z;
        return float3(((0.2104542553424835205078125 * _149) + (0.793617784976959228515625 * _153)) - (0.004072046838700771331787109375 * _158), ((1.9779984951019287109375 * _149) - (2.428592205047607421875 * _153)) + (0.4505937099456787109375 * _158), ((0.025904037058353424072265625 * _149) + (0.782771766185760498046875 * _153)) - (0.8086757659912109375 * _158));
    }

    static inline __attribute__((always_inline))
    float3 oklabToLinear(thread const float3& c)
    {
        float3 _229 = float3((c.x + (0.3963377773761749267578125 * c.y)) + (0.21580375730991363525390625 * c.z), (c.x - (0.1055613458156585693359375 * c.y)) - (0.06385417282581329345703125 * c.z), (c.x - (0.089484177529811859130859375 * c.y)) - (1.2914855480194091796875 * c.z));
        float3 _234 = (_229 * _229) * _229;
        float _237 = _234.x;
        float _241 = _234.y;
        float _246 = _234.z;
        return float3(((4.076741695404052734375 * _237) - (3.30771160125732421875 * _241)) + (0.2309699356555938720703125 * _246), (((-1.26843798160552978515625) * _237) + (2.60975742340087890625 * _241)) - (0.341319382190704345703125 * _246), (((-0.0041960864327847957611083984375) * _237) - (0.70341861248016357421875 * _241)) + (1.7076146602630615234375 * _246));
    }

    static inline __attribute__((always_inline))
    float3 linearToSrgb(thread const float3& c)
    {
        return select((float3(1.05499994754791259765625) * powr(fast::max(c, float3(0.0)), float3(0.4166666567325592041015625))) - float3(0.054999999701976776123046875), c * 12.9200000762939453125, c <= float3(0.003130800090730190277099609375));
    }

    static inline __attribute__((always_inline))
    float4 mixGradient(thread const float4& a, thread const float4& b, thread const float& t, constant void2d_fx& _283)
    {
        float3 rgb;
        if (_283.gradientMeta.y > 0.5)
        {
            float3 param = a.xyz;
            float3 param_1 = srgbToLinear(param);
            float3 param_2 = b.xyz;
            float3 param_3 = srgbToLinear(param_2);
            float3 param_4 = mix(linearToOklab(param_1), linearToOklab(param_3), float3(t));
            float3 param_5 = oklabToLinear(param_4);
            rgb = linearToSrgb(param_5);
        }
        else
        {
            rgb = mix(a.xyz, b.xyz, float3(t));
        }
        return float4(rgb, mix(a.w, b.w, t));
    }

    static inline __attribute__((always_inline))
    float4 gradientAt(thread const float& t, constant void2d_fx& _283)
    {
        if ((_283.gradientMeta.w > 0.0) && (_283.gradientMeta.w < 1.0))
        {
            if (t < _283.gradientMeta.w)
            {
                float4 param = _283.gradientColor0;
                float4 param_1 = _283.gradientColor1;
                float param_2 = t / _283.gradientMeta.w;
                return mixGradient(param, param_1, param_2, _283);
            }
            float4 param_3 = _283.gradientColor1;
            float4 param_4 = _283.gradientColor2;
            float param_5 = (t - _283.gradientMeta.w) / (1.0 - _283.gradientMeta.w);
            return mixGradient(param_3, param_4, param_5, _283);
        }
        float4 param_6 = _283.gradientColor0;
        float4 param_7 = _283.gradientColor1;
        float param_8 = t;
        return mixGradient(param_6, param_7, param_8, _283);
    }

    static inline __attribute__((always_inline))
    float bayer4(thread const float2& pixel)
    {
        int _404 = int(mod(floor(pixel.x), 4.0));
        int _410 = int(mod(floor(pixel.y), 4.0));
        if (_410 == 0)
        {
            if (_404 == 0)
            {
                return 0.0;
            }
            if (_404 == 1)
            {
                return 8.0;
            }
            if (_404 == 2)
            {
                return 2.0;
            }
            return 10.0;
        }
        if (_410 == 1)
        {
            if (_404 == 0)
            {
                return 12.0;
            }
            if (_404 == 1)
            {
                return 4.0;
            }
            if (_404 == 2)
            {
                return 14.0;
            }
            return 6.0;
        }
        if (_410 == 2)
        {
            if (_404 == 0)
            {
                return 3.0;
            }
            if (_404 == 1)
            {
                return 11.0;
            }
            if (_404 == 2)
            {
                return 1.0;
            }
            return 9.0;
        }
        if (_404 == 0)
        {
            return 15.0;
        }
        if (_404 == 1)
        {
            return 7.0;
        }
        if (_404 == 2)
        {
            return 13.0;
        }
        return 5.0;
    }

    fragment main0_out main0(main0_in in [[stage_in]], constant void2d_fx& _283 [[buffer(1)]], texture2d<float> tex [[texture(0)]], sampler smp [[sampler(0)]], float4 gl_FragCoord [[position]])
    {
        main0_out out = {};
        if (fast::min(fast::min(in.clipDistance.x, in.clipDistance.y), fast::min(in.clipDistance.z, in.clipDistance.w)) < 0.0)
        {
            discard_fragment();
        }
        int _526 = int(_283.gradientMeta.x + 0.5);
        bool _528 = _526 == 1;
        float4 texel;
        if (_528 || (_526 == 2))
        {
            float _537;
            if (_528)
            {
                _537 = fast::clamp(in.uv.x, 0.0, 1.0);
            }
            else
            {
                _537 = fast::clamp(length(in.uv), 0.0, 1.0);
            }
            float param = _537;
            texel = gradientAt(param, _283);
            if (_283.gradientMeta.z > 0.5)
            {
                float2 param_1 = gl_FragCoord.xy;
                float4 _569 = texel;
                float3 _575 = fast::clamp(_569.xyz + float3((bayer4(param_1) - 7.5) * 0.00104575161822140216827392578125), float3(0.0), float3(1.0));
                float4 _738 = _569;
                _738.x = _575.x;
                _738.y = _575.y;
                _738.z = _575.z;
                texel = _738;
            }
        }
        else
        {
            if (_526 == 3)
            {
                float _591 = fast::max(_283.gradientParams.x, 1.0);
                float4 _606;
                if (mod(in.uv.x + in.uv.y, _591) < fast::clamp(_283.gradientParams.y, 0.0, _591))
                {
                    _606 = _283.gradientColor1;
                }
                else
                {
                    _606 = _283.gradientColor0;
                }
                texel = _606;
            }
            else
            {
                if (_526 == 4)
                {
                    float _623 = fast::max(_283.gradientParams.x, 1.0);
                    float4 _639;
                    if (mod(floor(in.uv.x / _623) + floor(in.uv.y / _623), 2.0) < 1.0)
                    {
                        _639 = _283.gradientColor0;
                    }
                    else
                    {
                        _639 = _283.gradientColor1;
                    }
                    texel = _639;
                }
                else
                {
                    texel = tex.sample(smp, in.uv);
                }
            }
        }
        if (_283.colorKey.w > 0.5)
        {
            float3 _673 = abs(texel.xyz - _283.colorKey.xyz);
            if (((_673.x + _673.y) + _673.z) < 0.07999999821186065673828125)
            {
                float4 _746 = texel;
                _746.w = 0.0;
                texel = _746;
            }
        }
        float4 _691 = texel * in.color;
        float3 _693 = _691.xyz;
        float3 _702 = mix(_693, _693 * in.color.w, float3(in.srcPremult));
        float4 _749 = _691;
        _749.x = _702.x;
        _749.y = _702.y;
        _749.z = _702.z;
        float4 _717 = (_283.colorMatrix * _749) + _283.colorAdd;
        float _722 = _717.w;
        out.frag_color = mix(float4(_717.xyz * _722, _722), _717, float4(in.srcPremult));
        return out;
    }

*/
static const uint8_t fs_source_metal_macos[8823] = {
    0x23,0x70,0x72,0x61,0x67,0x6d,0x61,0x20,0x63,0x6c,0x61,0x6e,0x67,0x20,0x64,0x69,
    0x61,0x67,0x6e,0x6f,0x73,0x74,0x69,0x63,0x20,0x69,0x67,0x6e,0x6f,0x72,0x65,0x64,
    0x20,0x22,0x2d,0x57,0x6d,0x69,0x73,0x73,0x69,0x6e,0x67,0x2d,0x70,0x72,0x6f,0x74,
    0x6f,0x74,0x79,0x70,0x65,0x73,0x22,0x0a,0x0a,0x23,0x69,0x6e,0x63,0x6c,0x75,0x64,
    0x65,0x20,0x3c,0x6d,0x65,0x74,0x61,0x6c,0x5f,0x73,0x74,0x64,0x6c,0x69,0x62,0x3e,
    0x0a,0x23,0x69,0x6e,0x63,0x6c,0x75,0x64,0x65,0x20,0x3c,0x73,0x69,0x6d,0x64,0x2f,
    0x73,0x69,0x6d,0x64,0x2e,0x68,0x3e,0x0a,0x0a,0x75,0x73,0x69,0x6e,0x67,0x20,0x6e,
    0x61,0x6d,0x65,0x73,0x70,0x61,0x63,0x65,0x20,0x6d,0x65,0x74,0x61,0x6c,0x3b,0x0a,
    0x0a,0x2f,0x2f,0x20,0x49,0x6d,0x70,0x6c,0x65,0x6d,0x65,0x6e,0x74,0x61,0x74,0x69,
    0x6f,0x6e,0x20,0x6f,0x66,0x20,0x74,0x68,0x65,0x20,0x47,0x4c,0x53,0x4c,0x20,0x6d,
    0x6f,0x64,0x28,0x29,0x20,0x66,0x75,0x6e,0x63,0x74,0x69,0x6f,0x6e,0x2c,0x20,0x77,
    0x68,0x69,0x63,0x68,0x20,0x69,0x73,0x20,0x73,0x6c,0x69,0x67,0x68,0x74,0x6c,0x79,
    0x20,0x64,0x69,0x66,0x66,0x65,0x72,0x65,0x6e,0x74,0x20,0x74,0x68,0x61,0x6e,0x20,
    0x4d,0x65,0x74,0x61,0x6c,0x20,0x66,0x6d,0x6f,0x64,0x28,0x29,0x0a,0x74,0x65,0x6d,
    0x70,0x6c,0x61,0x74,0x65,0x3c,0x74,0x79,0x70,0x65,0x6e,0x61,0x6d,0x65,0x20,0x54,
    0x78,0x2c,0x20,0x74,0x79,0x70,0x65,0x6e,0x61,0x6d,0x65,0x20,0x54,0x79,0x3e,0x0a,
    0x69,0x6e,0x6c,0x69,0x6e,0x65,0x20,0x54,0x78,0x20,0x6d,0x6f,0x64,0x28,0x54,0x78,
    0x20,0x78,0x2c,0x20,0x54,0x79,0x20,0x79,0x29,0x0a,0x7b,0x0a,0x20,0x20,0x20,0x20,
    0x72,0x65,0x74,0x75,0x72,0x6e,0x20,0x78,0x20,0x2d,0x20,0x79,0x20,0x2a,0x20,0x66,
    0x6c,0x6f,0x6f,0x72,0x28,0x78,0x20,0x2f,0x20,0x79,0x29,0x3b,0x0a,0x7d,0x0a,0x0a,
    0x73,0x74,0x72,0x75,0x63,0x74,0x20,0x76,0x6f,0x69,0x64,0x32,0x64,0x5f,0x66,0x78,
    0x0a,0x7b,0x0a,0x20,0x20,0x20,0x20,0x66,0x6c,0x6f,0x61,0x74,0x34,0x78,0x34,0x20,
    0x63,0x6f,0x6c,0x6f,0x72,0x4d,0x61,0x74,0x72,0x69,0x78,0x3b,0x0a,0x20,0x20,0x20,
    0x20,0x66,0x6c,0x6f,0x61,0x74,0x34,0x20,0x63,0x6f,0x6c,0x6f,0x72,0x41,0x64,0x64,
    0x3b,0x0a,0x20,0x20,0x20,0x20,0x66,0x6c,0x6f,0x61,0x74,0x34,0x20,0x63,0x6f,0x6c,
    0x6f,0x72,0x4b,0x65,0x79,0x3b,0x0a,0x20,0x20,0x20,0x20,0x66,0x6c,0x6f,0x61,0x74,
    0x34,0x20,0x67,0x72,0x61,0x64,0x69,0x65,0x6e,0x74,0x4d,0x65,0x74,0x61,0x3b,0x0a,
    0x20,0x20,0x20,0x20,0x66,0x6c,0x6f,0x61,0x74,0x34,0x20,0x67,0x72,0x61,0x64,0x69,
    0x65,0x6e,0x74,0x50,0x61,0x72,0x61,0x6d,0x73,0x3b,0x0a,0x20,0x20,0x20,0x20,0x66,
    0x6c,0x6f,0x61,0x74,0x34,0x20,0x67,0x72,0x61,0x64,0x69,0x65,0x6e,0x74,0x43,0x6f,
    0x6c,0x6f,0x72,0x30,0x3b,0x0a,0x20,0x20,0x20,0x20,0x66,0x6c,0x6f,0x61,0x74,0x34,
    0x20,0x67,0x72,0x61,0x64,0x69,0x65,0x6e,0x74,0x43,0x6f,0x6c,0x6f,0x72,0x31,0x3b,
    0x0a,0x20,0x20,0x20,0x20,0x66,0x6c,0x6f,0x61,0x74,0x34,0x20,0x67,0x72,0x61,0x64,
    0x69,0x65,0x6e,0x74,0x43,0x6f,0x6c,0x6f,0x72,0x32,0x3b,0x0a,0x7d,0x3b,0x0a,0x0a,
    0x73,0x74,0x72,0x75,0x63,0x74,0x20,0x6d,0x61,0x69,0x6e,0x30,0x5f,0x6f,0x75,0x74,
    0x0a,0x7b,0x0a,0x20,0x20,0x20,0x20,0x66,0x6c,0x6f,0x61,0x74,0x34,0x20,0x66,0x72,
    0x61,0x67,0x5f,0x63,0x6f,0x6c,0x6f,0x72,0x20,0x5b,0x5b,0x63,0x6f,0x6c,0x6f,0x72,
    0x28,0x30,0x29,0x5d,0x5d,0x3b,0x0a,0x7d,0x3b,0x0a,0x0a,0x73,0x74,0x72,0x75,0x63,
    0x74,0x20,0x6d,0x61,0x69,0x6e,0x30,0x5f,0x69,0x6e,0x0a,0x7b,0x0a,0x20,0x20,0x20,
    0x20,0x66,0x6c,0x6f,0x61,0x74,0x32,0x20,0x75,0x76,0x20,0x5b,0x5b,0x75,0x73,0x65,
    0x72,0x28,0x6c,0x6f,0x63,0x6e,0x30,0x29,0x5d,0x5d,0x3b,0x0a,0x20,0x20,0x20,0x20,
    0x66,0x6c,0x6f,0x61,0x74,0x34,0x20,0x63,0x6f,0x6c,0x6f,0x72,0x20,0x5b,0x5b,0x75,
    0x73,0x65,0x72,0x28,0x6c,0x6f,0x63,0x6e,0x31,0x29,0x5d,0x5d,0x3b,0x0a,0x20,0x20,
    0x20,0x20,0x66,0x6c,0x6f,0x61,0x74,0x20,0x73,0x72,0x63,0x50,0x72,0x65,0x6d,0x75,
    0x6c,0x74,0x20,0x5b,0x5b,0x75,0x73,0x65,0x72,0x28,0x6c,0x6f,0x63,0x6e,0x32,0x29,
    0x5d,0x5d,0x3b,0x0a,0x20,0x20,0x20,0x20,0x66,0x6c,0x6f,0x61,0x74,0x34,0x20,0x63,
    0x6c,0x69,0x70,0x44,0x69,0x73,0x74,0x61,0x6e,0x63,0x65,0x20,0x5b,0x5b,0x75,0x73,
    0x65,0x72,0x28,0x6c,0x6f,0x63,0x6e,0x33,0x29,0x5d,0x5d,0x3b,0x0a,0x7d,0x3b,0x0a,
    0x0a,0x73,0x74,0x61,0x74,0x69,0x63,0x20,0x69,0x6e,0x6c,0x69,0x6e,0x65,0x20,0x5f,
    0x5f,0x61,0x74,0x74,0x72,0x69,0x62,0x75,0x74,0x65,0x5f,0x5f,0x28,0x28,0x61,0x6c,
    0x77,0x61,0x79,0x73,0x5f,0x69,0x6e,0x6c,0x69,0x6e,0x65,0x29,0x29,0x0a,0x66,0x6c,
    0x6f,0x61,0x74,0x33,0x20,0x73,0x72,0x67,0x62,0x54,0x6f,0x4c,0x69,0x6e,0x65,0x61,
    0x72,0x28,0x74,0x68,0x72,0x65,0x61,0x64,0x20,0x63,0x6f,0x6e,0x73,0x74,0x20,0x66,
    0x6c,0x6f,0x61,0x74,0x33,0x26,0x20,0x63,0x29,0x0a,0x7b,0x0a,0x20,0x20,0x20,0x20,
    0x72,0x65,0x74,0x75,0x72,0x6e,0x20,0x73,0x65,0x6c,0x65,0x63,0x74,0x28,0x70,0x6f,
    0x77,0x72,0x28,0x28,0x63,0x20,0x2b,0x20,0x66,0x6c,0x6f,0x61,0x74,0x33,0x28,0x30,
    0x2e,0x30,0x35,0x34,0x39,0x39,0x39,0x39,0x39,0x39,0x37,0x30,0x31,0x39,0x37,0x36,
    0x37,0x37,0x36,0x31,0x32,0x33,0x30,0x34,0x36,0x38,0x37,0x35,0x29,0x29,0x20,0x2a,
    0x20,0x66,0x6c,0x6f,0x61,0x74,0x33,0x28,0x30,0x2e,0x39,0x34,0x37,0x38,0x36,0x37,
    0x33,0x33,0x33,0x38,0x38,0x39,0x30,0x30,0x37,0x35,0x36,0x38,0x33,0x35,0x39,0x33,
    0x37,0x35,0x29,0x2c,0x20,0x66,0x6c,0x6f,0x61,0x74,0x33,0x28,0x32,0x2e,0x34,0x30,
    0x30,0x30,0x30,0x30,0x30,0x39,0x35,0x33,0x36,0x37,0x34,0x33,0x31,0x36,0x34,0x30,
    0x36,0x32,0x35,0x29,0x29,0x2c,0x20,0x63,0x20,0x2a,0x20,0x66,0x6c,0x6f,0x61,0x74,
    0x33,0x28,0x30,0x2e,0x30,0x37,0x37,0x33,0x39,0x39,0x33,0x38,0x30,0x35,0x30,0x35,
    0x30,0x38,0x34,0x39,0x39,0x31,0x34,0x35,0x35,0x30,0x37,0x38,0x31,0x32,0x35,0x29,
    0x2c,0x20,0x63,0x20,0x3c,0x3d,0x20,0x66,0x6c,0x6f,0x61,0x74,0x33,0x28,0x30,0x2e,
    0x30,0x34,0x30,0x34,0x34,0x39,0x39,0x39,0x39,0x32,0x37,0x32,0x38,0x32,0x33,0x33,
    0x33,0x33,0x37,0x34,0x30,0x32,0x33,0x34,0x33,0x37,0x35,0x29,0x29,0x3b,0x0a,0x7d,
    0x0a,0x0a,0x73,0x74,0x61,0x74,0x69,0x63,0x20,0x69,0x6e,0x6c,0x69,0x6e,0x65,0x20,
    0x5f,0x5f,0x61,0x74,0x74,0x72,0x69,0x62,0x75,0x74,0x65,0x5f,0x5f,0x28,0x28,0x61,
    0x6c,0x77,0x61,0x79,0x73,0x5f,0x69,0x6e,0x6c,0x69,0x6e,0x65,0x29,0x29,0x0a,0x66,
    0x6c,0x6f,0x61,0x74,0x33,0x20,0x6c,0x69,0x6e,0x65,0x61,0x72,0x54,0x6f,0x4f,0x6b,
    0x6c,0x61,0x62,0x28,0x74,0x68,0x72,0x65,0x61,0x64,0x20,0x63,0x6f,0x6e,0x73,0x74,
    0x20,0x66,0x6c,0x6f,0x61,0x74,0x33,0x26,0x20,0x63,0x29,0x0a,0x7b,0x0a,0x20,0x20,
    0x20,0x20,0x66,0x6c,0x6f,0x61,0x74,0x33,0x20,0x5f,0x31,0x33,0x38,0x20,0x3d,0x20,
    0x66,0x6c,0x6f,0x61,0x74,0x33,0x28,0x28,0x28,0x30,0x2e,0x34,0x31,0x32,0x32,0x32,
    0x31,0x34,0x36,0x31,0x35,0x33,0x34,0x35,0x30,0x30,0x31,0x32,0x32,0x30,0x37,0x30,
    0x33,0x31,0x32,0x35,0x20,0x2a,0x20,0x63,0x2e,0x78,0x29,0x20,0x2b,0x20,0x28,0x30,
    0x2e,0x35,0x33,0x36,0x33,0x33,0x32,0x35,0x34,0x37,0x36,0x36,0x34,0x36,0x34,0x32,
    0x33,0x33,0x33,0x39,0x38,0x34,0x33,0x37,0x35,0x20,0x2a,0x20,0x63,0x2e,0x79,0x29,
    0x29,0x20,0x2b,0x20,0x28,0x30,0x2e,0x30,0x35,0x31,0x34,0x34,0x35,0x39,0x39,0x34,
    0x35,0x32,0x36,0x31,0x34,0x37,0x38,0x34,0x32,0x34,0x30,0x37,0x32,0x32,0x36,0x35,
    0x36,0x32,0x35,0x20,0x2a,0x20,0x63,0x2e,0x7a,0x29,0x2c,0x20,0x28,0x28,0x30,0x2e,
    0x32,0x31,0x31,0x39,0x30,0x33,0x34,0x39,0x37,0x35,0x37,0x36,0x37,0x31,0x33,0x35,
    0x36,0x32,0x30,0x31,0x31,0x37,0x31,0x38,0x37,0x35,0x20,0x2a,0x20,0x63,0x2e,0x78,
    0x29,0x20,0x2b,0x20,0x28,0x30,0x2e,0x36,0x38,0x30,0x36,0x39,0x39,0x35,0x32,0x37,
    0x32,0x36,0x33,0x36,0x34,0x31,0x33,0x35,0x37,0x34,0x32,0x31,0x38,0x37,0x35,0x20,
    0x2a,0x20,0x63,0x2e,0x79,0x29,0x29,0x20,0x2b,0x20,0x28,0x30,0x2e,0x31,0x30,0x37,
    0x33,0x39,0x36,0x39,0x36,0x30,0x32,0x35,0x38,0x34,0x38,0x33,0x38,0x38,0x36,0x37,
    0x31,0x38,0x37,0x35,0x20,0x2a,0x20,0x63,0x2e,0x7a,0x29,0x2c,0x20,0x28,0x28,0x30,
    0x2e,0x30,0x38,0x38,0x33,0x30,0x32,0x34,0x36,0x33,0x32,0x39,0x33,0x30,0x37,0x35,
    0x35,0x36,0x31,0x35,0x32,0x33,0x34,0x33,0x37,0x35,0x20,0x2a,0x20,0x63,0x2e,0x78,
    0x29,0x20,0x2b,0x20,0x28,0x30,0x2e,0x32,0x38,0x31,0x37,0x31,0x38,0x38,0x35,0x30,
    0x31,0x33,0x35,0x38,0x30,0x33,0x32,0x32,0x32,0x36,0x35,0x36,0x32,0x35,0x20,0x2a,
    0x20,0x63,0x2e,0x79,0x29,0x29,0x20,0x2b,0x20,0x28,0x30,0x2e,0x36,0x32,0x39,0x39,
    0x37,0x38,0x37,0x31,0x36,0x33,0x37,0x33,0x34,0x34,0x33,0x36,0x30,0x33,0x35,0x31,
    0x35,0x36,0x32,0x35,0x20,0x2a,0x20,0x63,0x2e,0x7a,0x29,0x29,0x3b,0x0a,0x20,0x20,
    0x20,0x20,0x66,0x6c,0x6f,0x61,0x74,0x33,0x20,0x5f,0x31,0x34,0x36,0x20,0x3d,0x20,
    0x73,0x69,0x67,0x6e,0x28,0x5f,0x31,0x33,0x38,0x29,0x20,0x2a,0x20,0x70,0x6f,0x77,
    0x72,0x28,0x61,0x62,0x73,0x28,0x5f,0x31,0x33,0x38,0x29,0x2c,0x20,0x66,0x6c,0x6f,
    0x61,0x74,0x33,0x28,0x30,0x2e,0x33,0x33,0x33,0x33,0x33,0x33,0x33,0x34,0x33,0x32,
    0x36,0x37,0x34,0x34,0x30,0x37,0x39,0x35,0x38,0x39,0x38,0x34,0x33,0x37,0x35,0x29,
    0x29,0x3b,0x0a,0x20,0x20,0x20,0x20,0x66,0x6c,0x6f,0x61,0x74,0x20,0x5f,0x31,0x34,
    0x39,0x20,0x3d,0x20,0x5f,0x31,0x34,0x36,0x2e,0x78,0x3b,0x0a,0x20,0x20,0x20,0x20,
    0x66,0x6c,0x6f,0x61,0x74,0x20,0x5f,0x31,0x35,0x33,0x20,0x3d,0x20,0x5f,0x31,0x34,
    0x36,0x2e,0x79,0x3b,0x0a,0x20,0x20,0x20,0x20,0x66,0x6c,0x6f,0x61,0x74,0x20,0x5f,
    0x31,0x35,0x38,0x20,0x3d,0x20,0x5f,0x31,0x34,0x36,0x2e,0x7a,0x3b,0x0a,0x20,0x20,
    0x20,0x20,0x72,0x65,0x74,0x75,0x72,0x6e,0x20,0x66,0x6c,0x6f,0x61,0x74,0x33,0x28,
    0x28,0x28,0x30,0x2e,0x32,0x31,0x30,0x34,0x35,0x34,0x32,0x35,0x35,0x33,0x34,0x32,
    0x34,0x38,0x33,0x35,0x32,0x30,0x35,0x30,0x37,0x38,0x31,0x32,0x35,0x20,0x2a,0x20,
    0x5f,0x31,0x34,0x39,0x29,0x20,0x2b,0x20,0x28,0x30,0x2e,0x37,0x39,0x33,0x36,0x31,
    0x37,0x37,0x38,0x34,0x39,0x37,0x36,0x39,0x35,0x39,0x32,0x32,0x38,0x35,0x31,0x35,
    0x36,0x32,0x35,0x20,0x2a,0x20,0x5f,0x31,0x35,0x33,0x29,0x29,0x20,0x2d,0x20,0x28,
    0x30,0x2e,0x30,0x30,0x34,0x30,0x37,0x32,0x30,0x34,0x36,0x38,0x33,0x38,0x37,0x30,
    0x30,0x37,0x37,0x31,0x33,0x33,0x31,0x37,0x38,0x37,0x31,0x30,0x39,0x33,0x37,0x35,
    0x20,0x2a,0x20,0x5f,0x31,0x35,0x38,0x29,0x2c,0x20,0x28,0x28,0x31,0x2e,0x39,0x37,
    0x37,0x39,0x39,0x38,0x34,0x39,0x35,0x31,0x30,0x31,0x39,0x32,0x38,0x37,0x31,0x30,
    0x39,0x33,0x37,0x35,0x20,0x2a,0x20,0x5f,0x31,0x34,0x39,0x29,0x20,0x2d,0x20,0x28,
    0x32,0x2e,0x34,0x32,0x38,0x35,0x39,0x32,0x32,0x30,0x35,0x30,0x34,0x37,0x36,0x30,
    0x37,0x34,0x32,0x31,0x38,0x37,0x35,0x20,0x2a,0x20,0x5f,0x31,0x35,0x33,0x29,0x29,
    0x20,0x2b,0x20,0x28,0x30,0x2e,0x34,0x35,0x30,0x35,0x39,0x33,0x37,0x30,0x39,0x39,
    0x34,0x35,0x36,0x37,0x38,0x37,0x31,0x30,0x39,0x33,0x37,0x35,0x20,0x2a,0x20,0x5f,
    0x31,0x35,0x38,0x29,0x2c,0x20,0x28,0x28,0x30,0x2e,0x30,0x32,0x35,0x39,0x30,0x34,
    0x30,0x33,0x37,0x30,0x35,0x38,0x33,0x35,0x33,0x34,0x32,0x34,0x30,0x37,0x32,0x32,
    0x36,0x35,0x36,0x32,0x35,0x20,0x2a,0x20,0x5f,0x31,0x34,0x39,0x29,0x20,0x2b,0x20,
    0x28,0x30,0x2e,0x37,0x38,0x32,0x37,0x37,0x31,0x37,0x36,0x36,0x31,0x38,0x35,0x37,
    0x36,0x30,0x34,0x39,0x38,0x30,0x34,0x36,0x38,0x37,0x35,0x20,0x2a,0x20,0x5f,0x31,
    0x35,0x33,0x29,0x29,0x20,0x2d,0x20,0x28,0x30,0x2e,0x38,0x30,0x38,0x36,0x37,0x35,
    0x37,0x36,0x35,0x39,0x39,0x31,0x32,0x31,0x30,0x39,0x33,0x37,0x35,0x20,0x2a,0x20,
    0x5f,0x31,0x35,0x38,0x29,0x29,0x3b,0x0a,0x7d,0x0a,0x0a,0x73,0x74,0x61,0x74,0x69,
    0x63,0x20,0x69,0x6e,0x6c,0x69,0x6e,0x65,0x20,0x5f,0x5f,0x61,0x74,0x74,0x72,0x69,
    0x62,0x75,0x74,0x65,0x5f,0x5f,0x28,0x28,0x61,0x6c,0x77,0x61,0x79,0x73,0x5f,0x69,
    0x6e,0x6c,0x69,0x6e,0x65,0x29,0x29,0x0a,0x66,0x6c,0x6f,0x61,0x74,0x33,0x20,0x6f,
    0x6b,0x6c,0x61,0x62,0x54,0x6f,0x4c,0x69,0x6e,0x65,0x61,0x72,0x28,0x74,0x68,0x72,
    0x65,0x61,0x64,0x20,0x63,0x6f,0x6e,0x73,0x74,0x20,0x66,0x6c,0x6f,0x61,0x74,0x33,
    0x26,0x20,0x63,0x29,0x0a,0x7b,0x0a,0x20,0x20,0x20,0x20,0x66,0x6c,0x6f,0x61,0x74,
    0x33,0x20,0x5f,0x32,0x32,0x39,0x20,0x3d,0x20,0x66,0x6c,0x6f,0x61,0x74,0x33,0x28,
    0x28,0x63,0x2e,0x78,0x20,0x2b,0x20,0x28,0x30,0x2e,0x33,0x39,0x36,0x33,0x33,0x37,
    0x37,0x37,0x37,0x33,0x37,0x36,0x31,0x37,0x34,0x39,0x32,0x36,0x37,0x35,0x37,0x38,
    0x31,0x32,0x35,0x20,0x2a,0x20,0x63,0x2e,0x79,0x29,0x29,0x20,0x2b,0x20,0x28,0x30,
    0x2e,0x32,0x31,0x35,0x38,0x30,0x33,0x37,0x35,0x37,0x33,0x30,0x39,0x39,0x31,0x33,
    0x36,0x33,0x35,0x32,0x35,0x33,0x39,0x30,0x36,0x32,0x35,0x20,0x2a,0x20,0x63,0x2e,
    0x7a,0x29,0x2c,0x20,0x28,0x63,0x2e,0x78,0x20,0x2d,0x20,0x28,0x30,0x2e,0x31,0x30,
    0x35,0x35,0x36,0x31,0x33,0x34,0x35,0x38,0x31,0x35,0x36,0x35,0x38,0x35,0x36,0x39,
    0x33,0x33,0x35,0x39,0x33,0x37,0x35,0x20,0x2a,0x20,0x63,0x2e,0x79,0x29,0x29,0x20,
    0x2d,0x20,0x28,0x30,0x2e,0x30,0x36,0x33,0x38,0x35,0x34,0x31,0x37,0x32,0x38,0x32,
    0x35,0x38,0x31,0x33,0x32,0x39,0x33,0x34,0x35,0x37,0x30,0x33,0x31,0x32,0x35,0x20,
    0x2a,0x20,0x63,0x2e,0x7a,0x29,0x2c,0x20,0x28,0x63,0x2e,0x78,0x20,0x2d,0x20,0x28,
    0x30,0x2e,0x30,0x38,0x39,0x34,0x38,0x34,0x31,0x37,0x37,0x35,0x32,0x39,0x38,0x31,
    0x31,0x38,0x35,0x39,0x31,0x33,0x30,0x38,0x35,0x39,0x33,0x37,0x35,0x20,0x2a,0x20,
    0x63,0x2e,0x79,0x29,0x29,0x20,0x2d,0x20,0x28,0x31,0x2e,0x32,0x39,0x31,0x34,0x38,
    0x35,0x35,0x34,0x38,0x30,0x31,0x39,0x34,0x30,0x39,0x31,0x37,0x39,0x36,0x38,0x37,
    0x35,0x20,0x2a,0x20,0x63,0x2e,0x7a,0x29,0x29,0x3b,0x0a,0x20,0x20,0x20,0x20,0x66,
    0x6c,0x6f,0x61,0x74,0x33,0x20,0x5f,0x32,0x33,0x34,0x20,0x3d,0x20,0x28,0x5f,0x32,
    0x32,0x39,0x20,0x2a,0x20,0x5f,0x32,0x32,0x39,0x29,0x20,0x2a,0x20,0x5f,0x32,0x32,
    0x39,0x3b,0x0a,0x20,0x20,0x20,0x20,0x66,0x6c,0x6f,0x61,0x74,0x20,0x5f,0x32,0x33,
    0x37,0x20,0x3d,0x20,0x5f,0x32,0x33,0x34,0x2e,0x78,0x3b,0x0a,0x20,0x20,0x20,0x20,
    0x66,0x6c,0x6f,0x61,0x74,0x20,0x5f,0x32,0x34,0x31,0x20,0x3d,0x20,0x5f,0x32,0x33,
    0x34,0x2e,0x79,0x3b,0x0a,0x20,0x20,0x20,0x20,0x66,0x6c,0x6f,0x61,0x74,0x20,0x5f,
    0x32,0x34,0x36,0x20,0x3d,0x20,0x5f,0x32,0x33,0x34,0x2e,0x7a,0x3b,0x0a,0x20,0x20,
    0x20,0x20,0x72,0x65,0x74,0x75,0x72,0x6e,0x20,0x66,0x6c,0x6f,0x61,0x74,0x33,0x28,
    0x28,0x28,0x34,0x2e,0x30,0x37,0x36,0x37,0x34,0x31,0x36,0x39,0x35,0x34,0x30,0x34,
    0x30,0x35,0x32,0x37,0x33,0x34,0x33,0x37,0x35,0x20,0x2a,0x20,0x5f,0x32,0x33,0x37,
    0x29,0x20,0x2d,0x20,0x28,0x33,0x2e,0x33,0x30,0x37,0x37,0x31,0x31,0x36,0x30,0x31,
    0x32,0x35,0x37,0x33,0x32,0x34,0x32,0x31,0x38,0x37,0x35,0x20,0x2a,0x20,0x5f,0x32,
    0x34,0x31,0x29,0x29,0x20,0x2b,0x20,0x28,0x30,0x2e,0x32,0x33,0x30,0x39,0x36,0x39,
    0x39,0x33,0x35,0x36,0x35,0x35,0x35,0x39,0x33,0x38,0x37,0x32,0x30,0x37,0x30,0x33,
    0x31,0x32,0x35,0x20,0x2a,0x20,0x5f,0x32,0x34,0x36,0x29,0x2c,0x20,0x28,0x28,0x28,
    0x2d,0x31,0x2e,0x32,0x36,0x38,0x34,0x33,0x37,0x39,0x38,0x31,0x36,0x30,0x35,0x35,
    0x32,0x39,0x37,0x38,0x35,0x31,0x35,0x36,0x32,0x35,0x29,0x20,0x2a,0x20,0x5f,0x32,
    0x33,0x37,0x29,0x20,0x2b,0x20,0x28,0x32,0x2e,0x36,0x30,0x39,0x37,0x35,0x37,0x34,
    0x32,0x33,0x34,0x30,0x30,0x38,0x37,0x38,0x39,0x30,0x36,0x32,0x35,0x20,0x2a,0x20,
    0x5f,0x32,0x34,0x31,0x29,0x29,0x20,0x2d,0x20,0x28,0x30,0x2e,0x33,0x34,0x31,0x33,
    0x31,0x39,0x33,0x38,0x32,0x31,0x39,0x30,0x37,0x30,0x34,0x33,0x34,0x35,0x37,0x30,
    0x33,0x31,0x32,0x35,0x20,0x2a,0x20,0x5f,0x32,0x34,0x36,0x29,0x2c,0x20,0x28,0x28,
    0x28,0x2d,0x30,0x2e,0x30,0x30,0x34,0x31,0x39,0x36,0x30,0x38,0x36,0x34,0x33,0x32,
    0x37,0x38,0x34,0x37,0x39,0x35,0x37,0x36,0x31,0x31,0x30,0x38,0x33,0x39,0x38,0x34,
    0x33,0x37,0x35,0x29,0x20,0x2a,0x20,0x5f,0x32,0x33,0x37,0x29,0x20,0x2d,0x20,0x28,
    0x30,0x2e,0x37,0x30,0x33,0x34,0x31,0x38,0x36,0x31,0x32,0x34,0x38,0x30,0x31,0x36,
    0x33,0x35,0x37,0x34,0x32,0x31,0x38,0x37,0x35,0x20,0x2a,0x20,0x5f,0x32,0x34,0x31,
    0x29,0x29,0x20,0x2b,0x20,0x28,0x31,0x2e,0x37,0x30,0x37,0x36,0x31,0x34,0x36,0x36,
    0x30,0x32,0x36,0x33,0x30,0x36,0x31,0x35,0x32,0x33,0x34,0x33,0x37,0x35,0x20,0x2a,
    0x20,0x5f,0x32,0x34,0x36,0x29,0x29,0x3b,0x0a,0x7d,0x0a,0x0a,0x73,0x74,0x61,0x74,
    0x69,0x63,0x20,0x69,0x6e,0x6c,0x69,0x6e,0x65,0x20,0x5f,0x5f,0x61,0x74,0x74,0x72,
    0x69,0x62,0x75,0x74,0x65,0x5f,0x5f,0x28,0x28,0x61,0x6c,0x77,0x61,0x79,0x73,0x5f,
    0x69,0x6e,0x6c,0x69,0x6e,0x65,0x29,0x29,0x0a,0x66,0x6c,0x6f,0x61,0x74,0x33,0x20,
    0x6c,0x69,0x6e,0x65,0x61,0x72,0x54,0x6f,0x53,0x72,0x67,0x62,0x28,0x74,0x68,0x72,
    0x65,0x61,0x64,0x20,0x63,0x6f,0x6e,0x73,0x74,0x20,0x66,0x6c,0x6f,0x61,0x74,0x33,
    0x26,0x20,0x63,0x29,0x0a,0x7b,0x0a,0x20,0x20,0x20,0x20,0x72,0x65,0x74,0x75,0x72,
    0x6e,0x20,0x73,0x65,0x6c,0x65,0x63,0x74,0x28,0x28,0x66,0x6c,0x6f,0x61,0x74,0x33,
    0x28,0x31,0x2e,0x30,0x35,0x34,0x39,0x39,0x39,0x39,0x34,0x37,0x35,0x34,0x37,0x39,
    0x31,0x32,0x35,0x39,0x37,0x36,0x35,0x36,0x32,0x35,0x29,0x20,0x2a,0x20,0x70,0x6f,
    0x77,0x72,0x28,0x66,0x61,0x73,0x74,0x3a,0x3a,0x6d,0x61,0x78,0x28,0x63,0x2c,0x20,
    0x66,0x6c,0x6f,0x61,0x74,0x33,0x28,0x30,0x2e,0x30,0x29,0x29,0x2c,0x20,0x66,0x6c,
    0x6f,0x61,0x74,0x33,0x28,0x30,0x2e,0x34,0x31,0x36,0x36,0x36,0x36,0x36,0x35,0x36,
    0x37,0x33,0x32,0x35,0x35,0x39,0x32,0x30,0x34,0x31,0x30,0x31,0x35,0x36,0x32,0x35,
    0x29,0x29,0x29,0x20,0x2d,0x20,0x66,0x6c,0x6f,0x61,0x74,0x33,0x28,0x30,0x2e,0x30,
    0x35,0x34,0x39,0x39,0x39,0x39,0x39,0x39,0x37,0x30,0x31,0x39,0x37,0x36,0x37,0x37,
    0x36,0x31,0x32,0x33,0x30,0x34,0x36,0x38,0x37,0x35,0x29,0x2c,0x20,0x63,0x20,0x2a,
    0x20,0x31,0x32,0x2e,0x39,0x32,0x30,0x30,0x30,0x30,0x30,0x37,0x36,0x32,0x39,0x33,
    0x39,0x34,0x35,0x33,0x31,0x32,0x35,0x2c,0x20,0x63,0x20,0x3c,0x3d,0x20,0x66,0x6c,
    0x6f,0x61,0x74,0x33,0x28,0x30,0x2e,0x30,0x30,0x33,0x31,0x33,0x30,0x38,0x30,0x30,
    0x30,0x39,0x30,0x37,0x33,0x30,0x31,0x39,0x30,0x32,0x37,0x37,0x30,0x39,0x39,0x36,
    0x30,0x39,0x33,0x37,0x35,0x29,0x29,0x3b,0x0a,0x7d,0x0a,0x0a,0x73,0x74,0x61,0x74,
    0x69,0x63,0x20,0x69,0x6e,0x6c,0x69,0x6e,0x65,0x20,0x5f,0x5f,0x61,0x74,0x74,0x72,
    0x69,0x62,0x75,0x74,0x65,0x5f,0x5f,0x28,0x28,0x61,0x6c,0x77,0x61,0x79,0x73,0x5f,
    0x69,0x6e,0x6c,0x69,0x6e,0x65,0x29,0x29,0x0a,0x66,0x6c,0x6f,0x61,0x74,0x34,0x20,
    0x6d,0x69,0x78,0x47,0x72,0x61,0x64,0x69,0x65,0x6e,0x74,0x28,0x74,0x68,0x72,0x65,
    0x61,0x64,0x20,0x63,0x6f,0x6e,0x73,0x74,0x20,0x66,0x6c,0x6f,0x61,0x74,0x34,0x26,
    0x20,0x61,0x2c,0x20,0x74,0x68,0x72,0x65,0x61,0x64,0x20,0x63,0x6f,0x6e,0x73,0x74,
    0x20,0x66,0x6c,0x6f,0x61,0x74,0x34,0x26,0x20,0x62,0x2c,0x20,0x74,0x68,0x72,0x65,
    0x61,0x64,0x20,0x63,0x6f,0x6e,0x73,0x74,0x20,0x66,0x6c,0x6f,0x61,0x74,0x26,0x20,
    0x74,0x2c,0x20,0x63,0x6f,0x6e,0x73,0x74,0x61,0x6e,0x74,0x20,0x76,0x6f,0x69,0x64,
    0x32,0x64,0x5f,0x66,0x78,0x26,0x20,0x5f,0x32,0x38,0x33,0x29,0x0a,0x7b,0x0a,0x20,
    0x20,0x20,0x20,0x66,0x6c,0x6f,0x61,0x74,0x33,0x20,0x72,0x67,0x62,0x3b,0x0a,0x20,
    0x20,0x20,0x20,0x69,0x66,0x20,0x28,0x5f,0x32,0x38,0x33,0x2e,0x67,0x72,0x61,0x64,
    0x69,0x65,0x6e,0x74,0x4d,0x65,0x74,0x61,0x2e,0x79,0x20,0x3e,0x20,0x30,0x2e,0x35,
    0x29,0x0a,0x20,0x20,0x20,0x20,0x7b,0x0a,0x20,0x20,0x20,0x20,0x20,0x20,0x20,0x20,
    0x66,0x6c,0x6f,0x61,0x74,0x33,0x20,0x70,0x61,0x72,0x61,0x6d,0x20,0x3d,0x20,0x61,
    0x2e,0x78,0x79,0x7a,0x3b,0x0a,0x20,0x20,0x20,0x20,0x20,0x20,0x20,0x20,0x66,0x6c,
    0x6f,0x61,0x74,0x33,0x20,0x70,0x61,0x72,0x61,0x6d,0x5f,0x31,0x20,0x3d,0x20,0x73,
    0x72,0x67,0x62,0x54,0x6f,0x4c,0x69,0x6e,0x65,0x61,0x72,0x28,0x70,0x61,0x72,0x61,
    0x6d,0x29,0x3b,0x0a,0x20,0x20,0x20,0x20,0x20,0x20,0x20,0x20,0x66,0x6c,0x6f,0x61,
    0x74,0x33,0x20,0x70,0x61,0x72,0x61,0x6d,0x5f,0x32,0x20,0x3d,0x20,0x62,0x2e,0x78,
    0x79,0x7a,0x3b,0x0a,0x20,0x20,0x20,0x20,0x20,0x20,0x20,0x20,0x66,0x6c,0x6f,0x61,
    0x74,0x33,0x20,0x70,0x61,0x72,0x61,0x6d,0x5f,0x33,0x20,0x3d,0x20,0x73,0x72,0x67,
    0x62,0x54,0x6f,0x4c,0x69,0x6e,0x65,0x61,0x72,0x28,0x70,0x61,0x72,0x61,0x6d,0x5f,
    0x32,0x29,0x3b,0x0a,0x20,0x20,0x20,0x20,0x20,0x20,0x20,0x20,0x66,0x6c,0x6f,0x61,
    0x74,0x33,0x20,0x70,0x61,0x72,0x61,0x6d,0x5f,0x34,0x20,0x3d,0x20,0x6d,0x69,0x78,
    0x28,0x6c,0x69,0x6e,0x65,0x61,0x72,0x54,0x6f,0x4f,0x6b,0x6c,0x61,0x62,0x28,0x70,
    0x61,0x72,0x61,0x6d,0x5f,0x31,0x29,0x2c,0x20,0x6c,0x69,0x6e,0x65,0x61,0x72,0x54,
    0x6f,0x4f,0x6b,0x6c,0x61,0x62,0x28,0x70,0x61,0x72,0x61,0x6d,0x5f,0x33,0x29,0x2c,
    0x20,0x66,0x6c,0x6f,0x61,0x74,0x33,0x28,0x74,0x29,0x29,0x3b,0x0a,0x20,0x20,0x20,
    0x20,0x20,0x20,0x20,0x20,0x66,0x6c,0x6f,0x61,0x74,0x33,0x20,0x70,0x61,0x72,0x61,
    0x6d,0x5f,0x35,0x20,0x3d,0x20,0x6f,0x6b,0x6c,0x61,0x62,0x54,0x6f,0x4c,0x69,0x6e,
    0x65,0x61,0x72,0x28,0x70,0x61,0x72,0x61,0x6d,0x5f,0x34,0x29,0x3b,0x0a,0x20,0x20,
    0x20,0x20,0x20,0x20,0x20,0x20,0x72,0x67,0x62,0x20,0x3d,0x20,0x6c,0x69,0x6e,0x65,
    0x61,0x72,0x54,0x6f,0x53,0x72,0x67,0x62,0x28,0x70,0x61,0x72,0x61,0x6d,0x5f,0x35,
    0x29,0x3b,0x0a,0x20,0x20,0x20,0x20,0x7d,0x0a,0x20,0x20,0x20,0x20,0x65,0x6c,0x73,
    0x65,0x0a,0x20,0x20,0x20,0x20,0x7b,0x0a,0x20,0x20,0x20,0x20,0x20,0x20,0x20,0x20,
    0x72,0x67,0x62,0x20,0x3d,0x20,0x6d,0x69,0x78,0x28,0x61,0x2e,0x78,0x79,0x7a,0x2c,
    0x20,0x62,0x2e,0x78,0x79,0x7a,0x2c,0x20,0x66,0x6c,0x6f,0x61,0x74,0x33,0x28,0x74,
    0x29,0x29,0x3b,0x0a,0x20,0x20,0x20,0x20,0x7d,0x0a,0x20,0x20,0x20,0x20,0x72,0x65,
    0x74,0x75,0x72,0x6e,0x20,0x66,0x6c,0x6f,0x61,0x74,0x34,0x28,0x72,0x67,0x62,0x2c,
    0x20,0x6d,0x69,0x78,0x28,0x61,0x2e,0x77,0x2c,0x20,0x62,0x2e,0x77,0x2c,0x20,0x74,
    0x29,0x29,0x3b,0x0a,0x7d,0x0a,0x0a,0x73,0x74,0x61,0x74,0x69,0x63,0x20,0x69,0x6e,
    0x6c,0x69,0x6e,0x65,0x20,0x5f,0x5f,0x61,0x74,0x74,0x72,0x69,0x62,0x75,0x74,0x65,
    0x5f,0x5f,0x28,0x28,0x61,0x6c,0x77,0x61,0x79,0x73,0x5f,0x69,0x6e,0x6c,0x69,0x6e,
    0x65,0x29,0x29,0x0a,0x66,0x6c,0x6f,0x61,0x74,0x34,0x20,0x67,0x72,0x61,0x64,0x69,
    0x65,0x6e,0x74,0x41,0x74,0x28,0x74,0x68,0x72,0x65,0x61,0x64,0x20,0x63,0x6f,0x6e,
    0x73,0x74,0x20,0x66,0x6c,0x6f,0x61,0x74,0x26,0x20,0x74,0x2c,0x20,0x63,0x6f,0x6e,
    0x73,0x74,0x61,0x6e,0x74,0x20,0x76,0x6f,0x69,0x64,0x32,0x64,0x5f,0x66,0x78,0x26,
    0x20,0x5f,0x32,0x38,0x33,0x29,0x0a,0x7b,0x0a,0x20,0x20,0x20,0x20,0x69,0x66,0x20,
    0x28,0x28,0x5f,0x32,0x38,0x33,0x2e,0x67,0x72,0x61,0x64,0x69,0x65,0x6e,0x74,0x4d,
    0x65,0x74,0x61,0x2e,0x77,0x20,0x3e,0x20,0x30,0x2e,0x30,0x29,0x20,0x26,0x26,0x20,
    0x28,0x5f,0x32,0x38,0x33,0x2e,0x67,0x72,0x61,0x64,0x69,0x65,0x6e,0x74,0x4d,0x65,
    0x74,0x61,0x2e,0x77,0x20,0x3c,0x20,0x31,0x2e,0x30,0x29,0x29,0x0a,0x20,0x20,0x20,
    0x20,0x7b,0x0a,0x20,0x20,0x20,0x20,0x20,0x20,0x20,0x20,0x69,0x66,0x20,0x28,0x74,
    0x20,0x3c,0x20,0x5f,0x32,0x38,0x33,0x2e,0x67,0x72,0x61,0x64,0x69,0x65,0x6e,0x74,
    0x4d,0x65,0x74,0x61,0x2e,0x77,0x29,0x0a,0x20,0x20,0x20,0x20,0x20,0x20,0x20,0x20,
    0x7b,0x0a,0x20,0x20,0x20,0x20,0x20,0x20,0x20,0x20,0x20,0x20,0x20,0x20,0x66,0x6c,
    0x6f,0x61,0x74,0x34,0x20,0x70,0x61,0x72,0x61,0x6d,0x20,0x3d,0x20,0x5f,0x32,0x38,
    0x33,0x2e,0x67,0x72,0x61,0x64,0x69,0x65,0x6e,0x74,0x43,0x6f,0x6c,0x6f,0x72,0x30,
    0x3b,0x0a,0x20,0x20,0x20,0x20,0x20,0x20,0x20,0x20,0x20,0x20,0x20,0x20,0x66,0x6c,
    0x6f,0x61,0x74,0x34,0x20,0x70,0x61,0x72,0x61,0x6d,0x5f,0x31,0x20,0x3d,0x20,0x5f,
    0x32,0x38,0x33,0x2e,0x67,0x72,0x61,0x64,0x69,0x65,0x6e,0x74,0x43,0x6f,0x6c,0x6f,
    0x72,0x31,0x3b,0x0a,0x20,0x20,0x20,0x20,0x20,0x20,0x20,0x20,0x20,0x20,0x20,0x20,
    0x66,0x6c,0x6f,0x61,0x74,0x20,0x70,0x61,0x72,0x61,0x6d,0x5f,0x32,0x20,0x3d,0x20,
    0x74,0x20,0x2f,0x20,0x5f,0x32,0x38,0x33,0x2e,0x67,0x72,0x61,0x64,0x69,0x65,0x6e,
    0x74,0x4d,0x65,0x74,0x61,0x2e,0x77,0x3b,0x0a,0x20,0x20,0x20,0x20,0x20,0x20,0x20,
    0x20,0x20,0x20,0x20,0x20,0x72,0x65,0x74,0x75,0x72,0x6e,0x20,0x6d,0x69,0x78,0x47,
    0x72,0x61,0x64,0x69,0x65,0x6e,0x74,0x28,0x70,0x61,0x72,0x61,0x6d,0x2c,0x20,0x70,
    0x61,0x72,0x61,0x6d,0x5f,0x31,0x2c,0x20,0x70,0x61,0x72,0x61,0x6d,0x5f,0x32,0x2c,
    0x20,0x5f,0x32,0x38,0x33,0x29,0x3b,0x0a,0x20,0x20,0x20,0x20,0x20,0x20,0x20,0x20,
    0x7d,0x0a,0x20,0x20,0x20,0x20,0x20,0x20,0x20,0x20,0x66,0x6c,0x6f,0x61,0x74,0x34,
    0x20,0x70,0x61,0x72,0x61,0x6d,0x5f,0x33,0x20,0x3d,0x20,0x5f,0x32,0x38,0x33,0x2e,
    0x67,0x72,0x61,0x64,0x69,0x65,0x6e,0x74,0x43,0x6f,0x6c,0x6f,0x72,0x31,0x3b,0x0a,
    0x20,0x20,0x20,0x20,0x20,0x20,0x20,0x20,0x66,0x6c,0x6f,0x61,0x74,0x34,0x20,0x70,
    0x61,0x72,0x61,0x6d,0x5f,0x34,0x20,0x3d,0x20,0x5f,0x32,0x38,0x33,0x2e,0x67,0x72,
    0x61,0x64,0x69,0x65,0x6e,0x74,0x43,0x6f,0x6c,0x6f,0x72,0x32,0x3b,0x0a,0x20,0x20,
    0x20,0x20,0x20,0x20,0x20,0x20,0x66,0x6c,0x6f,0x61,0x74,0x20,0x70,0x61,0x72,0x61,
    0x6d,0x5f,0x35,0x20,0x3d,0x20,0x28,0x74,0x20,0x2d,0x20,0x5f,0x32,0x38,0x33,0x2e,
    0x67,0x72,0x61,0x64,0x69,0x65,0x6e,0x74,0x4d,0x65,0x74,0x61,0x2e,0x77,0x29,0x20,
    0x2f,0x20,0x28,0x31,0x2e,0x30,0x20,0x2d,0x20,0x5f,0x32,0x38,0x33,0x2e,0x67,0x72,
    0x61,0x64,0x69,0x65,0x6e,0x74,0x4d,0x65,0x74,0x61,0x2e,0x77,0x29,0x3b,0x0a,0x20,
    0x20,0x20,0x20,0x20,0x20,0x20,0x20,0x72,0x65,0x74,0x75,0x72,0x6e,0x20,0x6d,0x69,
    0x78,0x47,0x72,0x61,0x64,0x69,0x65,0x6e,0x74,0x28,0x70,0x61,0x72,0x61,0x6d,0x5f,
    0x33,0x2c,0x20,0x70,0x61,0x72,0x61,0x6d,0x5f,0x34,0x2c,0x20,0x70,0x61,0x72,0x61,
    0x6d,0x5f,0x35,0x2c,0x20,0x5f,0x32,0x38,0x33,0x29,0x3b,0x0a,0x20,0x20,0x20,0x20,
    0x7d,0x0a,0x20,0x20,0x20,0x20,0x66,0x6c,0x6f,0x61,0x74,0x34,0x20,0x70,0x61,0x72,
    0x61,0x6d,0x5f,0x36,0x20,0x3d,0x20,0x5f,0x32,0x38,0x33,0x2e,0x67,0x72,0x61,0x64,
    0x69,0x65,0x6e,0x74,0x43,0x6f,0x6c,0x6f,0x72,0x30,0x3b,0x0a,0x20,0x20,0x20,0x20,
    0x66,0x6c,0x6f,0x61,0x74,0x34,0x20,0x70,0x61,0x72,0x61,0x6d,0x5f,0x37,0x20,0x3d,
    0x20,0x5f,0x32,0x38,0x33,0x2e,0x67,0x72,0x61,0x64,0x69,0x65,0x6e,0x74,0x43,0x6f,
    0x6c,0x6f,0x72,0x31,0x3b,0x0a,0x20,0x20,0x20,0x20,0x66,0x6c,0x6f,0x61,0x74,0x20,
    0x70,0x61,0x72,0x61,0x6d,0x5f,0x38,0x20,0x3d,0x20,0x74,0x3b,0x0a,0x20,0x20,0x20,
    0x20,0x72,0x65,0x74,0x75,0x72,0x6e,0x20,0x6d,0x69,0x78,0x47,0x72,0x61,0x64,0x69,
    0x65,0x6e,0x74,0x28,0x70,0x61,0x72,0x61,0x6d,0x5f,0x36,0x2c,0x20,0x70,0x61,0x72,
    0x61,0x6d,0x5f,0x37,0x2c,0x20,0x70,0x61,0x72,0x61,0x6d,0x5f,0x38,0x2c,0x20,0x5f,
    0x32,0x38,0x33,0x29,0x3b,0x0a,0x7d,0x0a,0x0a,0x73,0x74,0x61,0x74,0x69,0x63,0x20,
    0x69,0x6e,0x6c,0x69,0x6e,0x65,0x20,0x5f,0x5f,0x61,0x74,0x74,0x72,0x69,0x62,0x75,
    0x74,0x65,0x5f,0x5f,0x28,0x28,0x61,0x6c,0x77,0x61,0x79,0x73,0x5f,0x69,0x6e,0x6c,
    0x69,0x6e,0x65,0x29,0x29,0x0a,0x66,0x6c,0x6f,0x61,0x74,0x20,0x62,0x61,0x79,0x65,
    0x72,0x34,0x28,0x74,0x68,0x72,0x65,0x61,0x64,0x20,0x63,0x6f,0x6e,0x73,0x74,0x20,
    0x66,0x6c,0x6f,0x61,0x74,0x32,0x26,0x20,0x70,0x69,0x78,0x65,0x6c,0x29,0x0a,0x7b,
    0x0a,0x20,0x20,0x20,0x20,0x69,0x6e,0x74,0x20,0x5f,0x34,0x30,0x34,0x20,0x3d,0x20,
    0x69,0x6e,0x74,0x28,0x6d,0x6f,0x64,0x28,0x66,0x6c,0x6f,0x6f,0x72,0x28,0x70,0x69,
    0x78,0x65,0x6c,0x2e,0x78,0x29,0x2c,0x20,0x34,0x2e,0x30,0x29,0x29,0x3b,0x0a,0x20,
    0x20,0x20,0x20,0x69,0x6e,0x74,0x20,0x5f,0x34,0x31,0x30,0x20,0x3d,0x20,0x69,0x6e,
    0x74,0x28,0x6d,0x6f,0x64,0x28,0x66,0x6c,0x6f,0x6f,0x72,0x28,0x70,0x69,0x78,0x65,
    0x6c,0x2e,0x79,0x29,0x2c,0x20,0x34,0x2e,0x30,0x29,0x29,0x3b,0x0a,0x20,0x20,0x20,
    0x20,0x69,0x66,0x20,0x28,0x5f,0x34,0x31,0x30,0x20,0x3d,0x3d,0x20,0x30,0x29,0x0a,
    0x20,0x20,0x20,0x20,0x7b,0x0a,0x20,0x20,0x20,0x20,0x20,0x20,0x20,0x20,0x69,0x66,
    0x20,0x28,0x5f,0x34,0x30,0x34,0x20,0x3d,0x3d,0x20,0x30,0x29,0x0a,0x20,0x20,0x20,
    0x20,0x20,0x20,0x20,0x20,0x7b,0x0a,0x20,0x20,0x20,0x20,0x20,0x20,0x20,0x20,0x20,
    0x20,0x20,0x20,0x72,0x65,0x74,0x75,0x72,0x6e,0x20,0x30,0x2e,0x30,0x3b,0x0a,0x20,
    0x20,0x20,0x20,0x20,0x20,0x20,0x20,0x7d,0x0a,0x20,0x20,0x20,0x20,0x20,0x20,0x20,
    0x20,0x69,0x66,0x20,0x28,0x5f,0x34,0x30,0x34,0x20,0x3d,0x3d,0x20,0x31,0x29,0x0a,
    0x20,0x20,0x20,0x20,0x20,0x20,0x20,0x20,0x7b,0x0a,0x20,0x20,0x20,0x20,0x20,0x20,
    0x20,0x20,0x20,0x20,0x20,0x20,0x72,0x65,0x74,0x75,0x72,0x6e,0x20,0x38,0x2e,0x30,
    0x3b,0x0a,0x20,0x20,0x20,0x20,0x20,0x20,0x20,0x20,0x7d,0x0a,0x20,0x20,0x20,0x20,
    0x20,0x20,0x20,0x20,0x69,0x66,0x20,0x28,0x5f,0x34,0x30,0x34,0x20,0x3d,0x3d,0x20,
    0x32,0x29,0x0a,0x20,0x20,0x20,0x20,0x20,0x20,0x20,0x20,0x7b,0x0a,0x20,0x20,0x20,
    0x20,0x20,0x20,0x20,0x20,0x20,0x20,0x20,0x20,0x72,0x65,0x74,0x75,0x72,0x6e,0x20,
    0x32,0x2e,0x30,0x3b,0x0a,0x20,0x20,0x20,0x20,0x20,0x20,0x20,0x20,0x7d,0x0a,0x20,
    0x20,0x20,0x20,0x20,0x20,0x20,0x20,0x72,0x65,0x74,0x75,0x72,0x6e,0x20,0x31,0x30,
    0x2e,0x30,0x3b,0x0a,0x20,0x20,0x20,0x20,0x7d,0x0a,0x20,0x20,0x20,0x20,0x69,0x66,
    0x20,0x28,0x5f,0x34,0x31,0x30,0x20,0x3d,0x3d,0x20,0x31,0x29,0x0a,0x20,0x20,0x20,
    0x20,0x7b,0x0a,0x20,0x20,0x20,0x20,0x20,0x20,0x20,0x20,0x69,0x66,0x20,0x28,0x5f,
    0x34,0x30,0x34,0x20,0x3d,0x3d,0x20,0x30,0x29,0x0a,0x20,0x20,0x20,0x20,0x20,0x20,
    0x20,0x20,0x7b,0x0a,0x20,0x20,0x20,0x20,0x20,0x20,0x20,0x20,0x20,0x20,0x20,0x20,
    0x72,0x65,0x74,0x75,0x72,0x6e,0x20,0x31,0x32,0x2e,0x30,0x3b,0x0a,0x20,0x20,0x20,
    0x20,0x20,0x20,0x20,0x20,0x7d,0x0a,0x20,0x20,0x20,0x20,0x20,0x20,0x20,0x20,0x69,
    0x66,0x20,0x28,0x5f,0x34,0x30,0x34,0x20,0x3d,0x3d,0x20,0x31,0x29,0x0a,0x20,0x20,
    0x20,0x20,0x20,0x20,0x20,0x20,0x7b,0x0a,0x20,0x20,0x20,0x20,0x20,0x20,0x20,0x20,
    0x20,0x20,0x20,0x20,0x72,0x65,0x74,0x75,0x72,0x6e,0x20,0x34,0x2e,0x30,0x3b,0x0a,
    0x20,0x20,0x20,0x20,0x20,0x20,0x20,0x20,0x7d,0x0a,0x20,0x20,0x20,0x20,0x20,0x20,
    0x20,0x20,0x69,0x66,0x20,0x28,0x5f,0x34,0x30,0x34,0x20,0x3d,0x3d,0x20,0x32,0x29,
    0x0a,0x20,0x20,0x20,0x20,0x20,0x20,0x20,0x20,0x7b,0x0a,0x20,0x20,0x20,0x20,0x20,
    0x20,0x20,0x20,0x20,0x20,0x20,0x20,0x72,0x65,0x74,0x75,0x72,0x6e,0x20,0x31,0x34,
    0x2e,0x30,0x3b,0x0a,0x20,0x20,0x20,0x20,0x20,0x20,0x20,0x20,0x7d,0x0a,0x20,0x20,
    0x20,0x20,0x20,0x20,0x20,0x20,0x72,0x65,0x74,0x75,0x72,0x6e,0x20,0x36,0x2e,0x30,
    0x3b,0x0a,0x20,0x20,0x20,0x20,0x7d,0x0a,0x20,0x20,0x20,0x20,0x69,0x66,0x20,0x28,
    0x5f,0x34,0x31,0x30,0x20,0x3d,0x3d,0x20,0x32,0x29,0x0a,0x20,0x20,0x20,0x20,0x7b,
    0x0a,0x20,0x20,0x20,0x20,0x20,0x20,0x20,0x20,0x69,0x66,0x20,0x28,0x5f,0x34,0x30,
    0x34,0x20,0x3d,0x3d,0x20,0x30,0x29,0x0a,0x20,0x20,0x20,0x20,0x20,0x20,0x20,0x20,
    0x7b,0x0a,0x20,0x20,0x20,0x20,0x20,0x20,0x20,0x20,0x20,0x20,0x20,0x20,0x72,0x65,
    0x74,0x75,0x72,0x6e,0x20,0x33,0x2e,0x30,0x3b,0x0a,0x20,0x20,0x20,0x20,0x20,0x20,
    0x20,0x20,0x7d,0x0a,0x20,0x20,0x20,0x20,0x20,0x20,0x20,0x20,0x69,0x66,0x20,0x28,
    0x5f,0x34,0x30,0x34,0x20,0x3d,0x3d,0x20,0x31,0x29,0x0a,0x20,0x20,0x20,0x20,0x20,
    0x20,0x20,0x20,0x7b,0x0a,0x20,0x20,0x20,0x20,0x20,0x20,0x20,0x20,0x20,0x20,0x20,
    0x20,0x72,0x65,0x74,0x75,0x72,0x6e,0x20,0x31,0x31,0x2e,0x30,0x3b,0x0a,0x20,0x20,
    0x20,0x20,0x20,0x20,0x20,0x20,0x7d,0x0a,0x20,0x20,0x20,0x20,0x20,0x20,0x20,0x20,
    0x69,0x66,0x20,0x28,0x5f,0x34,0x30,0x34,0x20,0x3d,0x3d,0x20,0x32,0x29,0x0a,0x20,
    0x20,0x20,0x20,0x20,0x20,0x20,0x20,0x7b,0x0a,0x20,0x20,0x20,0x20,0x20,0x20,0x20,
    0x20,0x20,0x20,0x20,0x20,0x72,0x65,0x74,0x75,0x72,0x6e,0x20,0x31,0x2e,0x30,0x3b,
    0x0a,0x20,0x20,0x20,0x20,0x20,0x20,0x20,0x20,0x7d,0x0a,0x20,0x20,0x20,0x20,0x20,
    0x20,0x20,0x20,0x72,0x65,0x74,0x75,0x72,0x6e,0x20,0x39,0x2e,0x30,0x3b,0x0a,0x20,
    0x20,0x20,0x20,0x7d,0x0a,0x20,0x20,0x20,0x20,0x69,0x66,0x20,0x28,0x5f,0x34,0x30,
    0x34,0x20,0x3d,0x3d,0x20,0x30,0x29,0x0a,0x20,0x20,0x20,0x20,0x7b,0x0a,0x20,0x20,
    0x20,0x20,0x20,0x20,0x20,0x20,0x72,0x65,0x74,0x75,0x72,0x6e,0x20,0x31,0x35,0x2e,
    0x30,0x3b,0x0a,0x20,0x20,0x20,0x20,0x7d,0x0a,0x20,0x20,0x20,0x20,0x69,0x66,0x20,
    0x28,0x5f,0x34,0x30,0x34,0x20,0x3d,0x3d,0x20,0x31,0x29,0x0a,0x20,0x20,0x20,0x20,
    0x7b,0x0a,0x20,0x20,0x20,0x20,0x20,0x20,0x20,0x20,0x72,0x65,0x74,0x75,0x72,0x6e,
    0x20,0x37,0x2e,0x30,0x3b,0x0a,0x20,0x20,0x20,0x20,0x7d,0x0a,0x20,0x20,0x20,0x20,
    0x69,0x66,0x20,0x28,0x5f,0x34,0x30,0x34,0x20,0x3d,0x3d,0x20,0x32,0x29,0x0a,0x20,
    0x20,0x20,0x20,0x7b,0x0a,0x20,0x20,0x20,0x20,0x20,0x20,0x20,0x20,0x72,0x65,0x74,
    0x75,0x72,0x6e,0x20,0x31,0x33,0x2e,0x30,0x3b,0x0a,0x20,0x20,0x20,0x20,0x7d,0x0a,
    0x20,0x20,0x20,0x20,0x72,0x65,0x74,0x75,0x72,0x6e,0x20,0x35,0x2e,0x30,0x3b,0x0a,
    0x7d,0x0a,0x0a,0x66,0x72,0x61,0x67,0x6d,0x65,0x6e,0x74,0x20,0x6d,0x61,0x69,0x6e,
    0x30,0x5f,0x6f,0x75,0x74,0x20,0x6d,0x61,0x69,0x6e,0x30,0x28,0x6d,0x61,0x69,0x6e,
    0x30,0x5f,0x69,0x6e,0x20,0x69,0x6e,0x20,0x5b,0x5b,0x73,0x74,0x61,0x67,0x65,0x5f,
    0x69,0x6e,0x5d,0x5d,0x2c,0x20,0x63,0x6f,0x6e,0x73,0x74,0x61,0x6e,0x74,0x20,0x76,
    0x6f,0x69,0x64,0x32,0x64,0x5f,0x66,0x78,0x26,0x20,0x5f,0x32,0x38,0x33,0x20,0x5b,
    0x5b,0x62,0x75,0x66,0x66,0x65,0x72,0x28,0x31,0x29,0x5d,0x5d,0x2c,0x20,0x74,0x65,
    0x78,0x74,0x75,0x72,0x65,0x32,0x64,0x3c,0x66,0x6c,0x6f,0x61,0x74,0x3e,0x20,0x74,
    0x65,0x78,0x20,0x5b,0x5b,0x74,0x65,0x78,0x74,0x75,0x72,0x65,0x28,0x30,0x29,0x5d,
    0x5d,0x2c,0x20,0x73,0x61,0x6d,0x70,0x6c,0x65,0x72,0x20,0x73,0x6d,0x70,0x20,0x5b,
    0x5b,0x73,0x61,0x6d,0x70,0x6c,0x65,0x72,0x28,0x30,0x29,0x5d,0x5d,0x2c,0x20,0x66,
    0x6c,0x6f,0x61,0x74,0x34,0x20,0x67,0x6c,0x5f,0x46,0x72,0x61,0x67,0x43,0x6f,0x6f,
    0x72,0x64,0x20,0x5b,0x5b,0x70,0x6f,0x73,0x69,0x74,0x69,0x6f,0x6e,0x5d,0x5d,0x29,
    0x0a,0x7b,0x0a,0x20,0x20,0x20,0x20,0x6d,0x61,0x69,0x6e,0x30,0x5f,0x6f,0x75,0x74,
    0x20,0x6f,0x75,0x74,0x20,0x3d,0x20,0x7b,0x7d,0x3b,0x0a,0x20,0x20,0x20,0x20,0x69,
    0x66,0x20,0x28,0x66,0x61,0x73,0x74,0x3a,0x3a,0x6d,0x69,0x6e,0x28,0x66,0x61,0x73,
    0x74,0x3a,0x3a,0x6d,0x69,0x6e,0x28,0x69,0x6e,0x2e,0x63,0x6c,0x69,0x70,0x44,0x69,
    0x73,0x74,0x61,0x6e,0x63,0x65,0x2e,0x78,0x2c,0x20,0x69,0x6e,0x2e,0x63,0x6c,0x69,
    0x70,0x44,0x69,0x73,0x74,0x61,0x6e,0x63,0x65,0x2e,0x79,0x29,0x2c,0x20,0x66,0x61,
    0x73,0x74,0x3a,0x3a,0x6d,0x69,0x6e,0x28,0x69,0x6e,0x2e,0x63,0x6c,0x69,0x70,0x44,
    0x69,0x73,0x74,0x61,0x6e,0x63,0x65,0x2e,0x7a,0x2c,0x20,0x69,0x6e,0x2e,0x63,0x6c,
    0x69,0x70,0x44,0x69,0x73,0x74,0x61,0x6e,0x63,0x65,0x2e,0x77,0x29,0x29,0x20,0x3c,
    0x20,0x30,0x2e,0x30,0x29,0x0a,0x20,0x20,0x20,0x20,0x7b,0x0a,0x20,0x20,0x20,0x20,
    0x20,0x20,0x20,0x20,0x64,0x69,0x73,0x63,0x61,0x72,0x64,0x5f,0x66,0x72,0x61,0x67,
    0x6d,0x65,0x6e,0x74,0x28,0x29,0x3b,0x0a,0x20,0x20,0x20,0x20,0x7d,0x0a,0x20,0x20,
    0x20,0x20,0x69,0x6e,0x74,0x20,0x5f,0x35,0x32,0x36,0x20,0x3d,0x20,0x69,0x6e,0x74,
    0x28,0x5f,0x32,0x38,0x33,0x2e,0x67,0x72,0x61,0x64,0x69,0x65,0x6e,0x74,0x4d,0x65,
    0x74,0x61,0x2e,0x78,0x20,0x2b,0x20,0x30,0x2e,0x35,0x29,0x3b,0x0a,0x20,0x20,0x20,
    0x20,0x62,0x6f,0x6f,0x6c,0x20,0x5f,0x35,0x32,0x38,0x20,0x3d,0x20,0x5f,0x35,0x32,
    0x36,0x20,0x3d,0x3d,0x20,0x31,0x3b,0x0a,0x20,0x20,0x20,0x20,0x66,0x6c,0x6f,0x61,
    0x74,0x34,0x20,0x74,0x65,0x78,0x65,0x6c,0x3b,0x0a,0x20,0x20,0x20,0x20,0x69,0x66,
    0x20,0x28,0x5f,0x35,0x32,0x38,0x20,0x7c,0x7c,0x20,0x28,0x5f,0x35,0x32,0x36,0x20,
    0x3d,0x3d,0x20,0x32,0x29,0x29,0x0a,0x20,0x20,0x20,0x20,0x7b,0x0a,0x20,0x20,0x20,
    0x20,0x20,0x20,0x20,0x20,0x66,0x6c,0x6f,0x61,0x74,0x20,0x5f,0x35,0x33,0x37,0x3b,
    0x0a,0x20,0x20,0x20,0x20,0x20,0x20,0x20,0x20,0x69,0x66,0x20,0x28,0x5f,0x35,0x32,
    0x38,0x29,0x0a,0x20,0x20,0x20,0x20,0x20,0x20,0x20,0x20,0x7b,0x0a,0x20,0x20,0x20,
    0x20,0x20,0x20,0x20,0x20,0x20,0x20,0x20,0x20,0x5f,0x35,0x33,0x37,0x20,0x3d,0x20,
    0x66,0x61,0x73,0x74,0x3a,0x3a,0x63,0x6c,0x61,0x6d,0x70,0x28,0x69,0x6e,0x2e,0x75,
    0x76,0x2e,0x78,0x2c,0x20,0x30,0x2e,0x30,0x2c,0x20,0x31,0x2e,0x30,0x29,0x3b,0x0a,
    0x20,0x20,0x20,0x20,0x20,0x20,0x20,0x20,0x7d,0x0a,0x20,0x20,0x20,0x20,0x20,0x20,
    0x20,0x20,0x65,0x6c,0x73,0x65,0x0a,0x20,0x20,0x20,0x20,0x20,0x20,0x20,0x20,0x7b,
    0x0a,0x20,0x20,0x20,0x20,0x20,0x20,0x20,0x20,0x20,0x20,0x20,0x20,0x5f,0x35,0x33,
    0x37,0x20,0x3d,0x20,0x66,0x61,0x73,0x74,0x3a,0x3a,0x63,0x6c,0x61,0x6d,0x70,0x28,
    0x6c,0x65,0x6e,0x67,0x74,0x68,0x28,0x69,0x6e,0x2e,0x75,0x76,0x29,0x2c,0x20,0x30,
    0x2e,0x30,0x2c,0x20,0x31,0x2e,0x30,0x29,0x3b,0x0a,0x20,0x20,0x20,0x20,0x20,0x20,
    0x20,0x20,0x7d,0x0a,0x20,0x20,0x20,0x20,0x20,0x20,0x20,0x20,0x66,0x6c,0x6f,0x61,
    0x74,0x20,0x70,0x61,0x72,0x61,0x6d,0x20,0x3d,0x20,0x5f,0x35,0x33,0x37,0x3b,0x0a,
    0x20,0x20,0x20,0x20,0x20,0x20,0x20,0x20,0x74,0x65,0x78,0x65,0x6c,0x20,0x3d,0x20,
    0x67,0x72,0x61,0x64,0x69,0x65,0x6e,0x74,0x41,0x74,0x28,0x70,0x61,0x72,0x61,0x6d,
    0x2c,0x20,0x5f,0x32,0x38,0x33,0x29,0x3b,0x0a,0x20,0x20,0x20,0x20,0x20,0x20,0x20,
    0x20,0x69,0x66,0x20,0x28,0x5f,0x32,0x38,0x33,0x2e,0x67,0x72,0x61,0x64,0x69,0x65,
    0x6e,0x74,0x4d,0x65,0x74,0x61,0x2e,0x7a,0x20,0x3e,0x20,0x30,0x2e,0x35,0x29,0x0a,
    0x20,0x20,0x20,0x20,0x20,0x20,0x20,0x20,0x7b,0x0a,0x20,0x20,0x20,0x20,0x20,0x20,
    0x20,0x20,0x20,0x20,0x20,0x20,0x66,0x6c,0x6f,0x61,0x74,0x32,0x20,0x70,0x61,0x72,
    0x61,0x6d,0x5f,0x31,0x20,0x3d,0x20,0x67,0x6c,0x5f,0x46,0x72,0x61,0x67,0x43,0x6f,
    0x6f,0x72,0x64,0x2e,0x78,0x79,0x3b,0x0a,0x20,0x20,0x20,0x20,0x20,0x20,0x20,0x20,
    0x20,0x20,0x20,0x20,0x66,0x6c,0x6f,0x61,0x74,0x34,0x20,0x5f,0x35,0x36,0x39,0x20,
    0x3d,0x20,0x74,0x65,0x78,0x65,0x6c,0x3b,0x0a,0x20,0x20,0x20,0x20,0x20,0x20,0x20,
    0x20,0x20,0x20,0x20,0x20,0x66,0x6c,0x6f,0x61,0x74,0x33,0x20,0x5f,0x35,0x37,0x35,
    0x20,0x3d,0x20,0x66,0x61,0x73,0x74,0x3a,0x3a,0x63,0x6c,0x61,0x6d,0x70,0x28,0x5f,
    0x35,0x36,0x39,0x2e,0x78,0x79,0x7a,0x20,0x2b,0x20,0x66,0x6c,0x6f,0x61,0x74,0x33,
    0x28,0x28,0x62,0x61,0x79,0x65,0x72,0x34,0x28,0x70,0x61,0x72,0x61,0x6d,0x5f,0x31,
    0x29,0x20,0x2d,0x20,0x37,0x2e,0x35,0x29,0x20,0x2a,0x20,0x30,0x2e,0x30,0x30,0x31,
    0x30,0x34,0x35,0x37,0x35,0x31,0x36,0x31,0x38,0x32,0x32,0x31,0x34,0x30,0x32,0x31,
    0x36,0x38,0x32,0x37,0x33,0x39,0x32,0x35,0x37,0x38,0x31,0x32,0x35,0x29,0x2c,0x20,
    0x66,0x6c,0x6f,0x61,0x74,0x33,0x28,0x30,0x2e,0x30,0x29,0x2c,0x20,0x66,0x6c,0x6f,
    0x61,0x74,0x33,0x28,0x31,0x2e,0x30,0x29,0x29,0x3b,0x0a,0x20,0x20,0x20,0x20,0x20,
    0x20,0x20,0x20,0x20,0x20,0x20,0x20,0x66,0x6c,0x6f,0x61,0x74,0x34,0x20,0x5f,0x37,
    0x33,0x38,0x20,0x3d,0x20,0x5f,0x35,0x36,0x39,0x3b,0x0a,0x20,0x20,0x20,0x20,0x20,
    0x20,0x20,0x20,0x20,0x20,0x20,0x20,0x5f,0x37,0x33,0x38,0x2e,0x78,0x20,0x3d,0x20,
    0x5f,0x35,0x37,0x35,0x2e,0x78,0x3b,0x0a,0x20,0x20,0x20,0x20,0x20,0x20,0x20,0x20,
    0x20,0x20,0x20,0x20,0x5f,0x37,0x33,0x38,0x2e,0x79,0x20,0x3d,0x20,0x5f,0x35,0x37,
    0x35,0x2e,0x79,0x3b,0x0a,0x20,0x20,0x20,0x20,0x20,0x20,0x20,0x20,0x20,0x20,0x20,
    0x20,0x5f,0x37,0x33,0x38,0x2e,0x7a,0x20,0x3d,0x20,0x5f,0x35,0x37,0x35,0x2e,0x7a,
    0x3b,0x0a,0x20,0x20,0x20,0x20,0x20,0x20,0x20,0x20,0x20,0x20,0x20,0x20,0x74,0x65,
    0x78,0x65,0x6c,0x20,0x3d,0x20,0x5f,0x37,0x33,0x38,0x3b,0x0a,0x20,0x20,0x20,0x20,
    0x20,0x20,0x20,0x20,0x7d,0x0a,0x20,0x20,0x20,0x20,0x7d,0x0a,0x20,0x20,0x20,0x20,
    0x65,0x6c,0x73,0x65,0x0a,0x20,0x20,0x20,0x20,0x7b,0x0a,0x20,0x20,0x20,0x20,0x20,
    0x20,0x20,0x20,0x69,0x66,0x20,0x28,0x5f,0x35,0x32,0x36,0x20,0x3d,0x3d,0x20,0x33,
    0x29,0x0a,0x20,0x20,0x20,0x20,0x20,0x20,0x20,0x20,0x7b,0x0a,0x20,0x20,0x20,0x20,
    0x20,0x20,0x20,0x20,0x20,0x20,0x20,0x20,0x66,0x6c,0x6f,0x61,0x74,0x20,0x5f,0x35,
    0x39,0x31,0x20,0x3d,0x20,0x66,0x61,0x73,0x74,0x3a,0x3a,0x6d,0x61,0x78,0x28,0x5f,
    0x32,0x38,0x33,0x2e,0x67,0x72,0x61,0x64,0x69,0x65,0x6e,0x74,0x50,0x61,0x72,0x61,
    0x6d,0x73,0x2e,0x78,0x2c,0x20,0x31,0x2e,0x30,0x29,0x3b,0x0a,0x20,0x20,0x20,0x20,
    0x20,0x20,0x20,0x20,0x20,0x20,0x20,0x20,0x66,0x6c,0x6f,0x61,0x74,0x34,0x20,0x5f,
    0x36,0x30,0x36,0x3b,0x0a,0x20,0x20,0x20,0x20,0x20,0x20,0x20,0x20,0x20,0x20,0x20,
    0x20,0x69,0x66,0x20,0x28,0x6d,0x6f,0x64,0x28,0x69,0x6e,0x2e,0x75,0x76,0x2e,0x78,
    0x20,0x2b,0x20,0x69,0x6e,0x2e,0x75,0x76,0x2e,0x79,0x2c,0x20,0x5f,0x35,0x39,0x31,
    0x29,0x20,0x3c,0x20,0x66,0x61,0x73,0x74,0x3a,0x3a,0x63,0x6c,0x61,0x6d,0x70,0x28,
    0x5f,0x32,0x38,0x33,0x2e,0x67,0x72,0x61,0x64,0x69,0x65,0x6e,0x74,0x50,0x61,0x72,
    0x61,0x6d,0x73,0x2e,0x79,0x2c,0x20,0x30,0x2e,0x30,0x2c,0x20,0x5f,0x35,0x39,0x31,
    0x29,0x29,0x0a,0x20,0x20,0x20,0x20,0x20,0x20,0x20,0x20,0x20,0x20,0x20,0x20,0x7b,
    0x0a,0x20,0x20,0x20,0x20,0x20,0x20,0x20,0x20,0x20,0x20,0x20,0x20,0x20,0x20,0x20,
    0x20,0x5f,0x36,0x30,0x36,0x20,0x3d,0x20,0x5f,0x32,0x38,0x33,0x2e,0x67,0x72,0x61,
    0x64,0x69,0x65,0x6e,0x74,0x43,0x6f,0x6c,0x6f,0x72,0x31,0x3b,0x0a,0x20,0x20,0x20,
    0x20,0x20,0x20,0x20,0x20,0x20,0x20,0x20,0x20,0x7d,0x0a,0x20,0x20,0x20,0x20,0x20,
    0x20,0x20,0x20,0x20,0x20,0x20,0x20,0x65,0x6c,0x73,0x65,0x0a,0x20,0x20,0x20,0x20,
    0x20,0x20,0x20,0x20,0x20,0x20,0x20,0x20,0x7b,0x0a,0x20,0x20,0x20,0x20,0x20,0x20,
    0x20,0x20,0x20,0x20,0x20,0x20,0x20,0x20,0x20,0x20,0x5f,0x36,0x30,0x36,0x20,0x3d,
    0x20,0x5f,0x32,0x38,0x33,0x2e,0x67,0x72,0x61,0x64,0x69,0x65,0x6e,0x74,0x43,0x6f,
    0x6c,0x6f,0x72,0x30,0x3b,0x0a,0x20,0x20,0x20,0x20,0x20,0x20,0x20,0x20,0x20,0x20,
    0x20,0x20,0x7d,0x0a,0x20,0x20,0x20,0x20,0x20,0x20,0x20,0x20,0x20,0x20,0x20,0x20,
    0x74,0x65,0x78,0x65,0x6c,0x20,0x3d,0x20,0x5f,0x36,0x30,0x36,0x3b,0x0a,0x20,0x20,
    0x20,0x20,0x20,0x20,0x20,0x20,0x7d,0x0a,0x20,0x20,0x20,0x20,0x20,0x20,0x20,0x20,
    0x65,0x6c,0x73,0x65,0x0a,0x20,0x20,0x20,0x20,0x20,0x20,0x20,0x20,0x7b,0x0a,0x20,
    0x20,0x20,0x20,0x20,0x20,0x20,0x20,0x20,0x20,0x20,0x20,0x69,0x66,0x20,0x28,0x5f,
    0x35,0x32,0x36,0x20,0x3d,0x3d,0x20,0x34,0x29,0x0a,0x20,0x20,0x20,0x20,0x20,0x20,
    0x20,0x20,0x20,0x20,0x20,0x20,0x7b,0x0a,0x20,0x20,0x20,0x20,0x20,0x20,0x20,0x20,
    0x20,0x20,0x20,0x20,0x20,0x20,0x20,0x20,0x66,0x6c,0x6f,0x61,0x74,0x20,0x5f,0x36,
    0x32,0x33,0x20,0x3d,0x20,0x66,0x61,0x73,0x74,0x3a,0x3a,0x6d,0x61,0x78,0x28,0x5f,
    0x32,0x38,0x33,0x2e,0x67,0x72,0x61,0x64,0x69,0x65,0x6e,0x74,0x50,0x61,0x72,0x61,
    0x6d,0x73,0x2e,0x78,0x2c,0x20,0x31,0x2e,0x30,0x29,0x3b,0x0a,0x20,0x20,0x20,0x20,
    0x20,0x20,0x20,0x20,0x20,0x20,0x20,0x20,0x20,0x20,0x20,0x20,0x66,0x6c,0x6f,0x61,
    0x74,0x34,0x20,0x5f,0x36,0x33,0x39,0x3b,0x0a,0x20,0x20,0x20,0x20,0x20,0x20,0x20,
    0x20,0x20,0x20,0x20,0x20,0x20,0x20,0x20,0x20,0x69,0x66,0x20,0x28,0x6d,0x6f,0x64,
    0x28,0x66,0x6c,0x6f,0x6f,0x72,0x28,0x69,0x6e,0x2e,0x75,0x76,0x2e,0x78,0x20,0x2f,
    0x20,0x5f,0x36,0x32,0x33,0x29,0x20,0x2b,0x20,0x66,0x6c,0x6f,0x6f,0x72,0x28,0x69,
    0x6e,0x2e,0x75,0x76,0x2e,0x79,0x20,0x2f,0x20,0x5f,0x36,0x32,0x33,0x29,0x2c,0x20,
    0x32,0x2e,0x30,0x29,0x20,0x3c,0x20,0x31,0x2e,0x30,0x29,0x0a,0x20,0x20,0x20,0x20,
    0x20,0x20,0x20,0x20,0x20,0x20,0x20,0x20,0x20,0x20,0x20,0x20,0x7b,0x0a,0x20,0x20,
    0x20,0x20,0x20,0x20,0x20,0x20,0x20,0x20,0x20,0x20,0x20,0x20,0x20,0x20,0x20,0x20,
    0x20,0x20,0x5f,0x36,0x33,0x39,0x20,0x3d,0x20,0x5f,0x32,0x38,0x33,0x2e,0x67,0x72,
    0x61,0x64,0x69,0x65,0x6e,0x74,0x43,0x6f,0x6c,0x6f,0x72,0x30,0x3b,0x0a,0x20,0x20,
    0x20,0x20,0x20,0x20,0x20,0x20,0x20,0x20,0x20,0x20,0x20,0x20,0x20,0x20,0x7d,0x0a,
    0x20,0x20,0x20,0x20,0x20,0x20,0x20,0x20,0x20,0x20,0x20,0x20,0x20,0x20,0x20,0x20,
    0x65,0x6c,0x73,0x65,0x0a,0x20,0x20,0x20,0x20,0x20,0x20,0x20,0x20,0x20,0x20,0x20,
    0x20,0x20,0x20,0x20,0x20,0x7b,0x0a,0x20,0x20,0x20,0x20,0x20,0x20,0x20,0x20,0x20,
    0x20,0x20,0x20,0x20,0x20,0x20,0x20,0x20,0x20,0x20,0x20,0x5f,0x36,0x33,0x39,0x20,
    0x3d,0x20,0x5f,0x32,0x38,0x33,0x2e,0x67,0x72,0x61,0x64,0x69,0x65,0x6e,0x74,0x43,
    0x6f,0x6c,0x6f,0x72,0x31,0x3b,0x0a,0x20,0x20,0x20,0x20,0x20,0x20,0x20,0x20,0x20,
    0x20,0x20,0x20,0x20,0x20,0x20,0x20,0x7d,0x0a,0x20,0x20,0x20,0x20,0x20,0x20,0x20,
    0x20,0x20,0x20,0x20,0x20,0x20,0x20,0x20,0x20,0x74,0x65,0x78,0x65,0x6c,0x20,0x3d,
    0x20,0x5f,0x36,0x33,0x39,0x3b,0x0a,0x20,0x20,0x20,0x20,0x20,0x20,0x20,0x20,0x20,
    0x20,0x20,0x20,0x7d,0x0a,0x20,0x20,0x20,0x20,0x20,0x20,0x20,0x20,0x20,0x20,0x20,
    0x20,0x65,0x6c,0x73,0x65,0x0a,0x20,0x20,0x20,0x20,0x20,0x20,0x20,0x20,0x20,0x20,
    0x20,0x20,0x7b,0x0a,0x20,0x20,0x20,0x20,0x20,0x20,0x20,0x20,0x20,0x20,0x20,0x20,
    0x20,0x20,0x20,0x20,0x74,0x65,0x78,0x65,0x6c,0x20,0x3d,0x20,0x74,0x65,0x78,0x2e,
    0x73,0x61,0x6d,0x70,0x6c,0x65,0x28,0x73,0x6d,0x70,0x2c,0x20,0x69,0x6e,0x2e,0x75,
    0x76,0x29,0x3b,0x0a,0x20,0x20,0x20,0x20,0x20,0x20,0x20,0x20,0x20,0x20,0x20,0x20,
    0x7d,0x0a,0x20,0x20,0x20,0x20,0x20,0x20,0x20,0x20,0x7d,0x0a,0x20,0x20,0x20,0x20,
    0x7d,0x0a,0x20,0x20,0x20,0x20,0x69,0x66,0x20,0x28,0x5f,0x32,0x38,0x33,0x2e,0x63,
    0x6f,0x6c,0x6f,0x72,0x4b,0x65,0x79,0x2e,0x77,0x20,0x3e,0x20,0x30,0x2e,0x35,0x29,
    0x0a,0x20,0x20,0x20,0x20,0x7b,0x0a,0x20,0x20,0x20,0x20,0x20,0x20,0x20,0x20,0x66,
    0x6c,0x6f,0x61,0x74,0x33,0x20,0x5f,0x36,0x37,0x33,0x20,0x3d,0x20,0x61,0x62,0x73,
    0x28,0x74,0x65,0x78,0x65,0x6c,0x2e,0x78,0x79,0x7a,0x20,0x2d,0x20,0x5f,0x32,0x38,
    0x33,0x2e,0x63,0x6f,0x6c,0x6f,0x72,0x4b,0x65,0x79,0x2e,0x78,0x79,0x7a,0x29,0x3b,
    0x0a,0x20,0x20,0x20,0x20,0x20,0x20,0x20,0x20,0x69,0x66,0x20,0x28,0x28,0x28,0x5f,
    0x36,0x37,0x33,0x2e,0x78,0x20,0x2b,0x20,0x5f,0x36,0x37,0x33,0x2e,0x79,0x29,0x20,
    0x2b,0x20,0x5f,0x36,0x37,0x33,0x2e,0x7a,0x29,0x20,0x3c,0x20,0x30,0x2e,0x30,0x37,
    0x39,0x39,0x39,0x39,0x39,0x39,0x38,0x32,0x31,0x31,0x38,0x36,0x30,0x36,0x35,0x36,
    0x37,0x33,0x38,0x32,0x38,0x31,0x32,0x35,0x29,0x0a,0x20,0x20,0x20,0x20,0x20,0x20,
    0x20,0x20,0x7b,0x0a,0x20,0x20,0x20,0x20,0x20,0x20,0x20,0x20,0x20,0x20,0x20,0x20,
    0x66,0x6c,0x6f,0x61,0x74,0x34,0x20,0x5f,0x37,0x34,0x36,0x20,0x3d,0x20,0x74,0x65,
    0x78,0x65,0x6c,0x3b,0x0a,0x20,0x20,0x20,0x20,0x20,0x20,0x20,0x20,0x20,0x20,0x20,
    0x20,0x5f,0x37,0x34,0x36,0x2e,0x77,0x20,0x3d,0x20,0x30,0x2e,0x30,0x3b,0x0a,0x20,
    0x20,0x20,0x20,0x20,0x20,0x20,0x20,0x20,0x20,0x20,0x20,0x74,0x65,0x78,0x65,0x6c,
    0x20,0x3d,0x20,0x5f,0x37,0x34,0x36,0x3b,0x0a,0x20,0x20,0x20,0x20,0x20,0x20,0x20,
    0x20,0x7d,0x0a,0x20,0x20,0x20,0x20,0x7d,0x0a,0x20,0x20,0x20,0x20,0x66,0x6c,0x6f,
    0x61,0x74,0x34,0x20,0x5f,0x36,0x39,0x31,0x20,0x3d,0x20,0x74,0x65,0x78,0x65,0x6c,
    0x20,0x2a,0x20,0x69,0x6e,0x2e,0x63,0x6f,0x6c,0x6f,0x72,0x3b,0x0a,0x20,0x20,0x20,
    0x20,0x66,0x6c,0x6f,0x61,0x74,0x33,0x20,0x5f,0x36,0x39,0x33,0x20,0x3d,0x20,0x5f,
    0x36,0x39,0x31,0x2e,0x78,0x79,0x7a,0x3b,0x0a,0x20,0x20,0x20,0x20,0x66,0x6c,0x6f,
    0x61,0x74,0x33,0x20,0x5f,0x37,0x30,0x32,0x20,0x3d,0x20,0x6d,0x69,0x78,0x28,0x5f,
    0x36,0x39,0x33,0x2c,0x20,0x5f,0x36,0x39,0x33,0x20,0x2a,0x20,0x69,0x6e,0x2e,0x63,
    0x6f,0x6c,0x6f,0x72,0x2e,0x77,0x2c,0x20,0x66,0x6c,0x6f,0x61,0x74,0x33,0x28,0x69,
    0x6e,0x2e,0x73,0x72,0x63,0x50,0x72,0x65,0x6d,0x75,0x6c,0x74,0x29,0x29,0x3b,0x0a,
    0x20,0x20,0x20,0x20,0x66,0x6c,0x6f,0x61,0x74,0x34,0x20,0x5f,0x37,0x34,0x39,0x20,
    0x3d,0x20,0x5f,0x36,0x39,0x31,0x3b,0x0a,0x20,0x20,0x20,0x20,0x5f,0x37,0x34,0x39,
    0x2e,0x78,0x20,0x3d,0x20,0x5f,0x37,0x30,0x32,0x2e,0x78,0x3b,0x0a,0x20,0x20,0x20,
    0x20,0x5f,0x37,0x34,0x39,0x2e,0x79,0x20,0x3d,0x20,0x5f,0x37,0x30,0x32,0x2e,0x79,
    0x3b,0x0a,0x20,0x20,0x20,0x20,0x5f,0x37,0x34,0x39,0x2e,0x7a,0x20,0x3d,0x20,0x5f,
    0x37,0x30,0x32,0x2e,0x7a,0x3b,0x0a,0x20,0x20,0x20,0x20,0x66,0x6c,0x6f,0x61,0x74,
    0x34,0x20,0x5f,0x37,0x31,0x37,0x20,0x3d,0x20,0x28,0x5f,0x32,0x38,0x33,0x2e,0x63,
    0x6f,0x6c,0x6f,0x72,0x4d,0x61,0x74,0x72,0x69,0x78,0x20,0x2a,0x20,0x5f,0x37,0x34,
    0x39,0x29,0x20,0x2b,0x20,0x5f,0x32,0x38,0x33,0x2e,0x63,0x6f,0x6c,0x6f,0x72,0x41,
    0x64,0x64,0x3b,0x0a,0x20,0x20,0x20,0x20,0x66,0x6c,0x6f,0x61,0x74,0x20,0x5f,0x37,
    0x32,0x32,0x20,0x3d,0x20,0x5f,0x37,0x31,0x37,0x2e,0x77,0x3b,0x0a,0x20,0x20,0x20,
    0x20,0x6f,0x75,0x74,0x2e,0x66,0x72,0x61,0x67,0x5f,0x63,0x6f,0x6c,0x6f,0x72,0x20,
    0x3d,0x20,0x6d,0x69,0x78,0x28,0x66,0x6c,0x6f,0x61,0x74,0x34,0x28,0x5f,0x37,0x31,
    0x37,0x2e,0x78,0x79,0x7a,0x20,0x2a,0x20,0x5f,0x37,0x32,0x32,0x2c,0x20,0x5f,0x37,
    0x32,0x32,0x29,0x2c,0x20,0x5f,0x37,0x31,0x37,0x2c,0x20,0x66,0x6c,0x6f,0x61,0x74,
    0x34,0x28,0x69,0x6e,0x2e,0x73,0x72,0x63,0x50,0x72,0x65,0x6d,0x75,0x6c,0x74,0x29,
    0x29,0x3b,0x0a,0x20,0x20,0x20,0x20,0x72,0x65,0x74,0x75,0x72,0x6e,0x20,0x6f,0x75,
    0x74,0x3b,0x0a,0x7d,0x0a,0x0a,0x00,
};
/*
    #include <metal_stdlib>
    #include <simd/simd.h>

    using namespace metal;

    struct sprite_params
    {
        float4 viewport;
        float4 clipU;
        float4 clipV;
    };

    struct main0_out
    {
        float2 uv [[user(locn0)]];
        float4 color [[user(locn1)]];
        float srcPremult [[user(locn2)]];
        float4 clipDistance [[user(locn3)]];
        float4 gl_Position [[position]];
    };

    struct main0_in
    {
        float2 corner [[attribute(0)]];
        float4 iAffine [[attribute(1)]];
        float4 iOriginSize [[attribute(2)]];
        float4 iUv [[attribute(3)]];
        float4 iColor [[attribute(4)]];
    };

    vertex main0_out main0(main0_in in [[stage_in]], constant sprite_params& _62 [[buffer(0)]])
    {
        main0_out out = {};
        float2 _18 = in.corner * in.iOriginSize.zw;
        float _28 = _18.x;
        float _35 = _18.y;
        float _40 = ((in.iAffine.x * _28) + (in.iAffine.z * _35)) + in.iOriginSize.x;
        float _55 = ((in.iAffine.y * _28) + (in.iAffine.w * _35)) + in.iOriginSize.y;
        float2 _56 = float2(_40, _55);
        out.gl_Position = float4(((_40 / _62.viewport.x) * 2.0) - 1.0, 1.0 - ((_55 / _62.viewport.y) * 2.0), 0.0, 1.0);
        float2 _99 = mix(in.iUv.xy, in.iUv.zw, in.corner);
        float2 _107;
        if (_62.viewport.z > 0.5)
        {
            _107 = float2(_99.x, 1.0 - _99.y);
        }
        else
        {
            _107 = _99;
        }
        out.uv = _107;
        out.color = in.iColor;
        out.srcPremult = _62.viewport.w;
        if (_62.clipU.w > _62.clipU.z)
        {
            float _140 = dot(_56, _62.clipU.xy);
            float _147 = dot(_56, _62.clipV.xy);
            out.clipDistance = float4(_140 - _62.clipU.z, _62.clipU.w - _140, _147 - _62.clipV.z, _62.clipV.w - _147);
        }
        else
        {
            out.clipDistance = float4(1.0);
        }
        return out;
    }

*/
static const uint8_t spriteVs_source_metal_macos[1706] = {
    0x23,0x69,0x6e,0x63,0x6c,0x75,0x64,0x65,0x20,0x3c,0x6d,0x65,0x74,0x61,0x6c,0x5f,
    0x73,0x74,0x64,0x6c,0x69,0x62,0x3e,0x0a,0x23,0x69,0x6e,0x63,0x6c,0x75,0x64,0x65,
    0x20,0x3c,0x73,0x69,0x6d,0x64,0x2f,0x73,0x69,0x6d,0x64,0x2e,0x68,0x3e,0x0a,0x0a,
    0x75,0x73,0x69,0x6e,0x67,0x20,0x6e,0x61,0x6d,0x65,0x73,0x70,0x61,0x63,0x65,0x20,
    0x6d,0x65,0x74,0x61,0x6c,0x3b,0x0a,0x0a,0x73,0x74,0x72,0x75,0x63,0x74,0x20,0x73,
    0x70,0x72,0x69,0x74,0x65,0x5f,0x70,0x61,0x72,0x61,0x6d,0x73,0x0a,0x7b,0x0a,0x20,
    0x20,0x20,0x20,0x66,0x6c,0x6f,0x61,0x74,0x34,0x20,0x76,0x69,0x65,0x77,0x70,0x6f,
    0x72,0x74,0x3b,0x0a,0x20,0x20,0x20,0x20,0x66,0x6c,0x6f,0x61,0x74,0x34,0x20,0x63,
    0x6c,0x69,0x70,0x55,0x3b,0x0a,0x20,0x20,0x20,0x20,0x66,0x6c,0x6f,0x61,0x74,0x34,
    0x20,0x63,0x6c,0x69,0x70,0x56,0x3b,0x0a,0x7d,0x3b,0x0a,0x0a,0x73,0x74,0x72,0x75,
    0x63,0x74,0x20,0x6d,0x61,0x69,0x6e,0x30,0x5f,0x6f,0x75,0x74,0x0a,0x7b,0x0a,0x20,
    0x20,0x20,0x20,0x66,0x6c,0x6f,0x61,0x74,0x32,0x20,0x75,0x76,0x20,0x5b,0x5b,0x75,
    0x73,0x65,0x72,0x28,0x6c,0x6f,0x63,0x6e,0x30,0x29,0x5d,0x5d,0x3b,0x0a,0x20,0x20,
    0x20,0x20,0x66,0x6c,0x6f,0x61,0x74,0x34,0x20,0x63,0x6f,0x6c,0x6f,0x72,0x20,0x5b,
    0x5b,0x75,0x73,0x65,0x72,0x28,0x6c,0x6f,0x63,0x6e,0x31,0x29,0x5d,0x5d,0x3b,0x0a,
    0x20,0x20,0x20,0x20,0x66,0x6c,0x6f,0x61,0x74,0x20,0x73,0x72,0x63,0x50,0x72,0x65,
    0x6d,0x75,0x6c,0x74,0x20,0x5b,0x5b,0x75,0x73,0x65,0x72,0x28,0x6c,0x6f,0x63,0x6e,
    0x32,0x29,0x5d,0x5d,0x3b,0x0a,0x20,0x20,0x20,0x20,0x66,0x6c,0x6f,0x61,0x74,0x34,
    0x20,0x63,0x6c,0x69,0x70,0x44,0x69,0x73,0x74,0x61,0x6e,0x63,0x65,0x20,0x5b,0x5b,
    0x75,0x73,0x65,0x72,0x28,0x6c,0x6f,0x63,0x6e,0x33,0x29,0x5d,0x5d,0x3b,0x0a,0x20,
    0x20,0x20,0x20,0x66,0x6c,0x6f,0x61,0x74,0x34,0x20,0x67,0x6c,0x5f,0x50,0x6f,0x73,
    0x69,0x74,0x69,0x6f,0x6e,0x20,0x5b,0x5b,0x70,0x6f,0x73,0x69,0x74,0x69,0x6f,0x6e,
    0x5d,0x5d,0x3b,0x0a,0x7d,0x3b,0x0a,0x0a,0x73,0x74,0x72,0x75,0x63,0x74,0x20,0x6d,
    0x61,0x69,0x6e,0x30,0x5f,0x69,0x6e,0x0a,0x7b,0x0a,0x20,0x20,0x20,0x20,0x66,0x6c,
    0x6f,0x61,0x74,0x32,0x20,0x63,0x6f,0x72,0x6e,0x65,0x72,0x20,0x5b,0x5b,0x61,0x74,
    0x74,0x72,0x69,0x62,0x75,0x74,0x65,0x28,0x30,0x29,0x5d,0x5d,0x3b,0x0a,0x20,0x20,
    0x20,0x20,0x66,0x6c,0x6f,0x61,0x74,0x34,0x20,0x69,0x41,0x66,0x66,0x69,0x6e,0x65,
    0x20,0x5b,0x5b,0x61,0x74,0x74,0x72,0x69,0x62,0x75,0x74,0x65,0x28,0x31,0x29,0x5d,
    0x5d,0x3b,0x0a,0x20,0x20,0x20,0x20,0x66,0x6c,0x6f,0x61,0x74,0x34,0x20,0x69,0x4f,
    0x72,0x69,0x67,0x69,0x6e,0x53,0x69,0x7a,0x65,0x20,0x5b,0x5b,0x61,0x74,0x74,0x72,
    0x69,0x62,0x75,0x74,0x65,0x28,0x32,0x29,0x5d,0x5d,0x3b,0x0a,0x20,0x20,0x20,0x20,
    0x66,0x6c,0x6f,0x61,0x74,0x34,0x20,0x69,0x55,0x76,0x20,0x5b,0x5b,0x61,0x74,0x74,
    0x72,0x69,0x62,0x75,0x74,0x65,0x28,0x33,0x29,0x5d,0x5d,0x3b,0x0a,0x20,0x20,0x20,
    0x20,0x66,0x6c,0x6f,0x61,0x74,0x34,0x20,0x69,0x43,0x6f,0x6c,0x6f,0x72,0x20,0x5b,
    0x5b,0x61,0x74,0x74,0x72,0x69,0x62,0x75,0x74,0x65,0x28,0x34,0x29,0x5d,0x5d,0x3b,
    0x0a,0x7d,0x3b,0x0a,0x0a,0x76,0x65,0x72,0x74,0x65,0x78,0x20,0x6d,0x61,0x69,0x6e,
    0x30,0x5f,0x6f,0x75,0x74,0x20,0x6d,0x61,0x69,0x6e,0x30,0x28,0x6d,0x61,0x69,0x6e,
    0x30,0x5f,0x69,0x6e,0x20,0x69,0x6e,0x20,0x5b,0x5b,0x73,0x74,0x61,0x67,0x65,0x5f,
    0x69,0x6e,0x5d,0x5d,0x2c,0x20,0x63,0x6f,0x6e,0x73,0x74,0x61,0x6e,0x74,0x20,0x73,
    0x70,0x72,0x69,0x74,0x65,0x5f,0x70,0x61,0x72,0x61,0x6d,0x73,0x26,0x20,0x5f,0x36,
    0x32,0x20,0x5b,0x5b,0x62,0x75,0x66,0x66,0x65,0x72,0x28,0x30,0x29,0x5d,0x5d,0x29,
    0x0a,0x7b,0x0a,0x20,0x20,0x20,0x20,0x6d,0x61,0x69,0x6e,0x30,0x5f,0x6f,0x75,0x74,
    0x20,0x6f,0x75,0x74,0x20,0x3d,0x20,0x7b,0x7d,0x3b,0x0a,0x20,0x20,0x20,0x20,0x66,
    0x6c,0x6f,0x61,0x74,0x32,0x20,0x5f,0x31,0x38,0x20,0x3d,0x20,0x69,0x6e,0x2e,0x63,
    0x6f,0x72,0x6e,0x65,0x72,0x20,0x2a,0x20,0x69,0x6e,0x2e,0x69,0x4f,0x72,0x69,0x67,
    0x69,0x6e,0x53,0x69,0x7a,0x65,0x2e,0x7a,0x77,0x3b,0x0a,0x20,0x20,0x20,0x20,0x66,
    0x6c,0x6f,0x61,0x74,0x20,0x5f,0x32,0x38,0x20,0x3d,0x20,0x5f,0x31,0x38,0x2e,0x78,
    0x3b,0x0a,0x20,0x20,0x20,0x20,0x66,0x6c,0x6f,0x61,0x74,0x20,0x5f,0x33,0x35,0x20,
    0x3d,0x20,0x5f,0x31,0x38,0x2e,0x79,0x3b,0x0a,0x20,0x20,0x20,0x20,0x66,0x6c,0x6f,
    0x61,0x74,0x20,0x5f,0x34,0x30,0x20,0x3d,0x20,0x28,0x28,0x69,0x6e,0x2e,0x69,0x41,
    0x66,0x66,0x69,0x6e,0x65,0x2e,0x78,0x20,0x2a,0x20,0x5f,0x32,0x38,0x29,0x20,0x2b,
    0x20,0x28,0x69,0x6e,0x2e,0x69,0x41,0x66,0x66,0x69,0x6e,0x65,0x2e,0x7a,0x20,0x2a,
    0x20,0x5f,0x33,0x35,0x29,0x29,0x20,0x2b,0x20,0x69,0x6e,0x2e,0x69,0x4f,0x72,0x69,
    0x67,0x69,0x6e,0x53,0x69,0x7a,0x65,0x2e,0x78,0x3b,0x0a,0x20,0x20,0x20,0x20,0x66,
    0x6c,0x6f,0x61,0x74,0x20,0x5f,0x35,0x35,0x20,0x3d,0x20,0x28,0x28,0x69,0x6e,0x2e,
    0x69,0x41,0x66,0x66,0x69,0x6e,0x65,0x2e,0x79,0x20,0x2a,0x20,0x5f,0x32,0x38,0x29,
    0x20,0x2b,0x20,0x28,0x69,0x6e,0x2e,0x69,0x41,0x66,0x66,0x69,0x6e,0x65,0x2e,0x77,
    0x20,0x2a,0x20,0x5f,0x33,0x35,0x29,0x29,0x20,0x2b,0x20,0x69,0x6e,0x2e,0x69,0x4f,
    0x72,0x69,0x67,0x69,0x6e,0x53,0x69,0x7a,0x65,0x2e,0x79,0x3b,0x0a,0x20,0x20,0x20,
    0x20,0x66,0x6c,0x6f,0x61,0x74,0x32,0x20,0x5f,0x35,0x36,0x20,0x3d,0x20,0x66,0x6c,
    0x6f,0x61,0x74,0x32,0x28,0x5f,0x34,0x30,0x2c,0x20,0x5f,0x35,0x35,0x29,0x3b,0x0a,
    0x20,0x20,0x20,0x20,0x6f,0x75,0x74,0x2e,0x67,0x6c,0x5f,0x50,0x6f,0x73,0x69,0x74,
    0x69,0x6f,0x6e,0x20,0x3d,0x20,0x66,0x6c,0x6f,0x61,0x74,0x34,0x28,0x28,0x28,0x5f,
    0x34,0x30,0x20,0x2f,0x20,0x5f,0x36,0x32,0x2e,0x76,0x69,0x65,0x77,0x70,0x6f,0x72,
    0x74,0x2e,0x78,0x29,0x20,0x2a,0x20,0x32,0x2e,0x30,0x29,0x20,0x2d,0x20,0x31,0x2e,
    0x30,0x2c,0x20,0x31,0x2e,0x30,0x20,0x2d,0x20,0x28,0x28,0x5f,0x35,0x35,0x20,0x2f,
    0x20,0x5f,0x36,0x32,0x2e,0x76,0x69,0x65,0x77,0x70,0x6f,0x72,0x74,0x2e,0x79,0x29,
    0x20,0x2a,0x20,0x32,0x2e,0x30,0x29,0x2c,0x20,0x30,0x2e,0x30,0x2c,0x20,0x31,0x2e,
    0x30,0x29,0x3b,0x0a,0x20,0x20,0x20,0x20,0x66,0x6c,0x6f,0x61,0x74,0x32,0x20,0x5f,
    0x39,0x39,0x20,0x3d,0x20,0x6d,0x69,0x78,0x28,0x69,0x6e,0x2e,0x69,0x55,0x76,0x2e,
    0x78,0x79,0x2c,0x20,0x69,0x6e,0x2e,0x69,0x55,0x76,0x2e,0x7a,0x77,0x2c,0x20,0x69,
    0x6e,0x2e,0x63,0x6f,0x72,0x6e,0x65,0x72,0x29,0x3b,0x0a,0x20,0x20,0x20,0x20,0x66,
    0x6c,0x6f,0x61,0x74,0x32,0x20,0x5f,0x31,0x30,0x37,0x3b,0x0a,0x20,0x20,0x20,0x20,
    0x69,0x66,0x20,0x28,0x5f,0x36,0x32,0x2e,0x76,0x69,0x65,0x77,0x70,0x6f,0x72,0x74,
    0x2e,0x7a,0x20,0x3e,0x20,0x30,0x2e,0x35,0x29,0x0a,0x20,0x20,0x20,0x20,0x7b,0x0a,
    0x20,0x20,0x20,0x20,0x20,0x20,0x20,0x20,0x5f,0x31,0x30,0x37,0x20,0x3d,0x20,0x66,
    0x6c,0x6f,0x61,0x74,0x32,0x28,0x5f,0x39,0x39,0x2e,0x78,0x2c,0x20,0x31,0x2e,0x30,
    0x20,0x2d,0x20,0x5f,0x39,0x39,0x2e,0x79,0x29,0x3b,0x0a,0x20,0x20,0x20,0x20,0x7d,
    0x0a,0x20,0x20,0x20,0x20,0x65,0x6c,0x73,0x65,0x0a,0x20,0x20,0x20,0x20,0x7b,0x0a,
    0x20,0x20,0x20,0x20,0x20,0x20,0x20,0x20,0x5f,0x31,0x30,0x37,0x20,0x3d,0x20,0x5f,
    0x39,0x39,0x3b,0x0a,0x20,0x20,0x20,0x20,0x7d,0x0a,0x20,0x20,0x20,0x20,0x6f,0x75,
    0x74,0x2e,0x75,0x76,0x20,0x3d,0x20,0x5f,0x31,0x30,0x37,0x3b,0x0a,0x20,0x20,0x20,
    0x20,0x6f,0x75,0x74,0x2e,0x63,0x6f,0x6c,0x6f,0x72,0x20,0x3d,0x20,0x69,0x6e,0x2e,
    0x69,0x43,0x6f,0x6c,0x6f,0x72,0x3b,0x0a,0x20,0x20,0x20,0x20,0x6f,0x75,0x74,0x2e,
    0x73,0x72,0x63,0x50,0x72,0x65,0x6d,0x75,0x6c,0x74,0x20,0x3d,0x20,0x5f,0x36,0x32,
    0x2e,0x76,0x69,0x65,0x77,0x70,0x6f,0x72,0x74,0x2e,0x77,0x3b,0x0a,0x20,0x20,0x20,
    0x20,0x69,0x66,0x20,0x28,0x5f,0x36,0x32,0x2e,0x63,0x6c,0x69,0x70,0x55,0x2e,0x77,
    0x20,0x3e,0x20,0x5f,0x36,0x32,0x2e,0x63,0x6c,0x69,0x70,0x55,0x2e,0x7a,0x29,0x0a,
    0x20,0x20,0x20,0x20,0x7b,0x0a,0x20,0x20,0x20,0x20,0x20,0x20,0x20,0x20,0x66,0x6c,
    0x6f,0x61,0x74,0x20,0x5f,0x31,0x34,0x30,0x20,0x3d,0x20,0x64,0x6f,0x74,0x28,0x5f,
    0x35,0x36,0x2c,0x20,0x5f,0x36,0x32,0x2e,0x63,0x6c,0x69,0x70,0x55,0x2e,0x78,0x79,
    0x29,0x3b,0x0a,0x20,0x20,0x20,0x20,0x20,0x20,0x20,0x20,0x66,0x6c,0x6f,0x61,0x74,
    0x20,0x5f,0x31,0x34,0x37,0x20,0x3d,0x20,0x64,0x6f,0x74,0x28,0x5f,0x35,0x36,0x2c,
    0x20,0x5f,0x36,0x32,0x2e,0x63,0x6c,0x69,0x70,0x56,0x2e,0x78,0x79,0x29,0x3b,0x0a,
    0x20,0x20,0x20,0x20,0x20,0x20,0x20,0x20,0x6f,0x75,0x74,0x2e,0x63,0x6c,0x69,0x70,
    0x44,0x69,0x73,0x74,0x61,0x6e,0x63,0x65,0x20,0x3d,0x20,0x66,0x6c,0x6f,0x61,0x74,
    0x34,0x28,0x5f,0x31,0x34,0x30,0x20,0x2d,0x20,0x5f,0x36,0x32,0x2e,0x63,0x6c,0x69,
    0x70,0x55,0x2e,0x7a,0x2c,0x20,0x5f,0x36,0x32,0x2e,0x63,0x6c,0x69,0x70,0x55,0x2e,
    0x77,0x20,0x2d,0x20,0x5f,0x31,0x34,0x30,0x2c,0x20,0x5f,0x31,0x34,0x37,0x20,0x2d,
    0x20,0x5f,0x36,0x32,0x2e,0x63,0x6c,0x69,0x70,0x56,0x2e,0x7a,0x2c,0x20,0x5f,0x36,
    0x32,0x2e,0x63,0x6c,0x69,0x70,0x56,0x2e,0x77,0x20,0x2d,0x20,0x5f,0x31,0x34,0x37,
    0x29,0x3b,0x0a,0x20,0x20,0x20,0x20,0x7d,0x0a,0x20,0x20,0x20,0x20,0x65,0x6c,0x73,
    0x65,0x0a,0x20,0x20,0x20,0x20,0x7b,0x0a,0x20,0x20,0x20,0x20,0x20,0x20,0x20,0x20,
    0x6f,0x75,0x74,0x2e,0x63,0x6c,0x69,0x70,0x44,0x69,0x73,0x74,0x61,0x6e,0x63,0x65,
    0x20,0x3d,0x20,0x66,0x6c,0x6f,0x61,0x74,0x34,0x28,0x31,0x2e,0x30,0x29,0x3b,0x0a,
    0x20,0x20,0x20,0x20,0x7d,0x0a,0x20,0x20,0x20,0x20,0x72,0x65,0x74,0x75,0x72,0x6e,
    0x20,0x6f,0x75,0x74,0x3b,0x0a,0x7d,0x0a,0x0a,0x00,
};
/*
    #include <metal_stdlib>
    #include <simd/simd.h>

    using namespace metal;

    struct main0_out
    {
        float4 frag_color [[color(0)]];
    };

    struct main0_in
    {
        float2 uv [[user(locn0)]];
        float4 color [[user(locn1)]];
        float srcPremult [[user(locn2)]];
        float4 clipDistance [[user(locn3)]];
    };

    fragment main0_out main0(main0_in in [[stage_in]], texture2d<float> spriteTex [[texture(0)]], sampler spriteSmp [[sampler(0)]])
    {
        main0_out out = {};
        if (fast::min(fast::min(in.clipDistance.x, in.clipDistance.y), fast::min(in.clipDistance.z, in.clipDistance.w)) < 0.0)
        {
            discard_fragment();
        }
        float4 _52 = spriteTex.sample(spriteSmp, in.uv) * in.color;
        float3 _55 = _52.xyz;
        float3 _64 = mix(_55, _55 * in.color.w, float3(in.srcPremult));
        float4 _92 = _52;
        _92.x = _64.x;
        _92.y = _64.y;
        _92.z = _64.z;
        float _76 = _52.w;
        out.frag_color = mix(float4(_92.xyz * _76, _76), _92, float4(in.srcPremult));
        return out;
    }

*/
static const uint8_t spriteFs_source_metal_macos[976] = {
    0x23,0x69,0x6e,0x63,0x6c,0x75,0x64,0x65,0x20,0x3c,0x6d,0x65,0x74,0x61,0x6c,0x5f,
    0x73,0x74,0x64,0x6c,0x69,0x62,0x3e,0x0a,0x23,0x69,0x6e,0x63,0x6c,0x75,0x64,0x65,
    0x20,0x3c,0x73,0x69,0x6d,0x64,0x2f,0x73,0x69,0x6d,0x64,0x2e,0x68,0x3e,0x0a,0x0a,
    0x75,0x73,0x69,0x6e,0x67,0x20,0x6e,0x61,0x6d,0x65,0x73,0x70,0x61,0x63,0x65,0x20,
    0x6d,0x65,0x74,0x61,0x6c,0x3b,0x0a,0x0a,0x73,0x74,0x72,0x75,0x63,0x74,0x20,0x6d,
    0x61,0x69,0x6e,0x30,0x5f,0x6f,0x75,0x74,0x0a,0x7b,0x0a,0x20,0x20,0x20,0x20,0x66,
    0x6c,0x6f,0x61,0x74,0x34,0x20,0x66,0x72,0x61,0x67,0x5f,0x63,0x6f,0x6c,0x6f,0x72,
    0x20,0x5b,0x5b,0x63,0x6f,0x6c,0x6f,0x72,0x28,0x30,0x29,0x5d,0x5d,0x3b,0x0a,0x7d,
    0x3b,0x0a,0x0a,0x73,0x74,0x72,0x75,0x63,0x74,0x20,0x6d,0x61,0x69,0x6e,0x30,0x5f,
    0x69,0x6e,0x0a,0x7b,0x0a,0x20,0x20,0x20,0x20,0x66,0x6c,0x6f,0x61,0x74,0x32,0x20,
    0x75,0x76,0x20,0x5b,0x5b,0x75,0x73,0x65,0x72,0x28,0x6c,0x6f,0x63,0x6e,0x30,0x29,
    0x5d,0x5d,0x3b,0x0a,0x20,0x20,0x20,0x20,0x66,0x6c,0x6f,0x61,0x74,0x34,0x20,0x63,
    0x6f,0x6c,0x6f,0x72,0x20,0x5b,0x5b,0x75,0x73,0x65,0x72,0x28,0x6c,0x6f,0x63,0x6e,
    0x31,0x29,0x5d,0x5d,0x3b,0x0a,0x20,0x20,0x20,0x20,0x66,0x6c,0x6f,0x61,0x74,0x20,
    0x73,0x72,0x63,0x50,0x72,0x65,0x6d,0x75,0x6c,0x74,0x20,0x5b,0x5b,0x75,0x73,0x65,
    0x72,0x28,0x6c,0x6f,0x63,0x6e,0x32,0x29,0x5d,0x5d,0x3b,0x0a,0x20,0x20,0x20,0x20,
    0x66,0x6c,0x6f,0x61,0x74,0x34,0x20,0x63,0x6c,0x69,0x70,0x44,0x69,0x73,0x74,0x61,
    0x6e,0x63,0x65,0x20,0x5b,0x5b,0x75,0x73,0x65,0x72,0x28,0x6c,0x6f,0x63,0x6e,0x33,
    0x29,0x5d,0x5d,0x3b,0x0a,0x7d,0x3b,0x0a,0x0a,0x66,0x72,0x61,0x67,0x6d,0x65,0x6e,
    0x74,0x20,0x6d,0x61,0x69,0x6e,0x30,0x5f,0x6f,0x75,0x74,0x20,0x6d,0x61,0x69,0x6e,
    0x30,0x28,0x6d,0x61,0x69,0x6e,0x30,0x5f,0x69,0x6e,0x20,0x69,0x6e,0x20,0x5b,0x5b,
    0x73,0x74,0x61,0x67,0x65,0x5f,0x69,0x6e,0x5d,0x5d,0x2c,0x20,0x74,0x65,0x78,0x74,
    0x75,0x72,0x65,0x32,0x64,0x3c,0x66,0x6c,0x6f,0x61,0x74,0x3e,0x20,0x73,0x70,0x72,
    0x69,0x74,0x65,0x54,0x65,0x78,0x20,0x5b,0x5b,0x74,0x65,0x78,0x74,0x75,0x72,0x65,
    0x28,0x30,0x29,0x5d,0x5d,0x2c,0x20,0x73,0x61,0x6d,0x70,0x6c,0x65,0x72,0x20,0x73,
    0x70,0x72,0x69,0x74,0x65,0x53,0x6d,0x70,0x20,0x5b,0x5b,0x73,0x61,0x6d,0x70,0x6c,
    0x65,0x72,0x28,0x30,0x29,0x5d,0x5d,0x29,0x0a,0x7b,0x0a,0x20,0x20,0x20,0x20,0x6d,
    0x61,0x69,0x6e,0x30,0x5f,0x6f,0x75,0x74,0x20,0x6f,0x75,0x74,0x20,0x3d,0x20,0x7b,
    0x7d,0x3b,0x0a,0x20,0x20,0x20,0x20,0x69,0x66,0x20,0x28,0x66,0x61,0x73,0x74,0x3a,
    0x3a,0x6d,0x69,0x6e,0x28,0x66,0x61,0x73,0x74,0x3a,0x3a,0x6d,0x69,0x6e,0x28,0x69,
    0x6e,0x2e,0x63,0x6c,0x69,0x70,0x44,0x69,0x73,0x74,0x61,0x6e,0x63,0x65,0x2e,0x78,
    0x2c,0x20,0x69,0x6e,0x2e,0x63,0x6c,0x69,0x70,0x44,0x69,0x73,0x74,0x61,0x6e,0x63,
    0x65,0x2e,0x79,0x29,0x2c,0x20,0x66,0x61,0x73,0x74,0x3a,0x3a,0x6d,0x69,0x6e,0x28,
    0x69,0x6e,0x2e,0x63,0x6c,0x69,0x70,0x44,0x69,0x73,0x74,0x61,0x6e,0x63,0x65,0x2e,
    0x7a,0x2c,0x20,0x69,0x6e,0x2e,0x63,0x6c,0x69,0x70,0x44,0x69,0x73,0x74,0x61,0x6e,
    0x63,0x65,0x2e,0x77,0x29,0x29,0x20,0x3c,0x20,0x30,0x2e,0x30,0x29,0x0a,0x20,0x20,
    0x20,0x20,0x7b,0x0a,0x20,0x20,0x20,0x20,0x20,0x20,0x20,0x20,0x64,0x69,0x73,0x63,
    0x61,0x72,0x64,0x5f,0x66,0x72,0x61,0x67,0x6d,0x65,0x6e,0x74,0x28,0x29,0x3b,0x0a,
    0x20,0x20,0x20,0x20,0x7d,0x0a,0x20,0x20,0x20,0x20,0x66,0x6c,0x6f,0x61,0x74,0x34,
    0x20,0x5f,0x35,0x32,0x20,0x3d,0x20,0x73,0x70,0x72,0x69,0x74,0x65,0x54,0x65,0x78,
    0x2e,0x73,0x61,0x6d,0x70,0x6c,0x65,0x28,0x73,0x70,0x72,0x69,0x74,0x65,0x53,0x6d,
    0x70,0x2c,0x20,0x69,0x6e,0x2e,0x75,0x76,0x29,0x20,0x2a,0x20,0x69,0x6e,0x2e,0x63,
    0x6f,0x6c,0x6f,0x72,0x3b,0x0a,0x20,0x20,0x20,0x20,0x66,0x6c,0x6f,0x61,0x74,0x33,
    0x20,0x5f,0x35,0x35,0x20,0x3d,0x20,0x5f,0x35,0x32,0x2e,0x78,0x79,0x7a,0x3b,0x0a,
    0x20,0x20,0x20,0x20,0x66,0x6c,0x6f,0x61,0x74,0x33,0x20,0x5f,0x36,0x34,0x20,0x3d,
    0x20,0x6d,0x69,0x78,0x28,0x5f,0x35,0x35,0x2c,0x20,0x5f,0x35,0x35,0x20,0x2a,0x20,
    0x69,0x6e,0x2e,0x63,0x6f,0x6c,0x6f,0x72,0x2e,0x77,0x2c,0x20,0x66,0x6c,0x6f,0x61,
    0x74,0x33,0x28,0x69,0x6e,0x2e,0x73,0x72,0x63,0x50,0x72,0x65,0x6d,0x75,0x6c,0x74,
    0x29,0x29,0x3b,0x0a,0x20,0x20,0x20,0x20,0x66,0x6c,0x6f,0x61,0x74,0x34,0x20,0x5f,
    0x39,0x32,0x20,0x3d,0x20,0x5f,0x35,0x32,0x3b,0x0a,0x20,0x20,0x20,0x20,0x5f,0x39,
    0x32,0x2e,0x78,0x20,0x3d,0x20,0x5f,0x36,0x34,0x2e,0x78,0x3b,0x0a,0x20,0x20,0x20,
    0x20,0x5f,0x39,0x32,0x2e,0x79,0x20,0x3d,0x20,0x5f,0x36,0x34,0x2e,0x79,0x3b,0x0a,
    0x20,0x20,0x20,0x20,0x5f,0x39,0x32,0x2e,0x7a,0x20,0x3d,0x20,0x5f,0x36,0x34,0x2e,
    0x7a,0x3b,0x0a,0x20,0x20,0x20,0x20,0x66,0x6c,0x6f,0x61,0x74,0x20,0x5f,0x37,0x36,
    0x20,0x3d,0x20,0x5f,0x35,0x32,0x2e,0x77,0x3b,0x0a,0x20,0x20,0x20,0x20,0x6f,0x75,
    0x74,0x2e,0x66,0x72,0x61,0x67,0x5f,0x63,0x6f,0x6c,0x6f,0x72,0x20,0x3d,0x20,0x6d,
    0x69,0x78,0x28,0x66,0x6c,0x6f,0x61,0x74,0x34,0x28,0x5f,0x39,0x32,0x2e,0x78,0x79,
    0x7a,0x20,0x2a,0x20,0x5f,0x37,0x36,0x2c,0x20,0x5f,0x37,0x36,0x29,0x2c,0x20,0x5f,
    0x39,0x32,0x2c,0x20,0x66,0x6c,0x6f,0x61,0x74,0x34,0x28,0x69,0x6e,0x2e,0x73,0x72,
    0x63,0x50,0x72,0x65,0x6d,0x75,0x6c,0x74,0x29,0x29,0x3b,0x0a,0x20,0x20,0x20,0x20,
    0x72,0x65,0x74,0x75,0x72,0x6e,0x20,0x6f,0x75,0x74,0x3b,0x0a,0x7d,0x0a,0x0a,0x00,

};
/*
    #include <metal_stdlib>
    #include <simd/simd.h>

    using namespace metal;

    struct ui_params
    {
        float4 viewport;
        float4 clipU;
        float4 clipV;
    };

    struct main0_out
    {
        float4 vLocalHalf [[user(locn0)]];
        float4 vUvAa [[user(locn1)]];
        float4 vRadii [[user(locn2)]];
        float4 vBorders [[user(locn3)]];
        float4 vParams1 [[user(locn4)]];
        float4 vFill [[user(locn5)]];
        float4 vBorder [[user(locn6)]];
        float4 vExtra [[user(locn7)]];
        float4 clipDistance [[user(locn8)]];
        float4 gl_Position [[position]];
    };

    struct main0_in
    {
        float2 corner [[attribute(0)]];
        float4 iAffine [[attribute(1)]];
        float4 iOriginSize [[attribute(2)]];
        float4 iUvRadii [[attribute(3)]];
        float4 iBorders [[attribute(4)]];
        float4 iParams0 [[attribute(5)]];
        float4 iParams1 [[attribute(6)]];
        float4 iColorFill [[attribute(7)]];
        float4 iColorBorder [[attribute(8)]];
        float4 iColorExtra [[attribute(9)]];
    };

    vertex main0_out main0(main0_in in [[stage_in]], constant ui_params& _112 [[buffer(0)]])
    {
        main0_out out = {};
        float _24 = sqrt(length(in.iAffine.xy) * length(in.iAffine.zw));
        float _35;
        if (in.iParams0.x == 2.0)
        {
            _35 = 0.0;
        }
        else
        {
            float _42;
            if (_24 > 0.0)
            {
                _42 = 1.0 / _24;
            }
            else
            {
                _42 = 0.0;
            }
            _35 = _42;
        }
        float2 _68 = (in.corner * (in.iOriginSize.zw + float2(2.0 * _35))) - float2(_35);
        float _73 = _68.x;
        float _80 = _68.y;
        float _85 = ((in.iAffine.x * _73) + (in.iAffine.z * _80)) + in.iOriginSize.x;
        float _100 = ((in.iAffine.y * _73) + (in.iAffine.w * _80)) + in.iOriginSize.y;
        float2 _101 = float2(_85, _100);
        out.gl_Position = float4(((_85 / _112.viewport.x) * 2.0) - 1.0, 1.0 - ((_100 / _112.viewport.y) * 2.0), 0.0, 1.0);
        bool _137 = in.iOriginSize.z > 0.0;
        bool _143;
        if (_137)
        {
            _143 = in.iOriginSize.w > 0.0;
        }
        else
        {
            _143 = _137;
        }
        float2 _144;
        if (_143)
        {
            _144 = _68 / in.iOriginSize.zw;
        }
        else
        {
            _144 = float2(0.0);
        }
        float2 _153 = mix(in.iUvRadii.xy, in.iUvRadii.zw, _144);
        float2 _158 = in.iOriginSize.zw * 0.5;
        out.vLocalHalf = float4(_68 - _158, _158);
        float2 _171;
        if (_112.viewport.z > 0.5)
        {
            _171 = float2(_153.x, 1.0 - _153.y);
        }
        else
        {
            _171 = _153;
        }
        out.vUvAa = float4(_171, _35, in.iParams0.x);
        out.vRadii = in.iUvRadii;
        out.vBorders = in.iBorders;
        out.vParams1 = in.iParams1;
        out.vFill = in.iColorFill;
        out.vBorder = in.iColorBorder;
        out.vExtra = in.iColorExtra;
        if (_112.clipU.w > _112.clipU.z)
        {
            float _220 = dot(_101, _112.clipU.xy);
            float _227 = dot(_101, _112.clipV.xy);
            out.clipDistance = float4(_220 - _112.clipU.z, _112.clipU.w - _220, _227 - _112.clipV.z, _112.clipV.w - _227);
        }
        else
        {
            out.clipDistance = float4(1.0);
        }
        return out;
    }

*/
static const uint8_t uiVs_source_metal_macos[3029] = {
    0x23,0x69,0x6e,0x63,0x6c,0x75,0x64,0x65,0x20,0x3c,0x6d,0x65,0x74,0x61,0x6c,0x5f,
    0x73,0x74,0x64,0x6c,0x69,0x62,0x3e,0x0a,0x23,0x69,0x6e,0x63,0x6c,0x75,0x64,0x65,
    0x20,0x3c,0x73,0x69,0x6d,0x64,0x2f,0x73,0x69,0x6d,0x64,0x2e,0x68,0x3e,0x0a,0x0a,
    0x75,0x73,0x69,0x6e,0x67,0x20,0x6e,0x61,0x6d,0x65,0x73,0x70,0x61,0x63,0x65,0x20,
    0x6d,0x65,0x74,0x61,0x6c,0x3b,0x0a,0x0a,0x73,0x74,0x72,0x75,0x63,0x74,0x20,0x75,
    0x69,0x5f,0x70,0x61,0x72,0x61,0x6d,0x73,0x0a,0x7b,0x0a,0x20,0x20,0x20,0x20,0x66,
    0x6c,0x6f,0x61,0x74,0x34,0x20,0x76,0x69,0x65,0x77,0x70,0x6f,0x72,0x74,0x3b,0x0a,
    0x20,0x20,0x20,0x20,0x66,0x6c,0x6f,0x61,0x74,0x34,0x20,0x63,0x6c,0x69,0x70,0x55,
    0x3b,0x0a,0x20,0x20,0x20,0x20,0x66,0x6c,0x6f,0x61,0x74,0x34,0x20,0x63,0x6c,0x69,
    0x70,0x56,0x3b,0x0a,0x7d,0x3b,0x0a,0x0a,0x73,0x74,0x72,0x75,0x63,0x74,0x20,0x6d,
    0x61,0x69,0x6e,0x30,0x5f,0x6f,0x75,0x74,0x0a,0x7b,0x0a,0x20,0x20,0x20,0x20,0x66,
    0x6c,0x6f,0x61,0x74,0x34,0x20,0x76,0x4c,0x6f,0x63,0x61,0x6c,0x48,0x61,0x6c,0x66,
    0x20,0x5b,0x5b,0x75,0x73,0x65,0x72,0x28,0x6c,0x6f,0x63,0x6e,0x30,0x29,0x5d,0x5d,
    0x3b,0x0a,0x20,0x20,0x20,0x20,0x66,0x6c,0x6f,0x61,0x74,0x34,0x20,0x76,0x55,0x76,
    0x41,0x61,0x20,0x5b,0x5b,0x75,0x73,0x65,0x72,0x28,0x6c,0x6f,0x63,0x6e,0x31,0x29,
    0x5d,0x5d,0x3b,0x0a,0x20,0x20,0x20,0x20,0x66,0x6c,0x6f,0x61,0x74,0x34,0x20,0x76,
    0x52,0x61,0x64,0x69,0x69,0x20,0x5b,0x5b,0x75,0x73,0x65,0x72,0x28,0x6c,0x6f,0x63,
    0x6e,0x32,0x29,0x5d,0x5d,0x3b,0x0a,0x20,0x20,0x20,0x20,0x66,0x6c,0x6f,0x61,0x74,
    0x34,0x20,0x76,0x42,0x6f,0x72,0x64,0x65,0x72,0x73,0x20,0x5b,0x5b,0x75,0x73,0x65,
    0x72,0x28,0x6c,0x6f,0x63,0x6e,0x33,0x29,0x5d,0x5d,0x3b,0x0a,0x20,0x20,0x20,0x20,
    0x66,0x6c,0x6f,0x61,0x74,0x34,0x20,0x76,0x50,0x61,0x72,0x61,0x6d,0x73,0x31,0x20,
    0x5b,0x5b,0x75,0x73,0x65,0x72,0x28,0x6c,0x6f,0x63,0x6e,0x34,0x29,0x5d,0x5d,0x3b,
    0x0a,0x20,0x20,0x20,0x20,0x66,0x6c,0x6f,0x61,0x74,0x34,0x20,0x76,0x46,0x69,0x6c,
    0x6c,0x20,0x5b,0x5b,0x75,0x73,0x65,0x72,0x28,0x6c,0x6f,0x63,0x6e,0x35,0x29,0x5d,
    0x5d,0x3b,0x0a,0x20,0x20,0x20,0x20,0x66,0x6c,0x6f,0x61,0x74,0x34,0x20,0x76,0x42,
    0x6f,0x72,0x64,0x65,0x72,0x20,0x5b,0x5b,0x75,0x73,0x65,0x72,0x28,0x6c,0x6f,0x63,
    0x6e,0x36,0x29,0x5d,0x5d,0x3b,0x0a,0x20,0x20,0x20,0x20,0x66,0x6c,0x6f,0x61,0x74,
    0x34,0x20,0x76,0x45,0x78,0x74,0x72,0x61,0x20,0x5b,0x5b,0x75,0x73,0x65,0x72,0x28,
    0x6c,0x6f,0x63,0x6e,0x37,0x29,0x5d,0x5d,0x3b,0x0a,0x20,0x20,0x20,0x20,0x66,0x6c,
    0x6f,0x61,0x74,0x34,0x20,0x63,0x6c,0x69,0x70,0x44,0x69,0x73,0x74,0x61,0x6e,0x63,
    0x65,0x20,0x5b,0x5b,0x75,0x73,0x65,0x72,0x28,0x6c,0x6f,0x63,0x6e,0x38,0x29,0x5d,
    0x5d,0x3b,0x0a,0x20,0x20,0x20,0x20,0x66,0x6c,0x6f,0x61,0x74,0x34,0x20,0x67,0x6c,
    0x5f,0x50,0x6f,0x73,0x69,0x74,0x69,0x6f,0x6e,0x20,0x5b,0x5b,0x70,0x6f,0x73,0x69,
    0x74,0x69,0x6f,0x6e,0x5d,0x5d,0x3b,0x0a,0x7d,0x3b,0x0a,0x0a,0x73,0x74,0x72,0x75,
    0x63,0x74,0x20,0x6d,0x61,0x69,0x6e,0x30,0x5f,0x69,0x6e,0x0a,0x7b,0x0a,0x20,0x20,
    0x20,0x20,0x66,0x6c,0x6f,0x61,0x74,0x32,0x20,0x63,0x6f,0x72,0x6e,0x65,0x72,0x20,
    0x5b,0x5b,0x61,0x74,0x74,0x72,0x69,0x62,0x75,0x74,0x65,0x28,0x30,0x29,0x5d,0x5d,
    0x3b,0x0a,0x20,0x20,0x20,0x20,0x66,0x6c,0x6f,0x61,0x74,0x34,0x20,0x69,0x41,0x66,
    0x66,0x69,0x6e,0x65,0x20,0x5b,0x5b,0x61,0x74,0x74,0x72,0x69,0x62,0x75,0x74,0x65,
    0x28,0x31,0x29,0x5d,0x5d,0x3b,0x0a,0x20,0x20,0x20,0x20,0x66,0x6c,0x6f,0x61,0x74,
    0x34,0x20,0x69,0x4f,0x72,0x69,0x67,0x69,0x6e,0x53,0x69,0x7a,0x65,0x20,0x5b,0x5b,
    0x61,0x74,0x74,0x72,0x69,0x62,0x75,0x74,0x65,0x28,0x32,0x29,0x5d,0x5d,0x3b,0x0a,
    0x20,0x20,0x20,0x20,0x66,0x6c,0x6f,0x61,0x74,0x34,0x20,0x69,0x55,0x76,0x52,0x61,
    0x64,0x69,0x69,0x20,0x5b,0x5b,0x61,0x74,0x74,0x72,0x69,0x62,0x75,0x74,0x65,0x28,
    0x33,0x29,0x5d,0x5d,0x3b,0x0a,0x20,0x20,0x20,0x20,0x66,0x6c,0x6f,0x61,0x74,0x34,
    0x20,0x69,0x42,0x6f,0x72,0x64,0x65,0x72,0x73,0x20,0x5b,0x5b,0x61,0x74,0x74,0x72,
    0x69,0x62,0x75,0x74,0x65,0x28,0x34,0x29,0x5d,0x5d,0x3b,0x0a,0x20,0x20,0x20,0x20,
    0x66,0x6c,0x6f,0x61,0x74,0x34,0x20,0x69,0x50,0x61,0x72,0x61,0x6d,0x73,0x30,0x20,
    0x5b,0x5b,0x61,0x74,0x74,0x72,0x69,0x62,0x75,0x74,0x65,0x28,0x35,0x29,0x5d,0x5d,
    0x3b,0x0a,0x20,0x20,0x20,0x20,0x66,0x6c,0x6f,0x61,0x74,0x34,0x20,0x69,0x50,0x61,
    0x72,0x61,0x6d,0x73,0x31,0x20,0x5b,0x5b,0x61,0x74,0x74,0x72,0x69,0x62,0x75,0x74,
    0x65,0x28,0x36,0x29,0x5d,0x5d,0x3b,0x0a,0x20,0x20,0x20,0x20,0x66,0x6c,0x6f,0x61,
    0x74,0x34,0x20,0x69,0x43,0x6f,0x6c,0x6f,0x72,0x46,0x69,0x6c,0x6c,0x20,0x5b,0x5b,
    0x61,0x74,0x74,0x72,0x69,0x62,0x75,0x74,0x65,0x28,0x37,0x29,0x5d,0x5d,0x3b,0x0a,
    0x20,0x20,0x20,0x20,0x66,0x6c,0x6f,0x61,0x74,0x34,0x20,0x69,0x43,0x6f,0x6c,0x6f,
    0x72,0x42,0x6f,0x72,0x64,0x65,0x72,0x20,0x5b,0x5b,0x61,0x74,0x74,0x72,0x69,0x62,
    0x75,0x74,0x65,0x28,0x38,0x29,0x5d,0x5d,0x3b,0x0a,0x20,0x20,0x20,0x20,0x66,0x6c,
    0x6f,0x61,0x74,0x34,0x20,0x69,0x43,0x6f,0x6c,0x6f,0x72,0x45,0x78,0x74,0x72,0x61,
    0x20,0x5b,0x5b,0x61,0x74,0x74,0x72,0x69,0x62,0x75,0x74,0x65,0x28,0x39,0x29,0x5d,
    0x5d,0x3b,0x0a,0x7d,0x3b,0x0a,0x0a,0x76,0x65,0x72,0x74,0x65,0x78,0x20,0x6d,0x61,
    0x69,0x6e,0x30,0x5f,0x6f,0x75,0x74,0x20,0x6d,0x61,0x69,0x6e,0x30,0x28,0x6d,0x61,
    0x69,0x6e,0x30,0x5f,0x69,0x6e,0x20,0x69,0x6e,0x20,0x5b,0x5b,0x73,0x74,0x61,0x67,
    0x65,0x5f,0x69,0x6e,0x5d,0x5d,0x2c,0x20,0x63,0x6f,0x6e,0x73,0x74,0x61,0x6e,0x74,
    0x20,0x75,0x69,0x5f,0x70,0x61,0x72,0x61,0x6d,0x73,0x26,0x20,0x5f,0x31,0x31,0x32,
    0x20,0x5b,0x5b,0x62,0x75,0x66,0x66,0x65,0x72,0x28,0x30,0x29,0x5d,0x5d,0x29,0x0a,
    0x7b,0x0a,0x20,0x20,0x20,0x20,0x6d,0x61,0x69,0x6e,0x30,0x5f,0x6f,0x75,0x74,0x20,
    0x6f,0x75,0x74,0x20,0x3d,0x20,0x7b,0x7d,0x3b,0x0a,0x20,0x20,0x20,0x20,0x66,0x6c,
    0x6f,0x61,0x74,0x20,0x5f,0x32,0x34,0x20,0x3d,0x20,0x73,0x71,0x72,0x74,0x28,0x6c,
    0x65,0x6e,0x67,0x74,0x68,0x28,0x69,0x6e,0x2e,0x69,0x41,0x66,0x66,0x69,0x6e,0x65,
    0x2e,0x78,0x79,0x29,0x20,0x2a,0x20,0x6c,0x65,0x6e,0x67,0x74,0x68,0x28,0x69,0x6e,
    0x2e,0x69,0x41,0x66,0x66,0x69,0x6e,0x65,0x2e,0x7a,0x77,0x29,0x29,0x3b,0x0a,0x20,
    0x20,0x20,0x20,0x66,0x6c,0x6f,0x61,0x74,0x20,0x5f,0x33,0x35,0x3b,0x0a,0x20,0x20,
    0x20,0x20,0x69,0x66,0x20,0x28,0x69,0x6e,0x2e,0x69,0x50,0x61,0x72,0x61,0x6d,0x73,
    0x30,0x2e,0x78,0x20,0x3d,0x3d,0x20,0x32,0x2e,0x30,0x29,0x0a,0x20,0x20,0x20,0x20,
    0x7b,0x0a,0x20,0x20,0x20,0x20,0x20,0x20,0x20,0x20,0x5f,0x33,0x35,0x20,0x3d,0x20,
    0x30,0x2e,0x30,0x3b,0x0a,0x20,0x20,0x20,0x20,0x7d,0x0a,0x20,0x20,0x20,0x20,0x65,
    0x6c,0x73,0x65,0x0a,0x20,0x20,0x20,0x20,0x7b,0x0a,0x20,0x20,0x20,0x20,0x20,0x20,
    0x20,0x20,0x66,0x6c,0x6f,0x61,0x74,0x20,0x5f,0x34,0x32,0x3b,0x0a,0x20,0x20,0x20,
    0x20,0x20,0x20,0x20,0x20,0x69,0x66,0x20,0x28,0x5f,0x32,0x34,0x20,0x3e,0x20,0x30,
    0x2e,0x30,0x29,0x0a,0x20,0x20,0x20,0x20,0x20,0x20,0x20,0x20,0x7b,0x0a,0x20,0x20,
    0x20,0x20,0x20,0x20,0x20,0x20,0x20,0x20,0x20,0x20,0x5f,0x34,0x32,0x20,0x3d,0x20,
    0x31,0x2e,0x30,0x20,0x2f,0x20,0x5f,0x32,0x34,0x3b,0x0a,0x20,0x20,0x20,0x20,0x20,
    0x20,0x20,0x20,0x7d,0x0a,0x20,0x20,0x20,0x20,0x20,0x20,0x20,0x20,0x65,0x6c,0x73,
    0x65,0x0a,0x20,0x20,0x20,0x20,0x20,0x20,0x20,0x20,0x7b,0x0a,0x20,0x20,0x20,0x20,
    0x20,0x20,0x20,0x20,0x20,0x20,0x20,0x20,0x5f,0x34,0x32,0x20,0x3d,0x20,0x30,0x2e,
    0x30,0x3b,0x0a,0x20,0x20,0x20,0x20,0x20,0x20,0x20,0x20,0x7d,0x0a,0x20,0x20,0x20,
    0x20,0x20,0x20,0x20,0x20,0x5f,0x33,0x35,0x20,0x3d,0x20,0x5f,0x34,0x32,0x3b,0x0a,
    0x20,0x20,0x20,0x20,0x7d,0x0a,0x20,0x20,0x20,0x20,0x66,0x6c,0x6f,0x61,0x74,0x32,
    0x20,0x5f,0x36,0x38,0x20,0x3d,0x20,0x28,0x69,0x6e,0x2e,0x63,0x6f,0x72,0x6e,0x65,
    0x72,0x20,0x2a,0x20,0x28,0x69,0x6e,0x2e,0x69,0x4f,0x72,0x69,0x67,0x69,0x6e,0x53,
    0x69,0x7a,0x65,0x2e,0x7a,0x77,0x20,0x2b,0x20,0x66,0x6c,0x6f,0x61,0x74,0x32,0x28,
    0x32,0x2e,0x30,0x20,0x2a,0x20,0x5f,0x33,0x35,0x29,0x29,0x29,0x20,0x2d,0x20,0x66,
    0x6c,0x6f,0x61,0x74,0x32,0x28,0x5f,0x33,0x35,0x29,0x3b,0x0a,0x20,0x20,0x20,0x20,
    0x66,0x6c,0x6f,0x61,0x74,0x20,0x5f,0x37,0x33,0x20,0x3d,0x20,0x5f,0x36,0x38,0x2e,
    0x78,0x3b,0x0a,0x20,0x20,0x20,0x20,0x66,0x6c,0x6f,0x61,0x74,0x20,0x5f,0x38,0x30,
    0x20,0x3d,0x20,0x5f,0x36,0x38,0x2e,0x79,0x3b,0x0a,0x20,0x20,0x20,0x20,0x66,0x6c,
    0x6f,0x61,0x74,0x20,0x5f,0x38,0x35,0x20,0x3d,0x20,0x28,0x28,0x69,0x6e,0x2e,0x69,
    0x41,0x66,0x66,0x69,0x6e,0x65,0x2e,0x78,0x20,0x2a,0x20,0x5f,0x37,0x33,0x29,0x20,
    0x2b,0x20,0x28,0x69,0x6e,0x2e,0x69,0x41,0x66,0x66,0x69,0x6e,0x65,0x2e,0x7a,0x20,
    0x2a,0x20,0x5f,0x38,0x30,0x29,0x29,0x20,0x2b,0x20,0x69,0x6e,0x2e,0x69,0x4f,0x72,
    0x69,0x67,0x69,0x6e,0x53,0x69,0x7a,0x65,0x2e,0x78,0x3b,0x0a,0x20,0x20,0x20,0x20,
    0x66,0x6c,0x6f,0x61,0x74,0x20,0x5f,0x31,0x30,0x30,0x20,0x3d,0x20,0x28,0x28,0x69,
    0x6e,0x2e,0x69,0x41,0x66,0x66,0x69,0x6e,0x65,0x2e,0x79,0x20,0x2a,0x20,0x5f,0x37,
    0x33,0x29,0x20,0x2b,0x20,0x28,0x69,0x6e,0x2e,0x69,0x41,0x66,0x66,0x69,0x6e,0x65,
    0x2e,0x77,0x20,0x2a,0x20,0x5f,0x38,0x30,0x29,0x29,0x20,0x2b,0x20,0x69,0x6e,0x2e,
    0x69,0x4f,0x72,0x69,0x67,0x69,0x6e,0x53,0x69,0x7a,0x65,0x2e,0x79,0x3b,0x0a,0x20,
    0x20,0x20,0x20,0x66,0x6c,0x6f,0x61,0x74,0x32,0x20,0x5f,0x31,0x30,0x31,0x20,0x3d,
    0x20,0x66,0x6c,0x6f,0x61,0x74,0x32,0x28,0x5f,0x38,0x35,0x2c,0x20,0x5f,0x31,0x30,
    0x30,0x29,0x3b,0x0a,0x20,0x20,0x20,0x20,0x6f,0x75,0x74,0x2e,0x67,0x6c,0x5f,0x50,
    0x6f,0x73,0x69,0x74,0x69,0x6f,0x6e,0x20,0x3d,0x20,0x66,0x6c,0x6f,0x61,0x74,0x34,
    0x28,0x28,0x28,0x5f,0x38,0x35,0x20,0x2f,0x20,0x5f,0x31,0x31,0x32,0x2e,0x76,0x69,
    0x65,0x77,0x70,0x6f,0x72,0x74,0x2e,0x78,0x29,0x20,0x2a,0x20,0x32,0x2e,0x30,0x29,
    0x20,0x2d,0x20,0x31,0x2e,0x30,0x2c,0x20,0x31,0x2e,0x30,0x20,0x2d,0x20,0x28,0x28,
    0x5f,0x31,0x30,0x30,0x20,0x2f,0x20,0x5f,0x31,0x31,0x32,0x2e,0x76,0x69,0x65,0x77,
    0x70,0x6f,0x72,0x74,0x2e,0x79,0x29,0x20,0x2a,0x20,0x32,0x2e,0x30,0x29,0x2c,0x20,
    0x30,0x2e,0x30,0x2c,0x20,0x31,0x2e,0x30,0x29,0x3b,0x0a,0x20,0x20,0x20,0x20,0x62,
    0x6f,0x6f,0x6c,0x20,0x5f,0x31,0x33,0x37,0x20,0x3d,0x20,0x69,0x6e,0x2e,0x69,0x4f,
    0x72,0x69,0x67,0x69,0x6e,0x53,0x69,0x7a,0x65,0x2e,0x7a,0x20,0x3e,0x20,0x30,0x2e,
    0x30,0x3b,0x0a,0x20,0x20,0x20,0x20,0x62,0x6f,0x6f,0x6c,0x20,0x5f,0x31,0x34,0x33,
    0x3b,0x0a,0x20,0x20,0x20,0x20,0x69,0x66,0x20,0x28,0x5f,0x31,0x33,0x37,0x29,0x0a,
    0x20,0x20,0x20,0x20,0x7b,0x0a,0x20,0x20,0x20,0x20,0x20,0x20,0x20,0x20,0x5f,0x31,
    0x34,0x33,0x20,0x3d,0x20,0x69,0x6e,0x2e,0x69,0x4f,0x72,0x69,0x67,0x69,0x6e,0x53,
    0x69,0x7a,0x65,0x2e,0x77,0x20,0x3e,0x20,0x30,0x2e,0x30,0x3b,0x0a,0x20,0x20,0x20,
    0x20,0x7d,0x0a,0x20,0x20,0x20,0x20,0x65,0x6c,0x73,0x65,0x0a,0x20,0x20,0x20,0x20,
    0x7b,0x0a,0x20,0x20,0x20,0x20,0x20,0x20,0x20,0x20,0x5f,0x31,0x34,0x33,0x20,0x3d,
    0x20,0x5f,0x31,0x33,0x37,0x3b,0x0a,0x20,0x20,0x20,0x20,0x7d,0x0a,0x20,0x20,0x20,
    0x20,0x66,0x6c,0x6f,0x61,0x74,0x32,0x20,0x5f,0x31,0x34,0x34,0x3b,0x0a,0x20,0x20,
    0x20,0x20,0x69,0x66,0x20,0x28,0x5f,0x31,0x34,0x33,0x29,0x0a,0x20,0x20,0x20,0x20,
    0x7b,0x0a,0x20,0x20,0x20,0x20,0x20,0x20,0x20,0x20,0x5f,0x31,0x34,0x34,0x20,0x3d,
    0x20,0x5f,0x36,0x38,0x20,0x2f,0x20,0x69,0x6e,0x2e,0x69,0x4f,0x72,0x69,0x67,0x69,
    0x6e,0x53,0x69,0x7a,0x65,0x2e,0x7a,0x77,0x3b,0x0a,0x20,0x20,0x20,0x20,0x7d,0x0a,
    0x20,0x20,0x20,0x20,0x65,0x6c,0x73,0x65,0x0a,0x20,0x20,0x20,0x20,0x7b,0x0a,0x20,
    0x20,0x20,0x20,0x20,0x20,0x20,0x20,0x5f,0x31,0x34,0x34,0x20,0x3d,0x20,0x66,0x6c,
    0x6f,0x61,0x74,0x32,0x28,0x30,0x2e,0x30,0x29,0x3b,0x0a,0x20,0x20,0x20,0x20,0x7d,
    0x0a,0x20,0x20,0x20,0x20,0x66,0x6c,0x6f,0x61,0x74,0x32,0x20,0x5f,0x31,0x35,0x33,
    0x20,0x3d,0x20,0x6d,0x69,0x78,0x28,0x69,0x6e,0x2e,0x69,0x55,0x76,0x52,0x61,0x64,
    0x69,0x69,0x2e,0x78,0x79,0x2c,0x20,0x69,0x6e,0x2e,0x69,0x55,0x76,0x52,0x61,0x64,
    0x69,0x69,0x2e,0x7a,0x77,0x2c,0x20,0x5f,0x31,0x34,0x34,0x29,0x3b,0x0a,0x20,0x20,
    0x20,0x20,0x66,0x6c,0x6f,0x61,0x74,0x32,0x20,0x5f,0x31,0x35,0x38,0x20,0x3d,0x20,
    0x69,0x6e,0x2e,0x69,0x4f,0x72,0x69,0x67,0x69,0x6e,0x53,0x69,0x7a,0x65,0x2e,0x7a,
    0x77,0x20,0x2a,0x20,0x30,0x2e,0x35,0x3b,0x0a,0x20,0x20,0x20,0x20,0x6f,0x75,0x74,
    0x2e,0x76,0x4c,0x6f,0x63,0x61,0x6c,0x48,0x61,0x6c,0x66,0x20,0x3d,0x20,0x66,0x6c,
    0x6f,0x61,0x74,0x34,0x28,0x5f,0x36,0x38,0x20,0x2d,0x20,0x5f,0x31,0x35,0x38,0x2c,
    0x20,0x5f,0x31,0x35,0x38,0x29,0x3b,0x0a,0x20,0x20,0x20,0x20,0x66,0x6c,0x6f,0x61,
    0x74,0x32,0x20,0x5f,0x31,0x37,0x31,0x3b,0x0a,0x20,0x20,0x20,0x20,0x69,0x66,0x20,
    0x28,0x5f,0x31,0x31,0x32,0x2e,0x76,0x69,0x65,0x77,0x70,0x6f,0x72,0x74,0x2e,0x7a,
    0x20,0x3e,0x20,0x30,0x2e,0x35,0x29,0x0a,0x20,0x20,0x20,0x20,0x7b,0x0a,0x20,0x20,
    0x20,0x20,0x20,0x20,0x20,0x20,0x5f,0x31,0x37,0x31,0x20,0x3d,0x20,0x66,0x6c,0x6f,
    0x61,0x74,0x32,0x28,0x5f,0x31,0x35,0x33,0x2e,0x78,0x2c,0x20,0x31,0x2e,0x30,0x20,
    0x2d,0x20,0x5f,0x31,0x35,0x33,0x2e,0x79,0x29,0x3b,0x0a,0x20,0x20,0x20,0x20,0x7d,
    0x0a,0x20,0x20,0x20,0x20,0x65,0x6c,0x73,0x65,0x0a,0x20,0x20,0x20,0x20,0x7b,0x0a,
    0x20,0x20,0x20,0x20,0x20,0x20,0x20,0x20,0x5f,0x31,0x37,0x31,0x20,0x3d,0x20,0x5f,
    0x31,0x35,0x33,0x3b,0x0a,0x20,0x20,0x20,0x20,0x7d,0x0a,0x20,0x20,0x20,0x20,0x6f,
    0x75,0x74,0x2e,0x76,0x55,0x76,0x41,0x61,0x20,0x3d,0x20,0x66,0x6c,0x6f,0x61,0x74,
    0x34,0x28,0x5f,0x31,0x37,0x31,0x2c,0x20,0x5f,0x33,0x35,0x2c,0x20,0x69,0x6e,0x2e,
    0x69,0x50,0x61,0x72,0x61,0x6d,0x73,0x30,0x2e,0x78,0x29,0x3b,0x0a,0x20,0x20,0x20,
    0x20,0x6f,0x75,0x74,0x2e,0x76,0x52,0x61,0x64,0x69,0x69,0x20,0x3d,0x20,0x69,0x6e,
    0x2e,0x69,0x55,0x76,0x52,0x61,0x64,0x69,0x69,0x3b,0x0a,0x20,0x20,0x20,0x20,0x6f,
    0x75,0x74,0x2e,0x76,0x42,0x6f,0x72,0x64,0x65,0x72,0x73,0x20,0x3d,0x20,0x69,0x6e,
    0x2e,0x69,0x42,0x6f,0x72,0x64,0x65,0x72,0x73,0x3b,0x0a,0x20,0x20,0x20,0x20,0x6f,
    0x75,0x74,0x2e,0x76,0x50,0x61,0x72,0x61,0x6d,0x73,0x31,0x20,0x3d,0x20,0x69,0x6e,
    0x2e,0x69,0x50,0x61,0x72,0x61,0x6d,0x73,0x31,0x3b,0x0a,0x20,0x20,0x20,0x20,0x6f,
    0x75,0x74,0x2e,0x76,0x46,0x69,0x6c,0x6c,0x20,0x3d,0x20,0x69,0x6e,0x2e,0x69,0x43,
    0x6f,0x6c,0x6f,0x72,0x46,0x69,0x6c,0x6c,0x3b,0x0a,0x20,0x20,0x20,0x20,0x6f,0x75,
    0x74,0x2e,0x76,0x42,0x6f,0x72,0x64,0x65,0x72,0x20,0x3d,0x20,0x69,0x6e,0x2e,0x69,
    0x43,0x6f,0x6c,0x6f,0x72,0x42,0x6f,0x72,0x64,0x65,0x72,0x3b,0x0a,0x20,0x20,0x20,
    0x20,0x6f,0x75,0x74,0x2e,0x76,0x45,0x78,0x74,0x72,0x61,0x20,0x3d,0x20,0x69,0x6e,
    0x2e,0x69,0x43,0x6f,0x6c,0x6f,0x72,0x45,0x78,0x74,0x72,0x61,0x3b,0x0a,0x20,0x20,
    0x20,0x20,0x69,0x66,0x20,0x28,0x5f,0x31,0x31,0x32,0x2e,0x63,0x6c,0x69,0x70,0x55,
    0x2e,0x77,0x20,0x3e,0x20,0x5f,0x31,0x31,0x32,0x2e,0x63,0x6c,0x69,0x70,0x55,0x2e,
    0x7a,0x29,0x0a,0x20,0x20,0x20,0x20,0x7b,0x0a,0x20,0x20,0x20,0x20,0x20,0x20,0x20,
    0x20,0x66,0x6c,0x6f,0x61,0x74,0x20,0x5f,0x32,0x32,0x30,0x20,0x3d,0x20,0x64,0x6f,
    0x74,0x28,0x5f,0x31,0x30,0x31,0x2c,0x20,0x5f,0x31,0x31,0x32,0x2e,0x63,0x6c,0x69,
    0x70,0x55,0x2e,0x78,0x79,0x29,0x3b,0x0a,0x20,0x20,0x20,0x20,0x20,0x20,0x20,0x20,
    0x66,0x6c,0x6f,0x61,0x74,0x20,0x5f,0x32,0x32,0x37,0x20,0x3d,0x20,0x64,0x6f,0x74,
    0x28,0x5f,0x31,0x30,0x31,0x2c,0x20,0x5f,0x31,0x31,0x32,0x2e,0x63,0x6c,0x69,0x70,
    0x56,0x2e,0x78,0x79,0x29,0x3b,0x0a,0x20,0x20,0x20,0x20,0x20,0x20,0x20,0x20,0x6f,
    0x75,0x74,0x2e,0x63,0x6c,0x69,0x70,0x44,0x69,0x73,0x74,0x61,0x6e,0x63,0x65,0x20,
    0x3d,0x20,0x66,0x6c,0x6f,0x61,0x74,0x34,0x28,0x5f,0x32,0x32,0x30,0x20,0x2d,0x20,
    0x5f,0x31,0x31,0x32,0x2e,0x63,0x6c,0x69,0x70,0x55,0x2e,0x7a,0x2c,0x20,0x5f,0x31,
    0x31,0x32,0x2e,0x63,0x6c,0x69,0x70,0x55,0x2e,0x77,0x20,0x2d,0x20,0x5f,0x32,0x32,
    0x30,0x2c,0x20,0x5f,0x32,0x32,0x37,0x20,0x2d,0x20,0x5f,0x31,0x31,0x32,0x2e,0x63,
    0x6c,0x69,0x70,0x56,0x2e,0x7a,0x2c,0x20,0x5f,0x31,0x31,0x32,0x2e,0x63,0x6c,0x69,
    0x70,0x56,0x2e,0x77,0x20,0x2d,0x20,0x5f,0x32,0x32,0x37,0x29,0x3b,0x0a,0x20,0x20,
    0x20,0x20,0x7d,0x0a,0x20,0x20,0x20,0x20,0x65,0x6c,0x73,0x65,0x0a,0x20,0x20,0x20,
    0x20,0x7b,0x0a,0x20,0x20,0x20,0x20,0x20,0x20,0x20,0x20,0x6f,0x75,0x74,0x2e,0x63,
    0x6c,0x69,0x70,0x44,0x69,0x73,0x74,0x61,0x6e,0x63,0x65,0x20,0x3d,0x20,0x66,0x6c,
    0x6f,0x61,0x74,0x34,0x28,0x31,0x2e,0x30,0x29,0x3b,0x0a,0x20,0x20,0x20,0x20,0x7d,
    0x0a,0x20,0x20,0x20,0x20,0x72,0x65,0x74,0x75,0x72,0x6e,0x20,0x6f,0x75,0x74,0x3b,
    0x0a,0x7d,0x0a,0x0a,0x00,
};
/*
    #pragma clang diagnostic ignored "-Wmissing-prototypes"

    #include <metal_stdlib>
    #include <simd/simd.h>

    using namespace metal;

    struct main0_out
    {
        float4 frag_color [[color(0)]];
    };

    struct main0_in
    {
        float4 vLocalHalf [[user(locn0)]];
        float4 vUvAa [[user(locn1)]];
        float4 vRadii [[user(locn2)]];
        float4 vBorders [[user(locn3)]];
        float4 vParams1 [[user(locn4)]];
        float4 vFill [[user(locn5)]];
        float4 vBorder [[user(locn6)]];
        float4 vExtra [[user(locn7)]];
        float4 clipDistance [[user(locn8)]];
    };

    static inline __attribute__((always_inline))
    float cornerRadius(thread const float2& p, thread const float4& radii)
    {
        float _91;
        if (p.x < 0.0)
        {
            float _97;
            if (p.y < 0.0)
            {
                _97 = radii.x;
            }
            else
            {
                _97 = radii.w;
            }
            _91 = _97;
        }
        else
        {
            float _111;
            if (p.y < 0.0)
            {
                _111 = radii.y;
            }
            else
            {
                _111 = radii.z;
            }
            _91 = _111;
        }
        return _91;
    }

    static inline __attribute__((always_inline))
    float roundedRectDistance(thread const float2& p, thread const float2& half_, thread const float& r)
    {
        float _63 = fast::clamp(r, 0.0, fast::min(half_.x, half_.y));
        float2 _71 = abs(p) - (half_ - float2(_63));
        return (length(fast::max(_71, float2(0.0))) + fast::min(fast::max(_71.x, _71.y), 0.0)) - _63;
    }

    static inline __attribute__((always_inline))
    float coverageFromDistance(thread const float& d, thread const float& aa)
    {
        if (aa <= 0.0)
        {
            return float(d <= 0.0);
        }
        return fast::clamp(0.5 - (d / aa), 0.0, 1.0);
    }

    static inline __attribute__((always_inline))
    float scanlineHalf(thread const float& hx, thread const float& hy, thread const float& ay, thread const float& r)
    {
        float _199 = ay - (hy - r);
        float _207 = (r * r) - (_199 * _199);
        float _214;
        if ((_199 > 0.0) && (_207 > 0.0))
        {
            _214 = sqrt(_207);
        }
        else
        {
            _214 = r;
        }
        return (hx - r) + _214;
    }

    static inline __attribute__((always_inline))
    float erfApprox(thread const float& x)
    {
        float _143 = sign(x);
        float _146 = abs(x);
        float _163 = 1.0 + ((0.2783930003643035888671875 + ((0.23038899898529052734375 + ((0.0009720000089146196842193603515625 + (0.07810799777507781982421875 * _146)) * _146)) * _146)) * _146);
        float _167 = _163 * _163;
        return _143 - (_143 / (_167 * _167));
    }

    static inline __attribute__((always_inline))
    float gaussianPdf(thread const float& x, thread const float& sigma)
    {
        return exp((-(x * x)) / ((2.0 * sigma) * sigma)) / (2.5066282749176025390625 * sigma);
    }

    static inline __attribute__((always_inline))
    float shadowCoverage(thread const float2& p, thread const float2& half_, thread const float4& radii, thread const float2& offset, thread const float& sigma, thread const float& aa)
    {
        float4 _238 = fast::clamp(radii, float4(0.0), float4(fast::min(half_.x, half_.y)));
        float2 _242 = p - offset;
        if (sigma <= 0.0)
        {
            float2 param = _242;
            float4 param_1 = _238;
            float2 param_2 = _242;
            float2 param_3 = half_;
            float param_4 = cornerRadius(param, param_1);
            float param_5 = roundedRectDistance(param_2, param_3, param_4);
            float param_6 = aa;
            return coverageFromDistance(param_5, param_6);
        }
        float _265 = _242.y;
        float _268 = _265 - half_.y;
        float _274 = _265 + half_.y;
        float _281 = fast::clamp((-3.0) * sigma, _268, _274);
        float _292 = fast::clamp(3.0 * sigma, _268, _274) - _281;
        float _294 = _292 * 0.25;
        float _298 = 0.707106769084930419921875 / sigma;
        float acc = 0.0;
        float y = _281 + (_292 * 0.125);
        float _328;
        float _350;
        for (int i = 0; i < 4; i++)
        {
            float _321 = _265 - y;
            float _324 = abs(_321);
            bool _327 = _321 < 0.0;
            if (_327)
            {
                _328 = _238.x;
            }
            else
            {
                _328 = _238.w;
            }
            float param_7 = half_.x;
            float param_8 = half_.y;
            float param_9 = _324;
            float param_10 = _328;
            if (_327)
            {
                _350 = _238.y;
            }
            else
            {
                _350 = _238.z;
            }
            float param_11 = half_.x;
            float param_12 = half_.y;
            float param_13 = _324;
            float param_14 = _350;
            float _371 = _242.x;
            float param_15 = (_371 + scanlineHalf(param_7, param_8, param_9, param_10)) * _298;
            float param_16 = (_371 - scanlineHalf(param_11, param_12, param_13, param_14)) * _298;
            float param_17 = y;
            float param_18 = sigma;
            acc += ((((0.5 + (0.5 * erfApprox(param_15))) - (0.5 + (0.5 * erfApprox(param_16)))) * gaussianPdf(param_17, param_18)) * _294);
            y += _294;
        }
        return acc;
    }

    fragment main0_out main0(main0_in in [[stage_in]], texture2d<float> uiTex [[texture(0)]], sampler uiSmp [[sampler(0)]])
    {
        main0_out out = {};
        if (fast::min(fast::min(in.clipDistance.x, in.clipDistance.y), fast::min(in.clipDistance.z, in.clipDistance.w)) < 0.0)
        {
            discard_fragment();
        }
        int _446 = int(in.vUvAa.w + 0.5);
        if (_446 == 3)
        {
            float2 param = in.vLocalHalf.xy;
            float4 param_1 = fast::clamp(in.vBorders, float4(0.0), float4(fast::min(in.vLocalHalf.z, in.vLocalHalf.w)));
            float2 param_2 = in.vLocalHalf.xy;
            float2 param_3 = in.vLocalHalf.zw;
            float param_4 = cornerRadius(param, param_1);
            float param_5 = roundedRectDistance(param_2, param_3, param_4);
            float param_6 = in.vUvAa.z;
            float4 texel = uiTex.sample(uiSmp, in.vUvAa.xy);
            if (in.vParams1.x > 0.5)
            {
                float4 _500 = texel;
                float _506 = dot(_500.xyz, float3(0.2125999927520751953125, 0.715200006961822509765625, 0.072200000286102294921875));
                float4 _886 = _500;
                _886.x = _506;
                _886.y = _506;
                _886.z = _506;
                texel = _886;
            }
            float4 _519 = texel * in.vFill;
            float _524 = _519.w * coverageFromDistance(param_5, param_6);
            out.frag_color = float4(_519.xyz * _524, _524);
            return out;
        }
        if (_446 == 1)
        {
            float alpha;
            if (in.vBorders.w > 0.5)
            {
                float2 param_7 = in.vLocalHalf.xy;
                float2 param_8 = in.vBorders.xy;
                float4 param_9 = in.vRadii;
                float2 param_10 = float2(0.0);
                float param_11 = in.vBorders.z;
                float param_12 = in.vUvAa.z;
                float2 param_13 = in.vLocalHalf.xy;
                float4 param_14 = in.vRadii;
                float2 param_15 = in.vLocalHalf.xy;
                float2 param_16 = in.vBorders.xy;
                float param_17 = cornerRadius(param_13, param_14);
                float param_18 = roundedRectDistance(param_15, param_16, param_17);
                float param_19 = in.vUvAa.z;
                alpha = (1.0 - shadowCoverage(param_7, param_8, param_9, param_10, param_11, param_12)) * coverageFromDistance(param_18, param_19);
            }
            else
            {
                float2 param_20 = in.vLocalHalf.xy;
                float2 param_21 = in.vBorders.xy;
                float4 param_22 = in.vRadii;
                float2 param_23 = in.vParams1.xy;
                float param_24 = in.vBorders.z;
                float param_25 = in.vUvAa.z;
                alpha = shadowCoverage(param_20, param_21, param_22, param_23, param_24, param_25);
            }
            float _607 = in.vExtra.w * alpha;
            out.frag_color = float4(in.vExtra.xyz * _607, _607);
            return out;
        }
        float2 halfBox = in.vLocalHalf.zw;
        bool _624 = in.vExtra.w > 0.0;
        bool _631;
        if (_624)
        {
            _631 = in.vParams1.w <= 0.5;
        }
        else
        {
            _631 = _624;
        }
        if (_631)
        {
            halfBox = in.vLocalHalf.zw - (float2(3.0 * in.vParams1.z) + abs(in.vParams1.xy));
        }
        float2 param_26 = in.vLocalHalf.xy;
        float4 param_27 = in.vRadii;
        float2 param_28 = in.vLocalHalf.xy;
        float2 param_29 = halfBox;
        float param_30 = cornerRadius(param_26, param_27);
        float4 _660 = fast::max(in.vBorders, float4(0.0));
        float _663 = _660.x;
        float _665 = _660.z;
        float _668 = _660.y;
        float _670 = _660.w;
        float2 _715 = in.vLocalHalf.xy - (float2(_663 - _665, _668 - _670) * 0.5);
        float2 param_31 = _715;
        float4 param_32 = fast::max(in.vRadii - float4(fast::max(_663, _668), fast::max(_668, _665), fast::max(_665, _670), fast::max(_670, _663)), float4(0.0));
        float2 param_33 = _715;
        float2 param_34 = fast::max(halfBox - (float2(_663 + _665, _668 + _670) * 0.5), float2(0.0));
        float param_35 = cornerRadius(param_31, param_32);
        float param_36 = roundedRectDistance(param_28, param_29, param_30);
        float param_37 = in.vUvAa.z;
        float _736 = coverageFromDistance(param_36, param_37);
        float param_38 = roundedRectDistance(param_33, param_34, param_35);
        float param_39 = in.vUvAa.z;
        float _742 = coverageFromDistance(param_38, param_39);
        float4 fill = in.vFill;
        if (_446 == 2)
        {
            float4 _908 = fill;
            _908.w = _908.w * uiTex.sample(uiSmp, in.vUvAa.xy).w;
            fill = _908;
        }
        float _770 = fill.w * _742;
        float _775 = in.vBorder.w * fast::max(_736 - _742, 0.0);
        float alpha_1 = _770 + _775;
        float3 rgb = (fill.xyz * _770) + (in.vBorder.xyz * _775);
        if (_624)
        {
            bool _799 = in.vParams1.w > 0.5;
            float sAlpha;
            if (_799)
            {
                float2 param_40 = in.vLocalHalf.xy;
                float2 param_41 = halfBox;
                float4 param_42 = in.vRadii;
                float2 param_43 = float2(0.0);
                float param_44 = in.vParams1.z;
                float param_45 = in.vUvAa.z;
                sAlpha = (1.0 - shadowCoverage(param_40, param_41, param_42, param_43, param_44, param_45)) * _736;
            }
            else
            {
                float2 param_46 = in.vLocalHalf.xy;
                float2 param_47 = halfBox;
                float4 param_48 = in.vRadii;
                float2 param_49 = in.vParams1.xy;
                float param_50 = in.vParams1.z;
                float param_51 = in.vUvAa.z;
                sAlpha = shadowCoverage(param_46, param_47, param_48, param_49, param_50, param_51);
            }
            sAlpha *= in.vExtra.w;
            if (_799)
            {
                float _852 = 1.0 - sAlpha;
                rgb = (in.vExtra.xyz * sAlpha) + (rgb * _852);
                alpha_1 = sAlpha + (alpha_1 * _852);
            }
            else
            {
                float _868 = 1.0 - alpha_1;
                rgb += ((in.vExtra.xyz * sAlpha) * _868);
                alpha_1 += (sAlpha * _868);
            }
        }
        out.frag_color = float4(rgb, alpha_1);
        return out;
    }

*/
static const uint8_t uiFs_source_metal_macos[10789] = {
    0x23,0x70,0x72,0x61,0x67,0x6d,0x61,0x20,0x63,0x6c,0x61,0x6e,0x67,0x20,0x64,0x69,
    0x61,0x67,0x6e,0x6f,0x73,0x74,0x69,0x63,0x20,0x69,0x67,0x6e,0x6f,0x72,0x65,0x64,
    0x20,0x22,0x2d,0x57,0x6d,0x69,0x73,0x73,0x69,0x6e,0x67,0x2d,0x70,0x72,0x6f,0x74,
    0x6f,0x74,0x79,0x70,0x65,0x73,0x22,0x0a,0x0a,0x23,0x69,0x6e,0x63,0x6c,0x75,0x64,
    0x65,0x20,0x3c,0x6d,0x65,0x74,0x61,0x6c,0x5f,0x73,0x74,0x64,0x6c,0x69,0x62,0x3e,
    0x0a,0x23,0x69,0x6e,0x63,0x6c,0x75,0x64,0x65,0x20,0x3c,0x73,0x69,0x6d,0x64,0x2f,
    0x73,0x69,0x6d,0x64,0x2e,0x68,0x3e,0x0a,0x0a,0x75,0x73,0x69,0x6e,0x67,0x20,0x6e,
    0x61,0x6d,0x65,0x73,0x70,0x61,0x63,0x65,0x20,0x6d,0x65,0x74,0x61,0x6c,0x3b,0x0a,
    0x0a,0x73,0x74,0x72,0x75,0x63,0x74,0x20,0x6d,0x61,0x69,0x6e,0x30,0x5f,0x6f,0x75,
    0x74,0x0a,0x7b,0x0a,0x20,0x20,0x20,0x20,0x66,0x6c,0x6f,0x61,0x74,0x34,0x20,0x66,
    0x72,0x61,0x67,0x5f,0x63,0x6f,0x6c,0x6f,0x72,0x20,0x5b,0x5b,0x63,0x6f,0x6c,0x6f,
    0x72,0x28,0x30,0x29,0x5d,0x5d,0x3b,0x0a,0x7d,0x3b,0x0a,0x0a,0x73,0x74,0x72,0x75,
    0x63,0x74,0x20,0x6d,0x61,0x69,0x6e,0x30,0x5f,0x69,0x6e,0x0a,0x7b,0x0a,0x20,0x20,
    0x20,0x20,0x66,0x6c,0x6f,0x61,0x74,0x34,0x20,0x76,0x4c,0x6f,0x63,0x61,0x6c,0x48,
    0x61,0x6c,0x66,0x20,0x5b,0x5b,0x75,0x73,0x65,0x72,0x28,0x6c,0x6f,0x63,0x6e,0x30,
    0x29,0x5d,0x5d,0x3b,0x0a,0x20,0x20,0x20,0x20,0x66,0x6c,0x6f,0x61,0x74,0x34,0x20,
    0x76,0x55,0x76,0x41,0x61,0x20,0x5b,0x5b,0x75,0x73,0x65,0x72,0x28,0x6c,0x6f,0x63,
    0x6e,0x31,0x29,0x5d,0x5d,0x3b,0x0a,0x20,0x20,0x20,0x20,0x66,0x6c,0x6f,0x61,0x74,
    0x34,0x20,0x76,0x52,0x61,0x64,0x69,0x69,0x20,0x5b,0x5b,0x75,0x73,0x65,0x72,0x28,
    0x6c,0x6f,0x63,0x6e,0x32,0x29,0x5d,0x5d,0x3b,0x0a,0x20,0x20,0x20,0x20,0x66,0x6c,
    0x6f,0x61,0x74,0x34,0x20,0x76,0x42,0x6f,0x72,0x64,0x65,0x72,0x73,0x20,0x5b,0x5b,
    0x75,0x73,0x65,0x72,0x28,0x6c,0x6f,0x63,0x6e,0x33,0x29,0x5d,0x5d,0x3b,0x0a,0x20,
    0x20,0x20,0x20,0x66,0x6c,0x6f,0x61,0x74,0x34,0x20,0x76,0x50,0x61,0x72,0x61,0x6d,
    0x73,0x31,0x20,0x5b,0x5b,0x75,0x73,0x65,0x72,0x28,0x6c,0x6f,0x63,0x6e,0x34,0x29,
    0x5d,0x5d,0x3b,0x0a,0x20,0x20,0x20,0x20,0x66,0x6c,0x6f,0x61,0x74,0x34,0x20,0x76,
    0x46,0x69,0x6c,0x6c,0x20,0x5b,0x5b,0x75,0x73,0x65,0x72,0x28,0x6c,0x6f,0x63,0x6e,
    0x35,0x29,0x5d,0x5d,0x3b,0x0a,0x20,0x20,0x20,0x20,0x66,0x6c,0x6f,0x61,0x74,0x34,
    0x20,0x76,0x42,0x6f,0x72,0x64,0x65,0x72,0x20,0x5b,0x5b,0x75,0x73,0x65,0x72,0x28,
    0x6c,0x6f,0x63,0x6e,0x36,0x29,0x5d,0x5d,0x3b,0x0a,0x20,0x20,0x20,0x20,0x66,0x6c,
    0x6f,0x61,0x74,0x34,0x20,0x76,0x45,0x78,0x74,0x72,0x61,0x20,0x5b,0x5b,0x75,0x73,
    0x65,0x72,0x28,0x6c,0x6f,0x63,0x6e,0x37,0x29,0x5d,0x5d,0x3b,0x0a,0x20,0x20,0x20,
    0x20,0x66,0x6c,0x6f,0x61,0x74,0x34,0x20,0x63,0x6c,0x69,0x70,0x44,0x69,0x73,0x74,
    0x61,0x6e,0x63,0x65,0x20,0x5b,0x5b,0x75,0x73,0x65,0x72,0x28,0x6c,0x6f,0x63,0x6e,
    0x38,0x29,0x5d,0x5d,0x3b,0x0a,0x7d,0x3b,0x0a,0x0a,0x73,0x74,0x61,0x74,0x69,0x63,
    0x20,0x69,0x6e,0x6c,0x69,0x6e,0x65,0x20,0x5f,0x5f,0x61,0x74,0x74,0x72,0x69,0x62,
    0x75,0x74,0x65,0x5f,0x5f,0x28,0x28,0x61,0x6c,0x77,0x61,0x79,0x73,0x5f,0x69,0x6e,
    0x6c,0x69,0x6e,0x65,0x29,0x29,0x0a,0x66,0x6c,0x6f,0x61,0x74,0x20,0x63,0x6f,0x72,
    0x6e,0x65,0x72,0x52,0x61,0x64,0x69,0x75,0x73,0x28,0x74,0x68,0x72,0x65,0x61,0x64,
    0x20,0x63,0x6f,0x6e,0x73,0x74,0x20,0x66,0x6c,0x6f,0x61,0x74,0x32,0x26,0x20,0x70,
    0x2c,0x20,0x74,0x68,0x72,0x65,0x61,0x64,0x20,0x63,0x6f,0x6e,0x73,0x74,0x20,0x66,
    0x6c,0x6f,0x61,0x74,0x34,0x26,0x20,0x72,0x61,0x64,0x69,0x69,0x29,0x0a,0x7b,0x0a,
    0x20,0x20,0x20,0x20,0x66,0x6c,0x6f,0x61,0x74,0x20,0x5f,0x39,0x31,0x3b,0x0a,0x20,
    0x20,0x20,0x20,0x69,0x66,0x20,0x28,0x70,0x2e,0x78,0x20,0x3c,0x20,0x30,0x2e,0x30,
    0x29,0x0a,0x20,0x20,0x20,0x20,0x7b,0x0a,0x20,0x20,0x20,0x20,0x20,0x20,0x20,0x20,
    0x66,0x6c,0x6f,0x61,0x74,0x20,0x5f,0x39,0x37,0x3b,0x0a,0x20,0x20,0x20,0x20,0x20,
    0x20,0x20,0x20,0x69,0x66,0x20,0x28,0x70,0x2e,0x79,0x20,0x3c,0x20,0x30,0x2e,0x30,
    0x29,0x0a,0x20,0x20,0x20,0x20,0x20,0x20,0x20,0x20,0x7b,0x0a,0x20,0x20,0x20,0x20,
    0x20,0x20,0x20,0x20,0x20,0x20,0x20,0x20,0x5f,0x39,0x37,0x20,0x3d,0x20,0x72,0x61,
    0x64,0x69,0x69,0x2e,0x78,0x3b,0x0a,0x20,0x20,0x20,0x20,0x20,0x20,0x20,0x20,0x7d,
    0x0a,0x20,0x20,0x20,0x20,0x20,0x20,0x20,0x20,0x65,0x6c,0x73,0x65,0x0a,0x20,0x20,
    0x20,0x20,0x20,0x20,0x20,0x20,0x7b,0x0a,0x20,0x20,0x20,0x20,0x20,0x20,0x20,0x20,
    0x20,0x20,0x20,0x20,0x5f,0x39,0x37,0x20,0x3d,0x20,0x72,0x61,0x64,0x69,0x69,0x2e,
    0x77,0x3b,0x0a,0x20,0x20,0x20,0x20,0x20,0x20,0x20,0x20,0x7d,0x0a,0x20,0x20,0x20,
    0x20,0x20,0x20,0x20,0x20,0x5f,0x39,0x31,0x20,0x3d,0x20,0x5f,0x39,0x37,0x3b,0x0a,
    0x20,0x20,0x20,0x20,0x7d,0x0a,0x20,0x20,0x20,0x20,0x65,0x6c,0x73,0x65,0x0a,0x20,
    0x20,0x20,0x20,0x7b,0x0a,0x20,0x20,0x20,0x20,0x20,0x20,0x20,0x20,0x66,0x6c,0x6f,
    0x61,0x74,0x20,0x5f,0x31,0x31,0x31,0x3b,0x0a,0x20,0x20,0x20,0x20,0x20,0x20,0x20,
    0x20,0x69,0x66,0x20,0x28,0x70,0x2e,0x79,0x20,0x3c,0x20,0x30,0x2e,0x30,0x29,0x0a,
    0x20,0x20,0x20,0x20,0x20,0x20,0x20,0x20,0x7b,0x0a,0x20,0x20,0x20,0x20,0x20,0x20,
    0x20,0x20,0x20,0x20,0x20,0x20,0x5f,0x31,0x31,0x31,0x20,0x3d,0x20,0x72,0x61,0x64,
    0x69,0x69,0x2e,0x79,0x3b,0x0a,0x20,0x20,0x20,0x20,0x20,0x20,0x20,0x20,0x7d,0x0a,
    0x20,0x20,0x20,0x20,0x20,0x20,0x20,0x20,0x65,0x6c,0x73,0x65,0x0a,0x20,0x20,0x20,
    0x20,0x20,0x20,0x20,0x20,0x7b,0x0a,0x20,0x20,0x20,0x20,0x20,0x20,0x20,0x20,0x20,
    0x20,0x20,0x20,0x5f,0x31,0x31,0x31,0x20,0x3d,0x20,0x72,0x61,0x64,0x69,0x69,0x2e,
    0x7a,0x3b,0x0a,0x20,0x20,0x20,0x20,0x20,0x20,0x20,0x20,0x7d,0x0a,0x20,0x20,0x20,
    0x20,0x20,0x20,0x20,0x20,0x5f,0x39,0x31,0x20,0x3d,0x20,0x5f,0x31,0x31,0x31,0x3b,
    0x0a,0x20,0x20,0x20,0x20,0x7d,0x0a,0x20,0x20,0x20,0x20,0x72,0x65,0x74,0x75,0x72,
    0x6e,0x20,0x5f,0x39,0x31,0x3b,0x0a,0x7d,0x0a,0x0a,0x73,0x74,0x61,0x74,0x69,0x63,
    0x20,0x69,0x6e,0x6c,0x69,0x6e,0x65,0x20,0x5f,0x5f,0x61,0x74,0x74,0x72,0x69,0x62,
    0x75,0x74,0x65,0x5f,0x5f,0x28,0x28,0x61,0x6c,0x77,0x61,0x79,0x73,0x5f,0x69,0x6e,
    0x6c,0x69,0x6e,0x65,0x29,0x29,0x0a,0x66,0x6c,0x6f,0x61,0x74,0x20,0x72,0x6f,0x75,
    0x6e,0x64,0x65,0x64,0x52,0x65,0x63,0x74,0x44,0x69,0x73,0x74,0x61,0x6e,0x63,0x65,
    0x28,0x74,0x68,0x72,0x65,0x61,0x64,0x20,0x63,0x6f,0x6e,0x73,0x74,0x20,0x66,0x6c,
    0x6f,0x61,0x74,0x32,0x26,0x20,0x70,0x2c,0x20,0x74,0x68,0x72,0x65,0x61,0x64,0x20,
    0x63,0x6f,0x6e,0x73,0x74,0x20,0x66,0x6c,0x6f,0x61,0x74,0x32,0x26,0x20,0x68,0x61,
    0x6c,0x66,0x5f,0x2c,0x20,0x74,0x68,0x72,0x65,0x61,0x64,0x20,0x63,0x6f,0x6e,0x73,
    0x74,0x20,0x66,0x6c,0x6f,0x61,0x74,0x26,0x20,0x72,0x29,0x0a,0x7b,0x0a,0x20,0x20,
    0x20,0x20,0x66,0x6c,0x6f,0x61,0x74,0x20,0x5f,0x36,0x33,0x20,0x3d,0x20,0x66,0x61,
    0x73,0x74,0x3a,0x3a,0x63,0x6c,0x61,0x6d,0x70,0x28,0x72,0x2c,0x20,0x30,0x2e,0x30,
    0x2c,0x20,0x66,0x61,0x73,0x74,0x3a,0x3a,0x6d,0x69,0x6e,0x28,0x68,0x61,0x6c,0x66,
    0x5f,0x2e,0x78,0x2c,0x20,0x68,0x61,0x6c,0x66,0x5f,0x2e,0x79,0x29,0x29,0x3b,0x0a,
    0x20,0x20,0x20,0x20,0x66,0x6c,0x6f,0x61,0x74,0x32,0x20,0x5f,0x37,0x31,0x20,0x3d,
    0x20,0x61,0x62,0x73,0x28,0x70,0x29,0x20,0x2d,0x20,0x28,0x68,0x61,0x6c,0x66,0x5f,
    0x20,0x2d,0x20,0x66,0x6c,0x6f,0x61,0x74,0x32,0x28,0x5f,0x36,0x33,0x29,0x29,0x3b,
    0x0a,0x20,0x20,0x20,0x20,0x72,0x65,0x74,0x75,0x72,0x6e,0x20,0x28,0x6c,0x65,0x6e,
    0x67,0x74,0x68,0x28,0x66,0x61,0x73,0x74,0x3a,0x3a,0x6d,0x61,0x78,0x28,0x5f,0x37,
    0x31,0x2c,0x20,0x66,0x6c,0x6f,0x61,0x74,0x32,0x28,0x30,0x2e,0x30,0x29,0x29,0x29,
    0x20,0x2b,0x20,0x66,0x61,0x73,0x74,0x3a,0x3a,0x6d,0x69,0x6e,0x28,0x66,0x61,0x73,
    0x74,0x3a,0x3a,0x6d,0x61,0x78,0x28,0x5f,0x37,0x31,0x2e,0x78,0x2c,0x20,0x5f,0x37,
    0x31,0x2e,0x79,0x29,0x2c,0x20,0x30,0x2e,0x30,0x29,0x29,0x20,0x2d,0x20,0x5f,0x36,
    0x33,0x3b,0x0a,0x7d,0x0a,0x0a,0x73,0x74,0x61,0x74,0x69,0x63,0x20,0x69,0x6e,0x6c,
    0x69,0x6e,0x65,0x20,0x5f,0x5f,0x61,0x74,0x74,0x72,0x69,0x62,0x75,0x74,0x65,0x5f,
    0x5f,0x28,0x28,0x61,0x6c,0x77,0x61,0x79,0x73,0x5f,0x69,0x6e,0x6c,0x69,0x6e,0x65,
    0x29,0x29,0x0a,0x66,0x6c,0x6f,0x61,0x74,0x20,0x63,0x6f,0x76,0x65,0x72,0x61,0x67,
    0x65,0x46,0x72,0x6f,0x6d,0x44,0x69,0x73,0x74,0x61,0x6e,0x63,0x65,0x28,0x74,0x68,
    0x72,0x65,0x61,0x64,0x20,0x63,0x6f,0x6e,0x73,0x74,0x20,0x66,0x6c,0x6f,0x61,0x74,
    0x26,0x20,0x64,0x2c,0x20,0x74,0x68,0x72,0x65,0x61,0x64,0x20,0x63,0x6f,0x6e,0x73,
    0x74,0x20,0x66,0x6c,0x6f,0x61,0x74,0x26,0x20,0x61,0x61,0x29,0x0a,0x7b,0x0a,0x20,
    0x20,0x20,0x20,0x69,0x66,0x20,0x28,0x61,0x61,0x20,0x3c,0x3d,0x20,0x30,0x2e,0x30,
    0x29,0x0a,0x20,0x20,0x20,0x20,0x7b,0x0a,0x20,0x20,0x20,0x20,0x20,0x20,0x20,0x20,
    0x72,0x65,0x74,0x75,0x72,0x6e,0x20,0x66,0x6c,0x6f,0x61,0x74,0x28,0x64,0x20,0x3c,
    0x3d,0x20,0x30,0x2e,0x30,0x29,0x3b,0x0a,0x20,0x20,0x20,0x20,0x7d,0x0a,0x20,0x20,
    0x20,0x20,0x72,0x65,0x74,0x75,0x72,0x6e,0x20,0x66,0x61,0x73,0x74,0x3a,0x3a,0x63,
    0x6c,0x61,0x6d,0x70,0x28,0x30,0x2e,0x35,0x20,0x2d,0x20,0x28,0x64,0x20,0x2f,0x20,
    0x61,0x61,0x29,0x2c,0x20,0x30,0x2e,0x30,0x2c,0x20,0x31,0x2e,0x30,0x29,0x3b,0x0a,
    0x7d,0x0a,0x0a,0x73,0x74,0x61,0x74,0x69,0x63,0x20,0x69,0x6e,0x6c,0x69,0x6e,0x65,
    0x20,0x5f,0x5f,0x61,0x74,0x74,0x72,0x69,0x62,0x75,0x74,0x65,0x5f,0x5f,0x28,0x28,
    0x61,0x6c,0x77,0x61,0x79,0x73,0x5f,0x69,0x6e,0x6c,0x69,0x6e,0x65,0x29,0x29,0x0a,
    0x66,0x6c,0x6f,0x61,0x74,0x20,0x73,0x63,0x61,0x6e,0x6c,0x69,0x6e,0x65,0x48,0x61,
    0x6c,0x66,0x28,0x74,0x68,0x72,0x65,0x61,0x64,0x20,0x63,0x6f,0x6e,0x73,0x74,0x20,
    0x66,0x6c,0x6f,0x61,0x74,0x26,0x20,0x68,0x78,0x2c,0x20,0x74,0x68,0x72,0x65,0x61,
    0x64,0x20,0x63,0x6f,0x6e,0x73,0x74,0x20,0x66,0x6c,0x6f,0x61,0x74,0x26,0x20,0x68,
    0x79,0x2c,0x20,0x74,0x68,0x72,0x65,0x61,0x64,0x20,0x63,0x6f,0x6e,0x73,0x74,0x20,
    0x66,0x6c,0x6f,0x61,0x74,0x26,0x20,0x61,0x79,0x2c,0x20,0x74,0x68,0x72,0x65,0x61,
    0x64,0x20,0x63,0x6f,0x6e,0x73,0x74,0x20,0x66,0x6c,0x6f,0x61,0x74,0x26,0x20,0x72,
    0x29,0x0a,0x7b,0x0a,0x20,0x20,0x20,0x20,0x66,0x6c,0x6f,0x61,0x74,0x20,0x5f,0x31,
    0x39,0x39,0x20,0x3d,0x20,0x61,0x79,0x20,0x2d,0x20,0x28,0x68,0x79,0x20,0x2d,0x20,
    0x72,0x29,0x3b,0x0a,0x20,0x20,0x20,0x20,0x66,0x6c,0x6f,0x61,0x74,0x20,0x5f,0x32,
    0x30,0x37,0x20,0x3d,0x20,0x28,0x72,0x20,0x2a,0x20,0x72,0x29,0x20,0x2d,0x20,0x28,
    0x5f,0x31,0x39,0x39,0x20,0x2a,0x20,0x5f,0x31,0x39,0x39,0x29,0x3b,0x0a,0x20,0x20,
    0x20,0x20,0x66,0x6c,0x6f,0x61,0x74,0x20,0x5f,0x32,0x31,0x34,0x3b,0x0a,0x20,0x20,
    0x20,0x20,0x69,0x66,0x20,0x28,0x28,0x5f,0x31,0x39,0x39,0x20,0x3e,0x20,0x30,0x2e,
    0x30,0x29,0x20,0x26,0x26,0x20,0x28,0x5f,0x32,0x30,0x37,0x20,0x3e,0x20,0x30,0x2e,
    0x30,0x29,0x29,0x0a,0x20,0x20,0x20,0x20,0x7b,0x0a,0x20,0x20,0x20,0x20,0x20,0x20,
    0x20,0x20,0x5f,0x32,0x31,0x34,0x20,0x3d,0x20,0x73,0x71,0x72,0x74,0x28,0x5f,0x32,
    0x30,0x37,0x29,0x3b,0x0a,0x20,0x20,0x20,0x20,0x7d,0x0a,0x20,0x20,0x20,0x20,0x65,
    0x6c,0x73,0x65,0x0a,0x20,0x20,0x20,0x20,0x7b,0x0a,0x20,0x20,0x20,0x20,0x20,0x20,
    0x20,0x20,0x5f,0x32,0x31,0x34,0x20,0x3d,0x20,0x72,0x3b,0x0a,0x20,0x20,0x20,0x20,
    0x7d,0x0a,0x20,0x20,0x20,0x20,0x72,0x65,0x74,0x75,0x72,0x6e,0x20,0x28,0x68,0x78,
    0x20,0x2d,0x20,0x72,0x29,0x20,0x2b,0x20,0x5f,0x32,0x31,0x34,0x3b,0x0a,0x7d,0x0a,
    0x0a,0x73,0x74,0x61,0x74,0x69,0x63,0x20,0x69,0x6e,0x6c,0x69,0x6e,0x65,0x20,0x5f,
    0x5f,0x61,0x74,0x74,0x72,0x69,0x62,0x75,0x74,0x65,0x5f,0x5f,0x28,0x28,0x61,0x6c,
    0x77,0x61,0x79,0x73,0x5f,0x69,0x6e,0x6c,0x69,0x6e,0x65,0x29,0x29,0x0a,0x66,0x6c,
    0x6f,0x61,0x74,0x20,0x65,0x72,0x66,0x41,0x70,0x70,0x72,0x6f,0x78,0x28,0x74,0x68,
    0x72,0x65,0x61,0x64,0x20,0x63,0x6f,0x6e,0x73,0x74,0x20,0x66,0x6c,0x6f,0x61,0x74,
    0x26,0x20,0x78,0x29,0x0a,0x7b,0x0a,0x20,0x20,0x20,0x20,0x66,0x6c,0x6f,0x61,0x74,
    0x20,0x5f,0x31,0x34,0x33,0x20,0x3d,0x20,0x73,0x69,0x67,0x6e,0x28,0x78,0x29,0x3b,
    0x0a,0x20,0x20,0x20,0x20,0x66,0x6c,0x6f,0x61,0x74,0x20,0x5f,0x31,0x34,0x36,0x20,
    0x3d,0x20,0x61,0x62,0x73,0x28,0x78,0x29,0x3b,0x0a,0x20,0x20,0x20,0x20,0x66,0x6c,
    0x6f,0x61,0x74,0x20,0x5f,0x31,0x36,0x33,0x20,0x3d,0x20,0x31,0x2e,0x30,0x20,0x2b,
    0x20,0x28,0x28,0x30,0x2e,0x32,0x37,0x38,0x33,0x39,0x33,0x30,0x30,0x30,0x33,0x36,
    0x34,0x33,0x30,0x33,0x35,0x38,0x38,0x38,0x36,0x37,0x31,0x38,0x37,0x35,0x20,0x2b,
    0x20,0x28,0x28,0x30,0x2e,0x32,0x33,0x30,0x33,0x38,0x38,0x39,0x39,0x38,0x39,0x38,
    0x35,0x32,0x39,0x30,0x35,0x32,0x37,0x33,0x34,0x33,0x37,0x35,0x20,0x2b,0x20,0x28,
    0x28,0x30,0x2e,0x30,0x30,0x30,0x39,0x37,0x32,0x30,0x30,0x30,0x30,0x30,0x38,0x39,
    0x31,0x34,0x36,0x31,0x39,0x36,0x38,0x34,0x32,0x31,0x39,0x33,0x36,0x30,0x33,0x35,
    0x31,0x35,0x36,0x32,0x35,0x20,0x2b,0x20,0x28,0x30,0x2e,0x30,0x37,0x38,0x31,0x30,
    0x37,0x39,0x39,0x37,0x37,0x37,0x35,0x30,0x37,0x37,0x38,0x31,0x39,0x38,0x32,0x34,
    0x32,0x31,0x38,0x37,0x35,0x20,0x2a,0x20,0x5f,0x31,0x34,0x36,0x29,0x29,0x20,0x2a,
    0x20,0x5f,0x31,0x34,0x36,0x29,0x29,0x20,0x2a,0x20,0x5f,0x31,0x34,0x36,0x29,0x29,
    0x20,0x2a,0x20,0x5f,0x31,0x34,0x36,0x29,0x3b,0x0a,0x20,0x20,0x20,0x20,0x66,0x6c,
    0x6f,0x61,0x74,0x20,0x5f,0x31,0x36,0x37,0x20,0x3d,0x20,0x5f,0x31,0x36,0x33,0x20,
    0x2a,0x20,0x5f,0x31,0x36,0x33,0x3b,0x0a,0x20,0x20,0x20,0x20,0x72,0x65,0x74,0x75,
    0x72,0x6e,0x20,0x5f,0x31,0x34,0x33,0x20,0x2d,0x20,0x28,0x5f,0x31,0x34,0x33,0x20,
    0x2f,0x20,0x28,0x5f,0x31,0x36,0x37,0x20,0x2a,0x20,0x5f,0x31,0x36,0x37,0x29,0x29,
    0x3b,0x0a,0x7d,0x0a,0x0a,0x73,0x74,0x61,0x74,0x69,0x63,0x20,0x69,0x6e,0x6c,0x69,
    0x6e,0x65,0x20,0x5f,0x5f,0x61,0x74,0x74,0x72,0x69,0x62,0x75,0x74,0x65,0x5f,0x5f,
    0x28,0x28,0x61,0x6c,0x77,0x61,0x79,0x73,0x5f,0x69,0x6e,0x6c,0x69,0x6e,0x65,0x29,
    0x29,0x0a,0x66,0x6c,0x6f,0x61,0x74,0x20,0x67,0x61,0x75,0x73,0x73,0x69,0x61,0x6e,
    0x50,0x64,0x66,0x28,0x74,0x68,0x72,0x65,0x61,0x64,0x20,0x63,0x6f,0x6e,0x73,0x74,
    0x20,0x66,0x6c,0x6f,0x61,0x74,0x26,0x20,0x78,0x2c,0x20,0x74,0x68,0x72,0x65,0x61,
    0x64,0x20,0x63,0x6f,0x6e,0x73,0x74,0x20,0x66,0x6c,0x6f,0x61,0x74,0x26,0x20,0x73,
    0x69,0x67,0x6d,0x61,0x29,0x0a,0x7b,0x0a,0x20,0x20,0x20,0x20,0x72,0x65,0x74,0x75,
    0x72,0x6e,0x20,0x65,0x78,0x70,0x28,0x28,0x2d,0x28,0x78,0x20,0x2a,0x20,0x78,0x29,
    0x29,0x20,0x2f,0x20,0x28,0x28,0x32,0x2e,0x30,0x20,0x2a,0x20,0x73,0x69,0x67,0x6d,
    0x61,0x29,0x20,0x2a,0x20,0x73,0x69,0x67,0x6d,0x61,0x29,0x29,0x20,0x2f,0x20,0x28,
    0x32,0x2e,0x35,0x30,0x36,0x36,0x32,0x38,0x32,0x37,0x34,0x39,0x31,0x37,0x36,0x30,
    0x32,0x35,0x33,0x39,0x30,0x36,0x32,0x35,0x20,0x2a,0x20,0x73,0x69,0x67,0x6d,0x61,
    0x29,0x3b,0x0a,0x7d,0x0a,0x0a,0x73,0x74,0x61,0x74,0x69,0x63,0x20,0x69,0x6e,0x6c,
    0x69,0x6e,0x65,0x20,0x5f,0x5f,0x61,0x74,0x74,0x72,0x69,0x62,0x75,0x74,0x65,0x5f,
    0x5f,0x28,0x28,0x61,0x6c,0x77,0x61,0x79,0x73,0x5f,0x69,0x6e,0x6c,0x69,0x6e,0x65,
    0x29,0x29,0x0a,0x66,0x6c,0x6f,0x61,0x74,0x20,0x73,0x68,0x61,0x64,0x6f,0x77,0x43,
    0x6f,0x76,0x65,0x72,0x61,0x67,0x65,0x28,0x74,0x68,0x72,0x65,0x61,0x64,0x20,0x63,
    0x6f,0x6e,0x73,0x74,0x20,0x66,0x6c,0x6f,0x61,0x74,0x32,0x26,0x20,0x70,0x2c,0x20,
    0x74,0x68,0x72,0x65,0x61,0x64,0x20,0x63,0x6f,0x6e,0x73,0x74,0x20,0x66,0x6c,0x6f,
    0x61,0x74,0x32,0x26,0x20,0x68,0x61,0x6c,0x66,0x5f,0x2c,0x20,0x74,0x68,0x72,0x65,
    0x61,0x64,0x20,0x63,0x6f,0x6e,0x73,0x74,0x20,0x66,0x6c,0x6f,0x61,0x74,0x34,0x26,
    0x20,0x72,0x61,0x64,0x69,0x69,0x2c,0x20,0x74,0x68,0x72,0x65,0x61,0x64,0x20,0x63,
    0x6f,0x6e,0x73,0x74,0x20,0x66,0x6c,0x6f,0x61,0x74,0x32,0x26,0x20,0x6f,0x66,0x66,
    0x73,0x65,0x74,0x2c,0x20,0x74,0x68,0x72,0x65,0x61,0x64,0x20,0x63,0x6f,0x6e,0x73,
    0x74,0x20,0x66,0x6c,0x6f,0x61,0x74,0x26,0x20,0x73,0x69,0x67,0x6d,0x61,0x2c,0x20,
    0x74,0x68,0x72,0x65,0x61,0x64,0x20,0x63,0x6f,0x6e,0x73,0x74,0x20,0x66,0x6c,0x6f,
    0x61,0x74,0x26,0x20,0x61,0x61,0x29,0x0a,0x7b,0x0a,0x20,0x20,0x20,0x20,0x66,0x6c,
    0x6f,0x61,0x74,0x34,0x20,0x5f,0x32,0x33,0x38,0x20,0x3d,0x20,0x66,0x61,0x73,0x74,
    0x3a,0x3a,0x63,0x6c,0x61,0x6d,0x70,0x28,0x72,0x61,0x64,0x69,0x69,0x2c,0x20,0x66,
    0x6c,0x6f,0x61,0x74,0x34,0x28,0x30,0x2e,0x30,0x29,0x2c,0x20,0x66,0x6c,0x6f,0x61,
    0x74,0x34,0x28,0x66,0x61,0x73,0x74,0x3a,0x3a,0x6d,0x69,0x6e,0x28,0x68,0x61,0x6c,
    0x66,0x5f,0x2e,0x78,0x2c,0x20,0x68,0x61,0x6c,0x66,0x5f,0x2e,0x79,0x29,0x29,0x29,
    0x3b,0x0a,0x20,0x20,0x20,0x20,0x66,0x6c,0x6f,0x61,0x74,0x32,0x20,0x5f,0x32,0x34,
    0x32,0x20,0x3d,0x20,0x70,0x20,0x2d,0x20,0x6f,0x66,0x66,0x73,0x65,0x74,0x3b,0x0a,
    0x20,0x20,0x20,0x20,0x69,0x66,0x20,0x28,0x73,0x69,0x67,0x6d,0x61,0x20,0x3c,0x3d,
    0x20,0x30,0x2e,0x30,0x29,0x0a,0x20,0x20,0x20,0x20,0x7b,0x0a,0x20,0x20,0x20,0x20,
    0x20,0x20,0x20,0x20,0x66,0x6c,0x6f,0x61,0x74,0x32,0x20,0x70,0x61,0x72,0x61,0x6d,
    0x20,0x3d,0x20,0x5f,0x32,0x34,0x32,0x3b,0x0a,0x20,0x20,0x20,0x20,0x20,0x20,0x20,
    0x20,0x66,0x6c,0x6f,0x61,0x74,0x34,0x20,0x70,0x61,0x72,0x61,0x6d,0x5f,0x31,0x20,
    0x3d,0x20,0x5f,0x32,0x33,0x38,0x3b,0x0a,0x20,0x20,0x20,0x20,0x20,0x20,0x20,0x20,
    0x66,0x6c,0x6f,0x61,0x74,0x32,0x20,0x70,0x61,0x72,0x61,0x6d,0x5f,0x32,0x20,0x3d,
    0x20,0x5f,0x32,0x34,0x32,0x3b,0x0a,0x20,0x20,0x20,0x20,0x20,0x20,0x20,0x20,0x66,
    0x6c,0x6f,0x61,0x74,0x32,0x20,0x70,0x61,0x72,0x61,0x6d,0x5f,0x33,0x20,0x3d,0x20,
    0x68,0x61,0x6c,0x66,0x5f,0x3b,0x0a,0x20,0x20,0x20,0x20,0x20,0x20,0x20,0x20,0x66,
    0x6c,0x6f,0x61,0x74,0x20,0x70,0x61,0x72,0x61,0x6d,0x5f,0x34,0x20,0x3d,0x20,0x63,
    0x6f,0x72,0x6e,0x65,0x72,0x52,0x61,0x64,0x69,0x75,0x73,0x28,0x70,0x61,0x72,0x61,
    0x6d,0x2c,0x20,0x70,0x61,0x72,0x61,0x6d,0x5f,0x31,0x29,0x3b,0x0a,0x20,0x20,0x20,
    0x20,0x20,0x20,0x20,0x20,0x66,0x6c,0x6f,0x61,0x74,0x20,0x70,0x61,0x72,0x61,0x6d,
    0x5f,0x35,0x20,0x3d,0x20,0x72,0x6f,0x75,0x6e,0x64,0x65,0x64,0x52,0x65,0x63,0x74,
    0x44,0x69,0x73,0x74,0x61,0x6e,0x63,0x65,0x28,0x70,0x61,0x72,0x61,0x6d,0x5f,0x32,
    0x2c,0x20,0x70,0x61,0x72,0x61,0x6d,0x5f,0x33,0x2c,0x20,0x70,0x61,0x72,0x61,0x6d,
    0x5f,0x34,0x29,0x3b,0x0a,0x20,0x20,0x20,0x20,0x20,0x20,0x20,0x20,0x66,0x6c,0x6f,
    0x61,0x74,0x20,0x70,0x61,0x72,0x61,0x6d,0x5f,0x36,0x20,0x3d,0x20,0x61,0x61,0x3b,
    0x0a,0x20,0x20,0x20,0x20,0x20,0x20,0x20,0x20,0x72,0x65,0x74,0x75,0x72,0x6e,0x20,
    0x63,0x6f,0x76,0x65,0x72,0x61,0x67,0x65,0x46,0x72,0x6f,0x6d,0x44,0x69,0x73,0x74,
    0x61,0x6e,0x63,0x65,0x28,0x70,0x61,0x72,0x61,0x6d,0x5f,0x35,0x2c,0x20,0x70,0x61,
    0x72,0x61,0x6d,0x5f,0x36,0x29,0x3b,0x0a,0x20,0x20,0x20,0x20,0x7d,0x0a,0x20,0x20,
    0x20,0x20,0x66,0x6c,0x6f,0x61,0x74,0x20,0x5f,0x32,0x36,0x35,0x20,0x3d,0x20,0x5f,
    0x32,0x34,0x32,0x2e,0x79,0x3b,0x0a,0x20,0x20,0x20,0x20,0x66,0x6c,0x6f,0x61,0x74,
    0x20,0x5f,0x32,0x36,0x38,0x20,0x3d,0x20,0x5f,0x32,0x36,0x35,0x20,0x2d,0x20,0x68,
    0x61,0x6c,0x66,0x5f,0x2e,0x79,0x3b,0x0a,0x20,0x20,0x20,0x20,0x66,0x6c,0x6f,0x61,
    0x74,0x20,0x5f,0x32,0x37,0x34,0x20,0x3d,0x20,0x5f,0x32,0x36,0x35,0x20,0x2b,0x20,
    0x68,0x61,0x6c,0x66,0x5f,0x2e,0x79,0x3b,0x0a,0x20,0x20,0x20,0x20,0x66,0x6c,0x6f,
    0x61,0x74,0x20,0x5f,0x32,0x38,0x31,0x20,0x3d,0x20,0x66,0x61,0x73,0x74,0x3a,0x3a,
    0x63,0x6c,0x61,0x6d,0x70,0x28,0x28,0x2d,0x33,0x2e,0x30,0x29,0x20,0x2a,0x20,0x73,
    0x69,0x67,0x6d,0x61,0x2c,0x20,0x5f,0x32,0x36,0x38,0x2c,0x20,0x5f,0x32,0x37,0x34,
    0x29,0x3b,0x0a,0x20,0x20,0x20,0x20,0x66,0x6c,0x6f,0x61,0x74,0x20,0x5f,0x32,0x39,
    0x32,0x20,0x3d,0x20,0x66,0x61,0x73,0x74,0x3a,0x3a,0x63,0x6c,0x61,0x6d,0x70,0x28,
    0x33,0x2e,0x30,0x20,0x2a,0x20,0x73,0x69,0x67,0x6d,0x61,0x2c,0x20,0x5f,0x32,0x36,
    0x38,0x2c,0x20,0x5f,0x32,0x37,0x34,0x29,0x20,0x2d,0x20,0x5f,0x32,0x38,0x31,0x3b,
    0x0a,0x20,0x20,0x20,0x20,0x66,0x6c,0x6f,0x61,0x74,0x20,0x5f,0x32,0x39,0x34,0x20,
    0x3d,0x20,0x5f,0x32,0x39,0x32,0x20,0x2a,0x20,0x30,0x2e,0x32,0x35,0x3b,0x0a,0x20,
    0x20,0x20,0x20,0x66,0x6c,0x6f,0x61,0x74,0x20,0x5f,0x32,0x39,0x38,0x20,0x3d,0x20,
    0x30,0x2e,0x37,0x30,0x37,0x31,0x30,0x36,0x37,0x36,0x39,0x30,0x38,0x34,0x39,0x33,
    0x30,0x34,0x31,0x39,0x39,0x32,0x31,0x38,0x37,0x35,0x20,0x2f,0x20,0x73,0x69,0x67,
    0x6d,0x61,0x3b,0x0a,0x20,0x20,0x20,0x20,0x66,0x6c,0x6f,0x61,0x74,0x20,0x61,0x63,
    0x63,0x20,0x3d,0x20,0x30,0x2e,0x30,0x3b,0x0a,0x20,0x20,0x20,0x20,0x66,0x6c,0x6f,
    0x61,0x74,0x20,0x79,0x20,0x3d,0x20,0x5f,0x32,0x38,0x31,0x20,0x2b,0x20,0x28,0x5f,
    0x32,0x39,0x32,0x20,0x2a,0x20,0x30,0x2e,0x31,0x32,0x35,0x29,0x3b,0x0a,0x20,0x20,
    0x20,0x20,0x66,0x6c,0x6f,0x61,0x74,0x20,0x5f,0x33,0x32,0x38,0x3b,0x0a,0x20,0x20,
    0x20,0x20,0x66,0x6c,0x6f,0x61,0x74,0x20,0x5f,0x33,0x35,0x30,0x3b,0x0a,0x20,0x20,
    0x20,0x20,0x66,0x6f,0x72,0x20,0x28,0x69,0x6e,0x74,0x20,0x69,0x20,0x3d,0x20,0x30,
    0x3b,0x20,0x69,0x20,0x3c,0x20,0x34,0x3b,0x20,0x69,0x2b,0x2b,0x29,0x0a,0x20,0x20,
    0x20,0x20,0x7b,0x0a,0x20,0x20,0x20,0x20,0x20,0x20,0x20,0x20,0x66,0x6c,0x6f,0x61,
    0x74,0x20,0x5f,0x33,0x32,0x31,0x20,0x3d,0x20,0x5f,0x32,0x36,0x35,0x20,0x2d,0x20,
    0x79,0x3b,0x0a,0x20,0x20,0x20,0x20,0x20,0x20,0x20,0x20,0x66,0x6c,0x6f,0x61,0x74,
    0x20,0x5f,0x33,0x32,0x34,0x20,0x3d,0x20,0x61,0x62,0x73,0x28,0x5f,0x33,0x32,0x31,
    0x29,0x3b,0x0a,0x20,0x20,0x20,0x20,0x20,0x20,0x20,0x20,0x62,0x6f,0x6f,0x6c,0x20,
    0x5f,0x33,0x32,0x37,0x20,0x3d,0x20,0x5f,0x33,0x32,0x31,0x20,0x3c,0x20,0x30,0x2e,
    0x30,0x3b,0x0a,0x20,0x20,0x20,0x20,0x20,0x20,0x20,0x20,0x69,0x66,0x20,0x28,0x5f,
    0x33,0x32,0x37,0x29,0x0a,0x20,0x20,0x20,0x20,0x20,0x20,0x20,0x20,0x7b,0x0a,0x20,
    0x20,0x20,0x20,0x20,0x20,0x20,0x20,0x20,0x20,0x20,0x20,0x5f,0x33,0x32,0x38,0x20,
    0x3d,0x20,0x5f,0x32,0x33,0x38,0x2e,0x78,0x3b,0x0a,0x20,0x20,0x20,0x20,0x20,0x20,
    0x20,0x20,0x7d,0x0a,0x20,0x20,0x20,0x20,0x20,0x20,0x20,0x20,0x65,0x6c,0x73,0x65,
    0x0a,0x20,0x20,0x20,0x20,0x20,0x20,0x20,0x20,0x7b,0x0a,0x20,0x20,0x20,0x20,0x20,
    0x20,0x20,0x20,0x20,0x20,0x20,0x20,0x5f,0x33,0x32,0x38,0x20,0x3d,0x20,0x5f,0x32,
    0x33,0x38,0x2e,0x77,0x3b,0x0a,0x20,0x20,0x20,0x20,0x20,0x20,0x20,0x20,0x7d,0x0a,
    0x20,0x20,0x20,0x20,0x20,0x20,0x20,0x20,0x66,0x6c,0x6f,0x61,0x74,0x20,0x70,0x61,
    0x72,0x61,0x6d,0x5f,0x37,0x20,0x3d,0x20,0x68,0x61,0x6c,0x66,0x5f,0x2e,0x78,0x3b,
    0x0a,0x20,0x20,0x20,0x20,0x20,0x20,0x20,0x20,0x66,0x6c,0x6f,0x61,0x74,0x20,0x70,
    0x61,0x72,0x61,0x6d,0x5f,0x38,0x20,0x3d,0x20,0x68,0x61,0x6c,0x66,0x5f,0x2e,0x79,
    0x3b,0x0a,0x20,0x20,0x20,0x20,0x20,0x20,0x20,0x20,0x66,0x6c,0x6f,0x61,0x74,0x20,
    0x70,0x61,0x72,0x61,0x6d,0x5f,0x39,0x20,0x3d,0x20,0x5f,0x33,0x32,0x34,0x3b,0x0a,
    0x20,0x20,0x20,0x20,0x20,0x20,0x20,0x20,0x66,0x6c,0x6f,0x61,0x74,0x20,0x70,0x61,
    0x72,0x61,0x6d,0x5f,0x31,0x30,0x20,0x3d,0x20,0x5f,0x33,0x32,0x38,0x3b,0x0a,0x20,
    0x20,0x20,0x20,0x20,0x20,0x20,0x20,0x69,0x66,0x20,0x28,0x5f,0x33,0x32,0x37,0x29,
    0x0a,0x20,0x20,0x20,0x20,0x20,0x20,0x20,0x20,0x7b,0x0a,0x20,0x20,0x20,0x20,0x20,
    0x20,0x20,0x20,0x20,0x20,0x20,0x20,0x5f,0x33,0x35,0x30,0x20,0x3d,0x20,0x5f,0x32,
    0x33,0x38,0x2e,0x79,0x3b,0x0a,0x20,0x20,0x20,0x20,0x20,0x20,0x20,0x20,0x7d,0x0a,
    0x20,0x20,0x20,0x20,0x20,0x20,0x20,0x20,0x65,0x6c,0x73,0x65,0x0a,0x20,0x20,0x20,
    0x20,0x20,0x20,0x20,0x20,0x7b,0x0a,0x20,0x20,0x20,0x20,0x20,0x20,0x20,0x20,0x20,
    0x20,0x20,0x20,0x5f,0x33,0x35,0x30,0x20,0x3d,0x20,0x5f,0x32,0x33,0x38,0x2e,0x7a,
    0x3b,0x0a,0x20,0x20,0x20,0x20,0x20,0x20,0x20,0x20,0x7d,0x0a,0x20,0x20,0x20,0x20,
    0x20,0x20,0x20,0x20,0x66,0x6c,0x6f,0x61,0x74,0x20,0x70,0x61,0x72,0x61,0x6d,0x5f,
    0x31,0x31,0x20,0x3d,0x20,0x68,0x61,0x6c,0x66,0x5f,0x2e,0x78,0x3b,0x0a,0x20,0x20,
    0x20,0x20,0x20,0x20,0x20,0x20,0x66,0x6c,0x6f,0x61,0x74,0x20,0x70,0x61,0x72,0x61,
    0x6d,0x5f,0x31,0x32,0x20,0x3d,0x20,0x68,0x61,0x6c,0x66,0x5f,0x2e,0x79,0x3b,0x0a,
    0x20,0x20,0x20,0x20,0x20,0x20,0x20,0x20,0x66,0x6c,0x6f,0x61,0x74,0x20,0x70,0x61,
    0x72,0x61,0x6d,0x5f,0x31,0x33,0x20,0x3d,0x20,0x5f,0x33,0x32,0x34,0x3b,0x0a,0x20,
    0x20,0x20,0x20,0x20,0x20,0x20,0x20,0x66,0x6c,0x6f,0x61,0x74,0x20,0x70,0x61,0x72,
    0x61,0x6d,0x5f,0x31,0x34,0x20,0x3d,0x20,0x5f,0x33,0x35,0x30,0x3b,0x0a,0x20,0x20,
    0x20,0x20,0x20,0x20,0x20,0x20,0x66,0x6c,0x6f,0x61,0x74,0x20,0x5f,0x33,0x37,0x31,
    0x20,0x3d,0x20,0x5f,0x32,0x34,0x32,0x2e,0x78,0x3b,0x0a,0x20,0x20,0x20,0x20,0x20,
    0x20,0x20,0x20,0x66,0x6c,0x6f,0x61,0x74,0x20,0x70,0x61,0x72,0x61,0x6d,0x5f,0x31,
    0x35,0x20,0x3d,0x20,0x28,0x5f,0x33,0x37,0x31,0x20,0x2b,0x20,0x73,0x63,0x61,0x6e,
    0x6c,0x69,0x6e,0x65,0x48,0x61,0x6c,0x66,0x28,0x70,0x61,0x72,0x61,0x6d,0x5f,0x37,
    0x2c,0x20,0x70,0x61,0x72,0x61,0x6d,0x5f,0x38,0x2c,0x20,0x70,0x61,0x72,0x61,0x6d,
    0x5f,0x39,0x2c,0x20,0x70,0x61,0x72,0x61,0x6d,0x5f,0x31,0x30,0x29,0x29,0x20,0x2a,
    0x20,0x5f,0x32,0x39,0x38,0x3b,0x0a,0x20,0x20,0x20,0x20,0x20,0x20,0x20,0x20,0x66,
    0x6c,0x6f,0x61,0x74,0x20,0x70,0x61,0x72,0x61,0x6d,0x5f,0x31,0x36,0x20,0x3d,0x20,
    0x28,0x5f,0x33,0x37,0x31,0x20,0x2d,0x20,0x73,0x63,0x61,0x6e,0x6c,0x69,0x6e,0x65,
    0x48,0x61,0x6c,0x66,0x28,0x70,0x61,0x72,0x61,0x6d,0x5f,0x31,0x31,0x2c,0x20,0x70,
    0x61,0x72,0x61,0x6d,0x5f,0x31,0x32,0x2c,0x20,0x70,0x61,0x72,0x61,0x6d,0x5f,0x31,
    0x33,0x2c,0x20,0x70,0x61,0x72,0x61,0x6d,0x5f,0x31,0x34,0x29,0x29,0x20,0x2a,0x20,
    0x5f,0x32,0x39,0x38,0x3b,0x0a,0x20,0x20,0x20,0x20,0x20,0x20,0x20,0x20,0x66,0x6c,
    0x6f,0x61,0x74,0x20,0x70,0x61,0x72,0x61,0x6d,0x5f,0x31,0x37,0x20,0x3d,0x20,0x79,
    0x3b,0x0a,0x20,0x20,0x20,0x20,0x20,0x20,0x20,0x20,0x66,0x6c,0x6f,0x61,0x74,0x20,
    0x70,0x61,0x72,0x61,0x6d,0x5f,0x31,0x38,0x20,0x3d,0x20,0x73,0x69,0x67,0x6d,0x61,
    0x3b,0x0a,0x20,0x20,0x20,0x20,0x20,0x20,0x20,0x20,0x61,0x63,0x63,0x20,0x2b,0x3d,
    0x20,0x28,0x28,0x28,0x28,0x30,0x2e,0x35,0x20,0x2b,0x20,0x28,0x30,0x2e,0x35,0x20,
    0x2a,0x20,0x65,0x72,0x66,0x41,0x70,0x70,0x72,0x6f,0x78,0x28,0x70,0x61,0x72,0x61,
    0x6d,0x5f,0x31,0x35,0x29,0x29,0x29,0x20,0x2d,0x20,0x28,0x30,0x2e,0x35,0x20,0x2b,
    0x20,0x28,0x30,0x2e,0x35,0x20,0x2a,0x20,0x65,0x72,0x66,0x41,0x70,0x70,0x72,0x6f,
    0x78,0x28,0x70,0x61,0x72,0x61,0x6d,0x5f,0x31,0x36,0x29,0x29,0x29,0x29,0x20,0x2a,
    0x20,0x67,0x61,0x75,0x73,0x73,0x69,0x61,0x6e,0x50,0x64,0x66,0x28,0x70,0x61,0x72,
    0x61,0x6d,0x5f,0x31,0x37,0x2c,0x20,0x70,0x61,0x72,0x61,0x6d,0x5f,0x31,0x38,0x29,
    0x29,0x20,0x2a,0x20,0x5f,0x32,0x39,0x34,0x29,0x3b,0x0a,0x20,0x20,0x20,0x20,0x20,
    0x20,0x20,0x20,0x79,0x20,0x2b,0x3d,0x20,0x5f,0x32,0x39,0x34,0x3b,0x0a,0x20,0x20,
    0x20,0x20,0x7d,0x0a,0x20,0x20,0x20,0x20,0x72,0x65,0x74,0x75,0x72,0x6e,0x20,0x61,
    0x63,0x63,0x3b,0x0a,0x7d,0x0a,0x0a,0x66,0x72,0x61,0x67,0x6d,0x65,0x6e,0x74,0x20,
    0x6d,0x61,0x69,0x6e,0x30,0x5f,0x6f,0x75,0x74,0x20,0x6d,0x61,0x69,0x6e,0x30,0x28,
    0x6d,0x61,0x69,0x6e,0x30,0x5f,0x69,0x6e,0x20,0x69,0x6e,0x20,0x5b,0x5b,0x73,0x74,
    0x61,0x67,0x65,0x5f,0x69,0x6e,0x5d,0x5d,0x2c,0x20,0x74,0x65,0x78,0x74,0x75,0x72,
    0x65,0x32,0x64,0x3c,0x66,0x6c,0x6f,0x61,0x74,0x3e,0x20,0x75,0x69,0x54,0x65,0x78,
    0x20,0x5b,0x5b,0x74,0x65,0x78,0x74,0x75,0x72,0x65,0x28,0x30,0x29,0x5d,0x5d,0x2c,
    0x20,0x73,0x61,0x6d,0x70,0x6c,0x65,0x72,0x20,0x75,0x69,0x53,0x6d,0x70,0x20,0x5b,
    0x5b,0x73,0x61,0x6d,0x70,0x6c,0x65,0x72,0x28,0x30,0x29,0x5d,0x5d,0x29,0x0a,0x7b,
    0x0a,0x20,0x20,0x20,0x20,0x6d,0x61,0x69,0x6e,0x30,0x5f,0x6f,0x75,0x74,0x20,0x6f,
    0x75,0x74,0x20,0x3d,0x20,0x7b,0x7d,0x3b,0x0a,0x20,0x20,0x20,0x20,0x69,0x66,0x20,
    0x28,0x66,0x61,0x73,0x74,0x3a,0x3a,0x6d,0x69,0x6e,0x28,0x66,0x61,0x73,0x74,0x3a,
    0x3a,0x6d,0x69,0x6e,0x28,0x69,0x6e,0x2e,0x63,0x6c,0x69,0x70,0x44,0x69,0x73,0x74,
    0x61,0x6e,0x63,0x65,0x2e,0x78,0x2c,0x20,0x69,0x6e,0x2e,0x63,0x6c,0x69,0x70,0x44,
    0x69,0x73,0x74,0x61,0x6e,0x63,0x65,0x2e,0x79,0x29,0x2c,0x20,0x66,0x61,0x73,0x74,
    0x3a,0x3a,0x6d,0x69,0x6e,0x28,0x69,0x6e,0x2e,0x63,0x6c,0x69,0x70,0x44,0x69,0x73,
    0x74,0x61,0x6e,0x63,0x65,0x2e,0x7a,0x2c,0x20,0x69,0x6e,0x2e,0x63,0x6c,0x69,0x70,
    0x44,0x69,0x73,0x74,0x61,0x6e,0x63,0x65,0x2e,0x77,0x29,0x29,0x20,0x3c,0x20,0x30,
    0x2e,0x30,0x29,0x0a,0x20,0x20,0x20,0x20,0x7b,0x0a,0x20,0x20,0x20,0x20,0x20,0x20,
    0x20,0x20,0x64,0x69,0x73,0x63,0x61,0x72,0x64,0x5f,0x66,0x72,0x61,0x67,0x6d,0x65,
    0x6e,0x74,0x28,0x29,0x3b,0x0a,0x20,0x20,0x20,0x20,0x7d,0x0a,0x20,0x20,0x20,0x20,
    0x69,0x6e,0x74,0x20,0x5f,0x34,0x34,0x36,0x20,0x3d,0x20,0x69,0x6e,0x74,0x28,0x69,
    0x6e,0x2e,0x76,0x55,0x76,0x41,0x61,0x2e,0x77,0x20,0x2b,0x20,0x30,0x2e,0x35,0x29,
    0x3b,0x0a,0x20,0x20,0x20,0x20,0x69,0x66,0x20,0x28,0x5f,0x34,0x34,0x36,0x20,0x3d,
    0x3d,0x20,0x33,0x29,0x0a,0x20,0x20,0x20,0x20,0x7b,0x0a,0x20,0x20,0x20,0x20,0x20,
    0x20,0x20,0x20,0x66,0x6c,0x6f,0x61,0x74,0x32,0x20,0x70,0x61,0x72,0x61,0x6d,0x20,
    0x3d,0x20,0x69,0x6e,0x2e,0x76,0x4c,0x6f,0x63,0x61,0x6c,0x48,0x61,0x6c,0x66,0x2e,
    0x78,0x79,0x3b,0x0a,0x20,0x20,0x20,0x20,0x20,0x20,0x20,0x20,0x66,0x6c,0x6f,0x61,
    0x74,0x34,0x20,0x70,0x61,0x72,0x61,0x6d,0x5f,0x31,0x20,0x3d,0x20,0x66,0x61,0x73,
    0x74,0x3a,0x3a,0x63,0x6c,0x61,0x6d,0x70,0x28,0x69,0x6e,0x2e,0x76,0x42,0x6f,0x72,
    0x64,0x65,0x72,0x73,0x2c,0x20,0x66,0x6c,0x6f,0x61,0x74,0x34,0x28,0x30,0x2e,0x30,
    0x29,0x2c,0x20,0x66,0x6c,0x6f,0x61,0x74,0x34,0x28,0x66,0x61,0x73,0x74,0x3a,0x3a,
    0x6d,0x69,0x6e,0x28,0x69,0x6e,0x2e,0x76,0x4c,0x6f,0x63,0x61,0x6c,0x48,0x61,0x6c,
    0x66,0x2e,0x7a,0x2c,0x20,0x69,0x6e,0x2e,0x76,0x4c,0x6f,0x63,0x61,0x6c,0x48,0x61,
    0x6c,0x66,0x2e,0x77,0x29,0x29,0x29,0x3b,0x0a,0x20,0x20,0x20,0x20,0x20,0x20,0x20,
    0x20,0x66,0x6c,0x6f,0x61,0x74,0x32,0x20,0x70,0x61,0x72,0x61,0x6d,0x5f,0x32,0x20,
    0x3d,0x20,0x69,0x6e,0x2e,0x76,0x4c,0x6f,0x63,0x61,0x6c,0x48,0x61,0x6c,0x66,0x2e,
    0x78,0x79,0x3b,0x0a,0x20,0x20,0x20,0x20,0x20,0x20,0x20,0x20,0x66,0x6c,0x6f,0x61,
    0x74,0x32,0x20,0x70,0x61,0x72,0x61,0x6d,0x5f,0x33,0x20,0x3d,0x20,0x69,0x6e,0x2e,
    0x76,0x4c,0x6f,0x63,0x61,0x6c,0x48,0x61,0x6c,0x66,0x2e,0x7a,0x77,0x3b,0x0a,0x20,
    0x20,0x20,0x20,0x20,0x20,0x20,0x20,0x66,0x6c,0x6f,0x61,0x74,0x20,0x70,0x61,0x72,
    0x61,0x6d,0x5f,0x34,0x20,0x3d,0x20,0x63,0x6f,0x72,0x6e,0x65,0x72,0x52,0x61,0x64,
    0x69,0x75,0x73,0x28,0x70,0x61,0x72,0x61,0x6d,0x2c,0x20,0x70,0x61,0x72,0x61,0x6d,
    0x5f,0x31,0x29,0x3b,0x0a,0x20,0x20,0x20,0x20,0x20,0x20,0x20,0x20,0x66,0x6c,0x6f,
    0x61,0x74,0x20,0x70,0x61,0x72,0x61,0x6d,0x5f,0x35,0x20,0x3d,0x20,0x72,0x6f,0x75,
    0x6e,0x64,0x65,0x64,0x52,0x65,0x63,0x74,0x44,0x69,0x73,0x74,0x61,0x6e,0x63,0x65,
    0x28,0x70,0x61,0x72,0x61,0x6d,0x5f,0x32,0x2c,0x20,0x70,0x61,0x72,0x61,0x6d,0x5f,
    0x33,0x2c,0x20,0x70,0x61,0x72,0x61,0x6d,0x5f,0x34,0x29,0x3b,0x0a,0x20,0x20,0x20,
    0x20,0x20,0x20,0x20,0x20,0x66,0x6c,0x6f,0x61,0x74,0x20,0x70,0x61,0x72,0x61,0x6d,
    0x5f,0x36,0x20,0x3d,0x20,0x69,0x6e,0x2e,0x76,0x55,0x76,0x41,0x61,0x2e,0x7a,0x3b,
    0x0a,0x20,0x20,0x20,0x20,0x20,0x20,0x20,0x20,0x66,0x6c,0x6f,0x61,0x74,0x34,0x20,
    0x74,0x65,0x78,0x65,0x6c,0x20,0x3d,0x20,0x75,0x69,0x54,0x65,0x78,0x2e,0x73,0x61,
    0x6d,0x70,0x6c,0x65,0x28,0x75,0x69,0x53,0x6d,0x70,0x2c,0x20,0x69,0x6e,0x2e,0x76,
    0x55,0x76,0x41,0x61,0x2e,0x78,0x79,0x29,0x3b,0x0a,0x20,0x20,0x20,0x20,0x20,0x20,
    0x20,0x20,0x69,0x66,0x20,0x28,0x69,0x6e,0x2e,0x76,0x50,0x61,0x72,0x61,0x6d,0x73,
    0x31,0x2e,0x78,0x20,0x3e,0x20,0x30,0x2e,0x35,0x29,0x0a,0x20,0x20,0x20,0x20,0x20,
    0x20,0x20,0x20,0x7b,0x0a,0x20,0x20,0x20,0x20,0x20,0x20,0x20,0x20,0x20,0x20,0x20,
    0x20,0x66,0x6c,0x6f,0x61,0x74,0x34,0x20,0x5f,0x35,0x30,0x30,0x20,0x3d,0x20,0x74,
    0x65,0x78,0x65,0x6c,0x3b,0x0a,0x20,0x20,0x20,0x20,0x20,0x20,0x20,0x20,0x20,0x20,
    0x20,0x20,0x66,0x6c,0x6f,0x61,0x74,0x20,0x5f,0x35,0x30,0x36,0x20,0x3d,0x20,0x64,
    0x6f,0x74,0x28,0x5f,0x35,0x30,0x30,0x2e,0x78,0x79,0x7a,0x2c,0x20,0x66,0x6c,0x6f,
    0x61,0x74,0x33,0x28,0x30,0x2e,0x32,0x31,0x32,0x35,0x39,0x39,0x39,0x39,0x32,0x37,
    0x35,0x32,0x30,0x37,0x35,0x31,0x39,0x35,0x33,0x31,0x32,0x35,0x2c,0x20,0x30,0x2e,
    0x37,0x31,0x35,0x32,0x30,0x30,0x30,0x30,0x36,0x39,0x36,0x31,0x38,0x32,0x32,0x35,
    0x30,0x39,0x37,0x36,0x35,0x36,0x32,0x35,0x2c,0x20,0x30,0x2e,0x30,0x37,0x32,0x32,
    0x30,0x30,0x30,0x30,0x30,0x32,0x38,0x36,0x31,0x30,0x32,0x32,0x39,0x34,0x39,0x32,
    0x31,0x38,0x37,0x35,0x29,0x29,0x3b,0x0a,0x20,0x20,0x20,0x20,0x20,0x20,0x20,0x20,
    0x20,0x20,0x20,0x20,0x66,0x6c,0x6f,0x61,0x74,0x34,0x20,0x5f,0x38,0x38,0x36,0x20,
    0x3d,0x20,0x5f,0x35,0x30,0x30,0x3b,0x0a,0x20,0x20,0x20,0x20,0x20,0x20,0x20,0x20,
    0x20,0x20,0x20,0x20,0x5f,0x38,0x38,0x36,0x2e,0x78,0x20,0x3d,0x20,0x5f,0x35,0x30,
    0x36,0x3b,0x0a,0x20,0x20,0x20,0x20,0x20,0x20,0x20,0x20,0x20,0x20,0x20,0x20,0x5f,
    0x38,0x38,0x36,0x2e,0x79,0x20,0x3d,0x20,0x5f,0x35,0x30,0x36,0x3b,0x0a,0x20,0x20,
    0x20,0x20,0x20,0x20,0x20,0x20,0x20,0x20,0x20,0x20,0x5f,0x38,0x38,0x36,0x2e,0x7a,
    0x20,0x3d,0x20,0x5f,0x35,0x30,0x36,0x3b,0x0a,0x20,0x20,0x20,0x20,0x20,0x20,0x20,
    0x20,0x20,0x20,0x20,0x20,0x74,0x65,0x78,0x65,0x6c,0x20,0x3d,0x20,0x5f,0x38,0x38,
    0x36,0x3b,0x0a,0x20,0x20,0x20,0x20,0x20,0x20,0x20,0x20,0x7d,0x0a,0x20,0x20,0x20,
    0x20,0x20,0x20,0x20,0x20,0x66,0x6c,0x6f,0x61,0x74,0x34,0x20,0x5f,0x35,0x31,0x39,
    0x20,0x3d,0x20,0x74,0x65,0x78,0x65,0x6c,0x20,0x2a,0x20,0x69,0x6e,0x2e,0x76,0x46,
    0x69,0x6c,0x6c,0x3b,0x0a,0x20,0x20,0x20,0x20,0x20,0x20,0x20,0x20,0x66,0x6c,0x6f,
    0x61,0x74,0x20,0x5f,0x35,0x32,0x34,0x20,0x3d,0x20,0x5f,0x35,0x31,0x39,0x2e,0x77,
    0x20,0x2a,0x20,0x63,0x6f,0x76,0x65,0x72,0x61,0x67,0x65,0x46,0x72,0x6f,0x6d,0x44,
    0x69,0x73,0x74,0x61,0x6e,0x63,0x65,0x28,0x70,0x61,0x72,0x61,0x6d,0x5f,0x35,0x2c,
    0x20,0x70,0x61,0x72,0x61,0x6d,0x5f,0x36,0x29,0x3b,0x0a,0x20,0x20,0x20,0x20,0x20,
    0x20,0x20,0x20,0x6f,0x75,0x74,0x2e,0x66,0x72,0x61,0x67,0x5f,0x63,0x6f,0x6c,0x6f,
    0x72,0x20,0x3d,0x20,0x66,0x6c,0x6f,0x61,0x74,0x34,0x28,0x5f,0x35,0x31,0x39,0x2e,
    0x78,0x79,0x7a,0x20,0x2a,0x20,0x5f,0x35,0x32,0x34,0x2c,0x20,0x5f,0x35,0x32,0x34,
    0x29,0x3b,0x0a,0x20,0x20,0x20,0x20,0x20,0x20,0x20,0x20,0x72,0x65,0x74,0x75,0x72,
    0x6e,0x20,0x6f,0x75,0x74,0x3b,0x0a,0x20,0x20,0x20,0x20,0x7d,0x0a,0x20,0x20,0x20,
    0x20,0x69,0x66,0x20,0x28,0x5f,0x34,0x34,0x36,0x20,0x3d,0x3d,0x20,0x31,0x29,0x0a,
    0x20,0x20,0x20,0x20,0x7b,0x0a,0x20,0x20,0x20,0x20,0x20,0x20,0x20,0x20,0x66,0x6c,
    0x6f,0x61,0x74,0x20,0x61,0x6c,0x70,0x68,0x61,0x3b,0x0a,0x20,0x20,0x20,0x20,0x20,
    0x20,0x20,0x20,0x69,0x66,0x20,0x28,0x69,0x6e,0x2e,0x76,0x42,0x6f,0x72,0x64,0x65,
    0x72,0x73,0x2e,0x77,0x20,0x3e,0x20,0x30,0x2e,0x35,0x29,0x0a,0x20,0x20,0x20,0x20,
    0x20,0x20,0x20,0x20,0x7b,0x0a,0x20,0x20,0x20,0x20,0x20,0x20,0x20,0x20,0x20,0x20,
    0x20,0x20,0x66,0x6c,0x6f,0x61,0x74,0x32,0x20,0x70,0x61,0x72,0x61,0x6d,0x5f,0x37,
    0x20,0x3d,0x20,0x69,0x6e,0x2e,0x76,0x4c,0x6f,0x63,0x61,0x6c,0x48,0x61,0x6c,0x66,
    0x2e,0x78,0x79,0x3b,0x0a,0x20,0x20,0x20,0x20,0x20,0x20,0x20,0x20,0x20,0x20,0x20,
    0x20,0x66,0x6c,0x6f,0x61,0x74,0x32,0x20,0x70,0x61,0x72,0x61,0x6d,0x5f,0x38,0x20,
    0x3d,0x20,0x69,0x6e,0x2e,0x76,0x42,0x6f,0x72,0x64,0x65,0x72,0x73,0x2e,0x78,0x79,
    0x3b,0x0a,0x20,0x20,0x20,0x20,0x20,0x20,0x20,0x20,0x20,0x20,0x20,0x20,0x66,0x6c,
    0x6f,0x61,0x74,0x34,0x20,0x70,0x61,0x72,0x61,0x6d,0x5f,0x39,0x20,0x3d,0x20,0x69,
    0x6e,0x2e,0x76,0x52,0x61,0x64,0x69,0x69,0x3b,0x0a,0x20,0x20,0x20,0x20,0x20,0x20,
    0x20,0x20,0x20,0x20,0x20,0x20,0x66,0x6c,0x6f,0x61,0x74,0x32,0x20,0x70,0x61,0x72,
    0x61,0x6d,0x5f,0x31,0x30,0x20,0x3d,0x20,0x66,0x6c,0x6f,0x61,0x74,0x32,0x28,0x30,
    0x2e,0x30,0x29,0x3b,0x0a,0x20,0x20,0x20,0x20,0x20,0x20,0x20,0x20,0x20,0x20,0x20,
    0x20,0x66,0x6c,0x6f,0x61,0x74,0x20,0x70,0x61,0x72,0x61,0x6d,0x5f,0x31,0x31,0x20,
    0x3d,0x20,0x69,0x6e,0x2e,0x76,0x42,0x6f,0x72,0x64,0x65,0x72,0x73,0x2e,0x7a,0x3b,
    0x0a,0x20,0x20,0x20,0x20,0x20,0x20,0x20,0x20,0x20,0x20,0x20,0x20,0x66,0x6c,0x6f,
    0x61,0x74,0x20,0x70,0x61,0x72,0x61,0x6d,0x5f,0x31,0x32,0x20,0x3d,0x20,0x69,0x6e,
    0x2e,0x76,0x55,0x76,0x41,0x61,0x2e,0x7a,0x3b,0x0a,0x20,0x20,0x20,0x20,0x20,0x20,
    0x20,0x20,0x20,0x20,0x20,0x20,0x66,0x6c,0x6f,0x61,0x74,0x32,0x20,0x70,0x61,0x72,
    0x61,0x6d,0x5f,0x31,0x33,0x20,0x3d,0x20,0x69,0x6e,0x2e,0x76,0x4c,0x6f,0x63,0x61,
    0x6c,0x48,0x61,0x6c,0x66,0x2e,0x78,0x79,0x3b,0x0a,0x20,0x20,0x20,0x20,0x20,0x20,
    0x20,0x20,0x20,0x20,0x20,0x20,0x66,0x6c,0x6f,0x61,0x74,0x34,0x20,0x70,0x61,0x72,
    0x61,0x6d,0x5f,0x31,0x34,0x20,0x3d,0x20,0x69,0x6e,0x2e,0x76,0x52,0x61,0x64,0x69,
    0x69,0x3b,0x0a,0x20,0x20,0x20,0x20,0x20,0x20,0x20,0x20,0x20,0x20,0x20,0x20,0x66,
    0x6c,0x6f,0x61,0x74,0x32,0x20,0x70,0x61,0x72,0x61,0x6d,0x5f,0x31,0x35,0x20,0x3d,
    0x20,0x69,0x6e,0x2e,0x76,0x4c,0x6f,0x63,0x61,0x6c,0x48,0x61,0x6c,0x66,0x2e,0x78,
    0x79,0x3b,0x0a,0x20,0x20,0x20,0x20,0x20,0x20,0x20,0x20,0x20,0x20,0x20,0x20,0x66,
    0x6c,0x6f,0x61,0x74,0x32,0x20,0x70,0x61,0x72,0x61,0x6d,0x5f,0x31,0x36,0x20,0x3d,
    0x20,0x69,0x6e,0x2e,0x76,0x42,0x6f,0x72,0x64,0x65,0x72,0x73,0x2e,0x78,0x79,0x3b,
    0x0a,0x20,0x20,0x20,0x20,0x20,0x20,0x20,0x20,0x20,0x20,0x20,0x20,0x66,0x6c,0x6f,
    0x61,0x74,0x20,0x70,0x61,0x72,0x61,0x6d,0x5f,0x31,0x37,0x20,0x3d,0x20,0x63,0x6f,
    0x72,0x6e,0x65,0x72,0x52,0x61,0x64,0x69,0x75,0x73,0x28,0x70,0x61,0x72,0x61,0x6d,
    0x5f,0x31,0x33,0x2c,0x20,0x70,0x61,0x72,0x61,0x6d,0x5f,0x31,0x34,0x29,0x3b,0x0a,
    0x20,0x20,0x20,0x20,0x20,0x20,0x20,0x20,0x20,0x20,0x20,0x20,0x66,0x6c,0x6f,0x61,
    0x74,0x20,0x70,0x61,0x72,0x61,0x6d,0x5f,0x31,0x38,0x20,0x3d,0x20,0x72,0x6f,0x75,
    0x6e,0x64,0x65,0x64,0x52,0x65,0x63,0x74,0x44,0x69,0x73,0x74,0x61,0x6e,0x63,0x65,
    0x28,0x70,0x61,0x72,0x61,0x6d,0x5f,0x31,0x35,0x2c,0x20,0x70,0x61,0x72,0x61,0x6d,
    0x5f,0x31,0x36,0x2c,0x20,0x70,0x61,0x72,0x61,0x6d,0x5f,0x31,0x37,0x29,0x3b,0x0a,
    0x20,0x20,0x20,0x20,0x20,0x20,0x20,0x20,0x20,0x20,0x20,0x20,0x66,0x6c,0x6f,0x61,
    0x74,0x20,0x70,0x61,0x72,0x61,0x6d,0x5f,0x31,0x39,0x20,0x3d,0x20,0x69,0x6e,0x2e,
    0x76,0x55,0x76,0x41,0x61,0x2e,0x7a,0x3b,0x0a,0x20,0x20,0x20,0x20,0x20,0x20,0x20,
    0x20,0x20,0x20,0x20,0x20,0x61,0x6c,0x70,0x68,0x61,0x20,0x3d,0x20,0x28,0x31,0x2e,
    0x30,0x20,0x2d,0x20,0x73,0x68,0x61,0x64,0x6f,0x77,0x43,0x6f,0x76,0x65,0x72,0x61,
    0x67,0x65,0x28,0x70,0x61,0x72,0x61,0x6d,0x5f,0x37,0x2c,0x20,0x70,0x61,0x72,0x61,
    0x6d,0x5f,0x38,0x2c,0x20,0x70,0x61,0x72,0x61,0x6d,0x5f,0x39,0x2c,0x20,0x70,0x61,
    0x72,0x61,0x6d,0x5f,0x31,0x30,0x2c,0x20,0x70,0x61,0x72,0x61,0x6d,0x5f,0x31,0x31,
    0x2c,0x20,0x70,0x61,0x72,0x61,0x6d,0x5f,0x31,0x32,0x29,0x29,0x20,0x2a,0x20,0x63,
    0x6f,0x76,0x65,0x72,0x61,0x67,0x65,0x46,0x72,0x6f,0x6d,0x44,0x69,0x73,0x74,0x61,
    0x6e,0x63,0x65,0x28,0x70,0x61,0x72,0x61,0x6d,0x5f,0x31,0x38,0x2c,0x20,0x70,0x61,
    0x72,0x61,0x6d,0x5f,0x31,0x39,0x29,0x3b,0x0a,0x20,0x20,0x20,0x20,0x20,0x20,0x20,
    0x20,0x7d,0x0a,0x20,0x20,0x20,0x20,0x20,0x20,0x20,0x20,0x65,0x6c,0x73,0x65,0x0a,
    0x20,0x20,0x20,0x20,0x20,0x20,0x20,0x20,0x7b,0x0a,0x20,0x20,0x20,0x20,0x20,0x20,
    0x20,0x20,0x20,0x20,0x20,0x20,0x66,0x6c,0x6f,0x61,0x74,0x32,0x20,0x70,0x61,0x72,
    0x61,0x6d,0x5f,0x32,0x30,0x20,0x3d,0x20,0x69,0x6e,0x2e,0x76,0x4c,0x6f,0x63,0x61,
    0x6c,0x48,0x61,0x6c,0x66,0x2e,0x78,0x79,0x3b,0x0a,0x20,0x20,0x20,0x20,0x20,0x20,
    0x20,0x20,0x20,0x20,0x20,0x20,0x66,0x6c,0x6f,0x61,0x74,0x32,0x20,0x70,0x61,0x72,
    0x61,0x6d,0x5f,0x32,0x31,0x20,0x3d,0x20,0x69,0x6e,0x2e,0x76,0x42,0x6f,0x72,0x64,
    0x65,0x72,0x73,0x2e,0x78,0x79,0x3b,0x0a,0x20,0x20,0x20,0x20,0x20,0x20,0x20,0x20,
    0x20,0x20,0x20,0x20,0x66,0x6c,0x6f,0x61,0x74,0x34,0x20,0x70,0x61,0x72,0x61,0x6d,
    0x5f,0x32,0x32,0x20,0x3d,0x20,0x69,0x6e,0x2e,0x76,0x52,0x61,0x64,0x69,0x69,0x3b,
    0x0a,0x20,0x20,0x20,0x20,0x20,0x20,0x20,0x20,0x20,0x20,0x20,0x20,0x66,0x6c,0x6f,
    0x61,0x74,0x32,0x20,0x70,0x61,0x72,0x61,0x6d,0x5f,0x32,0x33,0x20,0x3d,0x20,0x69,
    0x6e,0x2e,0x76,0x50,0x61,0x72,0x61,0x6d,0x73,0x31,0x2e,0x78,0x79,0x3b,0x0a,0x20,
    0x20,0x20,0x20,0x20,0x20,0x20,0x20,0x20,0x20,0x20,0x20,0x66,0x6c,0x6f,0x61,0x74,
    0x20,0x70,0x61,0x72,0x61,0x6d,0x5f,0x32,0x34,0x20,0x3d,0x20,0x69,0x6e,0x2e,0x76,
    0x42,0x6f,0x72,0x64,0x65,0x72,0x73,0x2e,0x7a,0x3b,0x0a,0x20,0x20,0x20,0x20,0x20,
    0x20,0x20,0x20,0x20,0x20,0x20,0x20,0x66,0x6c,0x6f,0x61,0x74,0x20,0x70,0x61,0x72,
    0x61,0x6d,0x5f,0x32,0x35,0x20,0x3d,0x20,0x69,0x6e,0x2e,0x76,0x55,0x76,0x41,0x61,
    0x2e,0x7a,0x3b,0x0a,0x20,0x20,0x20,0x20,0x20,0x20,0x20,0x20,0x20,0x20,0x20,0x20,
    0x61,0x6c,0x70,0x68,0x61,0x20,0x3d,0x20,0x73,0x68,0x61,0x64,0x6f,0x77,0x43,0x6f,
    0x76,0x65,0x72,0x61,0x67,0x65,0x28,0x70,0x61,0x72,0x61,0x6d,0x5f,0x32,0x30,0x2c,
    0x20,0x70,0x61,0x72,0x61,0x6d,0x5f,0x32,0x31,0x2c,0x20,0x70,0x61,0x72,0x61,0x6d,
    0x5f,0x32,0x32,0x2c,0x20,0x70,0x61,0x72,0x61,0x6d,0x5f,0x32,0x33,0x2c,0x20,0x70,
    0x61,0x72,0x61,0x6d,0x5f,0x32,0x34,0x2c,0x20,0x70,0x61,0x72,0x61,0x6d,0x5f,0x32,
    0x35,0x29,0x3b,0x0a,0x20,0x20,0x20,0x20,0x20,0x20,0x20,0x20,0x7d,0x0a,0x20,0x20,
    0x20,0x20,0x20,0x20,0x20,0x20,0x66,0x6c,0x6f,0x61,0x74,0x20,0x5f,0x36,0x30,0x37,
    0x20,0x3d,0x20,0x69,0x6e,0x2e,0x76,0x45,0x78,0x74,0x72,0x61,0x2e,0x77,0x20,0x2a,
    0x20,0x61,0x6c,0x70,0x68,0x61,0x3b,0x0a,0x20,0x20,0x20,0x20,0x20,0x20,0x20,0x20,
    0x6f,0x75,0x74,0x2e,0x66,0x72,0x61,0x67,0x5f,0x63,0x6f,0x6c,0x6f,0x72,0x20,0x3d,
    0x20,0x66,0x6c,0x6f,0x61,0x74,0x34,0x28,0x69,0x6e,0x2e,0x76,0x45,0x78,0x74,0x72,
    0x61,0x2e,0x78,0x79,0x7a,0x20,0x2a,0x20,0x5f,0x36,0x30,0x37,0x2c,0x20,0x5f,0x36,
    0x30,0x37,0x29,0x3b,0x0a,0x20,0x20,0x20,0x20,0x20,0x20,0x20,0x20,0x72,0x65,0x74,
    0x75,0x72,0x6e,0x20,0x6f,0x75,0x74,0x3b,0x0a,0x20,0x20,0x20,0x20,0x7d,0x0a,0x20,
    0x20,0x20,0x20,0x66,0x6c,0x6f,0x61,0x74,0x32,0x20,0x68,0x61,0x6c,0x66,0x42,0x6f,
    0x78,0x20,0x3d,0x20,0x69,0x6e,0x2e,0x76,0x4c,0x6f,0x63,0x61,0x6c,0x48,0x61,0x6c,
    0x66,0x2e,0x7a,0x77,0x3b,0x0a,0x20,0x20,0x20,0x20,0x62,0x6f,0x6f,0x6c,0x20,0x5f,
    0x36,0x32,0x34,0x20,0x3d,0x20,0x69,0x6e,0x2e,0x76,0x45,0x78,0x74,0x72,0x61,0x2e,
    0x77,0x20,0x3e,0x20,0x30,0x2e,0x30,0x3b,0x0a,0x20,0x20,0x20,0x20,0x62,0x6f,0x6f,
    0x6c,0x20,0x5f,0x36,0x33,0x31,0x3b,0x0a,0x20,0x20,0x20,0x20,0x69,0x66,0x20,0x28,
    0x5f,0x36,0x32,0x34,0x29,0x0a,0x20,0x20,0x20,0x20,0x7b,0x0a,0x20,0x20,0x20,0x20,
    0x20,0x20,0x20,0x20,0x5f,0x36,0x33,0x31,0x20,0x3d,0x20,0x69,0x6e,0x2e,0x76,0x50,
    0x61,0x72,0x61,0x6d,0x73,0x31,0x2e,0x77,0x20,0x3c,0x3d,0x20,0x30,0x2e,0x35,0x3b,
    0x0a,0x20,0x20,0x20,0x20,0x7d,0x0a,0x20,0x20,0x20,0x20,0x65,0x6c,0x73,0x65,0x0a,
    0x20,0x20,0x20,0x20,0x7b,0x0a,0x20,0x20,0x20,0x20,0x20,0x20,0x20,0x20,0x5f,0x36,
    0x33,0x31,0x20,0x3d,0x20,0x5f,0x36,0x32,0x34,0x3b,0x0a,0x20,0x20,0x20,0x20,0x7d,
    0x0a,0x20,0x20,0x20,0x20,0x69,0x66,0x20,0x28,0x5f,0x36,0x33,0x31,0x29,0x0a,0x20,
    0x20,0x20,0x20,0x7b,0x0a,0x20,0x20,0x20,0x20,0x20,0x20,0x20,0x20,0x68,0x61,0x6c,
    0x66,0x42,0x6f,0x78,0x20,0x3d,0x20,0x69,0x6e,0x2e,0x76,0x4c,0x6f,0x63,0x61,0x6c,
    0x48,0x61,0x6c,0x66,0x2e,0x7a,0x77,0x20,0x2d,0x20,0x28,0x66,0x6c,0x6f,0x61,0x74,
    0x32,0x28,0x33,0x2e,0x30,0x20,0x2a,0x20,0x69,0x6e,0x2e,0x76,0x50,0x61,0x72,0x61,
    0x6d,0x73,0x31,0x2e,0x7a,0x29,0x20,0x2b,0x20,0x61,0x62,0x73,0x28,0x69,0x6e,0x2e,
    0x76,0x50,0x61,0x72,0x61,0x6d,0x73,0x31,0x2e,0x78,0x79,0x29,0x29,0x3b,0x0a,0x20,
    0x20,0x20,0x20,0x7d,0x0a,0x20,0x20,0x20,0x20,0x66,0x6c,0x6f,0x61,0x74,0x32,0x20,
    0x70,0x61,0x72,0x61,0x6d,0x5f,0x32,0x36,0x20,0x3d,0x20,0x69,0x6e,0x2e,0x76,0x4c,
    0x6f,0x63,0x61,0x6c,0x48,0x61,0x6c,0x66,0x2e,0x78,0x79,0x3b,0x0a,0x20,0x20,0x20,
    0x20,0x66,0x6c,0x6f,0x61,0x74,0x34,0x20,0x70,0x61,0x72,0x61,0x6d,0x5f,0x32,0x37,
    0x20,0x3d,0x20,0x69,0x6e,0x2e,0x76,0x52,0x61,0x64,0x69,0x69,0x3b,0x0a,0x20,0x20,
    0x20,0x20,0x66,0x6c,0x6f,0x61,0x74,0x32,0x20,0x70,0x61,0x72,0x61,0x6d,0x5f,0x32,
    0x38,0x20,0x3d,0x20,0x69,0x6e,0x2e,0x76,0x4c,0x6f,0x63,0x61,0x6c,0x48,0x61,0x6c,
    0x66,0x2e,0x78,0x79,0x3b,0x0a,0x20,0x20,0x20,0x20,0x66,0x6c,0x6f,0x61,0x74,0x32,
    0x20,0x70,0x61,0x72,0x61,0x6d,0x5f,0x32,0x39,0x20,0x3d,0x20,0x68,0x61,0x6c,0x66,
    0x42,0x6f,0x78,0x3b,0x0a,0x20,0x20,0x20,0x20,0x66,0x6c,0x6f,0x61,0x74,0x20,0x70,
    0x61,0x72,0x61,0x6d,0x5f,0x33,0x30,0x20,0x3d,0x20,0x63,0x6f,0x72,0x6e,0x65,0x72,
    0x52,0x61,0x64,0x69,0x75,0x73,0x28,0x70,0x61,0x72,0x61,0x6d,0x5f,0x32,0x36,0x2c,
    0x20,0x70,0x61,0x72,0x61,0x6d,0x5f,0x32,0x37,0x29,0x3b,0x0a,0x20,0x20,0x20,0x20,
    0x66,0x6c,0x6f,0x61,0x74,0x34,0x20,0x5f,0x36,0x36,0x30,0x20,0x3d,0x20,0x66,0x61,
    0x73,0x74,0x3a,0x3a,0x6d,0x61,0x78,0x28,0x69,0x6e,0x2e,0x76,0x42,0x6f,0x72,0x64,
    0x65,0x72,0x73,0x2c,0x20,0x66,0x6c,0x6f,0x61,0x74,0x34,0x28,0x30,0x2e,0x30,0x29,
    0x29,0x3b,0x0a,0x20,0x20,0x20,0x20,0x66,0x6c,0x6f,0x61,0x74,0x20,0x5f,0x36,0x36,
    0x33,0x20,0x3d,0x20,0x5f,0x36,0x36,0x30,0x2e,0x78,0x3b,0x0a,0x20,0x20,0x20,0x20,
    0x66,0x6c,0x6f,0x61,0x74,0x20,0x5f,0x36,0x36,0x35,0x20,0x3d,0x20,0x5f,0x36,0x36,
    0x30,0x2e,0x7a,0x3b,0x0a,0x20,0x20,0x20,0x20,0x66,0x6c,0x6f,0x61,0x74,0x20,0x5f,
    0x36,0x36,0x38,0x20,0x3d,0x20,0x5f,0x36,0x36,0x30,0x2e,0x79,0x3b,0x0a,0x20,0x20,
    0x20,0x20,0x66,0x6c,0x6f,0x61,0x74,0x20,0x5f,0x36,0x37,0x30,0x20,0x3d,0x20,0x5f,
    0x36,0x36,0x30,0x2e,0x77,0x3b,0x0a,0x20,0x20,0x20,0x20,0x66,0x6c,0x6f,0x61,0x74,
    0x32,0x20,0x5f,0x37,0x31,0x35,0x20,0x3d,0x20,0x69,0x6e,0x2e,0x76,0x4c,0x6f,0x63,
    0x61,0x6c,0x48,0x61,0x6c,0x66,0x2e,0x78,0x79,0x20,0x2d,0x20,0x28,0x66,0x6c,0x6f,
    0x61,0x74,0x32,0x28,0x5f,0x36,0x36,0x33,0x20,0x2d,0x20,0x5f,0x36,0x36,0x35,0x2c,
    0x20,0x5f,0x36,0x36,0x38,0x20,0x2d,0x20,0x5f,0x36,0x37,0x30,0x29,0x20,0x2a,0x20,
    0x30,0x2e,0x35,0x29,0x3b,0x0a,0x20,0x20,0x20,0x20,0x66,0x6c,0x6f,0x61,0x74,0x32,
    0x20,0x70,0x61,0x72,0x61,0x6d,0x5f,0x33,0x31,0x20,0x3d,0x20,0x5f,0x37,0x31,0x35,
    0x3b,0x0a,0x20,0x20,0x20,0x20,0x66,0x6c,0x6f,0x61,0x74,0x34,0x20,0x70,0x61,0x72,
    0x61,0x6d,0x5f,0x33,0x32,0x20,0x3d,0x20,0x66,0x61,0x73,0x74,0x3a,0x3a,0x6d,0x61,
    0x78,0x28,0x69,0x6e,0x2e,0x76,0x52,0x61,0x64,0x69,0x69,0x20,0x2d,0x20,0x66,0x6c,
    0x6f,0x61,0x74,0x34,0x28,0x66,0x61,0x73,0x74,0x3a,0x3a,0x6d,0x61,0x78,0x28,0x5f,
    0x36,0x36,0x33,0x2c,0x20,0x5f,0x36,0x36,0x38,0x29,0x2c,0x20,0x66,0x61,0x73,0x74,
    0x3a,0x3a,0x6d,0x61,0x78,0x28,0x5f,0x36,0x36,0x38,0x2c,0x20,0x5f,0x36,0x36,0x35,
    0x29,0x2c,0x20,0x66,0x61,0x73,0x74,0x3a,0x3a,0x6d,0x61,0x78,0x28,0x5f,0x36,0x36,
    0x35,0x2c,0x20,0x5f,0x36,0x37,0x30,0x29,0x2c,0x20,0x66,0x61,0x73,0x74,0x3a,0x3a,
    0x6d,0x61,0x78,0x28,0x5f,0x36,0x37,0x30,0x2c,0x20,0x5f,0x36,0x36,0x33,0x29,0x29,
    0x2c,0x20,0x66,0x6c,0x6f,0x61,0x74,0x34,0x28,0x30,0x2e,0x30,0x29,0x29,0x3b,0x0a,
    0x20,0x20,0x20,0x20,0x66,0x6c,0x6f,0x61,0x74,0x32,0x20,0x70,0x61,0x72,0x61,0x6d,
    0x5f,0x33,0x33,0x20,0x3d,0x20,0x5f,0x37,0x31,0x35,0x3b,0x0a,0x20,0x20,0x20,0x20,
    0x66,0x6c,0x6f,0x61,0x74,0x32,0x20,0x70,0x61,0x72,0x61,0x6d,0x5f,0x33,0x34,0x20,
    0x3d,0x20,0x66,0x61,0x73,0x74,0x3a,0x3a,0x6d,0x61,0x78,0x28,0x68,0x61,0x6c,0x66,
    0x42,0x6f,0x78,0x20,0x2d,0x20,0x28,0x66,0x6c,0x6f,0x61,0x74,0x32,0x28,0x5f,0x36,
    0x36,0x33,0x20,0x2b,0x20,0x5f,0x36,0x36,0x35,0x2c,0x20,0x5f,0x36,0x36,0x38,0x20,
    0x2b,0x20,0x5f,0x36,0x37,0x30,0x29,0x20,0x2a,0x20,0x30,0x2e,0x35,0x29,0x2c,0x20,
    0x66,0x6c,0x6f,0x61,0x74,0x32,0x28,0x30,0x2e,0x30,0x29,0x29,0x3b,0x0a,0x20,0x20,
    0x20,0x20,0x66,0x6c,0x6f,0x61,0x74,0x20,0x70,0x61,0x72,0x61,0x6d,0x5f,0x33,0x35,
    0x20,0x3d,0x20,0x63,0x6f,0x72,0x6e,0x65,0x72,0x52,0x61,0x64,0x69,0x75,0x73,0x28,
    0x70,0x61,0x72,0x61,0x6d,0x5f,0x33,0x31,0x2c,0x20,0x70,0x61,0x72,0x61,0x6d,0x5f,
    0x33,0x32,0x29,0x3b,0x0a,0x20,0x20,0x20,0x20,0x66,0x6c,0x6f,0x61,0x74,0x20,0x70,
    0x61,0x72,0x61,0x6d,0x5f,0x33,0x36,0x20,0x3d,0x20,0x72,0x6f,0x75,0x6e,0x64,0x65,
    0x64,0x52,0x65,0x63,0x74,0x44,0x69,0x73,0x74,0x61,0x6e,0x63,0x65,0x28,0x70,0x61,
    0x72,0x61,0x6d,0x5f,0x32,0x38,0x2c,0x20,0x70,0x61,0x72,0x61,0x6d,0x5f,0x32,0x39,
    0x2c,0x20,0x70,0x61,0x72,0x61,0x6d,0x5f,0x33,0x30,0x29,0x3b,0x0a,0x20,0x20,0x20,
    0x20,0x66,0x6c,0x6f,0x61,0x74,0x20,0x70,0x61,0x72,0x61,0x6d,0x5f,0x33,0x37,0x20,
    0x3d,0x20,0x69,0x6e,0x2e,0x76,0x55,0x76,0x41,0x61,0x2e,0x7a,0x3b,0x0a,0x20,0x20,
    0x20,0x20,0x66,0x6c,0x6f,0x61,0x74,0x20,0x5f,0x37,0x33,0x36,0x20,0x3d,0x20,0x63,
    0x6f,0x76,0x65,0x72,0x61,0x67,0x65,0x46,0x72,0x6f,0x6d,0x44,0x69,0x73,0x74,0x61,
    0x6e,0x63,0x65,0x28,0x70,0x61,0x72,0x61,0x6d,0x5f,0x33,0x36,0x2c,0x20,0x70,0x61,
    0x72,0x61,0x6d,0x5f,0x33,0x37,0x29,0x3b,0x0a,0x20,0x20,0x20,0x20,0x66,0x6c,0x6f,
    0x61,0x74,0x20,0x70,0x61,0x72,0x61,0x6d,0x5f,0x33,0x38,0x20,0x3d,0x20,0x72,0x6f,
    0x75,0x6e,0x64,0x65,0x64,0x52,0x65,0x63,0x74,0x44,0x69,0x73,0x74,0x61,0x6e,0x63,
    0x65,0x28,0x70,0x61,0x72,0x61,0x6d,0x5f,0x33,0x33,0x2c,0x20,0x70,0x61,0x72,0x61,
    0x6d,0x5f,0x33,0x34,0x2c,0x20,0x70,0x61,0x72,0x61,0x6d,0x5f,0x33,0x35,0x29,0x3b,
    0x0a,0x20,0x20,0x20,0x20,0x66,0x6c,0x6f,0x61,0x74,0x20,0x70,0x61,0x72,0x61,0x6d,
    0x5f,0x33,0x39,0x20,0x3d,0x20,0x69,0x6e,0x2e,0x76,0x55,0x76,0x41,0x61,0x2e,0x7a,
    0x3b,0x0a,0x20,0x20,0x20,0x20,0x66,0x6c,0x6f,0x61,0x74,0x20,0x5f,0x37,0x34,0x32,
    0x20,0x3d,0x20,0x63,0x6f,0x76,0x65,0x72,0x61,0x67,0x65,0x46,0x72,0x6f,0x6d,0x44,
    0x69,0x73,0x74,0x61,0x6e,0x63,0x65,0x28,0x70,0x61,0x72,0x61,0x6d,0x5f,0x33,0x38,
    0x2c,0x20,0x70,0x61,0x72,0x61,0x6d,0x5f,0x33,0x39,0x29,0x3b,0x0a,0x20,0x20,0x20,
    0x20,0x66,0x6c,0x6f,0x61,0x74,0x34,0x20,0x66,0x69,0x6c,0x6c,0x20,0x3d,0x20,0x69,
    0x6e,0x2e,0x76,0x46,0x69,0x6c,0x6c,0x3b,0x0a,0x20,0x20,0x20,0x20,0x69,0x66,0x20,
    0x28,0x5f,0x34,0x34,0x36,0x20,0x3d,0x3d,0x20,0x32,0x29,0x0a,0x20,0x20,0x20,0x20,
    0x7b,0x0a,0x20,0x20,0x20,0x20,0x20,0x20,0x20,0x20,0x66,0x6c,0x6f,0x61,0x74,0x34,
    0x20,0x5f,0x39,0x30,0x38,0x20,0x3d,0x20,0x66,0x69,0x6c,0x6c,0x3b,0x0a,0x20,0x20,
    0x20,0x20,0x20,0x20,0x20,0x20,0x5f,0x39,0x30,0x38,0x2e,0x77,0x20,0x3d,0x20,0x5f,
    0x39,0x30,0x38,0x2e,0x77,0x20,0x2a,0x20,0x75,0x69,0x54,0x65,0x78,0x2e,0x73,0x61,
    0x6d,0x70,0x6c,0x65,0x28,0x75,0x69,0x53,0x6d,0x70,0x2c,0x20,0x69,0x6e,0x2e,0x76,
    0x55,0x76,0x41,0x61,0x2e,0x78,0x79,0x29,0x2e,0x77,0x3b,0x0a,0x20,0x20,0x20,0x20,
    0x20,0x20,0x20,0x20,0x66,0x69,0x6c,0x6c,0x20,0x3d,0x20,0x5f,0x39,0x30,0x38,0x3b,
    0x0a,0x20,0x20,0x20,0x20,0x7d,0x0a,0x20,0x20,0x20,0x20,0x66,0x6c,0x6f,0x61,0x74,
    0x20,0x5f,0x37,0x37,0x30,0x20,0x3d,0x20,0x66,0x69,0x6c,0x6c,0x2e,0x77,0x20,0x2a,
    0x20,0x5f,0x37,0x34,0x32,0x3b,0x0a,0x20,0x20,0x20,0x20,0x66,0x6c,0x6f,0x61,0x74,
    0x20,0x5f,0x37,0x37,0x35,0x20,0x3d,0x20,0x69,0x6e,0x2e,0x76,0x42,0x6f,0x72,0x64,
    0x65,0x72,0x2e,0x77,0x20,0x2a,0x20,0x66,0x61,0x73,0x74,0x3a,0x3a,0x6d,0x61,0x78,
    0x28,0x5f,0x37,0x33,0x36,0x20,0x2d,0x20,0x5f,0x37,0x34,0x32,0x2c,0x20,0x30,0x2e,
    0x30,0x29,0x3b,0x0a,0x20,0x20,0x20,0x20,0x66,0x6c,0x6f,0x61,0x74,0x20,0x61,0x6c,
    0x70,0x68,0x61,0x5f,0x31,0x20,0x3d,0x20,0x5f,0x37,0x37,0x30,0x20,0x2b,0x20,0x5f,
    0x37,0x37,0x35,0x3b,0x0a,0x20,0x20,0x20,0x20,0x66,0x6c,0x6f,0x61,0x74,0x33,0x20,
    0x72,0x67,0x62,0x20,0x3d,0x20,0x28,0x66,0x69,0x6c,0x6c,0x2e,0x78,0x79,0x7a,0x20,
    0x2a,0x20,0x5f,0x37,0x37,0x30,0x29,0x20,0x2b,0x20,0x28,0x69,0x6e,0x2e,0x76,0x42,
    0x6f,0x72,0x64,0x65,0x72,0x2e,0x78,0x79,0x7a,0x20,0x2a,0x20,0x5f,0x37,0x37,0x35,
    0x29,0x3b,0x0a,0x20,0x20,0x20,0x20,0x69,0x66,0x20,0x28,0x5f,0x36,0x32,0x34,0x29,
    0x0a,0x20,0x20,0x20,0x20,0x7b,0x0a,0x20,0x20,0x20,0x20,0x20,0x20,0x20,0x20,0x62,
    0x6f,0x6f,0x6c,0x20,0x5f,0x37,0x39,0x39,0x20,0x3d,0x20,0x69,0x6e,0x2e,0x76,0x50,
    0x61,0x72,0x61,0x6d,0x73,0x31,0x2e,0x77,0x20,0x3e,0x20,0x30,0x2e,0x35,0x3b,0x0a,
    0x20,0x20,0x20,0x20,0x20,0x20,0x20,0x20,0x66,0x6c,0x6f,0x61,0x74,0x20,0x73,0x41,
    0x6c,0x70,0x68,0x61,0x3b,0x0a,0x20,0x20,0x20,0x20,0x20,0x20,0x20,0x20,0x69,0x66,
    0x20,0x28,0x5f,0x37,0x39,0x39,0x29,0x0a,0x20,0x20,0x20,0x20,0x20,0x20,0x20,0x20,
    0x7b,0x0a,0x20,0x20,0x20,0x20,0x20,0x20,0x20,0x20,0x20,0x20,0x20,0x20,0x66,0x6c,
    0x6f,0x61,0x74,0x32,0x20,0x70,0x61,0x72,0x61,0x6d,0x5f,0x34,0x30,0x20,0x3d,0x20,
    0x69,0x6e,0x2e,0x76,0x4c,0x6f,0x63,0x61,0x6c,0x48,0x61,0x6c,0x66,0x2e,0x78,0x79,
    0x3b,0x0a,0x20,0x20,0x20,0x20,0x20,0x20,0x20,0x20,0x20,0x20,0x20,0x20,0x66,0x6c,
    0x6f,0x61,0x74,0x32,0x20,0x70,0x61,0x72,0x61,0x6d,0x5f,0x34,0x31,0x20,0x3d,0x20,
    0x68,0x61,0x6c,0x66,0x42,0x6f,0x78,0x3b,0x0a,0x20,0x20,0x20,0x20,0x20,0x20,0x20,
    0x20,0x20,0x20,0x20,0x20,0x66,0x6c,0x6f,0x61,0x74,0x34,0x20,0x70,0x61,0x72,0x61,
    0x6d,0x5f,0x34,0x32,0x20,0x3d,0x20,0x69,0x6e,0x2e,0x76,0x52,0x61,0x64,0x69,0x69,
    0x3b,0x0a,0x20,0x20,0x20,0x20,0x20,0x20,0x20,0x20,0x20,0x20,0x20,0x20,0x66,0x6c,
    0x6f,0x61,0x74,0x32,0x20,0x70,0x61,0x72,0x61,0x6d,0x5f,0x34,0x33,0x20,0x3d,0x20,
    0x66,0x6c,0x6f,0x61,0x74,0x32,0x28,0x30,0x2e,0x30,0x29,0x3b,0x0a,0x20,0x20,0x20,
    0x20,0x20,0x20,0x20,0x20,0x20,0x20,0x20,0x20,0x66,0x6c,0x6f,0x61,0x74,0x20,0x70,
    0x61,0x72,0x61,0x6d,0x5f,0x34,0x34,0x20,0x3d,0x20,0x69,0x6e,0x2e,0x76,0x50,0x61,
    0x72,0x61,0x6d,0x73,0x31,0x2e,0x7a,0x3b,0x0a,0x20,0x20,0x20,0x20,0x20,0x20,0x20,
    0x20,0x20,0x20,0x20,0x20,0x66,0x6c,0x6f,0x61,0x74,0x20,0x70,0x61,0x72,0x61,0x6d,
    0x5f,0x34,0x35,0x20,0x3d,0x20,0x69,0x6e,0x2e,0x76,0x55,0x76,0x41,0x61,0x2e,0x7a,
    0x3b,0x0a,0x20,0x20,0x20,0x20,0x20,0x20,0x20,0x20,0x20,0x20,0x20,0x20,0x73,0x41,
    0x6c,0x70,0x68,0x61,0x20,0x3d,0x20,0x28,0x31,0x2e,0x30,0x20,0x2d,0x20,0x73,0x68,
    0x61,0x64,0x6f,0x77,0x43,0x6f,0x76,0x65,0x72,0x61,0x67,0x65,0x28,0x70,0x61,0x72,
    0x61,0x6d,0x5f,0x34,0x30,0x2c,0x20,0x70,0x61,0x72,0x61,0x6d,0x5f,0x34,0x31,0x2c,
    0x20,0x70,0x61,0x72,0x61,0x6d,0x5f,0x34,0x32,0x2c,0x20,0x70,0x61,0x72,0x61,0x6d,
    0x5f,0x34,0x33,0x2c,0x20,0x70,0x61,0x72,0x61,0x6d,0x5f,0x34,0x34,0x2c,0x20,0x70,
    0x61,0x72,0x61,0x6d,0x5f,0x34,0x35,0x29,0x29,0x20,0x2a,0x20,0x5f,0x37,0x33,0x36,
    0x3b,0x0a,0x20,0x20,0x20,0x20,0x20,0x20,0x20,0x20,0x7d,0x0a,0x20,0x20,0x20,0x20,
    0x20,0x20,0x20,0x20,0x65,0x6c,0x73,0x65,0x0a,0x20,0x20,0x20,0x20,0x20,0x20,0x20,
    0x20,0x7b,0x0a,0x20,0x20,0x20,0x20,0x20,0x20,0x20,0x20,0x20,0x20,0x20,0x20,0x66,
    0x6c,0x6f,0x61,0x74,0x32,0x20,0x70,0x61,0x72,0x61,0x6d,0x5f,0x34,0x36,0x20,0x3d,
    0x20,0x69,0x6e,0x2e,0x76,0x4c,0x6f,0x63,0x61,0x6c,0x48,0x61,0x6c,0x66,0x2e,0x78,
    0x79,0x3b,0x0a,0x20,0x20,0x20,0x20,0x20,0x20,0x20,0x20,0x20,0x20,0x20,0x20,0x66,
    0x6c,0x6f,0x61,0x74,0x32,0x20,0x70,0x61,0x72,0x61,0x6d,0x5f,0x34,0x37,0x20,0x3d,
    0x20,0x68,0x61,0x6c,0x66,0x42,0x6f,0x78,0x3b,0x0a,0x20,0x20,0x20,0x20,0x20,0x20,
    0x20,0x20,0x20,0x20,0x20,0x20,0x66,0x6c,0x6f,0x61,0x74,0x34,0x20,0x70,0x61,0x72,
    0x61,0x6d,0x5f,0x34,0x38,0x20,0x3d,0x20,0x69,0x6e,0x2e,0x76,0x52,0x61,0x64,0x69,
    0x69,0x3b,0x0a,0x20,0x20,0x20,0x20,0x20,0x20,0x20,0x20,0x20,0x20,0x20,0x20,0x66,
    0x6c,0x6f,0x61,0x74,0x32,0x20,0x70,0x61,0x72,0x61,0x6d,0x5f,0x34,0x39,0x20,0x3d,
    0x20,0x69,0x6e,0x2e,0x76,0x50,0x61,0x72,0x61,0x6d,0x73,0x31,0x2e,0x78,0x79,0x3b,
    0x0a,0x20,0x20,0x20,0x20,0x20,0x20,0x20,0x20,0x20,0x20,0x20,0x20,0x66,0x6c,0x6f,
    0x61,0x74,0x20,0x70,0x61,0x72,0x61,0x6d,0x5f,0x35,0x30,0x20,0x3d,0x20,0x69,0x6e,
    0x2e,0x76,0x50,0x61,0x72,0x61,0x6d,0x73,0x31,0x2e,0x7a,0x3b,0x0a,0x20,0x20,0x20,
    0x20,0x20,0x20,0x20,0x20,0x20,0x20,0x20,0x20,0x66,0x6c,0x6f,0x61,0x74,0x20,0x70,
    0x61,0x72,0x61,0x6d,0x5f,0x35,0x31,0x20,0x3d,0x20,0x69,0x6e,0x2e,0x76,0x55,0x76,
    0x41,0x61,0x2e,0x7a,0x3b,0x0a,0x20,0x20,0x20,0x20,0x20,0x20,0x20,0x20,0x20,0x20,
    0x20,0x20,0x73,0x41,0x6c,0x70,0x68,0x61,0x20,0x3d,0x20,0x73,0x68,0x61,0x64,0x6f,
    0x77,0x43,0x6f,0x76,0x65,0x72,0x61,0x67,0x65,0x28,0x70,0x61,0x72,0x61,0x6d,0x5f,
    0x34,0x36,0x2c,0x20,0x70,0x61,0x72,0x61,0x6d,0x5f,0x34,0x37,0x2c,0x20,0x70,0x61,
    0x72,0x61,0x6d,0x5f,0x34,0x38,0x2c,0x20,0x70,0x61,0x72,0x61,0x6d,0x5f,0x34,0x39,
    0x2c,0x20,0x70,0x61,0x72,0x61,0x6d,0x5f,0x35,0x30,0x2c,0x20,0x70,0x61,0x72,0x61,
    0x6d,0x5f,0x35,0x31,0x29,0x3b,0x0a,0x20,0x20,0x20,0x20,0x20,0x20,0x20,0x20,0x7d,
    0x0a,0x20,0x20,0x20,0x20,0x20,0x20,0x20,0x20,0x73,0x41,0x6c,0x70,0x68,0x61,0x20,
    0x2a,0x3d,0x20,0x69,0x6e,0x2e,0x76,0x45,0x78,0x74,0x72,0x61,0x2e,0x77,0x3b,0x0a,
    0x20,0x20,0x20,0x20,0x20,0x20,0x20,0x20,0x69,0x66,0x20,0x28,0x5f,0x37,0x39,0x39,
    0x29,0x0a,0x20,0x20,0x20,0x20,0x20,0x20,0x20,0x20,0x7b,0x0a,0x20,0x20,0x20,0x20,
    0x20,0x20,0x20,0x20,0x20,0x20,0x20,0x20,0x66,0x6c,0x6f,0x61,0x74,0x20,0x5f,0x38,
    0x35,0x32,0x20,0x3d,0x20,0x31,0x2e,0x30,0x20,0x2d,0x20,0x73,0x41,0x6c,0x70,0x68,
    0x61,0x3b,0x0a,0x20,0x20,0x20,0x20,0x20,0x20,0x20,0x20,0x20,0x20,0x20,0x20,0x72,
    0x67,0x62,0x20,0x3d,0x20,0x28,0x69,0x6e,0x2e,0x76,0x45,0x78,0x74,0x72,0x61,0x2e,
    0x78,0x79,0x7a,0x20,0x2a,0x20,0x73,0x41,0x6c,0x70,0x68,0x61,0x29,0x20,0x2b,0x20,
    0x28,0x72,0x67,0x62,0x20,0x2a,0x20,0x5f,0x38,0x35,0x32,0x29,0x3b,0x0a,0x20,0x20,
    0x20,0x20,0x20,0x20,0x20,0x20,0x20,0x20,0x20,0x20,0x61,0x6c,0x70,0x68,0x61,0x5f,
    0x31,0x20,0x3d,0x20,0x73,0x41,0x6c,0x70,0x68,0x61,0x20,0x2b,0x20,0x28,0x61,0x6c,
    0x70,0x68,0x61,0x5f,0x31,0x20,0x2a,0x20,0x5f,0x38,0x35,0x32,0x29,0x3b,0x0a,0x20,
    0x20,0x20,0x20,0x20,0x20,0x20,0x20,0x7d,0x0a,0x20,0x20,0x20,0x20,0x20,0x20,0x20,
    0x20,0x65,0x6c,0x73,0x65,0x0a,0x20,0x20,0x20,0x20,0x20,0x20,0x20,0x20,0x7b,0x0a,
    0x20,0x20,0x20,0x20,0x20,0x20,0x20,0x20,0x20,0x20,0x20,0x20,0x66,0x6c,0x6f,0x61,
    0x74,0x20,0x5f,0x38,0x36,0x38,0x20,0x3d,0x20,0x31,0x2e,0x30,0x20,0x2d,0x20,0x61,
    0x6c,0x70,0x68,0x61,0x5f,0x31,0x3b,0x0a,0x20,0x20,0x20,0x20,0x20,0x20,0x20,0x20,
    0x20,0x20,0x20,0x20,0x72,0x67,0x62,0x20,0x2b,0x3d,0x20,0x28,0x28,0x69,0x6e,0x2e,
    0x76,0x45,0x78,0x74,0x72,0x61,0x2e,0x78,0x79,0x7a,0x20,0x2a,0x20,0x73,0x41,0x6c,
    0x70,0x68,0x61,0x29,0x20,0x2a,0x20,0x5f,0x38,0x36,0x38,0x29,0x3b,0x0a,0x20,0x20,
    0x20,0x20,0x20,0x20,0x20,0x20,0x20,0x20,0x20,0x20,0x61,0x6c,0x70,0x68,0x61,0x5f,
    0x31,0x20,0x2b,0x3d,0x20,0x28,0x73,0x41,0x6c,0x70,0x68,0x61,0x20,0x2a,0x20,0x5f,
    0x38,0x36,0x38,0x29,0x3b,0x0a,0x20,0x20,0x20,0x20,0x20,0x20,0x20,0x20,0x7d,0x0a,
    0x20,0x20,0x20,0x20,0x7d,0x0a,0x20,0x20,0x20,0x20,0x6f,0x75,0x74,0x2e,0x66,0x72,
    0x61,0x67,0x5f,0x63,0x6f,0x6c,0x6f,0x72,0x20,0x3d,0x20,0x66,0x6c,0x6f,0x61,0x74,
    0x34,0x28,0x72,0x67,0x62,0x2c,0x20,0x61,0x6c,0x70,0x68,0x61,0x5f,0x31,0x29,0x3b,
    0x0a,0x20,0x20,0x20,0x20,0x72,0x65,0x74,0x75,0x72,0x6e,0x20,0x6f,0x75,0x74,0x3b,
    0x0a,0x7d,0x0a,0x0a,0x00,
};
/*
    #include <metal_stdlib>
    #include <simd/simd.h>

    using namespace metal;

    struct main0_out
    {
        float2 uv [[user(locn0)]];
        float4 gl_Position [[position]];
    };

    struct main0_in
    {
        float2 pos [[attribute(0)]];
        float2 uv0 [[attribute(1)]];
    };

    vertex main0_out main0(main0_in in [[stage_in]])
    {
        main0_out out = {};
        out.gl_Position = float4(in.pos, 0.0, 1.0);
        out.uv = in.uv0;
        return out;
    }

*/
static const uint8_t blurVs_source_metal_macos[415] = {
    0x23,0x69,0x6e,0x63,0x6c,0x75,0x64,0x65,0x20,0x3c,0x6d,0x65,0x74,0x61,0x6c,0x5f,
    0x73,0x74,0x64,0x6c,0x69,0x62,0x3e,0x0a,0x23,0x69,0x6e,0x63,0x6c,0x75,0x64,0x65,
    0x20,0x3c,0x73,0x69,0x6d,0x64,0x2f,0x73,0x69,0x6d,0x64,0x2e,0x68,0x3e,0x0a,0x0a,
    0x75,0x73,0x69,0x6e,0x67,0x20,0x6e,0x61,0x6d,0x65,0x73,0x70,0x61,0x63,0x65,0x20,
    0x6d,0x65,0x74,0x61,0x6c,0x3b,0x0a,0x0a,0x73,0x74,0x72,0x75,0x63,0x74,0x20,0x6d,
    0x61,0x69,0x6e,0x30,0x5f,0x6f,0x75,0x74,0x0a,0x7b,0x0a,0x20,0x20,0x20,0x20,0x66,
    0x6c,0x6f,0x61,0x74,0x32,0x20,0x75,0x76,0x20,0x5b,0x5b,0x75,0x73,0x65,0x72,0x28,
    0x6c,0x6f,0x63,0x6e,0x30,0x29,0x5d,0x5d,0x3b,0x0a,0x20,0x20,0x20,0x20,0x66,0x6c,
    0x6f,0x61,0x74,0x34,0x20,0x67,0x6c,0x5f,0x50,0x6f,0x73,0x69,0x74,0x69,0x6f,0x6e,
    0x20,0x5b,0x5b,0x70,0x6f,0x73,0x69,0x74,0x69,0x6f,0x6e,0x5d,0x5d,0x3b,0x0a,0x7d,
    0x3b,0x0a,0x0a,0x73,0x74,0x72,0x75,0x63,0x74,0x20,0x6d,0x61,0x69,0x6e,0x30,0x5f,
    0x69,0x6e,0x0a,0x7b,0x0a,0x20,0x20,0x20,0x20,0x66,0x6c,0x6f,0x61,0x74,0x32,0x20,
    0x70,0x6f,0x73,0x20,0x5b,0x5b,0x61,0x74,0x74,0x72,0x69,0x62,0x75,0x74,0x65,0x28,
    0x30,0x29,0x5d,0x5d,0x3b,0x0a,0x20,0x20,0x20,0x20,0x66,0x6c,0x6f,0x61,0x74,0x32,
    0x20,0x75,0x76,0x30,0x20,0x5b,0x5b,0x61,0x74,0x74,0x72,0x69,0x62,0x75,0x74,0x65,
    0x28,0x31,0x29,0x5d,0x5d,0x3b,0x0a,0x7d,0x3b,0x0a,0x0a,0x76,0x65,0x72,0x74,0x65,
    0x78,0x20,0x6d,0x61,0x69,0x6e,0x30,0x5f,0x6f,0x75,0x74,0x20,0x6d,0x61,0x69,0x6e,
    0x30,0x28,0x6d,0x61,0x69,0x6e,0x30,0x5f,0x69,0x6e,0x20,0x69,0x6e,0x20,0x5b,0x5b,
    0x73,0x74,0x61,0x67,0x65,0x5f,0x69,0x6e,0x5d,0x5d,0x29,0x0a,0x7b,0x0a,0x20,0x20,
    0x20,0x20,0x6d,0x61,0x69,0x6e,0x30,0x5f,0x6f,0x75,0x74,0x20,0x6f,0x75,0x74,0x20,
    0x3d,0x20,0x7b,0x7d,0x3b,0x0a,0x20,0x20,0x20,0x20,0x6f,0x75,0x74,0x2e,0x67,0x6c,
    0x5f,0x50,0x6f,0x73,0x69,0x74,0x69,0x6f,0x6e,0x20,0x3d,0x20,0x66,0x6c,0x6f,0x61,
    0x74,0x34,0x28,0x69,0x6e,0x2e,0x70,0x6f,0x73,0x2c,0x20,0x30,0x2e,0x30,0x2c,0x20,
    0x31,0x2e,0x30,0x29,0x3b,0x0a,0x20,0x20,0x20,0x20,0x6f,0x75,0x74,0x2e,0x75,0x76,
    0x20,0x3d,0x20,0x69,0x6e,0x2e,0x75,0x76,0x30,0x3b,0x0a,0x20,0x20,0x20,0x20,0x72,
    0x65,0x74,0x75,0x72,0x6e,0x20,0x6f,0x75,0x74,0x3b,0x0a,0x7d,0x0a,0x0a,0x00,
};
/*
    #include <metal_stdlib>
    #include <simd/simd.h>

    using namespace metal;

    struct blur_params
    {
        float4 dir;
    };

    struct main0_out
    {
        float4 frag_color [[color(0)]];
    };

    struct main0_in
    {
        float2 uv [[user(locn0)]];
    };

    fragment main0_out main0(main0_in in [[stage_in]], constant blur_params& _13 [[buffer(0)]], texture2d<float> srcTex [[texture(0)]], sampler srcSmp [[sampler(0)]])
    {
        main0_out out = {};
        float2 _21 = _13.dir.xy * 1.3846149444580078125;
        float2 _27 = _13.dir.xy * 3.2307689189910888671875;
        out.frag_color = ((((srcTex.sample(srcSmp, in.uv) * 0.227026998996734619140625) + (srcTex.sample(srcSmp, (in.uv + _21)) * 0.316215991973876953125)) + (srcTex.sample(srcSmp, (in.uv - _21)) * 0.316215991973876953125)) + (srcTex.sample(srcSmp, (in.uv + _27)) * 0.070270001888275146484375)) + (srcTex.sample(srcSmp, (in.uv - _27)) * 0.070270001888275146484375);
        return out;
    }

*/
static const uint8_t blurFs_source_metal_macos[905] = {
    0x23,0x69,0x6e,0x63,0x6c,0x75,0x64,0x65,0x20,0x3c,0x6d,0x65,0x74,0x61,0x6c,0x5f,
    0x73,0x74,0x64,0x6c,0x69,0x62,0x3e,0x0a,0x23,0x69,0x6e,0x63,0x6c,0x75,0x64,0x65,
    0x20,0x3c,0x73,0x69,0x6d,0x64,0x2f,0x73,0x69,0x6d,0x64,0x2e,0x68,0x3e,0x0a,0x0a,
    0x75,0x73,0x69,0x6e,0x67,0x20,0x6e,0x61,0x6d,0x65,0x73,0x70,0x61,0x63,0x65,0x20,
    0x6d,0x65,0x74,0x61,0x6c,0x3b,0x0a,0x0a,0x73,0x74,0x72,0x75,0x63,0x74,0x20,0x62,
    0x6c,0x75,0x72,0x5f,0x70,0x61,0x72,0x61,0x6d,0x73,0x0a,0x7b,0x0a,0x20,0x20,0x20,
    0x20,0x66,0x6c,0x6f,0x61,0x74,0x34,0x20,0x64,0x69,0x72,0x3b,0x0a,0x7d,0x3b,0x0a,
    0x0a,0x73,0x74,0x72,0x75,0x63,0x74,0x20,0x6d,0x61,0x69,0x6e,0x30,0x5f,0x6f,0x75,
    0x74,0x0a,0x7b,0x0a,0x20,0x20,0x20,0x20,0x66,0x6c,0x6f,0x61,0x74,0x34,0x20,0x66,
    0x72,0x61,0x67,0x5f,0x63,0x6f,0x6c,0x6f,0x72,0x20,0x5b,0x5b,0x63,0x6f,0x6c,0x6f,
    0x72,0x28,0x30,0x29,0x5d,0x5d,0x3b,0x0a,0x7d,0x3b,0x0a,0x0a,0x73,0x74,0x72,0x75,
    0x63,0x74,0x20,0x6d,0x61,0x69,0x6e,0x30,0x5f,0x69,0x6e,0x0a,0x7b,0x0a,0x20,0x20,
    0x20,0x20,0x66,0x6c,0x6f,0x61,0x74,0x32,0x20,0x75,0x76,0x20,0x5b,0x5b,0x75,0x73,
    0x65,0x72,0x28,0x6c,0x6f,0x63,0x6e,0x30,0x29,0x5d,0x5d,0x3b,0x0a,0x7d,0x3b,0x0a,
    0x0a,0x66,0x72,0x61,0x67,0x6d,0x65,0x6e,0x74,0x20,0x6d,0x61,0x69,0x6e,0x30,0x5f,
    0x6f,0x75,0x74,0x20,0x6d,0x61,0x69,0x6e,0x30,0x28,0x6d,0x61,0x69,0x6e,0x30,0x5f,
    0x69,0x6e,0x20,0x69,0x6e,0x20,0x5b,0x5b,0x73,0x74,0x61,0x67,0x65,0x5f,0x69,0x6e,
    0x5d,0x5d,0x2c,0x20,0x63,0x6f,0x6e,0x73,0x74,0x61,0x6e,0x74,0x20,0x62,0x6c,0x75,
    0x72,0x5f,0x70,0x61,0x72,0x61,0x6d,0x73,0x26,0x20,0x5f,0x31,0x33,0x20,0x5b,0x5b,
    0x62,0x75,0x66,0x66,0x65,0x72,0x28,0x30,0x29,0x5d,0x5d,0x2c,0x20,0x74,0x65,0x78,
    0x74,0x75,0x72,0x65,0x32,0x64,0x3c,0x66,0x6c,0x6f,0x61,0x74,0x3e,0x20,0x73,0x72,
    0x63,0x54,0x65,0x78,0x20,0x5b,0x5b,0x74,0x65,0x78,0x74,0x75,0x72,0x65,0x28,0x30,
    0x29,0x5d,0x5d,0x2c,0x20,0x73,0x61,0x6d,0x70,0x6c,0x65,0x72,0x20,0x73,0x72,0x63,
    0x53,0x6d,0x70,0x20,0x5b,0x5b,0x73,0x61,0x6d,0x70,0x6c,0x65,0x72,0x28,0x30,0x29,
    0x5d,0x5d,0x29,0x0a,0x7b,0x0a,0x20,0x20,0x20,0x20,0x6d,0x61,0x69,0x6e,0x30,0x5f,
    0x6f,0x75,0x74,0x20,0x6f,0x75,0x74,0x20,0x3d,0x20,0x7b,0x7d,0x3b,0x0a,0x20,0x20,
    0x20,0x20,0x66,0x6c,0x6f,0x61,0x74,0x32,0x20,0x5f,0x32,0x31,0x20,0x3d,0x20,0x5f,
    0x31,0x33,0x2e,0x64,0x69,0x72,0x2e,0x78,0x79,0x20,0x2a,0x20,0x31,0x2e,0x33,0x38,
    0x34,0x36,0x31,0x34,0x39,0x34,0x34,0x34,0x35,0x38,0x30,0x30,0x37,0x38,0x31,0x32,
    0x35,0x3b,0x0a,0x20,0x20,0x20,0x20,0x66,0x6c,0x6f,0x61,0x74,0x32,0x20,0x5f,0x32,
    0x37,0x20,0x3d,0x20,0x5f,0x31,0x33,0x2e,0x64,0x69,0x72,0x2e,0x78,0x79,0x20,0x2a,
    0x20,0x33,0x2e,0x32,0x33,0x30,0x37,0x36,0x38,0x39,0x31,0x38,0x39,0x39,0x31,0x30,
    0x38,0x38,0x38,0x36,0x37,0x31,0x38,0x37,0x35,0x3b,0x0a,0x20,0x20,0x20,0x20,0x6f,
    0x75,0x74,0x2e,0x66,0x72,0x61,0x67,0x5f,0x63,0x6f,0x6c,0x6f,0x72,0x20,0x3d,0x20,
    0x28,0x28,0x28,0x28,0x73,0x72,0x63,0x54,0x65,0x78,0x2e,0x73,0x61,0x6d,0x70,0x6c,
    0x65,0x28,0x73,0x72,0x63,0x53,0x6d,0x70,0x2c,0x20,0x69,0x6e,0x2e,0x75,0x76,0x29,
    0x20,0x2a,0x20,0x30,0x2e,0x32,0x32,0x37,0x30,0x32,0x36,0x39,0x39,0x38,0x39,0x39,
    0x36,0x37,0x33,0x34,0x36,0x31,0x39,0x31,0x34,0x30,0x36,0x32,0x35,0x29,0x20,0x2b,
    0x20,0x28,0x73,0x72,0x63,0x54,0x65,0x78,0x2e,0x73,0x61,0x6d,0x70,0x6c,0x65,0x28,
    0x73,0x72,0x63,0x53,0x6d,0x70,0x2c,0x20,0x28,0x69,0x6e,0x2e,0x75,0x76,0x20,0x2b,
    0x20,0x5f,0x32,0x31,0x29,0x29,0x20,0x2a,0x20,0x30,0x2e,0x33,0x31,0x36,0x32,0x31,
    0x35,0x39,0x39,0x31,0x39,0x37,0x33,0x38,0x37,0x36,0x39,0x35,0x33,0x31,0x32,0x35,
    0x29,0x29,0x20,0x2b,0x20,0x28,0x73,0x72,0x63,0x54,0x65,0x78,0x2e,0x73,0x61,0x6d,
    0x70,0x6c,0x65,0x28,0x73,0x72,0x63,0x53,0x6d,0x70,0x2c,0x20,0x28,0x69,0x6e,0x2e,
    0x75,0x76,0x20,0x2d,0x20,0x5f,0x32,0x31,0x29,0x29,0x20,0x2a,0x20,0x30,0x2e,0x33,
    0x31,0x36,0x32,0x31,0x35,0x39,0x39,0x31,0x39,0x37,0x33,0x38,0x37,0x36,0x39,0x35,
    0x33,0x31,0x32,0x35,0x29,0x29,0x20,0x2b,0x20,0x28,0x73,0x72,0x63,0x54,0x65,0x78,
    0x2e,0x73,0x61,0x6d,0x70,0x6c,0x65,0x28,0x73,0x72,0x63,0x53,0x6d,0x70,0x2c,0x20,
    0x28,0x69,0x6e,0x2e,0x75,0x76,0x20,0x2b,0x20,0x5f,0x32,0x37,0x29,0x29,0x20,0x2a,
    0x20,0x30,0x2e,0x30,0x37,0x30,0x32,0x37,0x30,0x30,0x30,0x31,0x38,0x38,0x38,0x32,
    0x37,0x35,0x31,0x34,0x36,0x34,0x38,0x34,0x33,0x37,0x35,0x29,0x29,0x20,0x2b,0x20,
    0x28,0x73,0x72,0x63,0x54,0x65,0x78,0x2e,0x73,0x61,0x6d,0x70,0x6c,0x65,0x28,0x73,
    0x72,0x63,0x53,0x6d,0x70,0x2c,0x20,0x28,0x69,0x6e,0x2e,0x75,0x76,0x20,0x2d,0x20,
    0x5f,0x32,0x37,0x29,0x29,0x20,0x2a,0x20,0x30,0x2e,0x30,0x37,0x30,0x32,0x37,0x30,
    0x30,0x30,0x31,0x38,0x38,0x38,0x32,0x37,0x35,0x31,0x34,0x36,0x34,0x38,0x34,0x33,
    0x37,0x35,0x29,0x3b,0x0a,0x20,0x20,0x20,0x20,0x72,0x65,0x74,0x75,0x72,0x6e,0x20,
    0x6f,0x75,0x74,0x3b,0x0a,0x7d,0x0a,0x0a,0x00,
};
/*
    diagnostic(off, derivative_uniformity);

    struct void2d_params {
      /_ @offset(0) _/
      viewport : vec4f,
      /_ @offset(16) _/
      model0 : vec4f,
      /_ @offset(32) _/
      model1 : vec4f,
      /_ @offset(48) _/
      globalColor : vec4f,
      /_ @offset(64) _/
      clipU : vec4f,
      /_ @offset(80) _/
      clipV : vec4f,
    }

    @binding(0) @group(0) var<uniform> x_13 : void2d_params;

    var<private> pos : vec2f;

    var<private> uv : vec2f;

    var<private> uv0 : vec2f;

    var<private> color : vec4f;

    var<private> color0 : vec4f;

    var<private> srcPremult : f32;

    var<private> clipDistance : vec4f;

    var<private> gl_Position : vec4f;

    fn main_1() {
      var x_93 : vec2f;
      let x_25 = pos.x;
      let x_32 = pos.y;
      let x_38 = (((x_13.model0.x * x_25) + (x_13.model0.z * x_32)) + x_13.model1.x);
      let x_53 = (((x_13.model0.y * x_25) + (x_13.model0.w * x_32)) + x_13.model1.y);
      let x_54 = vec2f(x_38, x_53);
      gl_Position = vec4f((((x_38 / x_13.viewport.x) * 2.0f) - 1.0f), (1.0f - ((x_53 / x_13.viewport.y) * 2.0f)), 0.0f, 1.0f);
      if ((x_13.viewport.z > 0.5f)) {
        x_93 = vec2f(uv0.x, (1.0f - uv0.y));
      } else {
        x_93 = uv0;
      }
      uv = x_93;
      color = (color0 * x_13.globalColor);
      srcPremult = x_13.viewport.w;
      let x_121 = x_13.clipU.w;
      let x_123 = x_13.clipU.z;
      if ((x_121 > x_123)) {
        let x_132 = dot(x_54, x_13.clipU.xy);
        let x_139 = dot(x_54, x_13.clipV.xy);
        clipDistance = vec4f((x_132 - x_123), (x_121 - x_132), (x_139 - x_13.clipV.z), (x_13.clipV.w - x_139));
      } else {
        clipDistance = vec4f(1.0f);
      }
      return;
    }

    struct main_out {
      @builtin(position)
      gl_Position : vec4f,
      @location(0)
      uv_1 : vec2f,
      @location(1)
      color_1 : vec4f,
      @location(2)
      srcPremult_1 : f32,
      @location(3)
      clipDistance_1 : vec4f,
    }

    @vertex
    fn main(@location(0) pos_param : vec2f, @location(1) uv0_param : vec2f, @location(2) color0_param : vec4f) -> main_out {
      pos = pos_param;
      uv0 = uv0_param;
      color0 = color0_param;
      main_1();
      return main_out(gl_Position, uv, color, srcPremult, clipDistance);
    }
*/
static const uint8_t vs_source_wgsl[1999] = {
    0x64,0x69,0x61,0x67,0x6e,0x6f,0x73,0x74,0x69,0x63,0x28,0x6f,0x66,0x66,0x2c,0x20,
    0x64,0x65,0x72,0x69,0x76,0x61,0x74,0x69,0x76,0x65,0x5f,0x75,0x6e,0x69,0x66,0x6f,
    0x72,0x6d,0x69,0x74,0x79,0x29,0x3b,0x0a,0x0a,0x73,0x74,0x72,0x75,0x63,0x74,0x20,
    0x76,0x6f,0x69,0x64,0x32,0x64,0x5f,0x70,0x61,0x72,0x61,0x6d,0x73,0x20,0x7b,0x0a,
    0x20,0x20,0x2f,0x2a,0x20,0x40,0x6f,0x66,0x66,0x73,0x65,0x74,0x28,0x30,0x29,0x20,
    0x2a,0x2f,0x0a,0x20,0x20,0x76,0x69,0x65,0x77,0x70,0x6f,0x72,0x74,0x20,0x3a,0x20,
    0x76,0x65,0x63,0x34,0x66,0x2c,0x0a,0x20,0x20,0x2f,0x2a,0x20,0x40,0x6f,0x66,0x66,
    0x73,0x65,0x74,0x28,0x31,0x36,0x29,0x20,0x2a,0x2f,0x0a,0x20,0x20,0x6d,0x6f,0x64,
    0x65,0x6c,0x30,0x20,0x3a,0x20,0x76,0x65,0x63,0x34,0x66,0x2c,0x0a,0x20,0x20,0x2f,
    0x2a,0x20,0x40,0x6f,0x66,0x66,0x73,0x65,0x74,0x28,0x33,0x32,0x29,0x20,0x2a,0x2f,
    0x0a,0x20,0x20,0x6d,0x6f,0x64,0x65,0x6c,0x31,0x20,0x3a,0x20,0x76,0x65,0x63,0x34,
    0x66,0x2c,0x0a,0x20,0x20,0x2f,0x2a,0x20,0x40,0x6f,0x66,0x66,0x73,0x65,0x74,0x28,
    0x34,0x38,0x29,0x20,0x2a,0x2f,0x0a,0x20,0x20,0x67,0x6c,0x6f,0x62,0x61,0x6c,0x43,
    0x6f,0x6c,0x6f,0x72,0x20,0x3a,0x20,0x76,0x65,0x63,0x34,0x66,0x2c,0x0a,0x20,0x20,
    0x2f,0x2a,0x20,0x40,0x6f,0x66,0x66,0x73,0x65,0x74,0x28,0x36,0x34,0x29,0x20,0x2a,
    0x2f,0x0a,0x20,0x20,0x63,0x6c,0x69,0x70,0x55,0x20,0x3a,0x20,0x76,0x65,0x63,0x34,
    0x66,0x2c,0x0a,0x20,0x20,0x2f,0x2a,0x20,0x40,0x6f,0x66,0x66,0x73,0x65,0x74,0x28,
    0x38,0x30,0x29,0x20,0x2a,0x2f,0x0a,0x20,0x20,0x63,0x6c,0x69,0x70,0x56,0x20,0x3a,
    0x20,0x76,0x65,0x63,0x34,0x66,0x2c,0x0a,0x7d,0x0a,0x0a,0x40,0x62,0x69,0x6e,0x64,
    0x69,0x6e,0x67,0x28,0x30,0x29,0x20,0x40,0x67,0x72,0x6f,0x75,0x70,0x28,0x30,0x29,
    0x20,0x76,0x61,0x72,0x3c,0x75,0x6e,0x69,0x66,0x6f,0x72,0x6d,0x3e,0x20,0x78,0x5f,
    0x31,0x33,0x20,0x3a,0x20,0x76,0x6f,0x69,0x64,0x32,0x64,0x5f,0x70,0x61,0x72,0x61,
    0x6d,0x73,0x3b,0x0a,0x0a,0x76,0x61,0x72,0x3c,0x70,0x72,0x69,0x76,0x61,0x74,0x65,
    0x3e,0x20,0x70,0x6f,0x73,0x20,0x3a,0x20,0x76,0x65,0x63,0x32,0x66,0x3b,0x0a,0x0a,
    0x76,0x61,0x72,0x3c,0x70,0x72,0x69,0x76,0x61,0x74,0x65,0x3e,0x20,0x75,0x76,0x20,
    0x3a,0x20,0x76,0x65,0x63,0x32,0x66,0x3b,0x0a,0x0a,0x76,0x61,0x72,0x3c,0x70,0x72,
    0x69,0x76,0x61,0x74,0x65,0x3e,0x20,0x75,0x76,0x30,0x20,0x3a,0x20,0x76,0x65,0x63,
    0x32,0x66,0x3b,0x0a,0x0a,0x76,0x61,0x72,0x3c,0x70,0x72,0x69,0x76,0x61,0x74,0x65,
    0x3e,0x20,0x63,0x6f,0x6c,0x6f,0x72,0x20,0x3a,0x20,0x76,0x65,0x63,0x34,0x66,0x3b,
    0x0a,0x0a,0x76,0x61,0x72,0x3c,0x70,0x72,0x69,0x76,0x61,0x74,0x65,0x3e,0x20,0x63,
    0x6f,0x6c,0x6f,0x72,0x30,0x20,0x3a,0x20,0x76,0x65,0x63,0x34,0x66,0x3b,0x0a,0x0a,
    0x76,0x61,0x72,0x3c,0x70,0x72,0x69,0x76,0x61,0x74,0x65,0x3e,0x20,0x73,0x72,0x63,
    0x50,0x72,0x65,0x6d,0x75,0x6c,0x74,0x20,0x3a,0x20,0x66,0x33,0x32,0x3b,0x0a,0x0a,
    0x76,0x61,0x72,0x3c,0x70,0x72,0x69,0x76,0x61,0x74,0x65,0x3e,0x20,0x63,0x6c,0x69,
    0x70,0x44,0x69,0x73,0x74,0x61,0x6e,0x63,0x65,0x20,0x3a,0x20,0x76,0x65,0x63,0x34,
    0x66,0x3b,0x0a,0x0a,0x76,0x61,0x72,0x3c,0x70,0x72,0x69,0x76,0x61,0x74,0x65,0x3e,
    0x20,0x67,0x6c,0x5f,0x50,0x6f,0x73,0x69,0x74,0x69,0x6f,0x6e,0x20,0x3a,0x20,0x76,
    0x65,0x63,0x34,0x66,0x3b,0x0a,0x0a,0x66,0x6e,0x20,0x6d,0x61,0x69,0x6e,0x5f,0x31,
    0x28,0x29,0x20,0x7b,0x0a,0x20,0x20,0x76,0x61,0x72,0x20,0x78,0x5f,0x39,0x33,0x20,
    0x3a,0x20,0x76,0x65,0x63,0x32,0x66,0x3b,0x0a,0x20,0x20,0x6c,0x65,0x74,0x20,0x78,
    0x5f,0x32,0x35,0x20,0x3d,0x20,0x70,0x6f,0x73,0x2e,0x78,0x3b,0x0a,0x20,0x20,0x6c,
    0x65,0x74,0x20,0x78,0x5f,0x33,0x32,0x20,0x3d,0x20,0x70,0x6f,0x73,0x2e,0x79,0x3b,
    0x0a,0x20,0x20,0x6c,0x65,0x74,0x20,0x78,0x5f,0x33,0x38,0x20,0x3d,0x20,0x28,0x28,
    0x28,0x78,0x5f,0x31,0x33,0x2e,0x6d,0x6f,0x64,0x65,0x6c,0x30,0x2e,0x78,0x20,0x2a,
    0x20,0x78,0x5f,0x32,0x35,0x29,0x20,0x2b,0x20,0x28,0x78,0x5f,0x31,0x33,0x2e,0x6d,
    0x6f,0x64,0x65,0x6c,0x30,0x2e,0x7a,0x20,0x2a,0x20,0x78,0x5f,0x33,0x32,0x29,0x29,
    0x20,0x2b,0x20,0x78,0x5f,0x31,0x33,0x2e,0x6d,0x6f,0x64,0x65,0x6c,0x31,0x2e,0x78,
    0x29,0x3b,0x0a,0x20,0x20,0x6c,0x65,0x74,0x20,0x78,0x5f,0x35,0x33,0x20,0x3d,0x20,
    0x28,0x28,0x28,0x78,0x5f,0x31,0x33,0x2e,0x6d,0x6f,0x64,0x65,0x6c,0x30,0x2e,0x79,
    0x20,0x2a,0x20,0x78,0x5f,0x32,0x35,0x29,0x20,0x2b,0x20,0x28,0x78,0x5f,0x31,0x33,
    0x2e,0x6d,0x6f,0x64,0x65,0x6c,0x30,0x2e,0x77,0x20,0x2a,0x20,0x78,0x5f,0x33,0x32,
    0x29,0x29,0x20,0x2b,0x20,0x78,0x5f,0x31,0x33,0x2e,0x6d,0x6f,0x64,0x65,0x6c,0x31,
    0x2e,0x79,0x29,0x3b,0x0a,0x20,0x20,0x6c,0x65,0x74,0x20,0x78,0x5f,0x35,0x34,0x20,
    0x3d,0x20,0x76,0x65,0x63,0x32,0x66,0x28,0x78,0x5f,0x33,0x38,0x2c,0x20,0x78,0x5f,
    0x35,0x33,0x29,0x3b,0x0a,0x20,0x20,0x67,0x6c,0x5f,0x50,0x6f,0x73,0x69,0x74,0x69,
    0x6f,0x6e,0x20,0x3d,0x20,0x76,0x65,0x63,0x34,0x66,0x28,0x28,0x28,0x28,0x78,0x5f,
    0x33,0x38,0x20,0x2f,0x20,0x78,0x5f,0x31,0x33,0x2e,0x76,0x69,0x65,0x77,0x70,0x6f,
    0x72,0x74,0x2e,0x78,0x29,0x20,0x2a,0x20,0x32,0x2e,0x30,0x66,0x29,0x20,0x2d,0x20,
    0x31,0x2e,0x30,0x66,0x29,0x2c,0x20,0x28,0x31,0x2e,0x30,0x66,0x20,0x2d,0x20,0x28,
    0x28,0x78,0x5f,0x35,0x33,0x20,0x2f,0x20,0x78,0x5f,0x31,0x33,0x2e,0x76,0x69,0x65,
    0x77,0x70,0x6f,0x72,0x74,0x2e,0x79,0x29,0x20,0x2a,0x20,0x32,0x2e,0x30,0x66,0x29,
    0x29,0x2c,0x20,0x30,0x2e,0x30,0x66,0x2c,0x20,0x31,0x2e,0x30,0x66,0x29,0x3b,0x0a,
    0x20,0x20,0x69,0x66,0x20,0x28,0x28,0x78,0x5f,0x31,0x33,0x2e,0x76,0x69,0x65,0x77,
    0x70,0x6f,0x72,0x74,0x2e,0x7a,0x20,0x3e,0x20,0x30,0x2e,0x35,0x66,0x29,0x29,0x20,
    0x7b,0x0a,0x20,0x20,0x20,0x20,0x78,0x5f,0x39,0x33,0x20,0x3d,0x20,0x76,0x65,0x63,
    0x32,0x66,0x28,0x75,0x76,0x30,0x2e,0x78,0x2c,0x20,0x28,0x31,0x2e,0x30,0x66,0x20,
    0x2d,0x20,0x75,0x76,0x30,0x2e,0x79,0x29,0x29,0x3b,0x0a,0x20,0x20,0x7d,0x20,0x65,
    0x6c,0x73,0x65,0x20,0x7b,0x0a,0x20,0x20,0x20,0x20,0x78,0x5f,0x39,0x33,0x20,0x3d,
    0x20,0x75,0x76,0x30,0x3b,0x0a,0x20,0x20,0x7d,0x0a,0x20,0x20,0x75,0x76,0x20,0x3d,
    0x20,0x78,0x5f,0x39,0x33,0x3b,0x0a,0x20,0x20,0x63,0x6f,0x6c,0x6f,0x72,0x20,0x3d,
    0x20,0x28,0x63,0x6f,0x6c,0x6f,0x72,0x30,0x20,0x2a,0x20,0x78,0x5f,0x31,0x33,0x2e,
    0x67,0x6c,0x6f,0x62,0x61,0x6c,0x43,0x6f,0x6c,0x6f,0x72,0x29,0x3b,0x0a,0x20,0x20,
    0x73,0x72,0x63,0x50,0x72,0x65,0x6d,0x75,0x6c,0x74,0x20,0x3d,0x20,0x78,0x5f,0x31,
    0x33,0x2e,0x76,0x69,0x65,0x77,0x70,0x6f,0x72,0x74,0x2e,0x77,0x3b,0x0a,0x20,0x20,
    0x6c,0x65,0x74,0x20,0x78,0x5f,0x31,0x32,0x31,0x20,0x3d,0x20,0x78,0x5f,0x31,0x33,
    0x2e,0x63,0x6c,0x69,0x70,0x55,0x2e,0x77,0x3b,0x0a,0x20,0x20,0x6c,0x65,0x74,0x20,
    0x78,0x5f,0x31,0x32,0x33,0x20,0x3d,0x20,0x78,0x5f,0x31,0x33,0x2e,0x63,0x6c,0x69,
    0x70,0x55,0x2e,0x7a,0x3b,0x0a,0x20,0x20,0x69,0x66,0x20,0x28,0x28,0x78,0x5f,0x31,
    0x32,0x31,0x20,0x3e,0x20,0x78,0x5f,0x31,0x32,0x33,0x29,0x29,0x20,0x7b,0x0a,0x20,
    0x20,0x20,0x20,0x6c,0x65,0x74,0x20,0x78,0x5f,0x31,0x33,0x32,0x20,0x3d,0x20,0x64,
    0x6f,0x74,0x28,0x78,0x5f,0x35,0x34,0x2c,0x20,0x78,0x5f,0x31,0x33,0x2e,0x63,0x6c,
    0x69,0x70,0x55,0x2e,0x78,0x79,0x29,0x3b,0x0a,0x20,0x20,0x20,0x20,0x6c,0x65,0x74,
    0x20,0x78,0x5f,0x31,0x33,0x39,0x20,0x3d,0x20,0x64,0x6f,0x74,0x28,0x78,0x5f,0x35,
    0x34,0x2c,0x20,0x78,0x5f,0x31,0x33,0x2e,0x63,0x6c,0x69,0x70,0x56,0x2e,0x78,0x79,
    0x29,0x3b,0x0a,0x20,0x20,0x20,0x20,0x63,0x6c,0x69,0x70,0x44,0x69,0x73,0x74,0x61,
    0x6e,0x63,0x65,0x20,0x3d,0x20,0x76,0x65,0x63,0x34,0x66,0x28,0x28,0x78,0x5f,0x31,
    0x33,0x32,0x20,0x2d,0x20,0x78,0x5f,0x31,0x32,0x33,0x29,0x2c,0x20,0x28,0x78,0x5f,
    0x31,0x32,0x31,0x20,0x2d,0x20,0x78,0x5f,0x31,0x33,0x32,0x29,0x2c,0x20,0x28,0x78,
    0x5f,0x31,0x33,0x39,0x20,0x2d,0x20,0x78,0x5f,0x31,0x33,0x2e,0x63,0x6c,0x69,0x70,
    0x56,0x2e,0x7a,0x29,0x2c,0x20,0x28,0x78,0x5f,0x31,0x33,0x2e,0x63,0x6c,0x69,0x70,
    0x56,0x2e,0x77,0x20,0x2d,0x20,0x78,0x5f,0x31,0x33,0x39,0x29,0x29,0x3b,0x0a,0x20,
    0x20,0x7d,0x20,0x65,0x6c,0x73,0x65,0x20,0x7b,0x0a,0x20,0x20,0x20,0x20,0x63,0x6c,
    0x69,0x70,0x44,0x69,0x73,0x74,0x61,0x6e,0x63,0x65,0x20,0x3d,0x20,0x76,0x65,0x63,
    0x34,0x66,0x28,0x31,0x2e,0x30,0x66,0x29,0x3b,0x0a,0x20,0x20,0x7d,0x0a,0x20,0x20,
    0x72,0x65,0x74,0x75,0x72,0x6e,0x3b,0x0a,0x7d,0x0a,0x0a,0x73,0x74,0x72,0x75,0x63,
    0x74,0x20,0x6d,0x61,0x69,0x6e,0x5f,0x6f,0x75,0x74,0x20,0x7b,0x0a,0x20,0x20,0x40,
    0x62,0x75,0x69,0x6c,0x74,0x69,0x6e,0x28,0x70,0x6f,0x73,0x69,0x74,0x69,0x6f,0x6e,
    0x29,0x0a,0x20,0x20,0x67,0x6c,0x5f,0x50,0x6f,0x73,0x69,0x74,0x69,0x6f,0x6e,0x20,
    0x3a,0x20,0x76,0x65,0x63,0x34,0x66,0x2c,0x0a,0x20,0x20,0x40,0x6c,0x6f,0x63,0x61,
    0x74,0x69,0x6f,0x6e,0x28,0x30,0x29,0x0a,0x20,0x20,0x75,0x76,0x5f,0x31,0x20,0x3a,
    0x20,0x76,0x65,0x63,0x32,0x66,0x2c,0x0a,0x20,0x20,0x40,0x6c,0x6f,0x63,0x61,0x74,
    0x69,0x6f,0x6e,0x28,0x31,0x29,0x0a,0x20,0x20,0x63,0x6f,0x6c,0x6f,0x72,0x5f,0x31,
    0x20,0x3a,0x20,0x76,0x65,0x63,0x34,0x66,0x2c,0x0a,0x20,0x20,0x40,0x6c,0x6f,0x63,
    0x61,0x74,0x69,0x6f,0x6e,0x28,0x32,0x29,0x0a,0x20,0x20,0x73,0x72,0x63,0x50,0x72,
    0x65,0x6d,0x75,0x6c,0x74,0x5f,0x31,0x20,0x3a,0x20,0x66,0x33,0x32,0x2c,0x0a,0x20,
    0x20,0x40,0x6c,0x6f,0x63,0x61,0x74,0x69,0x6f,0x6e,0x28,0x33,0x29,0x0a,0x20,0x20,
    0x63,0x6c,0x69,0x70,0x44,0x69,0x73,0x74,0x61,0x6e,0x63,0x65,0x5f,0x31,0x20,0x3a,
    0x20,0x76,0x65,0x63,0x34,0x66,0x2c,0x0a,0x7d,0x0a,0x0a,0x40,0x76,0x65,0x72,0x74,
    0x65,0x78,0x0a,0x66,0x6e,0x20,0x6d,0x61,0x69,0x6e,0x28,0x40,0x6c,0x6f,0x63,0x61,
    0x74,0x69,0x6f,0x6e,0x28,0x30,0x29,0x20,0x70,0x6f,0x73,0x5f,0x70,0x61,0x72,0x61,
    0x6d,0x20,0x3a,0x20,0x76,0x65,0x63,0x32,0x66,0x2c,0x20,0x40,0x6c,0x6f,0x63,0x61,
    0x74,0x69,0x6f,0x6e,0x28,0x31,0x29,0x20,0x75,0x76,0x30,0x5f,0x70,0x61,0x72,0x61,
    0x6d,0x20,0x3a,0x20,0x76,0x65,0x63,0x32,0x66,0x2c,0x20,0x40,0x6c,0x6f,0x63,0x61,
    0x74,0x69,0x6f,0x6e,0x28,0x32,0x29,0x20,0x63,0x6f,0x6c,0x6f,0x72,0x30,0x5f,0x70,
    0x61,0x72,0x61,0x6d,0x20,0x3a,0x20,0x76,0x65,0x63,0x34,0x66,0x29,0x20,0x2d,0x3e,
    0x20,0x6d,0x61,0x69,0x6e,0x5f,0x6f,0x75,0x74,0x20,0x7b,0x0a,0x20,0x20,0x70,0x6f,
    0x73,0x20,0x3d,0x20,0x70,0x6f,0x73,0x5f,0x70,0x61,0x72,0x61,0x6d,0x3b,0x0a,0x20,
    0x20,0x75,0x76,0x30,0x20,0x3d,0x20,0x75,0x76,0x30,0x5f,0x70,0x61,0x72,0x61,0x6d,
    0x3b,0x0a,0x20,0x20,0x63,0x6f,0x6c,0x6f,0x72,0x30,0x20,0x3d,0x20,0x63,0x6f,0x6c,
    0x6f,0x72,0x30,0x5f,0x70,0x61,0x72,0x61,0x6d,0x3b,0x0a,0x20,0x20,0x6d,0x61,0x69,
    0x6e,0x5f,0x31,0x28,0x29,0x3b,0x0a,0x20,0x20,0x72,0x65,0x74,0x75,0x72,0x6e,0x20,
    0x6d,0x61,0x69,0x6e,0x5f,0x6f,0x75,0x74,0x28,0x67,0x6c,0x5f,0x50,0x6f,0x73,0x69,
    0x74,0x69,0x6f,0x6e,0x2c,0x20,0x75,0x76,0x2c,0x20,0x63,0x6f,0x6c,0x6f,0x72,0x2c,
    0x20,0x73,0x72,0x63,0x50,0x72,0x65,0x6d,0x75,0x6c,0x74,0x2c,0x20,0x63,0x6c,0x69,
    0x70,0x44,0x69,0x73,0x74,0x61,0x6e,0x63,0x65,0x29,0x3b,0x0a,0x7d,0x0a,0x00,
};
/*
    diagnostic(off, derivative_uniformity);

    struct void2d_fx {
      /_ @offset(0) _/
      colorMatrix : mat4x4f,
      /_ @offset(64) _/
      colorAdd : vec4f,
      /_ @offset(80) _/
      colorKey : vec4f,
      /_ @offset(96) _/
      gradientMeta : vec4f,
      /_ @offset(112) _/
      gradientParams : vec4f,
      /_ @offset(128) _/
      gradientColor0 : vec4f,
      /_ @offset(144) _/
      gradientColor1 : vec4f,
      /_ @offset(160) _/
      gradientColor2 : vec4f,
    }

    @binding(1) @group(0) var<uniform> x_283 : void2d_fx;

    var<private> clipDistance : vec4f;

    var<private> uv : vec2f;

    var<private> gl_FragCoord : vec4f;

    @binding(0) @group(1) var tex : texture_2d<f32>;

    @binding(32) @group(1) var smp : sampler;

    var<private> color : vec4f;

    var<private> srcPremult : f32;

    var<private> frag_color : vec4f;

    const x_49 = vec3f(0.05499999970197677612f);

    fn srgbToLinear_vf3_(c : ptr<function, vec3f>) -> vec3f {
      let x_42 = *(c);
      let x_47 = *(c);
      let x_59 = *(c);
      return select(pow(((x_47 + x_49) * vec3f(0.94786733388900756836f)), vec3f(2.40000009536743164062f)), (x_42 * vec3f(0.07739938050508499146f)), (x_59 <= vec3f(0.04044999927282333374f)));
    }

    fn linearToOklab_vf3_(c_2 : ptr<function, vec3f>) -> vec3f {
      let x_138 = vec3f((((0.41222146153450012207f * (*(c_2)).x) + (0.53633254766464233398f * (*(c_2)).y)) + (0.05144599452614784241f * (*(c_2)).z)), (((0.21190349757671356201f * (*(c_2)).x) + (0.68069952726364135742f * (*(c_2)).y)) + (0.10739696025848388672f * (*(c_2)).z)), (((0.08830246329307556152f * (*(c_2)).x) + (0.28171885013580322266f * (*(c_2)).y)) + (0.62997871637344360352f * (*(c_2)).z)));
      let x_146 = (sign(x_138) * pow(abs(x_138), vec3f(0.3333333432674407959f)));
      let x_149 = x_146.x;
      let x_153 = x_146.y;
      let x_158 = x_146.z;
      return vec3f((((0.21045425534248352051f * x_149) + (0.79361778497695922852f * x_153)) - (0.00407204683870077133f * x_158)), (((1.97799849510192871094f * x_149) - (2.42859220504760742188f * x_153)) + (0.45059370994567871094f * x_158)), (((0.02590403705835342407f * x_149) + (0.78277176618576049805f * x_153)) - (0.8086757659912109375f * x_158)));
    }

    fn oklabToLinear_vf3_(c_3 : ptr<function, vec3f>) -> vec3f {
      let x_229 = vec3f((((*(c_3)).x + (0.39633777737617492676f * (*(c_3)).y)) + (0.21580375730991363525f * (*(c_3)).z)), (((*(c_3)).x - (0.10556134581565856934f * (*(c_3)).y)) - (0.06385417282581329346f * (*(c_3)).z)), (((*(c_3)).x - (0.08948417752981185913f * (*(c_3)).y)) - (1.29148554801940917969f * (*(c_3)).z)));
      let x_234 = ((x_229 * x_229) * x_229);
      let x_237 = x_234.x;
      let x_241 = x_234.y;
      let x_246 = x_234.z;
      return vec3f((((4.07674169540405273438f * x_237) - (3.30771160125732421875f * x_241)) + (0.23096993565559387207f * x_246)), (((-1.26843798160552978516f * x_237) + (2.60975742340087890625f * x_241)) - (0.3413193821907043457f * x_246)), (((-0.00419608643278479576f * x_237) - (0.70341861248016357422f * x_241)) + (1.70761466026306152344f * x_246)));
    }

    fn linearToSrgb_vf3_(c_1 : ptr<function, vec3f>) -> vec3f {
      let x_69 = *(c_1);
      let x_73 = *(c_1);
      let x_84 = *(c_1);
      return select(((vec3f(1.05499994754791259766f) * pow(max(x_73, vec3f()), vec3f(0.4166666567325592041f))) - x_49), (x_69 * 12.9200000762939453125f), (x_84 <= vec3f(0.00313080009073019028f)));
    }

    fn mixGradient_vf4_vf4_f1_(a : ptr<function, vec4f>, b : ptr<function, vec4f>, t : ptr<function, f32>) -> vec4f {
      var param : vec3f;
      var param_1 : vec3f;
      var param_2 : vec3f;
      var param_3 : vec3f;
      var rgb : vec3f;
      var param_4 : vec3f;
      var param_5 : vec3f;
      if ((x_283.gradientMeta.y > 0.5f)) {
        param = (*(a)).xyz;
        let x_297 = srgbToLinear_vf3_(&(param));
        param_1 = x_297;
        let x_299 = linearToOklab_vf3_(&(param_1));
        param_2 = (*(b)).xyz;
        let x_304 = srgbToLinear_vf3_(&(param_2));
        param_3 = x_304;
        let x_306 = linearToOklab_vf3_(&(param_3));
        param_4 = mix(x_299, x_306, vec3f(*(t)));
        let x_314 = oklabToLinear_vf3_(&(param_4));
        param_5 = x_314;
        let x_316 = linearToSrgb_vf3_(&(param_5));
        rgb = x_316;
      } else {
        rgb = mix((*(a)).xyz, (*(b)).xyz, vec3f(*(t)));
      }
      let x_325 = rgb;
      let x_328 = (*(a)).w;
      let x_330 = (*(b)).w;
      let x_331 = *(t);
      return vec4f(x_325.x, x_325.y, x_325.z, mix(x_328, x_330, x_331));
    }

    fn gradientAt_f1_(t_1 : ptr<function, f32>) -> vec4f {
      var param_6 : vec4f;
      var param_7 : vec4f;
      var param_8 : f32;
      var param_9 : vec4f;
      var param_10 : vec4f;
      var param_11 : f32;
      var param_12 : vec4f;
      var param_13 : vec4f;
      var param_14 : f32;
      var x_341 : f32;
      x_341 = x_283.gradientMeta.w;
      if (((x_341 > 0.0f) & (x_341 < 1.0f))) {
        if ((*(t_1) < x_341)) {
          let x_357 = *(t_1);
          param_6 = x_283.gradientColor0;
          param_7 = x_283.gradientColor1;
          param_8 = (x_357 / x_341);
          let x_368 = mixGradient_vf4_vf4_f1_(&(param_6), &(param_7), &(param_8));
          return x_368;
        }
        let x_371 = *(t_1);
        param_9 = x_283.gradientColor1;
        param_10 = x_283.gradientColor2;
        param_11 = ((x_371 - x_341) / (1.0f - x_341));
        let x_384 = mixGradient_vf4_vf4_f1_(&(param_9), &(param_10), &(param_11));
        return x_384;
      }
      param_12 = x_283.gradientColor0;
      param_13 = x_283.gradientColor1;
      param_14 = *(t_1);
      let x_394 = mixGradient_vf4_vf4_f1_(&(param_12), &(param_13), &(param_14));
      return x_394;
    }

    fn bayer4_vf2_(pixel : ptr<function, vec2f>) -> f32 {
      let x_400 = (*(pixel)).x;
      let x_404 = i32((floor(x_400) - (4.0f * floor((floor(x_400) / 4.0f)))));
      let x_407 = (*(pixel)).y;
      let x_410 = i32((floor(x_407) - (4.0f * floor((floor(x_407) / 4.0f)))));
      if ((x_410 == 0i)) {
        if ((x_404 == 0i)) {
          return 0.0f;
        }
        if ((x_404 == 1i)) {
          return 8.0f;
        }
        if ((x_404 == 2i)) {
          return 2.0f;
        }
        return 10.0f;
      }
      if ((x_410 == 1i)) {
        if ((x_404 == 0i)) {
          return 12.0f;
        }
        if ((x_404 == 1i)) {
          return 4.0f;
        }
        if ((x_404 == 2i)) {
          return 14.0f;
        }
        return 6.0f;
      }
      if ((x_410 == 2i)) {
        if ((x_404 == 0i)) {
          return 3.0f;
        }
        if ((x_404 == 1i)) {
          return 11.0f;
        }
        if ((x_404 == 2i)) {
          return 1.0f;
        }
        return 9.0f;
      }
      if ((x_404 == 0i)) {
        return 15.0f;
      }
      if ((x_404 == 1i)) {
        return 7.0f;
      }
      if ((x_404 == 2i)) {
        return 13.0f;
      }
      return 5.0f;
    }

    fn main_1() {
      var x_537 : f32;
      var texel : vec4f;
      var param_15 : f32;
      var param_16 : vec2f;
      var x_606 : vec4f;
      var x_639 : vec4f;
      if ((min(min(clipDistance.x, clipDistance.y), min(clipDistance.z, clipDistance.w)) < 0.0f)) {
        discard;
      }
      var x_526 : i32;
      var x_528 : bool;
      x_526 = i32((x_283.gradientMeta.x + 0.5f));
      x_528 = (x_526 == 1i);
      if ((x_528 | (x_526 == 2i))) {
        if (x_528) {
          x_537 = clamp(uv.x, 0.0f, 1.0f);
        } else {
          x_537 = clamp(length(uv), 0.0f, 1.0f);
        }
        param_15 = x_537;
        let x_553 = gradientAt_f1_(&(param_15));
        texel = x_553;
        if ((x_283.gradientMeta.z > 0.5f)) {
          param_16 = gl_FragCoord.xy;
          let x_564 = bayer4_vf2_(&(param_16));
          let x_569 = texel;
          let x_575 = clamp((texel.xyz + vec3f(((x_564 - 7.5f) * 0.00104575161822140217f))), vec3f(), vec3f(1.0f));
          var x_738_1 = x_569;
          x_738_1.x = x_575.x;
          let x_738 = x_738_1;
          var x_740_1 = x_738;
          x_740_1.y = x_575.y;
          let x_740 = x_740_1;
          var x_742_1 = x_740;
          x_742_1.z = x_575.z;
          texel = x_742_1;
        }
      } else {
        if ((x_526 == 3i)) {
          let x_591 = max(x_283.gradientParams.x, 1.0f);
          let x_598 = uv.x;
          let x_600 = uv.y;
          if ((((x_598 + x_600) - (x_591 * floor(((x_598 + x_600) / x_591)))) < clamp(x_283.gradientParams.y, 0.0f, x_591))) {
            x_606 = x_283.gradientColor1;
          } else {
            x_606 = x_283.gradientColor0;
          }
          texel = x_606;
        } else {
          if ((x_526 == 4i)) {
            let x_623 = max(x_283.gradientParams.x, 1.0f);
            let x_626 = uv.x;
            let x_631 = uv.y;
            if ((((floor((x_626 / x_623)) + floor((x_631 / x_623))) - (2.0f * floor(((floor((x_626 / x_623)) + floor((x_631 / x_623))) / 2.0f)))) < 1.0f)) {
              x_639 = x_283.gradientColor0;
            } else {
              x_639 = x_283.gradientColor1;
            }
            texel = x_639;
          } else {
            let x_659 = uv;
            let x_660 = textureSample(tex, smp, x_659);
            texel = x_660;
          }
        }
      }
      if ((x_283.colorKey.w > 0.5f)) {
        let x_673 = abs((texel.xyz - x_283.colorKey.xyz));
        if ((((x_673.x + x_673.y) + x_673.z) < 0.07999999821186065674f)) {
          let x_746 = texel;
          var x_747_1 = x_746;
          x_747_1.w = 0.0f;
          texel = x_747_1;
        }
      }
      let x_691 = (texel * color);
      let x_693 = x_691.xyz;
      let x_700 = srcPremult;
      let x_702 = mix(x_693, (x_693 * color.w), vec3f(srcPremult));
      var x_749_1 = x_691;
      x_749_1.x = x_702.x;
      let x_749 = x_749_1;
      var x_751_1 = x_749;
      x_751_1.y = x_702.y;
      let x_751 = x_751_1;
      var x_753_1 = x_751;
      x_753_1.z = x_702.z;
      let x_717 = ((x_283.colorMatrix * x_753_1) + x_283.colorAdd);
      let x_722 = x_717.w;
      let x_723 = (x_717.xyz * x_722);
      frag_color = mix(vec4f(x_723.x, x_723.y, x_723.z, x_722), x_717, vec4f(x_700));
      return;
    }

    struct main_out {
      @location(0)
      frag_color_1 : vec4f,
    }

    @fragment
    fn main(@location(3) clipDistance_param : vec4f, @location(0) uv_param : vec2f, @builtin(position) gl_FragCoord_param : vec4f, @location(1) color_param : vec4f, @location(2) srcPremult_param : f32) -> main_out {
      clipDistance = clipDistance_param;
      uv = uv_param;
      gl_FragCoord = gl_FragCoord_param;
      color = color_param;
      srcPremult = srcPremult_param;
      main_1();
      return main_out(frag_color);
    }
*/
static const uint8_t fs_source_wgsl[9617] = {
    0x64,0x69,0x61,0x67,0x6e,0x6f,0x73,0x74,0x69,0x63,0x28,0x6f,0x66,0x66,0x2c,0x20,
    0x64,0x65,0x72,0x69,0x76,0x61,0x74,0x69,0x76,0x65,0x5f,0x75,0x6e,0x69,0x66,0x6f,
    0x72,0x6d,0x69,0x74,0x79,0x29,0x3b,0x0a,0x0a,0x73,0x74,0x72,0x75,0x63,0x74,0x20,
    0x76,0x6f,0x69,0x64,0x32,0x64,0x5f,0x66,0x78,0x20,0x7b,0x0a,0x20,0x20,0x2f,0x2a,
    0x20,0x40,0x6f,0x66,0x66,0x73,0x65,0x74,0x28,0x30,0x29,0x20,0x2a,0x2f,0x0a,0x20,
    0x20,0x63,0x6f,0x6c,0x6f,0x72,0x4d,0x61,0x74,0x72,0x69,0x78,0x20,0x3a,0x20,0x6d,
    0x61,0x74,0x34,0x78,0x34,0x66,0x2c,0x0a,0x20,0x20,0x2f,0x2a,0x20,0x40,0x6f,0x66,
    0x66,0x73,0x65,0x74,0x28,0x36,0x34,0x29,0x20,0x2a,0x2f,0x0a,0x20,0x20,0x63,0x6f,
    0x6c,0x6f,0x72,0x41,0x64,0x64,0x20,0x3a,0x20,0x76,0x65,0x63,0x34,0x66,0x2c,0x0a,
    0x20,0x20,0x2f,0x2a,0x20,0x40,0x6f,0x66,0x66,0x73,0x65,0x74,0x28,0x38,0x30,0x29,
    0x20,0x2a,0x2f,0x0a,0x20,0x20,0x63,0x6f,0x6c,0x6f,0x72,0x4b,0x65,0x79,0x20,0x3a,
    0x20,0x76,0x65,0x63,0x34,0x66,0x2c,0x0a,0x20,0x20,0x2f,0x2a,0x20,0x40,0x6f,0x66,
    0x66,0x73,0x65,0x74,0x28,0x39,0x36,0x29,0x20,0x2a,0x2f,0x0a,0x20,0x20,0x67,0x72,
    0x61,0x64,0x69,0x65,0x6e,0x74,0x4d,0x65,0x74,0x61,0x20,0x3a,0x20,0x76,0x65,0x63,
    0x34,0x66,0x2c,0x0a,0x20,0x20,0x2f,0x2a,0x20,0x40,0x6f,0x66,0x66,0x73,0x65,0x74,
    0x28,0x31,0x31,0x32,0x29,0x20,0x2a,0x2f,0x0a,0x20,0x20,0x67,0x72,0x61,0x64,0x69,
    0x65,0x6e,0x74,0x50,0x61,0x72,0x61,0x6d,0x73,0x20,0x3a,0x20,0x76,0x65,0x63,0x34,
    0x66,0x2c,0x0a,0x20,0x20,0x2f,0x2a,0x20,0x40,0x6f,0x66,0x66,0x73,0x65,0x74,0x28,
    0x31,0x32,0x38,0x29,0x20,0x2a,0x2f,0x0a,0x20,0x20,0x67,0x72,0x61,0x64,0x69,0x65,
    0x6e,0x74,0x43,0x6f,0x6c,0x6f,0x72,0x30,0x20,0x3a,0x20,0x76,0x65,0x63,0x34,0x66,
    0x2c,0x0a,0x20,0x20,0x2f,0x2a,0x20,0x40,0x6f,0x66,0x66,0x73,0x65,0x74,0x28,0x31,
    0x34,0x34,0x29,0x20,0x2a,0x2f,0x0a,0x20,0x20,0x67,0x72,0x61,0x64,0x69,0x65,0x6e,
    0x74,0x43,0x6f,0x6c,0x6f,0x72,0x31,0x20,0x3a,0x20,0x76,0x65,0x63,0x34,0x66,0x2c,
    0x0a,0x20,0x20,0x2f,0x2a,0x20,0x40,0x6f,0x66,0x66,0x73,0x65,0x74,0x28,0x31,0x36,
    0x30,0x29,0x20,0x2a,0x2f,0x0a,0x20,0x20,0x67,0x72,0x61,0x64,0x69,0x65,0x6e,0x74,
    0x43,0x6f,0x6c,0x6f,0x72,0x32,0x20,0x3a,0x20,0x76,0x65,0x63,0x34,0x66,0x2c,0x0a,
    0x7d,0x0a,0x0a,0x40,0x62,0x69,0x6e,0x64,0x69,0x6e,0x67,0x28,0x31,0x29,0x20,0x40,
    0x67,0x72,0x6f,0x75,0x70,0x28,0x30,0x29,0x20,0x76,0x61,0x72,0x3c,0x75,0x6e,0x69,
    0x66,0x6f,0x72,0x6d,0x3e,0x20,0x78,0x5f,0x32,0x38,0x33,0x20,0x3a,0x20,0x76,0x6f,
    0x69,0x64,0x32,0x64,0x5f,0x66,0x78,0x3b,0x0a,0x0a,0x76,0x61,0x72,0x3c,0x70,0x72,
    0x69,0x76,0x61,0x74,0x65,0x3e,0x20,0x63,0x6c,0x69,0x70,0x44,0x69,0x73,0x74,0x61,
    0x6e,0x63,0x65,0x20,0x3a,0x20,0x76,0x65,0x63,0x34,0x66,0x3b,0x0a,0x0a,0x76,0x61,
    0x72,0x3c,0x70,0x72,0x69,0x76,0x61,0x74,0x65,0x3e,0x20,0x75,0x76,0x20,0x3a,0x20,
    0x76,0x65,0x63,0x32,0x66,0x3b,0x0a,0x0a,0x76,0x61,0x72,0x3c,0x70,0x72,0x69,0x76,
    0x61,0x74,0x65,0x3e,0x20,0x67,0x6c,0x5f,0x46,0x72,0x61,0x67,0x43,0x6f,0x6f,0x72,
    0x64,0x20,0x3a,0x20,0x76,0x65,0x63,0x34,0x66,0x3b,0x0a,0x0a,0x40,0x62,0x69,0x6e,
    0x64,0x69,0x6e,0x67,0x28,0x30,0x29,0x20,0x40,0x67,0x72,0x6f,0x75,0x70,0x28,0x31,
    0x29,0x20,0x76,0x61,0x72,0x20,0x74,0x65,0x78,0x20,0x3a,0x20,0x74,0x65,0x78,0x74,
    0x75,0x72,0x65,0x5f,0x32,0x64,0x3c,0x66,0x33,0x32,0x3e,0x3b,0x0a,0x0a,0x40,0x62,
    0x69,0x6e,0x64,0x69,0x6e,0x67,0x28,0x33,0x32,0x29,0x20,0x40,0x67,0x72,0x6f,0x75,
    0x70,0x28,0x31,0x29,0x20,0x76,0x61,0x72,0x20,0x73,0x6d,0x70,0x20,0x3a,0x20,0x73,
    0x61,0x6d,0x70,0x6c,0x65,0x72,0x3b,0x0a,0x0a,0x76,0x61,0x72,0x3c,0x70,0x72,0x69,
    0x76,0x61,0x74,0x65,0x3e,0x20,0x63,0x6f,0x6c,0x6f,0x72,0x20,0x3a,0x20,0x76,0x65,
    0x63,0x34,0x66,0x3b,0x0a,0x0a,0x76,0x61,0x72,0x3c,0x70,0x72,0x69,0x76,0x61,0x74,
    0x65,0x3e,0x20,0x73,0x72,0x63,0x50,0x72,0x65,0x6d,0x75,0x6c,0x74,0x20,0x3a,0x20,
    0x66,0x33,0x32,0x3b,0x0a,0x0a,0x76,0x61,0x72,0x3c,0x70,0x72,0x69,0x76,0x61,0x74,
    0x65,0x3e,0x20,0x66,0x72,0x61,0x67,0x5f,0x63,0x6f,0x6c,0x6f,0x72,0x20,0x3a,0x20,
    0x76,0x65,0x63,0x34,0x66,0x3b,0x0a,0x0a,0x63,0x6f,0x6e,0x73,0x74,0x20,0x78,0x5f,
    0x34,0x39,0x20,0x3d,0x20,0x76,0x65,0x63,0x33,0x66,0x28,0x30,0x2e,0x30,0x35,0x34,
    0x39,0x39,0x39,0x39,0x39,0x39,0x37,0x30,0x31,0x39,0x37,0x36,0x37,0x37,0x36,0x31,
    0x32,0x66,0x29,0x3b,0x0a,0x0a,0x66,0x6e,0x20,0x73,0x72,0x67,0x62,0x54,0x6f,0x4c,
    0x69,0x6e,0x65,0x61,0x72,0x5f,0x76,0x66,0x33,0x5f,0x28,0x63,0x20,0x3a,0x20,0x70,
    0x74,0x72,0x3c,0x66,0x75,0x6e,0x63,0x74,0x69,0x6f,0x6e,0x2c,0x20,0x76,0x65,0x63,
    0x33,0x66,0x3e,0x29,0x20,0x2d,0x3e,0x20,0x76,0x65,0x63,0x33,0x66,0x20,0x7b,0x0a,
    0x20,0x20,0x6c,0x65,0x74,0x20,0x78,0x5f,0x34,0x32,0x20,0x3d,0x20,0x2a,0x28,0x63,
    0x29,0x3b,0x0a,0x20,0x20,0x6c,0x65,0x74,0x20,0x78,0x5f,0x34,0x37,0x20,0x3d,0x20,
    0x2a,0x28,0x63,0x29,0x3b,0x0a,0x20,0x20,0x6c,0x65,0x74,0x20,0x78,0x5f,0x35,0x39,
    0x20,0x3d,0x20,0x2a,0x28,0x63,0x29,0x3b,0x0a,0x20,0x20,0x72,0x65,0x74,0x75,0x72,
    0x6e,0x20,0x73,0x65,0x6c,0x65,0x63,0x74,0x28,0x70,0x6f,0x77,0x28,0x28,0x28,0x78,
    0x5f,0x34,0x37,0x20,0x2b,0x20,0x78,0x5f,0x34,0x39,0x29,0x20,0x2a,0x20,0x76,0x65,
    0x63,0x33,0x66,0x28,0x30,0x2e,0x39,0x34,0x37,0x38,0x36,0x37,0x33,0x33,0x33,0x38,
    0x38,0x39,0x30,0x30,0x37,0x35,0x36,0x38,0x33,0x36,0x66,0x29,0x29,0x2c,0x20,0x76,
    0x65,0x63,0x33,0x66,0x28,0x32,0x2e,0x34,0x30,0x30,0x30,0x30,0x30,0x30,0x39,0x35,
    0x33,0x36,0x37,0x34,0x33,0x31,0x36,0x34,0x30,0x36,0x32,0x66,0x29,0x29,0x2c,0x20,
    0x28,0x78,0x5f,0x34,0x32,0x20,0x2a,0x20,0x76,0x65,0x63,0x33,0x66,0x28,0x30,0x2e,
    0x30,0x37,0x37,0x33,0x39,0x39,0x33,0x38,0x30,0x35,0x30,0x35,0x30,0x38,0x34,0x39,
    0x39,0x31,0x34,0x36,0x66,0x29,0x29,0x2c,0x20,0x28,0x78,0x5f,0x35,0x39,0x20,0x3c,
    0x3d,0x20,0x76,0x65,0x63,0x33,0x66,0x28,0x30,0x2e,0x30,0x34,0x30,0x34,0x34,0x39,
    0x39,0x39,0x39,0x32,0x37,0x32,0x38,0x32,0x33,0x33,0x33,0x33,0x37,0x34,0x66,0x29,
    0x29,0x29,0x3b,0x0a,0x7d,0x0a,0x0a,0x66,0x6e,0x20,0x6c,0x69,0x6e,0x65,0x61,0x72,
    0x54,0x6f,0x4f,0x6b,0x6c,0x61,0x62,0x5f,0x76,0x66,0x33,0x5f,0x28,0x63,0x5f,0x32,
    0x20,0x3a,0x20,0x70,0x74,0x72,0x3c,0x66,0x75,0x6e,0x63,0x74,0x69,0x6f,0x6e,0x2c,
    0x20,0x76,0x65,0x63,0x33,0x66,0x3e,0x29,0x20,0x2d,0x3e,0x20,0x76,0x65,0x63,0x33,
    0x66,0x20,0x7b,0x0a,0x20,0x20,0x6c,0x65,0x74,0x20,0x78,0x5f,0x31,0x33,0x38,0x20,
    0x3d,0x20,0x76,0x65,0x63,0x33,0x66,0x28,0x28,0x28,0x28,0x30,0x2e,0x34,0x31,0x32,
    0x32,0x32,0x31,0x34,0x36,0x31,0x35,0x33,0x34,0x35,0x30,0x30,0x31,0x32,0x32,0x30,
    0x37,0x66,0x20,0x2a,0x20,0x28,0x2a,0x28,0x63,0x5f,0x32,0x29,0x29,0x2e,0x78,0x29,
    0x20,0x2b,0x20,0x28,0x30,0x2e,0x35,0x33,0x36,0x33,0x33,0x32,0x35,0x34,0x37,0x36,
    0x36,0x34,0x36,0x34,0x32,0x33,0x33,0x33,0x39,0x38,0x66,0x20,0x2a,0x20,0x28,0x2a,
    0x28,0x63,0x5f,0x32,0x29,0x29,0x2e,0x79,0x29,0x29,0x20,0x2b,0x20,0x28,0x30,0x2e,
    0x30,0x35,0x31,0x34,0x34,0x35,0x39,0x39,0x34,0x35,0x32,0x36,0x31,0x34,0x37,0x38,
    0x34,0x32,0x34,0x31,0x66,0x20,0x2a,0x20,0x28,0x2a,0x28,0x63,0x5f,0x32,0x29,0x29,
    0x2e,0x7a,0x29,0x29,0x2c,0x20,0x28,0x28,0x28,0x30,0x2e,0x32,0x31,0x31,0x39,0x30,
    0x33,0x34,0x39,0x37,0x35,0x37,0x36,0x37,0x31,0x33,0x35,0x36,0x32,0x30,0x31,0x66,
    0x20,0x2a,0x20,0x28,0x2a,0x28,0x63,0x5f,0x32,0x29,0x29,0x2e,0x78,0x29,0x20,0x2b,
    0x20,0x28,0x30,0x2e,0x36,0x38,0x30,0x36,0x39,0x39,0x35,0x32,0x37,0x32,0x36,0x33,
    0x36,0x34,0x31,0x33,0x35,0x37,0x34,0x32,0x66,0x20,0x2a,0x20,0x28,0x2a,0x28,0x63,
    0x5f,0x32,0x29,0x29,0x2e,0x79,0x29,0x29,0x20,0x2b,0x20,0x28,0x30,0x2e,0x31,0x30,
    0x37,0x33,0x39,0x36,0x39,0x36,0x30,0x32,0x35,0x38,0x34,0x38,0x33,0x38,0x38,0x36,
    0x37,0x32,0x66,0x20,0x2a,0x20,0x28,0x2a,0x28,0x63,0x5f,0x32,0x29,0x29,0x2e,0x7a,
    0x29,0x29,0x2c,0x20,0x28,0x28,0x28,0x30,0x2e,0x30,0x38,0x38,0x33,0x30,0x32,0x34,
    0x36,0x33,0x32,0x39,0x33,0x30,0x37,0x35,0x35,0x36,0x31,0x35,0x32,0x66,0x20,0x2a,
    0x20,0x28,0x2a,0x28,0x63,0x5f,0x32,0x29,0x29,0x2e,0x78,0x29,0x20,0x2b,0x20,0x28,
    0x30,0x2e,0x32,0x38,0x31,0x37,0x31,0x38,0x38,0x35,0x30,0x31,0x33,0x35,0x38,0x30,
    0x33,0x32,0x32,0x32,0x36,0x36,0x66,0x20,0x2a,0x20,0x28,0x2a,0x28,0x63,0x5f,0x32,
    0x29,0x29,0x2e,0x79,0x29,0x29,0x20,0x2b,0x20,0x28,0x30,0x2e,0x36,0x32,0x39,0x39,
    0x37,0x38,0x37,0x31,0x36,0x33,0x37,0x33,0x34,0x34,0x33,0x36,0x30,0x33,0x35,0x32,
    0x66,0x20,0x2a,0x20,0x28,0x2a,0x28,0x63,0x5f,0x32,0x29,0x29,0x2e,0x7a,0x29,0x29,
    0x29,0x3b,0x0a,0x20,0x20,0x6c,0x65,0x74,0x20,0x78,0x5f,0x31,0x34,0x36,0x20,0x3d,
    0x20,0x28,0x73,0x69,0x67,0x6e,0x28,0x78,0x5f,0x31,0x33,0x38,0x29,0x20,0x2a,0x20,
    0x70,0x6f,0x77,0x28,0x61,0x62,0x73,0x28,0x78,0x5f,0x31,0x33,0x38,0x29,0x2c,0x20,
    0x76,0x65,0x63,0x33,0x66,0x28,0x30,0x2e,0x33,0x33,0x33,0x33,0x33,0x33,0x33,0x34,
    0x33,0x32,0x36,0x37,0x34,0x34,0x30,0x37,0x39,0x35,0x39,0x66,0x29,0x29,0x29,0x3b,
    0x0a,0x20,0x20,0x6c,0x65,0x74,0x20,0x78,0x5f,0x31,0x34,0x39,0x20,0x3d,0x20,0x78,
    0x5f,0x31,0x34,0x36,0x2e,0x78,0x3b,0x0a,0x20,0x20,0x6c,0x65,0x74,0x20,0x78,0x5f,
    0x31,0x35,0x33,0x20,0x3d,0x20,0x78,0x5f,0x31,0x34,0x36,0x2e,0x79,0x3b,0x0a,0x20,
    0x20,0x6c,0x65,0x74,0x20,0x78,0x5f,0x31,0x35,0x38,0x20,0x3d,0x20,0x78,0x5f,0x31,
    0x34,0x36,0x2e,0x7a,0x3b,0x0a,0x20,0x20,0x72,0x65,0x74,0x75,0x72,0x6e,0x20,0x76,
    0x65,0x63,0x33,0x66,0x28,0x28,0x28,0x28,0x30,0x2e,0x32,0x31,0x30,0x34,0x35,0x34,
    0x32,0x35,0x35,0x33,0x34,0x32,0x34,0x38,0x33,0x35,0x32,0x30,0x35,0x31,0x66,0x20,
    0x2a,0x20,0x78,0x5f,0x31,0x34,0x39,0x29,0x20,0x2b,0x20,0x28,0x30,0x2e,0x37,0x39,
    0x33,0x36,0x31,0x37,0x37,0x38,0x34,0x39,0x37,0x36,0x39,0x35,0x39,0x32,0x32,0x38,
    0x35,0x32,0x66,0x20,0x2a,0x20,0x78,0x5f,0x31,0x35,0x33,0x29,0x29,0x20,0x2d,0x20,
    0x28,0x30,0x2e,0x30,0x30,0x34,0x30,0x37,0x32,0x30,0x34,0x36,0x38,0x33,0x38,0x37,
    0x30,0x30,0x37,0x37,0x31,0x33,0x33,0x66,0x20,0x2a,0x20,0x78,0x5f,0x31,0x35,0x38,
    0x29,0x29,0x2c,0x20,0x28,0x28,0x28,0x31,0x2e,0x39,0x37,0x37,0x39,0x39,0x38,0x34,
    0x39,0x35,0x31,0x30,0x31,0x39,0x32,0x38,0x37,0x31,0x30,0x39,0x34,0x66,0x20,0x2a,
    0x20,0x78,0x5f,0x31,0x34,0x39,0x29,0x20,0x2d,0x20,0x28,0x32,0x2e,0x34,0x32,0x38,
    0x35,0x39,0x32,0x32,0x30,0x35,0x30,0x34,0x37,0x36,0x30,0x37,0x34,0x32,0x31,0x38,
    0x38,0x66,0x20,0x2a,0x20,0x78,0x5f,0x31,0x35,0x33,0x29,0x29,0x20,0x2b,0x20,0x28,
    0x30,0x2e,0x34,0x35,0x30,0x35,0x39,0x33,0x37,0x30,0x39,0x39,0x34,0x35,0x36,0x37,
    0x38,0x37,0x31,0x30,0x39,0x34,0x66,0x20,0x2a,0x20,0x78,0x5f,0x31,0x35,0x38,0x29,
    0x29,0x2c,0x20,0x28,0x28,0x28,0x30,0x2e,0x30,0x32,0x35,0x39,0x30,0x34,0x30,0x33,
    0x37,0x30,0x35,0x38,0x33,0x35,0x33,0x34,0x32,0x34,0x30,0x37,0x66,0x20,0x2a,0x20,
    0x78,0x5f,0x31,0x34,0x39,0x29,0x20,0x2b,0x20,0x28,0x30,0x2e,0x37,0x38,0x32,0x37,
    0x37,0x31,0x37,0x36,0x36,0x31,0x38,0x35,0x37,0x36,0x30,0x34,0x39,0x38,0x30,0x35,
    0x66,0x20,0x2a,0x20,0x78,0x5f,0x31,0x35,0x33,0x29,0x29,0x20,0x2d,0x20,0x28,0x30,
    0x2e,0x38,0x30,0x38,0x36,0x37,0x35,0x37,0x36,0x35,0x39,0x39,0x31,0x32,0x31,0x30,
    0x39,0x33,0x37,0x35,0x66,0x20,0x2a,0x20,0x78,0x5f,0x31,0x35,0x38,0x29,0x29,0x29,
    0x3b,0x0a,0x7d,0x0a,0x0a,0x66,0x6e,0x20,0x6f,0x6b,0x6c,0x61,0x62,0x54,0x6f,0x4c,
    0x69,0x6e,0x65,0x61,0x72,0x5f,0x76,0x66,0x33,0x5f,0x28,0x63,0x5f,0x33,0x20,0x3a,
    0x20,0x70,0x74,0x72,0x3c,0x66,0x75,0x6e,0x63,0x74,0x69,0x6f,0x6e,0x2c,0x20,0x76,
    0x65,0x63,0x33,0x66,0x3e,0x29,0x20,0x2d,0x3e,0x20,0x76,0x65,0x63,0x33,0x66,0x20,
    0x7b,0x0a,0x20,0x20,0x6c,0x65,0x74,0x20,0x78,0x5f,0x32,0x32,0x39,0x20,0x3d,0x20,
    0x76,0x65,0x63,0x33,0x66,0x28,0x28,0x28,0x28,0x2a,0x28,0x63,0x5f,0x33,0x29,0x29,
    0x2e,0x78,0x20,0x2b,0x20,0x28,0x30,0x2e,0x33,0x39,0x36,0x33,0x33,0x37,0x37,0x37,
    0x37,0x33,0x37,0x36,0x31,0x37,0x34,0x39,0x32,0x36,0x37,0x36,0x66,0x20,0x2a,0x20,
    0x28,0x2a,0x28,0x63,0x5f,0x33,0x29,0x29,0x2e,0x79,0x29,0x29,0x20,0x2b,0x20,0x28,
    0x30,0x2e,0x32,0x31,0x35,0x38,0x30,0x33,0x37,0x35,0x37,0x33,0x30,0x39,0x39,0x31,
    0x33,0x36,0x33,0x35,0x32,0x35,0x66,0x20,0x2a,0x20,0x28,0x2a,0x28,0x63,0x5f,0x33,
    0x29,0x29,0x2e,0x7a,0x29,0x29,0x2c,0x20,0x28,0x28,0x28,0x2a,0x28,0x63,0x5f,0x33,
    0x29,0x29,0x2e,0x78,0x20,0x2d,0x20,0x28,0x30,0x2e,0x31,0x30,0x35,0x35,0x36,0x31,
    0x33,0x34,0x35,0x38,0x31,0x35,0x36,0x35,0x38,0x35,0x36,0x39,0x33,0x34,0x66,0x20,
    0x2a,0x20,0x28,0x2a,0x28,0x63,0x5f,0x33,0x29,0x29,0x2e,0x79,0x29,0x29,0x20,0x2d,
    0x20,0x28,0x30,0x2e,0x30,0x36,0x33,0x38,0x35,0x34,0x31,0x37,0x32,0x38,0x32,0x35,
    0x38,0x31,0x33,0x32,0x39,0x33,0x34,0x36,0x66,0x20,0x2a,0x20,0x28,0x2a,0x28,0x63,
    0x5f,0x33,0x29,0x29,0x2e,0x7a,0x29,0x29,0x2c,0x20,0x28,0x28,0x28,0x2a,0x28,0x63,
    0x5f,0x33,0x29,0x29,0x2e,0x78,0x20,0x2d,0x20,0x28,0x30,0x2e,0x30,0x38,0x39,0x34,
    0x38,0x34,0x31,0x37,0x37,0x35,0x32,0x39,0x38,0x31,0x31,0x38,0x35,0x39,0x31,0x33,
    0x66,0x20,0x2a,0x20,0x28,0x2a,0x28,0x63,0x5f,0x33,0x29,0x29,0x2e,0x79,0x29,0x29,
    0x20,0x2d,0x20,0x28,0x31,0x2e,0x32,0x39,0x31,0x34,0x38,0x35,0x35,0x34,0x38,0x30,
    0x31,0x39,0x34,0x30,0x39,0x31,0x37,0x39,0x36,0x39,0x66,0x20,0x2a,0x20,0x28,0x2a,
    0x28,0x63,0x5f,0x33,0x29,0x29,0x2e,0x7a,0x29,0x29,0x29,0x3b,0x0a,0x20,0x20,0x6c,
    0x65,0x74,0x20,0x78,0x5f,0x32,0x33,0x34,0x20,0x3d,0x20,0x28,0x28,0x78,0x5f,0x32,
    0x32,0x39,0x20,0x2a,0x20,0x78,0x5f,0x32,0x32,0x39,0x29,0x20,0x2a,0x20,0x78,0x5f,
    0x32,0x32,0x39,0x29,0x3b,0x0a,0x20,0x20,0x6c,0x65,0x74,0x20,0x78,0x5f,0x32,0x33,
    0x37,0x20,0x3d,0x20,0x78,0x5f,0x32,0x33,0x34,0x2e,0x78,0x3b,0x0a,0x20,0x20,0x6c,
    0x65,0x74,0x20,0x78,0x5f,0x32,0x34,0x31,0x20,0x3d,0x20,0x78,0x5f,0x32,0x33,0x34,
    0x2e,0x79,0x3b,0x0a,0x20,0x20,0x6c,0x65,0x74,0x20,0x78,0x5f,0x32,0x34,0x36,0x20,
    0x3d,0x20,0x78,0x5f,0x32,0x33,0x34,0x2e,0x7a,0x3b,0x0a,0x20,0x20,0x72,0x65,0x74,
    0x75,0x72,0x6e,0x20,0x76,0x65,0x63,0x33,0x66,0x28,0x28,0x28,0x28,0x34,0x2e,0x30,
    0x37,0x36,0x37,0x34,0x31,0x36,0x39,0x35,0x34,0x30,0x34,0x30,0x35,0x32,0x37,0x33,
    0x34,0x33,0x38,0x66,0x20,0x2a,0x20,0x78,0x5f,0x32,0x33,0x37,0x29,0x20,0x2d,0x20,
    0x28,0x33,0x2e,0x33,0x30,0x37,0x37,0x31,0x31,0x36,0x30,0x31,0x32,0x35,0x37,0x33,
    0x32,0x34,0x32,0x31,0x38,0x37,0x35,0x66,0x20,0x2a,0x20,0x78,0x5f,0x32,0x34,0x31,
    0x29,0x29,0x20,0x2b,0x20,0x28,0x30,0x2e,0x32,0x33,0x30,0x39,0x36,0x39,0x39,0x33,
    0x35,0x36,0x35,0x35,0x35,0x39,0x33,0x38,0x37,0x32,0x30,0x37,0x66,0x20,0x2a,0x20,
    0x78,0x5f,0x32,0x34,0x36,0x29,0x29,0x2c,0x20,0x28,0x28,0x28,0x2d,0x31,0x2e,0x32,
    0x36,0x38,0x34,0x33,0x37,0x39,0x38,0x31,0x36,0x30,0x35,0x35,0x32,0x39,0x37,0x38,
    0x35,0x31,0x36,0x66,0x20,0x2a,0x20,0x78,0x5f,0x32,0x33,0x37,0x29,0x20,0x2b,0x20,
    0x28,0x32,0x2e,0x36,0x30,0x39,0x37,0x35,0x37,0x34,0x32,0x33,0x34,0x30,0x30,0x38,
    0x37,0x38,0x39,0x30,0x36,0x32,0x35,0x66,0x20,0x2a,0x20,0x78,0x5f,0x32,0x34,0x31,
    0x29,0x29,0x20,0x2d,0x20,0x28,0x30,0x2e,0x33,0x34,0x31,0x33,0x31,0x39,0x33,0x38,
    0x32,0x31,0x39,0x30,0x37,0x30,0x34,0x33,0x34,0x35,0x37,0x66,0x20,0x2a,0x20,0x78,
    0x5f,0x32,0x34,0x36,0x29,0x29,0x2c,0x20,0x28,0x28,0x28,0x2d,0x30,0x2e,0x30,0x30,
    0x34,0x31,0x39,0x36,0x30,0x38,0x36,0x34,0x33,0x32,0x37,0x38,0x34,0x37,0x39,0x35,
    0x37,0x36,0x66,0x20,0x2a,0x20,0x78,0x5f,0x32,0x33,0x37,0x29,0x20,0x2d,0x20,0x28,
    0x30,0x2e,0x37,0x30,0x33,0x34,0x31,0x38,0x36,0x31,0x32,0x34,0x38,0x30,0x31,0x36,
    0x33,0x35,0x37,0x34,0x32,0x32,0x66,0x20,0x2a,0x20,0x78,0x5f,0x32,0x34,0x31,0x29,
    0x29,0x20,0x2b,0x20,0x28,0x31,0x2e,0x37,0x30,0x37,0x36,0x31,0x34,0x36,0x36,0x30,
    0x32,0x36,0x33,0x30,0x36,0x31,0x35,0x32,0x33,0x34,0x34,0x66,0x20,0x2a,0x20,0x78,
    0x5f,0x32,0x34,0x36,0x29,0x29,0x29,0x3b,0x0a,0x7d,0x0a,0x0a,0x66,0x6e,0x20,0x6c,
    0x69,0x6e,0x65,0x61,0x72,0x54,0x6f,0x53,0x72,0x67,0x62,0x5f,0x76,0x66,0x33,0x5f,
    0x28,0x63,0x5f,0x31,0x20,0x3a,0x20,0x70,0x74,0x72,0x3c,0x66,0x75,0x6e,0x63,0x74,
    0x69,0x6f,0x6e,0x2c,0x20,0x76,0x65,0x63,0x33,0x66,0x3e,0x29,0x20,0x2d,0x3e,0x20,
    0x76,0x65,0x63,0x33,0x66,0x20,0x7b,0x0a,0x20,0x20,0x6c,0x65,0x74,0x20,0x78,0x5f,
    0x36,0x39,0x20,0x3d,0x20,0x2a,0x28,0x63,0x5f,0x31,0x29,0x3b,0x0a,0x20,0x20,0x6c,
    0x65,0x74,0x20,0x78,0x5f,0x37,0x33,0x20,0x3d,0x20,0x2a,0x28,0x63,0x5f,0x31,0x29,
    0x3b,0x0a,0x20,0x20,0x6c,0x65,0x74,0x20,0x78,0x5f,0x38,0x34,0x20,0x3d,0x20,0x2a,
    0x28,0x63,0x5f,0x31,0x29,0x3b,0x0a,0x20,0x20,0x72,0x65,0x74,0x75,0x72,0x6e,0x20,
    0x73,0x65,0x6c,0x65,0x63,0x74,0x28,0x28,0x28,0x76,0x65,0x63,0x33,0x66,0x28,0x31,
    0x2e,0x30,0x35,0x34,0x39,0x39,0x39,0x39,0x34,0x37,0x35,0x34,0x37,0x39,0x31,0x32,
    0x35,0x39,0x37,0x36,0x36,0x66,0x29,0x20,0x2a,0x20,0x70,0x6f,0x77,0x28,0x6d,0x61,
    0x78,0x28,0x78,0x5f,0x37,0x33,0x2c,0x20,0x76,0x65,0x63,0x33,0x66,0x28,0x29,0x29,
    0x2c,0x20,0x76,0x65,0x63,0x33,0x66,0x28,0x30,0x2e,0x34,0x31,0x36,0x36,0x36,0x36,
    0x36,0x35,0x36,0x37,0x33,0x32,0x35,0x35,0x39,0x32,0x30,0x34,0x31,0x66,0x29,0x29,
    0x29,0x20,0x2d,0x20,0x78,0x5f,0x34,0x39,0x29,0x2c,0x20,0x28,0x78,0x5f,0x36,0x39,
    0x20,0x2a,0x20,0x31,0x32,0x2e,0x39,0x32,0x30,0x30,0x30,0x30,0x30,0x37,0x36,0x32,
    0x39,0x33,0x39,0x34,0x35,0x33,0x31,0x32,0x35,0x66,0x29,0x2c,0x20,0x28,0x78,0x5f,
    0x38,0x34,0x20,0x3c,0x3d,0x20,0x76,0x65,0x63,0x33,0x66,0x28,0x30,0x2e,0x30,0x30,
    0x33,0x31,0x33,0x30,0x38,0x30,0x30,0x30,0x39,0x30,0x37,0x33,0x30,0x31,0x39,0x30,
    0x32,0x38,0x66,0x29,0x29,0x29,0x3b,0x0a,0x7d,0x0a,0x0a,0x66,0x6e,0x20,0x6d,0x69,
    0x78,0x47,0x72,0x61,0x64,0x69,0x65,0x6e,0x74,0x5f,0x76,0x66,0x34,0x5f,0x76,0x66,
    0x34,0x5f,0x66,0x31,0x5f,0x28,0x61,0x20,0x3a,0x20,0x70,0x74,0x72,0x3c,0x66,0x75,
    0x6e,0x63,0x74,0x69,0x6f,0x6e,0x2c,0x20,0x76,0x65,0x63,0x34,0x66,0x3e,0x2c,0x20,
    0x62,0x20,0x3a,0x20,0x70,0x74,0x72,0x3c,0x66,0x75,0x6e,0x63,0x74,0x69,0x6f,0x6e,
    0x2c,0x20,0x76,0x65,0x63,0x34,0x66,0x3e,0x2c,0x20,0x74,0x20,0x3a,0x20,0x70,0x74,
    0x72,0x3c,0x66,0x75,0x6e,0x63,0x74,0x69,0x6f,0x6e,0x2c,0x20,0x66,0x33,0x32,0x3e,
    0x29,0x20,0x2d,0x3e,0x20,0x76,0x65,0x63,0x34,0x66,0x20,0x7b,0x0a,0x20,0x20,0x76,
    0x61,0x72,0x20,0x70,0x61,0x72,0x61,0x6d,0x20,0x3a,0x20,0x76,0x65,0x63,0x33,0x66,
    0x3b,0x0a,0x20,0x20,0x76,0x61,0x72,0x20,0x70,0x61,0x72,0x61,0x6d,0x5f,0x31,0x20,
    0x3a,0x20,0x76,0x65,0x63,0x33,0x66,0x3b,0x0a,0x20,0x20,0x76,0x61,0x72,0x20,0x70,
    0x61,0x72,0x61,0x6d,0x5f,0x32,0x20,0x3a,0x20,0x76,0x65,0x63,0x33,0x66,0x3b,0x0a,
    0x20,0x20,0x76,0x61,0x72,0x20,0x70,0x61,0x72,0x61,0x6d,0x5f,0x33,0x20,0x3a,0x20,
    0x76,0x65,0x63,0x33,0x66,0x3b,0x0a,0x20,0x20,0x76,0x61,0x72,0x20,0x72,0x67,0x62,
    0x20,0x3a,0x20,0x76,0x65,0x63,0x33,0x66,0x3b,0x0a,0x20,0x20,0x76,0x61,0x72,0x20,
    0x70,0x61,0x72,0x61,0x6d,0x5f,0x34,0x20,0x3a,0x20,0x76,0x65,0x63,0x33,0x66,0x3b,
    0x0a,0x20,0x20,0x76,0x61,0x72,0x20,0x70,0x61,0x72,0x61,0x6d,0x5f,0x35,0x20,0x3a,
    0x20,0x76,0x65,0x63,0x33,0x66,0x3b,0x0a,0x20,0x20,0x69,0x66,0x20,0x28,0x28,0x78,
    0x5f,0x32,0x38,0x33,0x2e,0x67,0x72,0x61,0x64,0x69,0x65,0x6e,0x74,0x4d,0x65,0x74,
    0x61,0x2e,0x79,0x20,0x3e,0x20,0x30,0x2e,0x35,0x66,0x29,0x29,0x20,0x7b,0x0a,0x20,
    0x20,0x20,0x20,0x70,0x61,0x72,0x61,0x6d,0x20,0x3d,0x20,0x28,0x2a,0x28,0x61,0x29,
    0x29,0x2e,0x78,0x79,0x7a,0x3b,0x0a,0x20,0x20,0x20,0x20,0x6c,0x65,0x74,0x20,0x78,
    0x5f,0x32,0x39,0x37,0x20,0x3d,0x20,0x73,0x72,0x67,0x62,0x54,0x6f,0x4c,0x69,0x6e,
    0x65,0x61,0x72,0x5f,0x76,0x66,0x33,0x5f,0x28,0x26,0x28,0x70,0x61,0x72,0x61,0x6d,
    0x29,0x29,0x3b,0x0a,0x20,0x20,0x20,0x20,0x70,0x61,0x72,0x61,0x6d,0x5f,0x31,0x20,
    0x3d,0x20,0x78,0x5f,0x32,0x39,0x37,0x3b,0x0a,0x20,0x20,0x20,0x20,0x6c,0x65,0x74,
    0x20,0x78,0x5f,0x32,0x39,0x39,0x20,0x3d,0x20,0x6c,0x69,0x6e,0x65,0x61,0x72,0x54,
    0x6f,0x4f,0x6b,0x6c,0x61,0x62,0x5f,0x76,0x66,0x33,0x5f,0x28,0x26,0x28,0x70,0x61,
    0x72,0x61,0x6d,0x5f,0x31,0x29,0x29,0x3b,0x0a,0x20,0x20,0x20,0x20,0x70,0x61,0x72,
    0x61,0x6d,0x5f,0x32,0x20,0x3d,0x20,0x28,0x2a,0x28,0x62,0x29,0x29,0x2e,0x78,0x79,
    0x7a,0x3b,0x0a,0x20,0x20,0x20,0x20,0x6c,0x65,0x74,0x20,0x78,0x5f,0x33,0x30,0x34,
    0x20,0x3d,0x20,0x73,0x72,0x67,0x62,0x54,0x6f,0x4c,0x69,0x6e,0x65,0x61,0x72,0x5f,
    0x76,0x66,0x33,0x5f,0x28,0x26,0x28,0x70,0x61,0x72,0x61,0x6d,0x5f,0x32,0x29,0x29,
    0x3b,0x0a,0x20,0x20,0x20,0x20,0x70,0x61,0x72,0x61,0x6d,0x5f,0x33,0x20,0x3d,0x20,
    0x78,0x5f,0x33,0x30,0x34,0x3b,0x0a,0x20,0x20,0x20,0x20,0x6c,0x65,0x74,0x20,0x78,
    0x5f,0x33,0x30,0x36,0x20,0x3d,0x20,0x6c,0x69,0x6e,0x65,0x61,0x72,0x54,0x6f,0x4f,
    0x6b,0x6c,0x61,0x62,0x5f,0x76,0x66,0x33,0x5f,0x28,0x26,0x28,0x70,0x61,0x72,0x61,
    0x6d,0x5f,0x33,0x29,0x29,0x3b,0x0a,0x20,0x20,0x20,0x20,0x70,0x61,0x72,0x61,0x6d,
    0x5f,0x34,0x20,0x3d,0x20,0x6d,0x69,0x78,0x28,0x78,0x5f,0x32,0x39,0x39,0x2c,0x20,
    0x78,0x5f,0x33,0x30,0x36,0x2c,0x20,0x76,0x65,0x63,0x33,0x66,0x28,0x2a,0x28,0x74,
    0x29,0x29,0x29,0x3b,0x0a,0x20,0x20,0x20,0x20,0x6c,0x65,0x74,0x20,0x78,0x5f,0x33,
    0x31,0x34,0x20,0x3d,0x20,0x6f,0x6b,0x6c,0x61,0x62,0x54,0x6f,0x4c,0x69,0x6e,0x65,
    0x61,0x72,0x5f,0x76,0x66,0x33,0x5f,0x28,0x26,0x28,0x70,0x61,0x72,0x61,0x6d,0x5f,
    0x34,0x29,0x29,0x3b,0x0a,0x20,0x20,0x20,0x20,0x70,0x61,0x72,0x61,0x6d,0x5f,0x35,
    0x20,0x3d,0x20,0x78,0x5f,0x33,0x31,0x34,0x3b,0x0a,0x20,0x20,0x20,0x20,0x6c,0x65,
    0x74,0x20,0x78,0x5f,0x33,0x31,0x36,0x20,0x3d,0x20,0x6c,0x69,0x6e,0x65,0x61,0x72,
    0x54,0x6f,0x53,0x72,0x67,0x62,0x5f,0x76,0x66,0x33,0x5f,0x28,0x26,0x28,0x70,0x61,
    0x72,0x61,0x6d,0x5f,0x35,0x29,0x29,0x3b,0x0a,0x20,0x20,0x20,0x20,0x72,0x67,0x62,
    0x20,0x3d,0x20,0x78,0x5f,0x33,0x31,0x36,0x3b,0x0a,0x20,0x20,0x7d,0x20,0x65,0x6c,
    0x73,0x65,0x20,0x7b,0x0a,0x20,0x20,0x20,0x20,0x72,0x67,0x62,0x20,0x3d,0x20,0x6d,
    0x69,0x78,0x28,0x28,0x2a,0x28,0x61,0x29,0x29,0x2e,0x78,0x79,0x7a,0x2c,0x20,0x28,
    0x2a,0x28,0x62,0x29,0x29,0x2e,0x78,0x79,0x7a,0x2c,0x20,0x76,0x65,0x63,0x33,0x66,
    0x28,0x2a,0x28,0x74,0x29,0x29,0x29,0x3b,0x0a,0x20,0x20,0x7d,0x0a,0x20,0x20,0x6c,
    0x65,0x74,0x20,0x78,0x5f,0x33,0x32,0x35,0x20,0x3d,0x20,0x72,0x67,0x62,0x3b,0x0a,
    0x20,0x20,0x6c,0x65,0x74,0x20,0x78,0x5f,0x33,0x32,0x38,0x20,0x3d,0x20,0x28,0x2a,
    0x28,0x61,0x29,0x29,0x2e,0x77,0x3b,0x0a,0x20,0x20,0x6c,0x65,0x74,0x20,0x78,0x5f,
    0x33,0x33,0x30,0x20,0x3d,0x20,0x28,0x2a,0x28,0x62,0x29,0x29,0x2e,0x77,0x3b,0x0a,
    0x20,0x20,0x6c,0x65,0x74,0x20,0x78,0x5f,0x33,0x33,0x31,0x20,0x3d,0x20,0x2a,0x28,
    0x74,0x29,0x3b,0x0a,0x20,0x20,0x72,0x65,0x74,0x75,0x72,0x6e,0x20,0x76,0x65,0x63,
    0x34,0x66,0x28,0x78,0x5f,0x33,0x32,0x35,0x2e,0x78,0x2c,0x20,0x78,0x5f,0x33,0x32,
    0x35,0x2e,0x79,0x2c,0x20,0x78,0x5f,0x33,0x32,0x35,0x2e,0x7a,0x2c,0x20,0x6d,0x69,
    0x78,0x28,0x78,0x5f,0x33,0x32,0x38,0x2c,0x20,0x78,0x5f,0x33,0x33,0x30,0x2c,0x20,
    0x78,0x5f,0x33,0x33,0x31,0x29,0x29,0x3b,0x0a,0x7d,0x0a,0x0a,0x66,0x6e,0x20,0x67,
    0x72,0x61,0x64,0x69,0x65,0x6e,0x74,0x41,0x74,0x5f,0x66,0x31,0x5f,0x28,0x74,0x5f,
    0x31,0x20,0x3a,0x20,0x70,0x74,0x72,0x3c,0x66,0x75,0x6e,0x63,0x74,0x69,0x6f,0x6e,
    0x2c,0x20,0x66,0x33,0x32,0x3e,0x29,0x20,0x2d,0x3e,0x20,0x76,0x65,0x63,0x34,0x66,
    0x20,0x7b,0x0a,0x20,0x20,0x76,0x61,0x72,0x20,0x70,0x61,0x72,0x61,0x6d,0x5f,0x36,
    0x20,0x3a,0x20,0x76,0x65,0x63,0x34,0x66,0x3b,0x0a,0x20,0x20,0x76,0x61,0x72,0x20,
    0x70,0x61,0x72,0x61,0x6d,0x5f,0x37,0x20,0x3a,0x20,0x76,0x65,0x63,0x34,0x66,0x3b,
    0x0a,0x20,0x20,0x76,0x61,0x72,0x20,0x70,0x61,0x72,0x61,0x6d,0x5f,0x38,0x20,0x3a,
    0x20,0x66,0x33,0x32,0x3b,0x0a,0x20,0x20,0x76,0x61,0x72,0x20,0x70,0x61,0x72,0x61,
    0x6d,0x5f,0x39,0x20,0x3a,0x20,0x76,0x65,0x63,0x34,0x66,0x3b,0x0a,0x20,0x20,0x76,
    0x61,0x72,0x20,0x70,0x61,0x72,0x61,0x6d,0x5f,0x31,0x30,0x20,0x3a,0x20,0x76,0x65,
    0x63,0x34,0x66,0x3b,0x0a,0x20,0x20,0x76,0x61,0x72,0x20,0x70,0x61,0x72,0x61,0x6d,
    0x5f,0x31,0x31,0x20,0x3a,0x20,0x66,0x33,0x32,0x3b,0x0a,0x20,0x20,0x76,0x61,0x72,
    0x20,0x70,0x61,0x72,0x61,0x6d,0x5f,0x31,0x32,0x20,0x3a,0x20,0x76,0x65,0x63,0x34,
    0x66,0x3b,0x0a,0x20,0x20,0x76,0x61,0x72,0x20,0x70,0x61,0x72,0x61,0x6d,0x5f,0x31,
    0x33,0x20,0x3a,0x20,0x76,0x65,0x63,0x34,0x66,0x3b,0x0a,0x20,0x20,0x76,0x61,0x72,
    0x20,0x70,0x61,0x72,0x61,0x6d,0x5f,0x31,0x34,0x20,0x3a,0x20,0x66,0x33,0x32,0x3b,
    0x0a,0x20,0x20,0x76,0x61,0x72,0x20,0x78,0x5f,0x33,0x34,0x31,0x20,0x3a,0x20,0x66,
    0x33,0x32,0x3b,0x0a,0x20,0x20,0x78,0x5f,0x33,0x34,0x31,0x20,0x3d,0x20,0x78,0x5f,
    0x32,0x38,0x33,0x2e,0x67,0x72,0x61,0x64,0x69,0x65,0x6e,0x74,0x4d,0x65,0x74,0x61,
    0x2e,0x77,0x3b,0x0a,0x20,0x20,0x69,0x66,0x20,0x28,0x28,0x28,0x78,0x5f,0x33,0x34,
    0x31,0x20,0x3e,0x20,0x30,0x2e,0x30,0x66,0x29,0x20,0x26,0x20,0x28,0x78,0x5f,0x33,
    0x34,0x31,0x20,0x3c,0x20,0x31,0x2e,0x30,0x66,0x29,0x29,0x29,0x20,0x7b,0x0a,0x20,
    0x20,0x20,0x20,0x69,0x66,0x20,0x28,0x28,0x2a,0x28,0x74,0x5f,0x31,0x29,0x20,0x3c,
    0x20,0x78,0x5f,0x33,0x34,0x31,0x29,0x29,0x20,0x7b,0x0a,0x20,0x20,0x20,0x20,0x20,
    0x20,0x6c,0x65,0x74,0x20,0x78,0x5f,0x33,0x35,0x37,0x20,0x3d,0x20,0x2a,0x28,0x74,
    0x5f,0x31,0x29,0x3b,0x0a,0x20,0x20,0x20,0x20,0x20,0x20,0x70,0x61,0x72,0x61,0x6d,
    0x5f,0x36,0x20,0x3d,0x20,0x78,0x5f,0x32,0x38,0x33,0x2e,0x67,0x72,0x61,0x64,0x69,
    0x65,0x6e,0x74,0x43,0x6f,0x6c,0x6f,0x72,0x30,0x3b,0x0a,0x20,0x20,0x20,0x20,0x20,
    0x20,0x70,0x61,0x72,0x61,0x6d,0x5f,0x37,0x20,0x3d,0x20,0x78,0x5f,0x32,0x38,0x33,
    0x2e,0x67,0x72,0x61,0x64,0x69,0x65,0x6e,0x74,0x43,0x6f,0x6c,0x6f,0x72,0x31,0x3b,
    0x0a,0x20,0x20,0x20,0x20,0x20,0x20,0x70,0x61,0x72,0x61,0x6d,0x5f,0x38,0x20,0x3d,
    0x20,0x28,0x78,0x5f,0x33,0x35,0x37,0x20,0x2f,0x20,0x78,0x5f,0x33,0x34,0x31,0x29,
    0x3b,0x0a,0x20,0x20,0x20,0x20,0x20,0x20,0x6c,0x65,0x74,0x20,0x78,0x5f,0x33,0x36,
    0x38,0x20,0x3d,0x20,0x6d,0x69,0x78,0x47,0x72,0x61,0x64,0x69,0x65,0x6e,0x74,0x5f,
    0x76,0x66,0x34,0x5f,0x76,0x66,0x34,0x5f,0x66,0x31,0x5f,0x28,0x26,0x28,0x70,0x61,
    0x72,0x61,0x6d,0x5f,0x36,0x29,0x2c,0x20,0x26,0x28,0x70,0x61,0x72,0x61,0x6d,0x5f,
    0x37,0x29,0x2c,0x20,0x26,0x28,0x70,0x61,0x72,0x61,0x6d,0x5f,0x38,0x29,0x29,0x3b,
    0x0a,0x20,0x20,0x20,0x20,0x20,0x20,0x72,0x65,0x74,0x75,0x72,0x6e,0x20,0x78,0x5f,
    0x33,0x36,0x38,0x3b,0x0a,0x20,0x20,0x20,0x20,0x7d,0x0a,0x20,0x20,0x20,0x20,0x6c,
    0x65,0x74,0x20,0x78,0x5f,0x33,0x37,0x31,0x20,0x3d,0x20,0x2a,0x28,0x74,0x5f,0x31,
    0x29,0x3b,0x0a,0x20,0x20,0x20,0x20,0x70,0x61,0x72,0x61,0x6d,0x5f,0x39,0x20,0x3d,
    0x20,0x78,0x5f,0x32,0x38,0x33,0x2e,0x67,0x72,0x61,0x64,0x69,0x65,0x6e,0x74,0x43,
    0x6f,0x6c,0x6f,0x72,0x31,0x3b,0x0a,0x20,0x20,0x20,0x20,0x70,0x61,0x72,0x61,0x6d,
    0x5f,0x31,0x30,0x20,0x3d,0x20,0x78,0x5f,0x32,0x38,0x33,0x2e,0x67,0x72,0x61,0x64,
    0x69,0x65,0x6e,0x74,0x43,0x6f,0x6c,0x6f,0x72,0x32,0x3b,0x0a,0x20,0x20,0x20,0x20,
    0x70,0x61,0x72,0x61,0x6d,0x5f,0x31,0x31,0x20,0x3d,0x20,0x28,0x28,0x78,0x5f,0x33,
    0x37,0x31,0x20,0x2d,0x20,0x78,0x5f,0x33,0x34,0x31,0x29,0x20,0x2f,0x20,0x28,0x31,
    0x2e,0x30,0x66,0x20,0x2d,0x20,0x78,0x5f,0x33,0x34,0x31,0x29,0x29,0x3b,0x0a,0x20,
    0x20,0x20,0x20,0x6c,0x65,0x74,0x20,0x78,0x5f,0x33,0x38,0x34,0x20,0x3d,0x20,0x6d,
    0x69,0x78,0x47,0x72,0x61,0x64,0x69,0x65,0x6e,0x74,0x5f,0x76,0x66,0x34,0x5f,0x76,
    0x66,0x34,0x5f,0x66,0x31,0x5f,0x28,0x26,0x28,0x70,0x61,0x72,0x61,0x6d,0x5f,0x39,
    0x29,0x2c,0x20,0x26,0x28,0x70,0x61,0x72,0x61,0x6d,0x5f,0x31,0x30,0x29,0x2c,0x20,
    0x26,0x28,0x70,0x61,0x72,0x61,0x6d,0x5f,0x31,0x31,0x29,0x29,0x3b,0x0a,0x20,0x20,
    0x20,0x20,0x72,0x65,0x74,0x75,0x72,0x6e,0x20,0x78,0x5f,0x33,0x38,0x34,0x3b,0x0a,
    0x20,0x20,0x7d,0x0a,0x20,0x20,0x70,0x61,0x72,0x61,0x6d,0x5f,0x31,0x32,0x20,0x3d,
    0x20,0x78,0x5f,0x32,0x38,0x33,0x2e,0x67,0x72,0x61,0x64,0x69,0x65,0x6e,0x74,0x43,
    0x6f,0x6c,0x6f,0x72,0x30,0x3b,0x0a,0x20,0x20,0x70,0x61,0x72,0x61,0x6d,0x5f,0x31,
    0x33,0x20,0x3d,0x20,0x78,0x5f,0x32,0x38,0x33,0x2e,0x67,0x72,0x61,0x64,0x69,0x65,
    0x6e,0x74,0x43,0x6f,0x6c,0x6f,0x72,0x31,0x3b,0x0a,0x20,0x20,0x70,0x61,0x72,0x61,
    0x6d,0x5f,0x31,0x34,0x20,0x3d,0x20,0x2a,0x28,0x74,0x5f,0x31,0x29,0x3b,0x0a,0x20,
    0x20,0x6c,0x65,0x74,0x20,0x78,0x5f,0x33,0x39,0x34,0x20,0x3d,0x20,0x6d,0x69,0x78,
    0x47,0x72,0x61,0x64,0x69,0x65,0x6e,0x74,0x5f,0x76,0x66,0x34,0x5f,0x76,0x66,0x34,
    0x5f,0x66,0x31,0x5f,0x28,0x26,0x28,0x70,0x61,0x72,0x61,0x6d,0x5f,0x31,0x32,0x29,
    0x2c,0x20,0x26,0x28,0x70,0x61,0x72,0x61,0x6d,0x5f,0x31,0x33,0x29,0x2c,0x20,0x26,
    0x28,0x70,0x61,0x72,0x61,0x6d,0x5f,0x31,0x34,0x29,0x29,0x3b,0x0a,0x20,0x20,0x72,
    0x65,0x74,0x75,0x72,0x6e,0x20,0x78,0x5f,0x33,0x39,0x34,0x3b,0x0a,0x7d,0x0a,0x0a,
    0x66,0x6e,0x20,0x62,0x61,0x79,0x65,0x72,0x34,0x5f,0x76,0x66,0x32,0x5f,0x28,0x70,
    0x69,0x78,0x65,0x6c,0x20,0x3a,0x20,0x70,0x74,0x72,0x3c,0x66,0x75,0x6e,0x63,0x74,
    0x69,0x6f,0x6e,0x2c,0x20,0x76,0x65,0x63,0x32,0x66,0x3e,0x29,0x20,0x2d,0x3e,0x20,
    0x66,0x33,0x32,0x20,0x7b,0x0a,0x20,0x20,0x6c,0x65,0x74,0x20,0x78,0x5f,0x34,0x30,
    0x30,0x20,0x3d,0x20,0x28,0x2a,0x28,0x70,0x69,0x78,0x65,0x6c,0x29,0x29,0x2e,0x78,
    0x3b,0x0a,0x20,0x20,0x6c,0x65,0x74,0x20,0x78,0x5f,0x34,0x30,0x34,0x20,0x3d,0x20,
    0x69,0x33,0x32,0x28,0x28,0x66,0x6c,0x6f,0x6f,0x72,0x28,0x78,0x5f,0x34,0x30,0x30,
    0x29,0x20,0x2d,0x20,0x28,0x34,0x2e,0x30,0x66,0x20,0x2a,0x20,0x66,0x6c,0x6f,0x6f,
    0x72,0x28,0x28,0x66,0x6c,0x6f,0x6f,0x72,0x28,0x78,0x5f,0x34,0x30,0x30,0x29,0x20,
    0x2f,0x20,0x34,0x2e,0x30,0x66,0x29,0x29,0x29,0x29,0x29,0x3b,0x0a,0x20,0x20,0x6c,
    0x65,0x74,0x20,0x78,0x5f,0x34,0x30,0x37,0x20,0x3d,0x20,0x28,0x2a,0x28,0x70,0x69,
    0x78,0x65,0x6c,0x29,0x29,0x2e,0x79,0x3b,0x0a,0x20,0x20,0x6c,0x65,0x74,0x20,0x78,
    0x5f,0x34,0x31,0x30,0x20,0x3d,0x20,0x69,0x33,0x32,0x28,0x28,0x66,0x6c,0x6f,0x6f,
    0x72,0x28,0x78,0x5f,0x34,0x30,0x37,0x29,0x20,0x2d,0x20,0x28,0x34,0x2e,0x30,0x66,
    0x20,0x2a,0x20,0x66,0x6c,0x6f,0x6f,0x72,0x28,0x28,0x66,0x6c,0x6f,0x6f,0x72,0x28,
    0x78,0x5f,0x34,0x30,0x37,0x29,0x20,0x2f,0x20,0x34,0x2e,0x30,0x66,0x29,0x29,0x29,
    0x29,0x29,0x3b,0x0a,0x20,0x20,0x69,0x66,0x20,0x28,0x28,0x78,0x5f,0x34,0x31,0x30,
    0x20,0x3d,0x3d,0x20,0x30,0x69,0x29,0x29,0x20,0x7b,0x0a,0x20,0x20,0x20,0x20,0x69,
    0x66,0x20,0x28,0x28,0x78,0x5f,0x34,0x30,0x34,0x20,0x3d,0x3d,0x20,0x30,0x69,0x29,
    0x29,0x20,0x7b,0x0a,0x20,0x20,0x20,0x20,0x20,0x20,0x72,0x65,0x74,0x75,0x72,0x6e,
    0x20,0x30,0x2e,0x30,0x66,0x3b,0x0a,0x20,0x20,0x20,0x20,0x7d,0x0a,0x20,0x20,0x20,
    0x20,0x69,0x66,0x20,0x28,0x28,0x78,0x5f,0x34,0x30,0x34,0x20,0x3d,0x3d,0x20,0x31,
    0x69,0x29,0x29,0x20,0x7b,0x0a,0x20,0x20,0x20,0x20,0x20,0x20,0x72,0x65,0x74,0x75,
    0x72,0x6e,0x20,0x38,0x2e,0x30,0x66,0x3b,0x0a,0x20,0x20,0x20,0x20,0x7d,0x0a,0x20,
    0x20,0x20,0x20,0x69,0x66,0x20,0x28,0x28,0x78,0x5f,0x34,0x30,0x34,0x20,0x3d,0x3d,
    0x20,0x32,0x69,0x29,0x29,0x20,0x7b,0x0a,0x20,0x20,0x20,0x20,0x20,0x20,0x72,0x65,
    0x74,0x75,0x72,0x6e,0x20,0x32,0x2e,0x30,0x66,0x3b,0x0a,0x20,0x20,0x20,0x20,0x7d,
    0x0a,0x20,0x20,0x20,0x20,0x72,0x65,0x74,0x75,0x72,0x6e,0x20,0x31,0x30,0x2e,0x30,
    0x66,0x3b,0x0a,0x20,0x20,0x7d,0x0a,0x20,0x20,0x69,0x66,0x20,0x28,0x28,0x78,0x5f,
    0x34,0x31,0x30,0x20,0x3d,0x3d,0x20,0x31,0x69,0x29,0x29,0x20,0x7b,0x0a,0x20,0x20,
    0x20,0x20,0x69,0x66,0x20,0x28,0x28,0x78,0x5f,0x34,0x30,0x34,0x20,0x3d,0x3d,0x20,
    0x30,0x69,0x29,0x29,0x20,0x7b,0x0a,0x20,0x20,0x20,0x20,0x20,0x20,0x72,0x65,0x74,
    0x75,0x72,0x6e,0x20,0x31,0x32,0x2e,0x30,0x66,0x3b,0x0a,0x20,0x20,0x20,0x20,0x7d,
    0x0a,0x20,0x20,0x20,0x20,0x69,0x66,0x20,0x28,0x28,0x78,0x5f,0x34,0x30,0x34,0x20,
    0x3d,0x3d,0x20,0x31,0x69,0x29,0x29,0x20,0x7b,0x0a,0x20,0x20,0x20,0x20,0x20,0x20,
    0x72,0x65,0x74,0x75,0x72,0x6e,0x20,0x34,0x2e,0x30,0x66,0x3b,0x0a,0x20,0x20,0x20,
    0x20,0x7d,0x0a,0x20,0x20,0x20,0x20,0x69,0x66,0x20,0x28,0x28,0x78,0x5f,0x34,0x30,
    0x34,0x20,0x3d,0x3d,0x20,0x32,0x69,0x29,0x29,0x20,0x7b,0x0a,0x20,0x20,0x20,0x20,
    0x20,0x20,0x72,0x65,0x74,0x75,0x72,0x6e,0x20,0x31,0x34,0x2e,0x30,0x66,0x3b,0x0a,
    0x20,0x20,0x20,0x20,0x7d,0x0a,0x20,0x20,0x20,0x20,0x72,0x65,0x74,0x75,0x72,0x6e,
    0x20,0x36,0x2e,0x30,0x66,0x3b,0x0a,0x20,0x20,0x7d,0x0a,0x20,0x20,0x69,0x66,0x20,
    0x28,0x28,0x78,0x5f,0x34,0x31,0x30,0x20,0x3d,0x3d,0x20,0x32,0x69,0x29,0x29,0x20,
    0x7b,0x0a,0x20,0x20,0x20,0x20,0x69,0x66,0x20,0x28,0x28,0x78,0x5f,0x34,0x30,0x34,
    0x20,0x3d,0x3d,0x20,0x30,0x69,0x29,0x29,0x20,0x7b,0x0a,0x20,0x20,0x20,0x20,0x20,
    0x20,0x72,0x65,0x74,0x75,0x72,0x6e,0x20,0x33,0x2e,0x30,0x66,0x3b,0x0a,0x20,0x20,
    0x20,0x20,0x7d,0x0a,0x20,0x20,0x20,0x20,0x69,0x66,0x20,0x28,0x28,0x78,0x5f,0x34,
    0x30,0x34,0x20,0x3d,0x3d,0x20,0x31,0x69,0x29,0x29,0x20,0x7b,0x0a,0x20,0x20,0x20,
    0x20,0x20,0x20,0x72,0x65,0x74,0x75,0x72,0x6e,0x20,0x31,0x31,0x2e,0x30,0x66,0x3b,
    0x0a,0x20,0x20,0x20,0x20,0x7d,0x0a,0x20,0x20,0x20,0x20,0x69,0x66,0x20,0x28,0x28,
    0x78,0x5f,0x34,0x30,0x34,0x20,0x3d,0x3d,0x20,0x32,0x69,0x29,0x29,0x20,0x7b,0x0a,
    0x20,0x20,0x20,0x20,0x20,0x20,0x72,0x65,0x74,0x75,0x72,0x6e,0x20,0x31,0x2e,0x30,
    0x66,0x3b,0x0a,0x20,0x20,0x20,0x20,0x7d,0x0a,0x20,0x20,0x20,0x20,0x72,0x65,0x74,
    0x75,0x72,0x6e,0x20,0x39,0x2e,0x30,0x66,0x3b,0x0a,0x20,0x20,0x7d,0x0a,0x20,0x20,
    0x69,0x66,0x20,0x28,0x28,0x78,0x5f,0x34,0x30,0x34,0x20,0x3d,0x3d,0x20,0x30,0x69,
    0x29,0x29,0x20,0x7b,0x0a,0x20,0x20,0x20,0x20,0x72,0x65,0x74,0x75,0x72,0x6e,0x20,
    0x31,0x35,0x2e,0x30,0x66,0x3b,0x0a,0x20,0x20,0x7d,0x0a,0x20,0x20,0x69,0x66,0x20,
    0x28,0x28,0x78,0x5f,0x34,0x30,0x34,0x20,0x3d,0x3d,0x20,0x31,0x69,0x29,0x29,0x20,
    0x7b,0x0a,0x20,0x20,0x20,0x20,0x72,0x65,0x74,0x75,0x72,0x6e,0x20,0x37,0x2e,0x30,
    0x66,0x3b,0x0a,0x20,0x20,0x7d,0x0a,0x20,0x20,0x69,0x66,0x20,0x28,0x28,0x78,0x5f,
    0x34,0x30,0x34,0x20,0x3d,0x3d,0x20,0x32,0x69,0x29,0x29,0x20,0x7b,0x0a,0x20,0x20,
    0x20,0x20,0x72,0x65,0x74,0x75,0x72,0x6e,0x20,0x31,0x33,0x2e,0x30,0x66,0x3b,0x0a,
    0x20,0x20,0x7d,0x0a,0x20,0x20,0x72,0x65,0x74,0x75,0x72,0x6e,0x20,0x35,0x2e,0x30,
    0x66,0x3b,0x0a,0x7d,0x0a,0x0a,0x66,0x6e,0x20,0x6d,0x61,0x69,0x6e,0x5f,0x31,0x28,
    0x29,0x20,0x7b,0x0a,0x20,0x20,0x76,0x61,0x72,0x20,0x78,0x5f,0x35,0x33,0x37,0x20,
    0x3a,0x20,0x66,0x33,0x32,0x3b,0x0a,0x20,0x20,0x76,0x61,0x72,0x20,0x74,0x65,0x78,
    0x65,0x6c,0x20,0x3a,0x20,0x76,0x65,0x63,0x34,0x66,0x3b,0x0a,0x20,0x20,0x76,0x61,
    0x72,0x20,0x70,0x61,0x72,0x61,0x6d,0x5f,0x31,0x35,0x20,0x3a,0x20,0x66,0x33,0x32,
    0x3b,0x0a,0x20,0x20,0x76,0x61,0x72,0x20,0x70,0x61,0x72,0x61,0x6d,0x5f,0x31,0x36,
    0x20,0x3a,0x20,0x76,0x65,0x63,0x32,0x66,0x3b,0x0a,0x20,0x20,0x76,0x61,0x72,0x20,
    0x78,0x5f,0x36,0x30,0x36,0x20,0x3a,0x20,0x76,0x65,0x63,0x34,0x66,0x3b,0x0a,0x20,
    0x20,0x76,0x61,0x72,0x20,0x78,0x5f,0x36,0x33,0x39,0x20,0x3a,0x20,0x76,0x65,0x63,
    0x34,0x66,0x3b,0x0a,0x20,0x20,0x69,0x66,0x20,0x28,0x28,0x6d,0x69,0x6e,0x28,0x6d,
    0x69,0x6e,0x28,0x63,0x6c,0x69,0x70,0x44,0x69,0x73,0x74,0x61,0x6e,0x63,0x65,0x2e,
    0x78,0x2c,0x20,0x63,0x6c,0x69,0x70,0x44,0x69,0x73,0x74,0x61,0x6e,0x63,0x65,0x2e,
    0x79,0x29,0x2c,0x20,0x6d,0x69,0x6e,0x28,0x63,0x6c,0x69,0x70,0x44,0x69,0x73,0x74,
    0x61,0x6e,0x63,0x65,0x2e,0x7a,0x2c,0x20,0x63,0x6c,0x69,0x70,0x44,0x69,0x73,0x74,
    0x61,0x6e,0x63,0x65,0x2e,0x77,0x29,0x29,0x20,0x3c,0x20,0x30,0x2e,0x30,0x66,0x29,
    0x29,0x20,0x7b,0x0a,0x20,0x20,0x20,0x20,0x64,0x69,0x73,0x63,0x61,0x72,0x64,0x3b,
    0x0a,0x20,0x20,0x7d,0x0a,0x20,0x20,0x76,0x61,0x72,0x20,0x78,0x5f,0x35,0x32,0x36,
    0x20,0x3a,0x20,0x69,0x33,0x32,0x3b,0x0a,0x20,0x20,0x76,0x61,0x72,0x20,0x78,0x5f,
    0x35,0x32,0x38,0x20,0x3a,0x20,0x62,0x6f,0x6f,0x6c,0x3b,0x0a,0x20,0x20,0x78,0x5f,
    0x35,0x32,0x36,0x20,0x3d,0x20,0x69,0x33,0x32,0x28,0x28,0x78,0x5f,0x32,0x38,0x33,
    0x2e,0x67,0x72,0x61,0x64,0x69,0x65,0x6e,0x74,0x4d,0x65,0x74,0x61,0x2e,0x78,0x20,
    0x2b,0x20,0x30,0x2e,0x35,0x66,0x29,0x29,0x3b,0x0a,0x20,0x20,0x78,0x5f,0x35,0x32,
    0x38,0x20,0x3d,0x20,0x28,0x78,0x5f,0x35,0x32,0x36,0x20,0x3d,0x3d,0x20,0x31,0x69,
    0x29,0x3b,0x0a,0x20,0x20,0x69,0x66,0x20,0x28,0x28,0x78,0x5f,0x35,0x32,0x38,0x20,
    0x7c,0x20,0x28,0x78,0x5f,0x35,0x32,0x36,0x20,0x3d,0x3d,0x20,0x32,0x69,0x29,0x29,
    0x29,0x20,0x7b,0x0a,0x20,0x20,0x20,0x20,0x69,0x66,0x20,0x28,0x78,0x5f,0x35,0x32,
    0x38,0x29,0x20,0x7b,0x0a,0x20,0x20,0x20,0x20,0x20,0x20,0x78,0x5f,0x35,0x33,0x37,
    0x20,0x3d,0x20,0x63,0x6c,0x61,0x6d,0x70,0x28,0x75,0x76,0x2e,0x78,0x2c,0x20,0x30,
    0x2e,0x30,0x66,0x2c,0x20,0x31,0x2e,0x30,0x66,0x29,0x3b,0x0a,0x20,0x20,0x20,0x20,
    0x7d,0x20,0x65,0x6c,0x73,0x65,0x20,0x7b,0x0a,0x20,0x20,0x20,0x20,0x20,0x20,0x78,
    0x5f,0x35,0x33,0x37,0x20,0x3d,0x20,0x63,0x6c,0x61,0x6d,0x70,0x28,0x6c,0x65,0x6e,
    0x67,0x74,0x68,0x28,0x75,0x76,0x29,0x2c,0x20,0x30,0x2e,0x30,0x66,0x2c,0x20,0x31,
    0x2e,0x30,0x66,0x29,0x3b,0x0a,0x20,0x20,0x20,0x20,0x7d,0x0a,0x20,0x20,0x20,0x20,
    0x70,0x61,0x72,0x61,0x6d,0x5f,0x31,0x35,0x20,0x3d,0x20,0x78,0x5f,0x35,0x33,0x37,
    0x3b,0x0a,0x20,0x20,0x20,0x20,0x6c,0x65,0x74,0x20,0x78,0x5f,0x35,0x35,0x33,0x20,
    0x3d,0x20,0x67,0x72,0x61,0x64,0x69,0x65,0x6e,0x74,0x41,0x74,0x5f,0x66,0x31,0x5f,
    0x28,0x26,0x28,0x70,0x61,0x72,0x61,0x6d,0x5f,0x31,0x35,0x29,0x29,0x3b,0x0a,0x20,
    0x20,0x20,0x20,0x74,0x65,0x78,0x65,0x6c,0x20,0x3d,0x20,0x78,0x5f,0x35,0x35,0x33,
    0x3b,0x0a,0x20,0x20,0x20,0x20,0x69,0x66,0x20,0x28,0x28,0x78,0x5f,0x32,0x38,0x33,
    0x2e,0x67,0x72,0x61,0x64,0x69,0x65,0x6e,0x74,0x4d,0x65,0x74,0x61,0x2e,0x7a,0x20,
    0x3e,0x20,0x30,0x2e,0x35,0x66,0x29,0x29,0x20,0x7b,0x0a,0x20,0x20,0x20,0x20,0x20,
    0x20,0x70,0x61,0x72,0x61,0x6d,0x5f,0x31,0x36,0x20,0x3d,0x20,0x67,0x6c,0x5f,0x46,
    0x72,0x61,0x67,0x43,0x6f,0x6f,0x72,0x64,0x2e,0x78,0x79,0x3b,0x0a,0x20,0x20,0x20,
    0x20,0x20,0x20,0x6c,0x65,0x74,0x20,0x78,0x5f,0x35,0x36,0x34,0x20,0x3d,0x20,0x62,
    0x61,0x79,0x65,0x72,0x34,0x5f,0x76,0x66,0x32,0x5f,0x28,0x26,0x28,0x70,0x61,0x72,
    0x61,0x6d,0x5f,0x31,0x36,0x29,0x29,0x3b,0x0a,0x20,0x20,0x20,0x20,0x20,0x20,0x6c,
    0x65,0x74,0x20,0x78,0x5f,0x35,0x36,0x39,0x20,0x3d,0x20,0x74,0x65,0x78,0x65,0x6c,
    0x3b,0x0a,0x20,0x20,0x20,0x20,0x20,0x20,0x6c,0x65,0x74,0x20,0x78,0x5f,0x35,0x37,
    0x35,0x20,0x3d,0x20,0x63,0x6c,0x61,0x6d,0x70,0x28,0x28,0x74,0x65,0x78,0x65,0x6c,
    0x2e,0x78,0x79,0x7a,0x20,0x2b,0x20,0x76,0x65,0x63,0x33,0x66,0x28,0x28,0x28,0x78,
    0x5f,0x35,0x36,0x34,0x20,0x2d,0x20,0x37,0x2e,0x35,0x66,0x29,0x20,0x2a,0x20,0x30,
    0x2e,0x30,0x30,0x31,0x30,0x34,0x35,0x37,0x35,0x31,0x36,0x31,0x38,0x32,0x32,0x31,
    0x34,0x30,0x32,0x31,0x37,0x66,0x29,0x29,0x29,0x2c,0x20,0x76,0x65,0x63,0x33,0x66,
    0x28,0x29,0x2c,0x20,0x76,0x65,0x63,0x33,0x66,0x28,0x31,0x2e,0x30,0x66,0x29,0x29,
    0x3b,0x0a,0x20,0x20,0x20,0x20,0x20,0x20,0x76,0x61,0x72,0x20,0x78,0x5f,0x37,0x33,
    0x38,0x5f,0x31,0x20,0x3d,0x20,0x78,0x5f,0x35,0x36,0x39,0x3b,0x0a,0x20,0x20,0x20,
    0x20,0x20,0x20,0x78,0x5f,0x37,0x33,0x38,0x5f,0x31,0x2e,0x78,0x20,0x3d,0x20,0x78,
    0x5f,0x35,0x37,0x35,0x2e,0x78,0x3b,0x0a,0x20,0x20,0x20,0x20,0x20,0x20,0x6c,0x65,
    0x74,0x20,0x78,0x5f,0x37,0x33,0x38,0x20,0x3d,0x20,0x78,0x5f,0x37,0x33,0x38,0x5f,
    0x31,0x3b,0x0a,0x20,0x20,0x20,0x20,0x20,0x20,0x76,0x61,0x72,0x20,0x78,0x5f,0x37,
    0x34,0x30,0x5f,0x31,0x20,0x3d,0x20,0x78,0x5f,0x37,0x33,0x38,0x3b,0x0a,0x20,0x20,
    0x20,0x20,0x20,0x20,0x78,0x5f,0x37,0x34,0x30,0x5f,0x31,0x2e,0x79,0x20,0x3d,0x20,
    0x78,0x5f,0x35,0x37,0x35,0x2e,0x79,0x3b,0x0a,0x20,0x20,0x20,0x20,0x20,0x20,0x6c,
    0x65,0x74,0x20,0x78,0x5f,0x37,0x34,0x30,0x20,0x3d,0x20,0x78,0x5f,0x37,0x34,0x30,
    0x5f,0x31,0x3b,0x0a,0x20,0x20,0x20,0x20,0x20,0x20,0x76,0x61,0x72,0x20,0x78,0x5f,
    0x37,0x34,0x32,0x5f,0x31,0x20,0x3d,0x20,0x78,0x5f,0x37,0x34,0x30,0x3b,0x0a,0x20,
    0x20,0x20,0x20,0x20,0x20,0x78,0x5f,0x37,0x34,0x32,0x5f,0x31,0x2e,0x7a,0x20,0x3d,
    0x20,0x78,0x5f,0x35,0x37,0x35,0x2e,0x7a,0x3b,0x0a,0x20,0x20,0x20,0x20,0x20,0x20,
    0x74,0x65,0x78,0x65,0x6c,0x20,0x3d,0x20,0x78,0x5f,0x37,0x34,0x32,0x5f,0x31,0x3b,
    0x0a,0x20,0x20,0x20,0x20,0x7d,0x0a,0x20,0x20,0x7d,0x20,0x65,0x6c,0x73,0x65,0x20,
    0x7b,0x0a,0x20,0x20,0x20,0x20,0x69,0x66,0x20,0x28,0x28,0x78,0x5f,0x35,0x32,0x36,
    0x20,0x3d,0x3d,0x20,0x33,0x69,0x29,0x29,0x20,0x7b,0x0a,0x20,0x20,0x20,0x20,0x20,
    0x20,0x6c,0x65,0x74,0x20,0x78,0x5f,0x35,0x39,0x31,0x20,0x3d,0x20,0x6d,0x61,0x78,
    0x28,0x78,0x5f,0x32,0x38,0x33,0x2e,0x67,0x72,0x61,0x64,0x69,0x65,0x6e,0x74,0x50,
    0x61,0x72,0x61,0x6d,0x73,0x2e,0x78,0x2c,0x20,0x31,0x2e,0x30,0x66,0x29,0x3b,0x0a,
    0x20,0x20,0x20,0x20,0x20,0x20,0x6c,0x65,0x74,0x20,0x78,0x5f,0x35,0x39,0x38,0x20,
    0x3d,0x20,0x75,0x76,0x2e,0x78,0x3b,0x0a,0x20,0x20,0x20,0x20,0x20,0x20,0x6c,0x65,
    0x74,0x20,0x78,0x5f,0x36,0x30,0x30,0x20,0x3d,0x20,0x75,0x76,0x2e,0x79,0x3b,0x0a,
    0x20,0x20,0x20,0x20,0x20,0x20,0x69,0x66,0x20,0x28,0x28,0x28,0x28,0x78,0x5f,0x35,
    0x39,0x38,0x20,0x2b,0x20,0x78,0x5f,0x36,0x30,0x30,0x29,0x20,0x2d,0x20,0x28,0x78,
    0x5f,0x35,0x39,0x31,0x20,0x2a,0x20,0x66,0x6c,0x6f,0x6f,0x72,0x28,0x28,0x28,0x78,
    0x5f,0x35,0x39,0x38,0x20,0x2b,0x20,0x78,0x5f,0x36,0x30,0x30,0x29,0x20,0x2f,0x20,
    0x78,0x5f,0x35,0x39,0x31,0x29,0x29,0x29,0x29,0x20,0x3c,0x20,0x63,0x6c,0x61,0x6d,
    0x70,0x28,0x78,0x5f,0x32,0x38,0x33,0x2e,0x67,0x72,0x61,0x64,0x69,0x65,0x6e,0x74,
    0x50,0x61,0x72,0x61,0x6d,0x73,0x2e,0x79,0x2c,0x20,0x30,0x2e,0x30,0x66,0x2c,0x20,
    0x78,0x5f,0x35,0x39,0x31,0x29,0x29,0x29,0x20,0x7b,0x0a,0x20,0x20,0x20,0x20,0x20,
    0x20,0x20,0x20,0x78,0x5f,0x36,0x30,0x36,0x20,0x3d,0x20,0x78,0x5f,0x32,0x38,0x33,
    0x2e,0x67,0x72,0x61,0x64,0x69,0x65,0x6e,0x74,0x43,0x6f,0x6c,0x6f,0x72,0x31,0x3b,
    0x0a,0x20,0x20,0x20,0x20,0x20,0x20,0x7d,0x20,0x65,0x6c,0x73,0x65,0x20,0x7b,0x0a,
    0x20,0x20,0x20,0x20,0x20,0x20,0x20,0x20,0x78,0x5f,0x36,0x30,0x36,0x20,0x3d,0x20,
    0x78,0x5f,0x32,0x38,0x33,0x2e,0x67,0x72,0x61,0x64,0x69,0x65,0x6e,0x74,0x43,0x6f,
    0x6c,0x6f,0x72,0x30,0x3b,0x0a,0x20,0x20,0x20,0x20,0x20,0x20,0x7d,0x0a,0x20,0x20,
    0x20,0x20,0x20,0x20,0x74,0x65,0x78,0x65,0x6c,0x20,0x3d,0x20,0x78,0x5f,0x36,0x30,
    0x36,0x3b,0x0a,0x20,0x20,0x20,0x20,0x7d,0x20,0x65,0x6c,0x73,0x65,0x20,0x7b,0x0a,
    0x20,0x20,0x20,0x20,0x20,0x20,0x69,0x66,0x20,0x28,0x28,0x78,0x5f,0x35,0x32,0x36,
    0x20,0x3d,0x3d,0x20,0x34,0x69,0x29,0x29,0x20,0x7b,0x0a,0x20,0x20,0x20,0x20,0x20,
    0x20,0x20,0x20,0x6c,0x65,0x74,0x20,0x78,0x5f,0x36,0x32,0x33,0x20,0x3d,0x20,0x6d,
    0x61,0x78,0x28,0x78,0x5f,0x32,0x38,0x33,0x2e,0x67,0x72,0x61,0x64,0x69,0x65,0x6e,
    0x74,0x50,0x61,0x72,0x61,0x6d,0x73,0x2e,0x78,0x2c,0x20,0x31,0x2e,0x30,0x66,0x29,
    0x3b,0x0a,0x20,0x20,0x20,0x20,0x20,0x20,0x20,0x20,0x6c,0x65,0x74,0x20,0x78,0x5f,
    0x36,0x32,0x36,0x20,0x3d,0x20,0x75,0x76,0x2e,0x78,0x3b,0x0a,0x20,0x20,0x20,0x20,
    0x20,0x20,0x20,0x20,0x6c,0x65,0x74,0x20,0x78,0x5f,0x36,0x33,0x31,0x20,0x3d,0x20,
    0x75,0x76,0x2e,0x79,0x3b,0x0a,0x20,0x20,0x20,0x20,0x20,0x20,0x20,0x20,0x69,0x66,
    0x20,0x28,0x28,0x28,0x28,0x66,0x6c,0x6f,0x6f,0x72,0x28,0x28,0x78,0x5f,0x36,0x32,
    0x36,0x20,0x2f,0x20,0x78,0x5f,0x36,0x32,0x33,0x29,0x29,0x20,0x2b,0x20,0x66,0x6c,
    0x6f,0x6f,0x72,0x28,0x28,0x78,0x5f,0x36,0x33,0x31,0x20,0x2f,0x20,0x78,0x5f,0x36,
    0x32,0x33,0x29,0x29,0x29,0x20,0x2d,0x20,0x28,0x32,0x2e,0x30,0x66,0x20,0x2a,0x20,
    0x66,0x6c,0x6f,0x6f,0x72,0x28,0x28,0x28,0x66,0x6c,0x6f,0x6f,0x72,0x28,0x28,0x78,
    0x5f,0x36,0x32,0x36,0x20,0x2f,0x20,0x78,0x5f,0x36,0x32,0x33,0x29,0x29,0x20,0x2b,
    0x20,0x66,0x6c,0x6f,0x6f,0x72,0x28,0x28,0x78,0x5f,0x36,0x33,0x31,0x20,0x2f,0x20,
    0x78,0x5f,0x36,0x32,0x33,0x29,0x29,0x29,0x20,0x2f,0x20,0x32,0x2e,0x30,0x66,0x29,
    0x29,0x29,0x29,0x20,0x3c,0x20,0x31,0x2e,0x30,0x66,0x29,0x29,0x20,0x7b,0x0a,0x20,
    0x20,0x20,0x20,0x20,0x20,0x20,0x20,0x20,0x20,0x78,0x5f,0x36,0x33,0x39,0x20,0x3d,
    0x20,0x78,0x5f,0x32,0x38,0x33,0x2e,0x67,0x72,0x61,0x64,0x69,0x65,0x6e,0x74,0x43,
    0x6f,0x6c,0x6f,0x72,0x30,0x3b,0x0a,0x20,0x20,0x20,0x20,0x20,0x20,0x20,0x20,0x7d,
    0x20,0x65,0x6c,0x73,0x65,0x20,0x7b,0x0a,0x20,0x20,0x20,0x20,0x20,0x20,0x20,0x20,
    0x20,0x20,0x78,0x5f,0x36,0x33,0x39,0x20,0x3d,0x20,0x78,0x5f,0x32,0x38,0x33,0x2e,
    0x67,0x72,0x61,0x64,0x69,0x65,0x6e,0x74,0x43,0x6f,0x6c,0x6f,0x72,0x31,0x3b,0x0a,
    0x20,0x20,0x20,0x20,0x20,0x20,0x20,0x20,0x7d,0x0a,0x20,0x20,0x20,0x20,0x20,0x20,
    0x20,0x20,0x74,0x65,0x78,0x65,0x6c,0x20,0x3d,0x20,0x78,0x5f,0x36,0x33,0x39,0x3b,
    0x0a,0x20,0x20,0x20,0x20,0x20,0x20,0x7d,0x20,0x65,0x6c,0x73,0x65,0x20,0x7b,0x0a,
    0x20,0x20,0x20,0x20,0x20,0x20,0x20,0x20,0x6c,0x65,0x74,0x20,0x78,0x5f,0x36,0x35,
    0x39,0x20,0x3d,0x20,0x75,0x76,0x3b,0x0a,0x20,0x20,0x20,0x20,0x20,0x20,0x20,0x20,
    0x6c,0x65,0x74,0x20,0x78,0x5f,0x36,0x36,0x30,0x20,0x3d,0x20,0x74,0x65,0x78,0x74,
    0x75,0x72,0x65,0x53,0x61,0x6d,0x70,0x6c,0x65,0x28,0x74,0x65,0x78,0x2c,0x20,0x73,
    0x6d,0x70,0x2c,0x20,0x78,0x5f,0x36,0x35,0x39,0x29,0x3b,0x0a,0x20,0x20,0x20,0x20,
    0x20,0x20,0x20,0x20,0x74,0x65,0x78,0x65,0x6c,0x20,0x3d,0x20,0x78,0x5f,0x36,0x36,
    0x30,0x3b,0x0a,0x20,0x20,0x20,0x20,0x20,0x20,0x7d,0x0a,0x20,0x20,0x20,0x20,0x7d,
    0x0a,0x20,0x20,0x7d,0x0a,0x20,0x20,0x69,0x66,0x20,0x28,0x28,0x78,0x5f,0x32,0x38,
    0x33,0x2e,0x63,0x6f,0x6c,0x6f,0x72,0x4b,0x65,0x79,0x2e,0x77,0x20,0x3e,0x20,0x30,
    0x2e,0x35,0x66,0x29,0x29,0x20,0x7b,0x0a,0x20,0x20,0x20,0x20,0x6c,0x65,0x74,0x20,
    0x78,0x5f,0x36,0x37,0x33,0x20,0x3d,0x20,0x61,0x62,0x73,0x28,0x28,0x74,0x65,0x78,
    0x65,0x6c,0x2e,0x78,0x79,0x7a,0x20,0x2d,0x20,0x78,0x5f,0x32,0x38,0x33,0x2e,0x63,
    0x6f,0x6c,0x6f,0x72,0x4b,0x65,0x79,0x2e,0x78,0x79,0x7a,0x29,0x29,0x3b,0x0a,0x20,
    0x20,0x20,0x20,0x69,0x66,0x20,0x28,0x28,0x28,0x28,0x78,0x5f,0x36,0x37,0x33,0x2e,
    0x78,0x20,0x2b,0x20,0x78,0x5f,0x36,0x37,0x33,0x2e,0x79,0x29,0x20,0x2b,0x20,0x78,
    0x5f,0x36,0x37,0x33,0x2e,0x7a,0x29,0x20,0x3c,0x20,0x30,0x2e,0x30,0x37,0x39,0x39,
    0x39,0x39,0x39,0x39,0x38,0x32,0x31,0x31,0x38,0x36,0x30,0x36,0x35,0x36,0x37,0x34,
    0x66,0x29,0x29,0x20,0x7b,0x0a,0x20,0x20,0x20,0x20,0x20,0x20,0x6c,0x65,0x74,0x20,
    0x78,0x5f,0x37,0x34,0x36,0x20,0x3d,0x20,0x74,0x65,0x78,0x65,0x6c,0x3b,0x0a,0x20,
    0x20,0x20,0x20,0x20,0x20,0x76,0x61,0x72,0x20,0x78,0x5f,0x37,0x34,0x37,0x5f,0x31,
    0x20,0x3d,0x20,0x78,0x5f,0x37,0x34,0x36,0x3b,0x0a,0x20,0x20,0x20,0x20,0x20,0x20,
    0x78,0x5f,0x37,0x34,0x37,0x5f,0x31,0x2e,0x77,0x20,0x3d,0x20,0x30,0x2e,0x30,0x66,
    0x3b,0x0a,0x20,0x20,0x20,0x20,0x20,0x20,0x74,0x65,0x78,0x65,0x6c,0x20,0x3d,0x20,
    0x78,0x5f,0x37,0x34,0x37,0x5f,0x31,0x3b,0x0a,0x20,0x20,0x20,0x20,0x7d,0x0a,0x20,
    0x20,0x7d,0x0a,0x20,0x20,0x6c,0x65,0x74,0x20,0x78,0x5f,0x36,0x39,0x31,0x20,0x3d,
    0x20,0x28,0x74,0x65,0x78,0x65,0x6c,0x20,0x2a,0x20,0x63,0x6f,0x6c,0x6f,0x72,0x29,
    0x3b,0x0a,0x20,0x20,0x6c,0x65,0x74,0x20,0x78,0x5f,0x36,0x39,0x33,0x20,0x3d,0x20,
    0x78,0x5f,0x36,0x39,0x31,0x2e,0x78,0x79,0x7a,0x3b,0x0a,0x20,0x20,0x6c,0x65,0x74,
    0x20,0x78,0x5f,0x37,0x30,0x30,0x20,0x3d,0x20,0x73,0x72,0x63,0x50,0x72,0x65,0x6d,
    0x75,0x6c,0x74,0x3b,0x0a,0x20,0x20,0x6c,0x65,0x74,0x20,0x78,0x5f,0x37,0x30,0x32,
    0x20,0x3d,0x20,0x6d,0x69,0x78,0x28,0x78,0x5f,0x36,0x39,0x33,0x2c,0x20,0x28,0x78,
    0x5f,0x36,0x39,0x33,0x20,0x2a,0x20,0x63,0x6f,0x6c,0x6f,0x72,0x2e,0x77,0x29,0x2c,
    0x20,0x76,0x65,0x63,0x33,0x66,0x28,0x73,0x72,0x63,0x50,0x72,0x65,0x6d,0x75,0x6c,
    0x74,0x29,0x29,0x3b,0x0a,0x20,0x20,0x76,0x61,0x72,0x20,0x78,0x5f,0x37,0x34,0x39,
    0x5f,0x31,0x20,0x3d,0x20,0x78,0x5f,0x36,0x39,0x31,0x3b,0x0a,0x20,0x20,0x78,0x5f,
    0x37,0x34,0x39,0x5f,0x31,0x2e,0x78,0x20,0x3d,0x20,0x78,0x5f,0x37,0x30,0x32,0x2e,
    0x78,0x3b,0x0a,0x20,0x20,0x6c,0x65,0x74,0x20,0x78,0x5f,0x37,0x34,0x39,0x20,0x3d,
    0x20,0x78,0x5f,0x37,0x34,0x39,0x5f,0x31,0x3b,0x0a,0x20,0x20,0x76,0x61,0x72,0x20,
    0x78,0x5f,0x37,0x35,0x31,0x5f,0x31,0x20,0x3d,0x20,0x78,0x5f,0x37,0x34,0x39,0x3b,
    0x0a,0x20,0x20,0x78,0x5f,0x37,0x35,0x31,0x5f,0x31,0x2e,0x79,0x20,0x3d,0x20,0x78,
    0x5f,0x37,0x30,0x32,0x2e,0x79,0x3b,0x0a,0x20,0x20,0x6c,0x65,0x74,0x20,0x78,0x5f,
    0x37,0x35,0x31,0x20,0x3d,0x20,0x78,0x5f,0x37,0x35,0x31,0x5f,0x31,0x3b,0x0a,0x20,
    0x20,0x76,0x61,0x72,0x20,0x78,0x5f,0x37,0x35,0x33,0x5f,0x31,0x20,0x3d,0x20,0x78,
    0x5f,0x37,0x35,0x31,0x3b,0x0a,0x20,0x20,0x78,0x5f,0x37,0x35,0x33,0x5f,0x31,0x2e,
    0x7a,0x20,0x3d,0x20,0x78,0x5f,0x37,0x30,0x32,0x2e,0x7a,0x3b,0x0a,0x20,0x20,0x6c,
    0x65,0x74,0x20,0x78,0x5f,0x37,0x31,0x37,0x20,0x3d,0x20,0x28,0x28,0x78,0x5f,0x32,
    0x38,0x33,0x2e,0x63,0x6f,0x6c,0x6f,0x72,0x4d,0x61,0x74,0x72,0x69,0x78,0x20,0x2a,
    0x20,0x78,0x5f,0x37,0x35,0x33,0x5f,0x31,0x29,0x20,0x2b,0x20,0x78,0x5f,0x32,0x38,
    0x33,0x2e,0x63,0x6f,0x6c,0x6f,0x72,0x41,0x64,0x64,0x29,0x3b,0x0a,0x20,0x20,0x6c,
    0x65,0x74,0x20,0x78,0x5f,0x37,0x32,0x32,0x20,0x3d,0x20,0x78,0x5f,0x37,0x31,0x37,
    0x2e,0x77,0x3b,0x0a,0x20,0x20,0x6c,0x65,0x74,0x20,0x78,0x5f,0x37,0x32,0x33,0x20,
    0x3d,0x20,0x28,0x78,0x5f,0x37,0x31,0x37,0x2e,0x78,0x79,0x7a,0x20,0x2a,0x20,0x78,
    0x5f,0x37,0x32,0x32,0x29,0x3b,0x0a,0x20,0x20,0x66,0x72,0x61,0x67,0x5f,0x63,0x6f,
    0x6c,0x6f,0x72,0x20,0x3d,0x20,0x6d,0x69,0x78,0x28,0x76,0x65,0x63,0x34,0x66,0x28,
    0x78,0x5f,0x37,0x32,0x33,0x2e,0x78,0x2c,0x20,0x78,0x5f,0x37,0x32,0x33,0x2e,0x79,
    0x2c,0x20,0x78,0x5f,0x37,0x32,0x33,0x2e,0x7a,0x2c,0x20,0x78,0x5f,0x37,0x32,0x32,
    0x29,0x2c,0x20,0x78,0x5f,0x37,0x31,0x37,0x2c,0x20,0x76,0x65,0x63,0x34,0x66,0x28,
    0x78,0x5f,0x37,0x30,0x30,0x29,0x29,0x3b,0x0a,0x20,0x20,0x72,0x65,0x74,0x75,0x72,
    0x6e,0x3b,0x0a,0x7d,0x0a,0x0a,0x73,0x74,0x72,0x75,0x63,0x74,0x20,0x6d,0x61,0x69,
    0x6e,0x5f,0x6f,0x75,0x74,0x20,0x7b,0x0a,0x20,0x20,0x40,0x6c,0x6f,0x63,0x61,0x74,
    0x69,0x6f,0x6e,0x28,0x30,0x29,0x0a,0x20,0x20,0x66,0x72,0x61,0x67,0x5f,0x63,0x6f,
    0x6c,0x6f,0x72,0x5f,0x31,0x20,0x3a,0x20,0x76,0x65,0x63,0x34,0x66,0x2c,0x0a,0x7d,
    0x0a,0x0a,0x40,0x66,0x72,0x61,0x67,0x6d,0x65,0x6e,0x74,0x0a,0x66,0x6e,0x20,0x6d,
    0x61,0x69,0x6e,0x28,0x40,0x6c,0x6f,0x63,0x61,0x74,0x69,0x6f,0x6e,0x28,0x33,0x29,
    0x20,0x63,0x6c,0x69,0x70,0x44,0x69,0x73,0x74,0x61,0x6e,0x63,0x65,0x5f,0x70,0x61,
    0x72,0x61,0x6d,0x20,0x3a,0x20,0x76,0x65,0x63,0x34,0x66,0x2c,0x20,0x40,0x6c,0x6f,
    0x63,0x61,0x74,0x69,0x6f,0x6e,0x28,0x30,0x29,0x20,0x75,0x76,0x5f,0x70,0x61,0x72,
    0x61,0x6d,0x20,0x3a,0x20,0x76,0x65,0x63,0x32,0x66,0x2c,0x20,0x40,0x62,0x75,0x69,
    0x6c,0x74,0x69,0x6e,0x28,0x70,0x6f,0x73,0x69,0x74,0x69,0x6f,0x6e,0x29,0x20,0x67,
    0x6c,0x5f,0x46,0x72,0x61,0x67,0x43,0x6f,0x6f,0x72,0x64,0x5f,0x70,0x61,0x72,0x61,
    0x6d,0x20,0x3a,0x20,0x76,0x65,0x63,0x34,0x66,0x2c,0x20,0x40,0x6c,0x6f,0x63,0x61,
    0x74,0x69,0x6f,0x6e,0x28,0x31,0x29,0x20,0x63,0x6f,0x6c,0x6f,0x72,0x5f,0x70,0x61,
    0x72,0x61,0x6d,0x20,0x3a,0x20,0x76,0x65,0x63,0x34,0x66,0x2c,0x20,0x40,0x6c,0x6f,
    0x63,0x61,0x74,0x69,0x6f,0x6e,0x28,0x32,0x29,0x20,0x73,0x72,0x63,0x50,0x72,0x65,
    0x6d,0x75,0x6c,0x74,0x5f,0x70,0x61,0x72,0x61,0x6d,0x20,0x3a,0x20,0x66,0x33,0x32,
    0x29,0x20,0x2d,0x3e,0x20,0x6d,0x61,0x69,0x6e,0x5f,0x6f,0x75,0x74,0x20,0x7b,0x0a,
    0x20,0x20,0x63,0x6c,0x69,0x70,0x44,0x69,0x73,0x74,0x61,0x6e,0x63,0x65,0x20,0x3d,
    0x20,0x63,0x6c,0x69,0x70,0x44,0x69,0x73,0x74,0x61,0x6e,0x63,0x65,0x5f,0x70,0x61,
    0x72,0x61,0x6d,0x3b,0x0a,0x20,0x20,0x75,0x76,0x20,0x3d,0x20,0x75,0x76,0x5f,0x70,
    0x61,0x72,0x61,0x6d,0x3b,0x0a,0x20,0x20,0x67,0x6c,0x5f,0x46,0x72,0x61,0x67,0x43,
    0x6f,0x6f,0x72,0x64,0x20,0x3d,0x20,0x67,0x6c,0x5f,0x46,0x72,0x61,0x67,0x43,0x6f,
    0x6f,0x72,0x64,0x5f,0x70,0x61,0x72,0x61,0x6d,0x3b,0x0a,0x20,0x20,0x63,0x6f,0x6c,
    0x6f,0x72,0x20,0x3d,0x20,0x63,0x6f,0x6c,0x6f,0x72,0x5f,0x70,0x61,0x72,0x61,0x6d,
    0x3b,0x0a,0x20,0x20,0x73,0x72,0x63,0x50,0x72,0x65,0x6d,0x75,0x6c,0x74,0x20,0x3d,
    0x20,0x73,0x72,0x63,0x50,0x72,0x65,0x6d,0x75,0x6c,0x74,0x5f,0x70,0x61,0x72,0x61,
    0x6d,0x3b,0x0a,0x20,0x20,0x6d,0x61,0x69,0x6e,0x5f,0x31,0x28,0x29,0x3b,0x0a,0x20,
    0x20,0x72,0x65,0x74,0x75,0x72,0x6e,0x20,0x6d,0x61,0x69,0x6e,0x5f,0x6f,0x75,0x74,
    0x28,0x66,0x72,0x61,0x67,0x5f,0x63,0x6f,0x6c,0x6f,0x72,0x29,0x3b,0x0a,0x7d,0x0a,
    0x00,
};
/*
    diagnostic(off, derivative_uniformity);

    struct sprite_params {
      /_ @offset(0) _/
      viewport : vec4f,
      /_ @offset(16) _/
      clipU : vec4f,
      /_ @offset(32) _/
      clipV : vec4f,
    }

    var<private> corner : vec2f;

    var<private> iOriginSize : vec4f;

    var<private> iAffine : vec4f;

    @binding(0) @group(0) var<uniform> x_62 : sprite_params;

    var<private> iUv : vec4f;

    var<private> uv : vec2f;

    var<private> color : vec4f;

    var<private> iColor : vec4f;

    var<private> srcPremult : f32;

    var<private> clipDistance : vec4f;

    var<private> gl_Position : vec4f;

    fn main_1() {
      var x_107 : vec2f;
      let x_12 = corner;
      let x_18 = (corner * iOriginSize.zw);
      let x_28 = x_18.x;
      let x_35 = x_18.y;
      let x_40 = (((iAffine.x * x_28) + (iAffine.z * x_35)) + iOriginSize.x);
      let x_55 = (((iAffine.y * x_28) + (iAffine.w * x_35)) + iOriginSize.y);
      let x_56 = vec2f(x_40, x_55);
      gl_Position = vec4f((((x_40 / x_62.viewport.x) * 2.0f) - 1.0f), (1.0f - ((x_55 / x_62.viewport.y) * 2.0f)), 0.0f, 1.0f);
      let x_99 = mix(iUv.xy, iUv.zw, x_12);
      if ((x_62.viewport.z > 0.5f)) {
        x_107 = vec2f(x_99.x, (1.0f - x_99.y));
      } else {
        x_107 = x_99;
      }
      uv = x_107;
      color = iColor;
      srcPremult = x_62.viewport.w;
      let x_128 = x_62.clipU.w;
      let x_130 = x_62.clipU.z;
      if ((x_128 > x_130)) {
        let x_140 = dot(x_56, x_62.clipU.xy);
        let x_147 = dot(x_56, x_62.clipV.xy);
        clipDistance = vec4f((x_140 - x_130), (x_128 - x_140), (x_147 - x_62.clipV.z), (x_62.clipV.w - x_147));
      } else {
        clipDistance = vec4f(1.0f);
      }
      return;
    }

    struct main_out {
      @builtin(position)
      gl_Position : vec4f,
      @location(0)
      uv_1 : vec2f,
      @location(1)
      color_1 : vec4f,
      @location(2)
      srcPremult_1 : f32,
      @location(3)
      clipDistance_1 : vec4f,
    }

    @vertex
    fn main(@location(0) corner_param : vec2f, @location(2) iOriginSize_param : vec4f, @location(1) iAffine_param : vec4f, @location(3) iUv_param : vec4f, @location(4) iColor_param : vec4f) -> main_out {
      corner = corner_param;
      iOriginSize = iOriginSize_param;
      iAffine = iAffine_param;
      iUv = iUv_param;
      iColor = iColor_param;
      main_1();
      return main_out(gl_Position, uv, color, srcPremult, clipDistance);
    }
*/
static const uint8_t spriteVs_source_wgsl[2169] = {
    0x64,0x69,0x61,0x67,0x6e,0x6f,0x73,0x74,0x69,0x63,0x28,0x6f,0x66,0x66,0x2c,0x20,
    0x64,0x65,0x72,0x69,0x76,0x61,0x74,0x69,0x76,0x65,0x5f,0x75,0x6e,0x69,0x66,0x6f,
    0x72,0x6d,0x69,0x74,0x79,0x29,0x3b,0x0a,0x0a,0x73,0x74,0x72,0x75,0x63,0x74,0x20,
    0x73,0x70,0x72,0x69,0x74,0x65,0x5f,0x70,0x61,0x72,0x61,0x6d,0x73,0x20,0x7b,0x0a,
    0x20,0x20,0x2f,0x2a,0x20,0x40,0x6f,0x66,0x66,0x73,0x65,0x74,0x28,0x30,0x29,0x20,
    0x2a,0x2f,0x0a,0x20,0x20,0x76,0x69,0x65,0x77,0x70,0x6f,0x72,0x74,0x20,0x3a,0x20,
    0x76,0x65,0x63,0x34,0x66,0x2c,0x0a,0x20,0x20,0x2f,0x2a,0x20,0x40,0x6f,0x66,0x66,
    0x73,0x65,0x74,0x28,0x31,0x36,0x29,0x20,0x2a,0x2f,0x0a,0x20,0x20,0x63,0x6c,0x69,
    0x70,0x55,0x20,0x3a,0x20,0x76,0x65,0x63,0x34,0x66,0x2c,0x0a,0x20,0x20,0x2f,0x2a,
    0x20,0x40,0x6f,0x66,0x66,0x73,0x65,0x74,0x28,0x33,0x32,0x29,0x20,0x2a,0x2f,0x0a,
    0x20,0x20,0x63,0x6c,0x69,0x70,0x56,0x20,0x3a,0x20,0x76,0x65,0x63,0x34,0x66,0x2c,
    0x0a,0x7d,0x0a,0x0a,0x76,0x61,0x72,0x3c,0x70,0x72,0x69,0x76,0x61,0x74,0x65,0x3e,
    0x20,0x63,0x6f,0x72,0x6e,0x65,0x72,0x20,0x3a,0x20,0x76,0x65,0x63,0x32,0x66,0x3b,
    0x0a,0x0a,0x76,0x61,0x72,0x3c,0x70,0x72,0x69,0x76,0x61,0x74,0x65,0x3e,0x20,0x69,
    0x4f,0x72,0x69,0x67,0x69,0x6e,0x53,0x69,0x7a,0x65,0x20,0x3a,0x20,0x76,0x65,0x63,
    0x34,0x66,0x3b,0x0a,0x0a,0x76,0x61,0x72,0x3c,0x70,0x72,0x69,0x76,0x61,0x74,0x65,
    0x3e,0x20,0x69,0x41,0x66,0x66,0x69,0x6e,0x65,0x20,0x3a,0x20,0x76,0x65,0x63,0x34,
    0x66,0x3b,0x0a,0x0a,0x40,0x62,0x69,0x6e,0x64,0x69,0x6e,0x67,0x28,0x30,0x29,0x20,
    0x40,0x67,0x72,0x6f,0x75,0x70,0x28,0x30,0x29,0x20,0x76,0x61,0x72,0x3c,0x75,0x6e,
    0x69,0x66,0x6f,0x72,0x6d,0x3e,0x20,0x78,0x5f,0x36,0x32,0x20,0x3a,0x20,0x73,0x70,
    0x72,0x69,0x74,0x65,0x5f,0x70,0x61,0x72,0x61,0x6d,0x73,0x3b,0x0a,0x0a,0x76,0x61,
    0x72,0x3c,0x70,0x72,0x69,0x76,0x61,0x74,0x65,0x3e,0x20,0x69,0x55,0x76,0x20,0x3a,
    0x20,0x76,0x65,0x63,0x34,0x66,0x3b,0x0a,0x0a,0x76,0x61,0x72,0x3c,0x70,0x72,0x69,
    0x76,0x61,0x74,0x65,0x3e,0x20,0x75,0x76,0x20,0x3a,0x20,0x76,0x65,0x63,0x32,0x66,
    0x3b,0x0a,0x0a,0x76,0x61,0x72,0x3c,0x70,0x72,0x69,0x76,0x61,0x74,0x65,0x3e,0x20,
    0x63,0x6f,0x6c,0x6f,0x72,0x20,0x3a,0x20,0x76,0x65,0x63,0x34,0x66,0x3b,0x0a,0x0a,
    0x76,0x61,0x72,0x3c,0x70,0x72,0x69,0x76,0x61,0x74,0x65,0x3e,0x20,0x69,0x43,0x6f,
    0x6c,0x6f,0x72,0x20,0x3a,0x20,0x76,0x65,0x63,0x34,0x66,0x3b,0x0a,0x0a,0x76,0x61,
    0x72,0x3c,0x70,0x72,0x69,0x76,0x61,0x74,0x65,0x3e,0x20,0x73,0x72,0x63,0x50,0x72,
    0x65,0x6d,0x75,0x6c,0x74,0x20,0x3a,0x20,0x66,0x33,0x32,0x3b,0x0a,0x0a,0x76,0x61,
    0x72,0x3c,0x70,0x72,0x69,0x76,0x61,0x74,0x65,0x3e,0x20,0x63,0x6c,0x69,0x70,0x44,
    0x69,0x73,0x74,0x61,0x6e,0x63,0x65,0x20,0x3a,0x20,0x76,0x65,0x63,0x34,0x66,0x3b,
    0x0a,0x0a,0x76,0x61,0x72,0x3c,0x70,0x72,0x69,0x76,0x61,0x74,0x65,0x3e,0x20,0x67,
    0x6c,0x5f,0x50,0x6f,0x73,0x69,0x74,0x69,0x6f,0x6e,0x20,0x3a,0x20,0x76,0x65,0x63,
    0x34,0x66,0x3b,0x0a,0x0a,0x66,0x6e,0x20,0x6d,0x61,0x69,0x6e,0x5f,0x31,0x28,0x29,
    0x20,0x7b,0x0a,0x20,0x20,0x76,0x61,0x72,0x20,0x78,0x5f,0x31,0x30,0x37,0x20,0x3a,
    0x20,0x76,0x65,0x63,0x32,0x66,0x3b,0x0a,0x20,0x20,0x6c,0x65,0x74,0x20,0x78,0x5f,
    0x31,0x32,0x20,0x3d,0x20,0x63,0x6f,0x72,0x6e,0x65,0x72,0x3b,0x0a,0x20,0x20,0x6c,
    0x65,0x74,0x20,0x78,0x5f,0x31,0x38,0x20,0x3d,0x20,0x28,0x63,0x6f,0x72,0x6e,0x65,
    0x72,0x20,0x2a,0x20,0x69,0x4f,0x72,0x69,0x67,0x69,0x6e,0x53,0x69,0x7a,0x65,0x2e,
    0x7a,0x77,0x29,0x3b,0x0a,0x20,0x20,0x6c,0x65,0x74,0x20,0x78,0x5f,0x32,0x38,0x20,
    0x3d,0x20,0x78,0x5f,0x31,0x38,0x2e,0x78,0x3b,0x0a,0x20,0x20,0x6c,0x65,0x74,0x20,
    0x78,0x5f,0x33,0x35,0x20,0x3d,0x20,0x78,0x5f,0x31,0x38,0x2e,0x79,0x3b,0x0a,0x20,
    0x20,0x6c,0x65,0x74,0x20,0x78,0x5f,0x34,0x30,0x20,0x3d,0x20,0x28,0x28,0x28,0x69,
    0x41,0x66,0x66,0x69,0x6e,0x65,0x2e,0x78,0x20,0x2a,0x20,0x78,0x5f,0x32,0x38,0x29,
    0x20,0x2b,0x20,0x28,0x69,0x41,0x66,0x66,0x69,0x6e,0x65,0x2e,0x7a,0x20,0x2a,0x20,
    0x78,0x5f,0x33,0x35,0x29,0x29,0x20,0x2b,0x20,0x69,0x4f,0x72,0x69,0x67,0x69,0x6e,
    0x53,0x69,0x7a,0x65,0x2e,0x78,0x29,0x3b,0x0a,0x20,0x20,0x6c,0x65,0x74,0x20,0x78,
    0x5f,0x35,0x35,0x20,0x3d,0x20,0x28,0x28,0x28,0x69,0x41,0x66,0x66,0x69,0x6e,0x65,
    0x2e,0x79,0x20,0x2a,0x20,0x78,0x5f,0x32,0x38,0x29,0x20,0x2b,0x20,0x28,0x69,0x41,
    0x66,0x66,0x69,0x6e,0x65,0x2e,0x77,0x20,0x2a,0x20,0x78,0x5f,0x33,0x35,0x29,0x29,
    0x20,0x2b,0x20,0x69,0x4f,0x72,0x69,0x67,0x69,0x6e,0x53,0x69,0x7a,0x65,0x2e,0x79,
    0x29,0x3b,0x0a,0x20,0x20,0x6c,0x65,0x74,0x20,0x78,0x5f,0x35,0x36,0x20,0x3d,0x20,
    0x76,0x65,0x63,0x32,0x66,0x28,0x78,0x5f,0x34,0x30,0x2c,0x20,0x78,0x5f,0x35,0x35,
    0x29,0x3b,0x0a,0x20,0x20,0x67,0x6c,0x5f,0x50,0x6f,0x73,0x69,0x74,0x69,0x6f,0x6e,
    0x20,0x3d,0x20,0x76,0x65,0x63,0x34,0x66,0x28,0x28,0x28,0x28,0x78,0x5f,0x34,0x30,
    0x20,0x2f,0x20,0x78,0x5f,0x36,0x32,0x2e,0x76,0x69,0x65,0x77,0x70,0x6f,0x72,0x74,
    0x2e,0x78,0x29,0x20,0x2a,0x20,0x32,0x2e,0x30,0x66,0x29,0x20,0x2d,0x20,0x31,0x2e,
    0x30,0x66,0x29,0x2c,0x20,0x28,0x31,0x2e,0x30,0x66,0x20,0x2d,0x20,0x28,0x28,0x78,
    0x5f,0x35,0x35,0x20,0x2f,0x20,0x78,0x5f,0x36,0x32,0x2e,0x76,0x69,0x65,0x77,0x70,
    0x6f,0x72,0x74,0x2e,0x79,0x29,0x20,0x2a,0x20,0x32,0x2e,0x30,0x66,0x29,0x29,0x2c,
    0x20,0x30,0x2e,0x30,0x66,0x2c,0x20,0x31,0x2e,0x30,0x66,0x29,0x3b,0x0a,0x20,0x20,
    0x6c,0x65,0x74,0x20,0x78,0x5f,0x39,0x39,0x20,0x3d,0x20,0x6d,0x69,0x78,0x28,0x69,
    0x55,0x76,0x2e,0x78,0x79,0x2c,0x20,0x69,0x55,0x76,0x2e,0x7a,0x77,0x2c,0x20,0x78,
    0x5f,0x31,0x32,0x29,0x3b,0x0a,0x20,0x20,0x69,0x66,0x20,0x28,0x28,0x78,0x5f,0x36,
    0x32,0x2e,0x76,0x69,0x65,0x77,0x70,0x6f,0x72,0x74,0x2e,0x7a,0x20,0x3e,0x20,0x30,
    0x2e,0x35,0x66,0x29,0x29,0x20,0x7b,0x0a,0x20,0x20,0x20,0x20,0x78,0x5f,0x31,0x30,
    0x37,0x20,0x3d,0x20,0x76,0x65,0x63,0x32,0x66,0x28,0x78,0x5f,0x39,0x39,0x2e,0x78,
    0x2c,0x20,0x28,0x31,0x2e,0x30,0x66,0x20,0x2d,0x20,0x78,0x5f,0x39,0x39,0x2e,0x79,
    0x29,0x29,0x3b,0x0a,0x20,0x20,0x7d,0x20,0x65,0x6c,0x73,0x65,0x20,0x7b,0x0a,0x20,
    0x20,0x20,0x20,0x78,0x5f,0x31,0x30,0x37,0x20,0x3d,0x20,0x78,0x5f,0x39,0x39,0x3b,
    0x0a,0x20,0x20,0x7d,0x0a,0x20,0x20,0x75,0x76,0x20,0x3d,0x20,0x78,0x5f,0x31,0x30,
    0x37,0x3b,0x0a,0x20,0x20,0x63,0x6f,0x6c,0x6f,0x72,0x20,0x3d,0x20,0x69,0x43,0x6f,
    0x6c,0x6f,0x72,0x3b,0x0a,0x20,0x20,0x73,0x72,0x63,0x50,0x72,0x65,0x6d,0x75,0x6c,
    0x74,0x20,0x3d,0x20,0x78,0x5f,0x36,0x32,0x2e,0x76,0x69,0x65,0x77,0x70,0x6f,0x72,
    0x74,0x2e,0x77,0x3b,0x0a,0x20,0x20,0x6c,0x65,0x74,0x20,0x78,0x5f,0x31,0x32,0x38,
    0x20,0x3d,0x20,0x78,0x5f,0x36,0x32,0x2e,0x63,0x6c,0x69,0x70,0x55,0x2e,0x77,0x3b,
    0x0a,0x20,0x20,0x6c,0x65,0x74,0x20,0x78,0x5f,0x31,0x33,0x30,0x20,0x3d,0x20,0x78,
    0x5f,0x36,0x32,0x2e,0x63,0x6c,0x69,0x70,0x55,0x2e,0x7a,0x3b,0x0a,0x20,0x20,0x69,
    0x66,0x20,0x28,0x28,0x78,0x5f,0x31,0x32,0x38,0x20,0x3e,0x20,0x78,0x5f,0x31,0x33,
    0x30,0x29,0x29,0x20,0x7b,0x0a,0x20,0x20,0x20,0x20,0x6c,0x65,0x74,0x20,0x78,0x5f,
    0x31,0x34,0x30,0x20,0x3d,0x20,0x64,0x6f,0x74,0x28,0x78,0x5f,0x35,0x36,0x2c,0x20,
    0x78,0x5f,0x36,0x32,0x2e,0x63,0x6c,0x69,0x70,0x55,0x2e,0x78,0x79,0x29,0x3b,0x0a,
    0x20,0x20,0x20,0x20,0x6c,0x65,0x74,0x20,0x78,0x5f,0x31,0x34,0x37,0x20,0x3d,0x20,
    0x64,0x6f,0x74,0x28,0x78,0x5f,0x35,0x36,0x2c,0x20,0x78,0x5f,0x36,0x32,0x2e,0x63,
    0x6c,0x69,0x70,0x56,0x2e,0x78,0x79,0x29,0x3b,0x0a,0x20,0x20,0x20,0x20,0x63,0x6c,
    0x69,0x70,0x44,0x69,0x73,0x74,0x61,0x6e,0x63,0x65,0x20,0x3d,0x20,0x76,0x65,0x63,
    0x34,0x66,0x28,0x28,0x78,0x5f,0x31,0x34,0x30,0x20,0x2d,0x20,0x78,0x5f,0x31,0x33,
    0x30,0x29,0x2c,0x20,0x28,0x78,0x5f,0x31,0x32,0x38,0x20,0x2d,0x20,0x78,0x5f,0x31,
    0x34,0x30,0x29,0x2c,0x20,0x28,0x78,0x5f,0x31,0x34,0x37,0x20,0x2d,0x20,0x78,0x5f,
    0x36,0x32,0x2e,0x63,0x6c,0x69,0x70,0x56,0x2e,0x7a,0x29,0x2c,0x20,0x28,0x78,0x5f,
    0x36,0x32,0x2e,0x63,0x6c,0x69,0x70,0x56,0x2e,0x77,0x20,0x2d,0x20,0x78,0x5f,0x31,
    0x34,0x37,0x29,0x29,0x3b,0x0a,0x20,0x20,0x7d,0x20,0x65,0x6c,0x73,0x65,0x20,0x7b,
    0x0a,0x20,0x20,0x20,0x20,0x63,0x6c,0x69,0x70,0x44,0x69,0x73,0x74,0x61,0x6e,0x63,
    0x65,0x20,0x3d,0x20,0x76,0x65,0x63,0x34,0x66,0x28,0x31,0x2e,0x30,0x66,0x29,0x3b,
    0x0a,0x20,0x20,0x7d,0x0a,0x20,0x20,0x72,0x65,0x74,0x75,0x72,0x6e,0x3b,0x0a,0x7d,
    0x0a,0x0a,0x73,0x74,0x72,0x75,0x63,0x74,0x20,0x6d,0x61,0x69,0x6e,0x5f,0x6f,0x75,
    0x74,0x20,0x7b,0x0a,0x20,0x20,0x40,0x62,0x75,0x69,0x6c,0x74,0x69,0x6e,0x28,0x70,
    0x6f,0x73,0x69,0x74,0x69,0x6f,0x6e,0x29,0x0a,0x20,0x20,0x67,0x6c,0x5f,0x50,0x6f,
    0x73,0x69,0x74,0x69,0x6f,0x6e,0x20,0x3a,0x20,0x76,0x65,0x63,0x34,0x66,0x2c,0x0a,
    0x20,0x20,0x40,0x6c,0x6f,0x63,0x61,0x74,0x69,0x6f,0x6e,0x28,0x30,0x29,0x0a,0x20,
    0x20,0x75,0x76,0x5f,0x31,0x20,0x3a,0x20,0x76,0x65,0x63,0x32,0x66,0x2c,0x0a,0x20,
    0x20,0x40,0x6c,0x6f,0x63,0x61,0x74,0x69,0x6f,0x6e,0x28,0x31,0x29,0x0a,0x20,0x20,
    0x63,0x6f,0x6c,0x6f,0x72,0x5f,0x31,0x20,0x3a,0x20,0x76,0x65,0x63,0x34,0x66,0x2c,
    0x0a,0x20,0x20,0x40,0x6c,0x6f,0x63,0x61,0x74,0x69,0x6f,0x6e,0x28,0x32,0x29,0x0a,
    0x20,0x20,0x73,0x72,0x63,0x50,0x72,0x65,0x6d,0x75,0x6c,0x74,0x5f,0x31,0x20,0x3a,
    0x20,0x66,0x33,0x32,0x2c,0x0a,0x20,0x20,0x40,0x6c,0x6f,0x63,0x61,0x74,0x69,0x6f,
    0x6e,0x28,0x33,0x29,0x0a,0x20,0x20,0x63,0x6c,0x69,0x70,0x44,0x69,0x73,0x74,0x61,
    0x6e,0x63,0x65,0x5f,0x31,0x20,0x3a,0x20,0x76,0x65,0x63,0x34,0x66,0x2c,0x0a,0x7d,
    0x0a,0x0a,0x40,0x76,0x65,0x72,0x74,0x65,0x78,0x0a,0x66,0x6e,0x20,0x6d,0x61,0x69,
    0x6e,0x28,0x40,0x6c,0x6f,0x63,0x61,0x74,0x69,0x6f,0x6e,0x28,0x30,0x29,0x20,0x63,
    0x6f,0x72,0x6e,0x65,0x72,0x5f,0x70,0x61,0x72,0x61,0x6d,0x20,0x3a,0x20,0x76,0x65,
    0x63,0x32,0x66,0x2c,0x20,0x40,0x6c,0x6f,0x63,0x61,0x74,0x69,0x6f,0x6e,0x28,0x32,
    0x29,0x20,0x69,0x4f,0x72,0x69,0x67,0x69,0x6e,0x53,0x69,0x7a,0x65,0x5f,0x70,0x61,
    0x72,0x61,0x6d,0x20,0x3a,0x20,0x76,0x65,0x63,0x34,0x66,0x2c,0x20,0x40,0x6c,0x6f,
    0x63,0x61,0x74,0x69,0x6f,0x6e,0x28,0x31,0x29,0x20,0x69,0x41,0x66,0x66,0x69,0x6e,
    0x65,0x5f,0x70,0x61,0x72,0x61,0x6d,0x20,0x3a,0x20,0x76,0x65,0x63,0x34,0x66,0x2c,
    0x20,0x40,0x6c,0x6f,0x63,0x61,0x74,0x69,0x6f,0x6e,0x28,0x33,0x29,0x20,0x69,0x55,
    0x76,0x5f,0x70,0x61,0x72,0x61,0x6d,0x20,0x3a,0x20,0x76,0x65,0x63,0x34,0x66,0x2c,
    0x20,0x40,0x6c,0x6f,0x63,0x61,0x74,0x69,0x6f,0x6e,0x28,0x34,0x29,0x20,0x69,0x43,
    0x6f,0x6c,0x6f,0x72,0x5f,0x70,0x61,0x72,0x61,0x6d,0x20,0x3a,0x20,0x76,0x65,0x63,
    0x34,0x66,0x29,0x20,0x2d,0x3e,0x20,0x6d,0x61,0x69,0x6e,0x5f,0x6f,0x75,0x74,0x20,
    0x7b,0x0a,0x20,0x20,0x63,0x6f,0x72,0x6e,0x65,0x72,0x20,0x3d,0x20,0x63,0x6f,0x72,
    0x6e,0x65,0x72,0x5f,0x70,0x61,0x72,0x61,0x6d,0x3b,0x0a,0x20,0x20,0x69,0x4f,0x72,
    0x69,0x67,0x69,0x6e,0x53,0x69,0x7a,0x65,0x20,0x3d,0x20,0x69,0x4f,0x72,0x69,0x67,
    0x69,0x6e,0x53,0x69,0x7a,0x65,0x5f,0x70,0x61,0x72,0x61,0x6d,0x3b,0x0a,0x20,0x20,
    0x69,0x41,0x66,0x66,0x69,0x6e,0x65,0x20,0x3d,0x20,0x69,0x41,0x66,0x66,0x69,0x6e,
    0x65,0x5f,0x70,0x61,0x72,0x61,0x6d,0x3b,0x0a,0x20,0x20,0x69,0x55,0x76,0x20,0x3d,
    0x20,0x69,0x55,0x76,0x5f,0x70,0x61,0x72,0x61,0x6d,0x3b,0x0a,0x20,0x20,0x69,0x43,
    0x6f,0x6c,0x6f,0x72,0x20,0x3d,0x20,0x69,0x43,0x6f,0x6c,0x6f,0x72,0x5f,0x70,0x61,
    0x72,0x61,0x6d,0x3b,0x0a,0x20,0x20,0x6d,0x61,0x69,0x6e,0x5f,0x31,0x28,0x29,0x3b,
    0x0a,0x20,0x20,0x72,0x65,0x74,0x75,0x72,0x6e,0x20,0x6d,0x61,0x69,0x6e,0x5f,0x6f,
    0x75,0x74,0x28,0x67,0x6c,0x5f,0x50,0x6f,0x73,0x69,0x74,0x69,0x6f,0x6e,0x2c,0x20,
    0x75,0x76,0x2c,0x20,0x63,0x6f,0x6c,0x6f,0x72,0x2c,0x20,0x73,0x72,0x63,0x50,0x72,
    0x65,0x6d,0x75,0x6c,0x74,0x2c,0x20,0x63,0x6c,0x69,0x70,0x44,0x69,0x73,0x74,0x61,
    0x6e,0x63,0x65,0x29,0x3b,0x0a,0x7d,0x0a,0x00,
};
/*
    diagnostic(off, derivative_uniformity);

    var<private> clipDistance : vec4f;

    @binding(0) @group(1) var spriteTex : texture_2d<f32>;

    @binding(32) @group(1) var spriteSmp : sampler;

    var<private> uv : vec2f;

    var<private> color : vec4f;

    var<private> srcPremult : f32;

    var<private> frag_color : vec4f;

    fn main_1() {
      if ((min(min(clipDistance.x, clipDistance.y), min(clipDistance.z, clipDistance.w)) < 0.0f)) {
        discard;
      }
      let x_48 = uv;
      let x_49 = textureSample(spriteTex, spriteSmp, x_48);
      let x_52 = (x_49 * color);
      let x_55 = x_52.xyz;
      let x_62 = srcPremult;
      let x_64 = mix(x_55, (x_55 * color.w), vec3f(srcPremult));
      var x_92_1 = x_52;
      x_92_1.x = x_64.x;
      let x_92 = x_92_1;
      var x_94_1 = x_92;
      x_94_1.y = x_64.y;
      let x_94 = x_94_1;
      var x_96_1 = x_94;
      x_96_1.z = x_64.z;
      let x_76 = x_52.w;
      let x_77 = (x_96_1.xyz * x_76);
      frag_color = mix(vec4f(x_77.x, x_77.y, x_77.z, x_76), x_96_1, vec4f(x_62));
      return;
    }

    struct main_out {
      @location(0)
      frag_color_1 : vec4f,
    }

    @fragment
    fn main(@location(3) clipDistance_param : vec4f, @location(0) uv_param : vec2f, @location(1) color_param : vec4f, @location(2) srcPremult_param : f32) -> main_out {
      clipDistance = clipDistance_param;
      uv = uv_param;
      color = color_param;
      srcPremult = srcPremult_param;
      main_1();
      return main_out(frag_color);
    }
*/
static const uint8_t spriteFs_source_wgsl[1346] = {
    0x64,0x69,0x61,0x67,0x6e,0x6f,0x73,0x74,0x69,0x63,0x28,0x6f,0x66,0x66,0x2c,0x20,
    0x64,0x65,0x72,0x69,0x76,0x61,0x74,0x69,0x76,0x65,0x5f,0x75,0x6e,0x69,0x66,0x6f,
    0x72,0x6d,0x69,0x74,0x79,0x29,0x3b,0x0a,0x0a,0x76,0x61,0x72,0x3c,0x70,0x72,0x69,
    0x76,0x61,0x74,0x65,0x3e,0x20,0x63,0x6c,0x69,0x70,0x44,0x69,0x73,0x74,0x61,0x6e,
    0x63,0x65,0x20,0x3a,0x20,0x76,0x65,0x63,0x34,0x66,0x3b,0x0a,0x0a,0x40,0x62,0x69,
    0x6e,0x64,0x69,0x6e,0x67,0x28,0x30,0x29,0x20,0x40,0x67,0x72,0x6f,0x75,0x70,0x28,
    0x31,0x29,0x20,0x76,0x61,0x72,0x20,0x73,0x70,0x72,0x69,0x74,0x65,0x54,0x65,0x78,
    0x20,0x3a,0x20,0x74,0x65,0x78,0x74,0x75,0x72,0x65,0x5f,0x32,0x64,0x3c,0x66,0x33,
    0x32,0x3e,0x3b,0x0a,0x0a,0x40,0x62,0x69,0x6e,0x64,0x69,0x6e,0x67,0x28,0x33,0x32,
    0x29,0x20,0x40,0x67,0x72,0x6f,0x75,0x70,0x28,0x31,0x29,0x20,0x76,0x61,0x72,0x20,
    0x73,0x70,0x72,0x69,0x74,0x65,0x53,0x6d,0x70,0x20,0x3a,0x20,0x73,0x61,0x6d,0x70,
    0x6c,0x65,0x72,0x3b,0x0a,0x0a,0x76,0x61,0x72,0x3c,0x70,0x72,0x69,0x76,0x61,0x74,
    0x65,0x3e,0x20,0x75,0x76,0x20,0x3a,0x20,0x76,0x65,0x63,0x32,0x66,0x3b,0x0a,0x0a,
    0x76,0x61,0x72,0x3c,0x70,0x72,0x69,0x76,0x61,0x74,0x65,0x3e,0x20,0x63,0x6f,0x6c,
    0x6f,0x72,0x20,0x3a,0x20,0x76,0x65,0x63,0x34,0x66,0x3b,0x0a,0x0a,0x76,0x61,0x72,
    0x3c,0x70,0x72,0x69,0x76,0x61,0x74,0x65,0x3e,0x20,0x73,0x72,0x63,0x50,0x72,0x65,
    0x6d,0x75,0x6c,0x74,0x20,0x3a,0x20,0x66,0x33,0x32,0x3b,0x0a,0x0a,0x76,0x61,0x72,
    0x3c,0x70,0x72,0x69,0x76,0x61,0x74,0x65,0x3e,0x20,0x66,0x72,0x61,0x67,0x5f,0x63,
    0x6f,0x6c,0x6f,0x72,0x20,0x3a,0x20,0x76,0x65,0x63,0x34,0x66,0x3b,0x0a,0x0a,0x66,
    0x6e,0x20,0x6d,0x61,0x69,0x6e,0x5f,0x31,0x28,0x29,0x20,0x7b,0x0a,0x20,0x20,0x69,
    0x66,0x20,0x28,0x28,0x6d,0x69,0x6e,0x28,0x6d,0x69,0x6e,0x28,0x63,0x6c,0x69,0x70,
    0x44,0x69,0x73,0x74,0x61,0x6e,0x63,0x65,0x2e,0x78,0x2c,0x20,0x63,0x6c,0x69,0x70,
    0x44,0x69,0x73,0x74,0x61,0x6e,0x63,0x65,0x2e,0x79,0x29,0x2c,0x20,0x6d,0x69,0x6e,
    0x28,0x63,0x6c,0x69,0x70,0x44,0x69,0x73,0x74,0x61,0x6e,0x63,0x65,0x2e,0x7a,0x2c,
    0x20,0x63,0x6c,0x69,0x70,0x44,0x69,0x73,0x74,0x61,0x6e,0x63,0x65,0x2e,0x77,0x29,
    0x29,0x20,0x3c,0x20,0x30,0x2e,0x30,0x66,0x29,0x29,0x20,0x7b,0x0a,0x20,0x20,0x20,
    0x20,0x64,0x69,0x73,0x63,0x61,0x72,0x64,0x3b,0x0a,0x20,0x20,0x7d,0x0a,0x20,0x20,
    0x6c,0x65,0x74,0x20,0x78,0x5f,0x34,0x38,0x20,0x3d,0x20,0x75,0x76,0x3b,0x0a,0x20,
    0x20,0x6c,0x65,0x74,0x20,0x78,0x5f,0x34,0x39,0x20,0x3d,0x20,0x74,0x65,0x78,0x74,
    0x75,0x72,0x65,0x53,0x61,0x6d,0x70,0x6c,0x65,0x28,0x73,0x70,0x72,0x69,0x74,0x65,
    0x54,0x65,0x78,0x2c,0x20,0x73,0x70,0x72,0x69,0x74,0x65,0x53,0x6d,0x70,0x2c,0x20,
    0x78,0x5f,0x34,0x38,0x29,0x3b,0x0a,0x20,0x20,0x6c,0x65,0x74,0x20,0x78,0x5f,0x35,
    0x32,0x20,0x3d,0x20,0x28,0x78,0x5f,0x34,0x39,0x20,0x2a,0x20,0x63,0x6f,0x6c,0x6f,
    0x72,0x29,0x3b,0x0a,0x20,0x20,0x6c,0x65,0x74,0x20,0x78,0x5f,0x35,0x35,0x20,0x3d,
    0x20,0x78,0x5f,0x35,0x32,0x2e,0x78,0x79,0x7a,0x3b,0x0a,0x20,0x20,0x6c,0x65,0x74,
    0x20,0x78,0x5f,0x36,0x32,0x20,0x3d,0x20,0x73,0x72,0x63,0x50,0x72,0x65,0x6d,0x75,
    0x6c,0x74,0x3b,0x0a,0x20,0x20,0x6c,0x65,0x74,0x20,0x78,0x5f,0x36,0x34,0x20,0x3d,
    0x20,0x6d,0x69,0x78,0x28,0x78,0x5f,0x35,0x35,0x2c,0x20,0x28,0x78,0x5f,0x35,0x35,
    0x20,0x2a,0x20,0x63,0x6f,0x6c,0x6f,0x72,0x2e,0x77,0x29,0x2c,0x20,0x76,0x65,0x63,
    0x33,0x66,0x28,0x73,0x72,0x63,0x50,0x72,0x65,0x6d,0x75,0x6c,0x74,0x29,0x29,0x3b,
    0x0a,0x20,0x20,0x76,0x61,0x72,0x20,0x78,0x5f,0x39,0x32,0x5f,0x31,0x20,0x3d,0x20,
    0x78,0x5f,0x35,0x32,0x3b,0x0a,0x20,0x20,0x78,0x5f,0x39,0x32,0x5f,0x31,0x2e,0x78,
    0x20,0x3d,0x20,0x78,0x5f,0x36,0x34,0x2e,0x78,0x3b,0x0a,0x20,0x20,0x6c,0x65,0x74,
    0x20,0x78,0x5f,0x39,0x32,0x20,0x3d,0x20,0x78,0x5f,0x39,0x32,0x5f,0x31,0x3b,0x0a,
    0x20,0x20,0x76,0x61,0x72,0x20,0x78,0x5f,0x39,0x34,0x5f,0x31,0x20,0x3d,0x20,0x78,
    0x5f,0x39,0x32,0x3b,0x0a,0x20,0x20,0x78,0x5f,0x39,0x34,0x5f,0x31,0x2e,0x79,0x20,
    0x3d,0x20,0x78,0x5f,0x36,0x34,0x2e,0x79,0x3b,0x0a,0x20,0x20,0x6c,0x65,0x74,0x20,
    0x78,0x5f,0x39,0x34,0x20,0x3d,0x20,0x78,0x5f,0x39,0x34,0x5f,0x31,0x3b,0x0a,0x20,
    0x20,0x76,0x61,0x72,0x20,0x78,0x5f,0x39,0x36,0x5f,0x31,0x20,0x3d,0x20,0x78,0x5f,
    0x39,0x34,0x3b,0x0a,0x20,0x20,0x78,0x5f,0x39,0x36,0x5f,0x31,0x2e,0x7a,0x20,0x3d,
    0x20,0x78,0x5f,0x36,0x34,0x2e,0x7a,0x3b,0x0a,0x20,0x20,0x6c,0x65,0x74,0x20,0x78,
    0x5f,0x37,0x36,0x20,0x3d,0x20,0x78,0x5f,0x35,0x32,0x2e,0x77,0x3b,0x0a,0x20,0x20,
    0x6c,0x65,0x74,0x20,0x78,0x5f,0x37,0x37,0x20,0x3d,0x20,0x28,0x78,0x5f,0x39,0x36,
    0x5f,0x31,0x2e,0x78,0x79,0x7a,0x20,0x2a,0x20,0x78,0x5f,0x37,0x36,0x29,0x3b,0x0a,
    0x20,0x20,0x66,0x72,0x61,0x67,0x5f,0x63,0x6f,0x6c,0x6f,0x72,0x20,0x3d,0x20,0x6d,
    0x69,0x78,0x28,0x76,0x65,0x63,0x34,0x66,0x28,0x78,0x5f,0x37,0x37,0x2e,0x78,0x2c,
    0x20,0x78,0x5f,0x37,0x37,0x2e,0x79,0x2c,0x20,0x78,0x5f,0x37,0x37,0x2e,0x7a,0x2c,
    0x20,0x78,0x5f,0x37,0x36,0x29,0x2c,0x20,0x78,0x5f,0x39,0x36,0x5f,0x31,0x2c,0x20,
    0x76,0x65,0x63,0x34,0x66,0x28,0x78,0x5f,0x36,0x32,0x29,0x29,0x3b,0x0a,0x20,0x20,
    0x72,0x65,0x74,0x75,0x72,0x6e,0x3b,0x0a,0x7d,0x0a,0x0a,0x73,0x74,0x72,0x75,0x63,
    0x74,0x20,0x6d,0x61,0x69,0x6e,0x5f,0x6f,0x75,0x74,0x20,0x7b,0x0a,0x20,0x20,0x40,
    0x6c,0x6f,0x63,0x61,0x74,0x69,0x6f,0x6e,0x28,0x30,0x29,0x0a,0x20,0x20,0x66,0x72,
    0x61,0x67,0x5f,0x63,0x6f,0x6c,0x6f,0x72,0x5f,0x31,0x20,0x3a,0x20,0x76,0x65,0x63,
    0x34,0x66,0x2c,0x0a,0x7d,0x0a,0x0a,0x40,0x66,0x72,0x61,0x67,0x6d,0x65,0x6e,0x74,
    0x0a,0x66,0x6e,0x20,0x6d,0x61,0x69,0x6e,0x28,0x40,0x6c,0x6f,0x63,0x61,0x74,0x69,
    0x6f,0x6e,0x28,0x33,0x29,0x20,0x63,0x6c,0x69,0x70,0x44,0x69,0x73,0x74,0x61,0x6e,
    0x63,0x65,0x5f,0x70,0x61,0x72,0x61,0x6d,0x20,0x3a,0x20,0x76,0x65,0x63,0x34,0x66,
    0x2c,0x20,0x40,0x6c,0x6f,0x63,0x61,0x74,0x69,0x6f,0x6e,0x28,0x30,0x29,0x20,0x75,
    0x76,0x5f,0x70,0x61,0x72,0x61,0x6d,0x20,0x3a,0x20,0x76,0x65,0x63,0x32,0x66,0x2c,
    0x20,0x40,0x6c,0x6f,0x63,0x61,0x74,0x69,0x6f,0x6e,0x28,0x31,0x29,0x20,0x63,0x6f,
    0x6c,0x6f,0x72,0x5f,0x70,0x61,0x72,0x61,0x6d,0x20,0x3a,0x20,0x76,0x65,0x63,0x34,
    0x66,0x2c,0x20,0x40,0x6c,0x6f,0x63,0x61,0x74,0x69,0x6f,0x6e,0x28,0x32,0x29,0x20,
    0x73,0x72,0x63,0x50,0x72,0x65,0x6d,0x75,0x6c,0x74,0x5f,0x70,0x61,0x72,0x61,0x6d,
    0x20,0x3a,0x20,0x66,0x33,0x32,0x29,0x20,0x2d,0x3e,0x20,0x6d,0x61,0x69,0x6e,0x5f,
    0x6f,0x75,0x74,0x20,0x7b,0x0a,0x20,0x20,0x63,0x6c,0x69,0x70,0x44,0x69,0x73,0x74,
    0x61,0x6e,0x63,0x65,0x20,0x3d,0x20,0x63,0x6c,0x69,0x70,0x44,0x69,0x73,0x74,0x61,
    0x6e,0x63,0x65,0x5f,0x70,0x61,0x72,0x61,0x6d,0x3b,0x0a,0x20,0x20,0x75,0x76,0x20,
    0x3d,0x20,0x75,0x76,0x5f,0x70,0x61,0x72,0x61,0x6d,0x3b,0x0a,0x20,0x20,0x63,0x6f,
    0x6c,0x6f,0x72,0x20,0x3d,0x20,0x63,0x6f,0x6c,0x6f,0x72,0x5f,0x70,0x61,0x72,0x61,
    0x6d,0x3b,0x0a,0x20,0x20,0x73,0x72,0x63,0x50,0x72,0x65,0x6d,0x75,0x6c,0x74,0x20,
    0x3d,0x20,0x73,0x72,0x63,0x50,0x72,0x65,0x6d,0x75,0x6c,0x74,0x5f,0x70,0x61,0x72,
    0x61,0x6d,0x3b,0x0a,0x20,0x20,0x6d,0x61,0x69,0x6e,0x5f,0x31,0x28,0x29,0x3b,0x0a,
    0x20,0x20,0x72,0x65,0x74,0x75,0x72,0x6e,0x20,0x6d,0x61,0x69,0x6e,0x5f,0x6f,0x75,
    0x74,0x28,0x66,0x72,0x61,0x67,0x5f,0x63,0x6f,0x6c,0x6f,0x72,0x29,0x3b,0x0a,0x7d,
    0x0a,0x00,
};
/*
    diagnostic(off, derivative_uniformity);

    struct ui_params {
      /_ @offset(0) _/
      viewport : vec4f,
      /_ @offset(16) _/
      clipU : vec4f,
      /_ @offset(32) _/
      clipV : vec4f,
    }

    var<private> iAffine : vec4f;

    var<private> iParams0 : vec4f;

    var<private> iOriginSize : vec4f;

    var<private> corner : vec2f;

    @binding(0) @group(0) var<uniform> x_112 : ui_params;

    var<private> iUvRadii : vec4f;

    var<private> vLocalHalf : vec4f;

    var<private> vUvAa : vec4f;

    var<private> vRadii : vec4f;

    var<private> vBorders : vec4f;

    var<private> iBorders : vec4f;

    var<private> vParams1 : vec4f;

    var<private> iParams1 : vec4f;

    var<private> vFill : vec4f;

    var<private> iColorFill : vec4f;

    var<private> vBorder : vec4f;

    var<private> iColorBorder : vec4f;

    var<private> vExtra : vec4f;

    var<private> iColorExtra : vec4f;

    var<private> clipDistance : vec4f;

    var<private> gl_Position : vec4f;

    fn main_1() {
      var x_35 : f32;
      var x_42 : f32;
      var x_144 : vec2f;
      var x_171 : vec2f;
      var x_24 : f32;
      var x_142 : bool;
      var x_143 : bool;
      x_24 = sqrt((length(iAffine.xy) * length(iAffine.zw)));
      let x_31 = iParams0.x;
      if ((x_31 == 2.0f)) {
        x_35 = 0.0f;
      } else {
        if ((x_24 > 0.0f)) {
          x_42 = (1.0f / x_24);
        } else {
          x_42 = 0.0f;
        }
        x_35 = x_42;
      }
      let x_50 = x_35;
      let x_54 = iOriginSize;
      let x_55 = iOriginSize.zw;
      let x_68 = ((corner * (x_55 + vec2f((2.0f * x_35)))) - vec2f(x_35));
      let x_73 = x_68.x;
      let x_80 = x_68.y;
      let x_85 = (((iAffine.x * x_73) + (iAffine.z * x_80)) + iOriginSize.x);
      let x_100 = (((iAffine.y * x_73) + (iAffine.w * x_80)) + iOriginSize.y);
      let x_101 = vec2f(x_85, x_100);
      gl_Position = vec4f((((x_85 / x_112.viewport.x) * 2.0f) - 1.0f), (1.0f - ((x_100 / x_112.viewport.y) * 2.0f)), 0.0f, 1.0f);
      let x_131 = iUvRadii;
      let x_132 = iUvRadii.xy;
      let x_134 = iUvRadii.zw;
      let x_137 = (x_54.z > 0.0f);
      x_143 = x_137;
      if (x_137) {
        x_142 = (x_54.w > 0.0f);
        x_143 = x_142;
      }
      if (x_143) {
        x_144 = (x_68 / x_55);
      } else {
        x_144 = vec2f();
      }
      let x_153 = mix(x_132, x_134, x_144);
      let x_158 = (x_55 * 0.5f);
      let x_159 = (x_68 - x_158);
      vLocalHalf = vec4f(x_159.x, x_159.y, x_158.x, x_158.y);
      if ((x_112.viewport.z > 0.5f)) {
        x_171 = vec2f(x_153.x, (1.0f - x_153.y));
      } else {
        x_171 = x_153;
      }
      vUvAa = vec4f(x_171.x, x_171.y, x_50, x_31);
      vRadii = x_131;
      vBorders = iBorders;
      vParams1 = iParams1;
      vFill = iColorFill;
      vBorder = iColorBorder;
      vExtra = iColorExtra;
      let x_208 = x_112.clipU.w;
      let x_210 = x_112.clipU.z;
      if ((x_208 > x_210)) {
        let x_220 = dot(x_101, x_112.clipU.xy);
        let x_227 = dot(x_101, x_112.clipV.xy);
        clipDistance = vec4f((x_220 - x_210), (x_208 - x_220), (x_227 - x_112.clipV.z), (x_112.clipV.w - x_227));
      } else {
        clipDistance = vec4f(1.0f);
      }
      return;
    }

    struct main_out {
      @builtin(position)
      gl_Position : vec4f,
      @location(0)
      vLocalHalf_1 : vec4f,
      @location(1)
      vUvAa_1 : vec4f,
      @location(2)
      vRadii_1 : vec4f,
      @location(3)
      vBorders_1 : vec4f,
      @location(4)
      vParams1_1 : vec4f,
      @location(5)
      vFill_1 : vec4f,
      @location(6)
      vBorder_1 : vec4f,
      @location(7)
      vExtra_1 : vec4f,
      @location(8)
      clipDistance_1 : vec4f,
    }

    @vertex
    fn main(@location(1) iAffine_param : vec4f, @location(5) iParams0_param : vec4f, @location(2) iOriginSize_param : vec4f, @location(0) corner_param : vec2f, @location(3) iUvRadii_param : vec4f, @location(4) iBorders_param : vec4f, @location(6) iParams1_param : vec4f, @location(7) iColorFill_param : vec4f, @location(8) iColorBorder_param : vec4f, @location(9) iColorExtra_param : vec4f) -> main_out {
      iAffine = iAffine_param;
      iParams0 = iParams0_param;
      iOriginSize = iOriginSize_param;
      corner = corner_param;
      iUvRadii = iUvRadii_param;
      iBorders = iBorders_param;
      iParams1 = iParams1_param;
      iColorFill = iColorFill_param;
      iColorBorder = iColorBorder_param;
      iColorExtra = iColorExtra_param;
      main_1();
      return main_out(gl_Position, vLocalHalf, vUvAa, vRadii, vBorders, vParams1, vFill, vBorder, vExtra, clipDistance);
    }
*/
static const uint8_t uiVs_source_wgsl[4080] = {
    0x64,0x69,0x61,0x67,0x6e,0x6f,0x73,0x74,0x69,0x63,0x28,0x6f,0x66,0x66,0x2c,0x20,
    0x64,0x65,0x72,0x69,0x76,0x61,0x74,0x69,0x76,0x65,0x5f,0x75,0x6e,0x69,0x66,0x6f,
    0x72,0x6d,0x69,0x74,0x79,0x29,0x3b,0x0a,0x0a,0x73,0x74,0x72,0x75,0x63,0x74,0x20,
    0x75,0x69,0x5f,0x70,0x61,0x72,0x61,0x6d,0x73,0x20,0x7b,0x0a,0x20,0x20,0x2f,0x2a,
    0x20,0x40,0x6f,0x66,0x66,0x73,0x65,0x74,0x28,0x30,0x29,0x20,0x2a,0x2f,0x0a,0x20,
    0x20,0x76,0x69,0x65,0x77,0x70,0x6f,0x72,0x74,0x20,0x3a,0x20,0x76,0x65,0x63,0x34,
    0x66,0x2c,0x0a,0x20,0x20,0x2f,0x2a,0x20,0x40,0x6f,0x66,0x66,0x73,0x65,0x74,0x28,
    0x31,0x36,0x29,0x20,0x2a,0x2f,0x0a,0x20,0x20,0x63,0x6c,0x69,0x70,0x55,0x20,0x3a,
    0x20,0x76,0x65,0x63,0x34,0x66,0x2c,0x0a,0x20,0x20,0x2f,0x2a,0x20,0x40,0x6f,0x66,
    0x66,0x73,0x65,0x74,0x28,0x33,0x32,0x29,0x20,0x2a,0x2f,0x0a,0x20,0x20,0x63,0x6c,
    0x69,0x70,0x56,0x20,0x3a,0x20,0x76,0x65,0x63,0x34,0x66,0x2c,0x0a,0x7d,0x0a,0x0a,
    0x76,0x61,0x72,0x3c,0x70,0x72,0x69,0x76,0x61,0x74,0x65,0x3e,0x20,0x69,0x41,0x66,
    0x66,0x69,0x6e,0x65,0x20,0x3a,0x20,0x76,0x65,0x63,0x34,0x66,0x3b,0x0a,0x0a,0x76,
    0x61,0x72,0x3c,0x70,0x72,0x69,0x76,0x61,0x74,0x65,0x3e,0x20,0x69,0x50,0x61,0x72,
    0x61,0x6d,0x73,0x30,0x20,0x3a,0x20,0x76,0x65,0x63,0x34,0x66,0x3b,0x0a,0x0a,0x76,
    0x61,0x72,0x3c,0x70,0x72,0x69,0x76,0x61,0x74,0x65,0x3e,0x20,0x69,0x4f,0x72,0x69,
    0x67,0x69,0x6e,0x53,0x69,0x7a,0x65,0x20,0x3a,0x20,0x76,0x65,0x63,0x34,0x66,0x3b,
    0x0a,0x0a,0x76,0x61,0x72,0x3c,0x70,0x72,0x69,0x76,0x61,0x74,0x65,0x3e,0x20,0x63,
    0x6f,0x72,0x6e,0x65,0x72,0x20,0x3a,0x20,0x76,0x65,0x63,0x32,0x66,0x3b,0x0a,0x0a,
    0x40,0x62,0x69,0x6e,0x64,0x69,0x6e,0x67,0x28,0x30,0x29,0x20,0x40,0x67,0x72,0x6f,
    0x75,0x70,0x28,0x30,0x29,0x20,0x76,0x61,0x72,0x3c,0x75,0x6e,0x69,0x66,0x6f,0x72,
    0x6d,0x3e,0x20,0x78,0x5f,0x31,0x31,0x32,0x20,0x3a,0x20,0x75,0x69,0x5f,0x70,0x61,
    0x72,0x61,0x6d,0x73,0x3b,0x0a,0x0a,0x76,0x61,0x72,0x3c,0x70,0x72,0x69,0x76,0x61,
    0x74,0x65,0x3e,0x20,0x69,0x55,0x76,0x52,0x61,0x64,0x69,0x69,0x20,0x3a,0x20,0x76,
    0x65,0x63,0x34,0x66,0x3b,0x0a,0x0a,0x76,0x61,0x72,0x3c,0x70,0x72,0x69,0x76,0x61,
    0x74,0x65,0x3e,0x20,0x76,0x4c,0x6f,0x63,0x61,0x6c,0x48,0x61,0x6c,0x66,0x20,0x3a,
    0x20,0x76,0x65,0x63,0x34,0x66,0x3b,0x0a,0x0a,0x76,0x61,0x72,0x3c,0x70,0x72,0x69,
    0x76,0x61,0x74,0x65,0x3e,0x20,0x76,0x55,0x76,0x41,0x61,0x20,0x3a,0x20,0x76,0x65,
    0x63,0x34,0x66,0x3b,0x0a,0x0a,0x76,0x61,0x72,0x3c,0x70,0x72,0x69,0x76,0x61,0x74,
    0x65,0x3e,0x20,0x76,0x52,0x61,0x64,0x69,0x69,0x20,0x3a,0x20,0x76,0x65,0x63,0x34,
    0x66,0x3b,0x0a,0x0a,0x76,0x61,0x72,0x3c,0x70,0x72,0x69,0x76,0x61,0x74,0x65,0x3e,
    0x20,0x76,0x42,0x6f,0x72,0x64,0x65,0x72,0x73,0x20,0x3a,0x20,0x76,0x65,0x63,0x34,
    0x66,0x3b,0x0a,0x0a,0x76,0x61,0x72,0x3c,0x70,0x72,0x69,0x76,0x61,0x74,0x65,0x3e,
    0x20,0x69,0x42,0x6f,0x72,0x64,0x65,0x72,0x73,0x20,0x3a,0x20,0x76,0x65,0x63,0x34,
    0x66,0x3b,0x0a,0x0a,0x76,0x61,0x72,0x3c,0x70,0x72,0x69,0x76,0x61,0x74,0x65,0x3e,
    0x20,0x76,0x50,0x61,0x72,0x61,0x6d,0x73,0x31,0x20,0x3a,0x20,0x76,0x65,0x63,0x34,
    0x66,0x3b,0x0a,0x0a,0x76,0x61,0x72,0x3c,0x70,0x72,0x69,0x76,0x61,0x74,0x65,0x3e,
    0x20,0x69,0x50,0x61,0x72,0x61,0x6d,0x73,0x31,0x20,0x3a,0x20,0x76,0x65,0x63,0x34,
    0x66,0x3b,0x0a,0x0a,0x76,0x61,0x72,0x3c,0x70,0x72,0x69,0x76,0x61,0x74,0x65,0x3e,
    0x20,0x76,0x46,0x69,0x6c,0x6c,0x20,0x3a,0x20,0x76,0x65,0x63,0x34,0x66,0x3b,0x0a,
    0x0a,0x76,0x61,0x72,0x3c,0x70,0x72,0x69,0x76,0x61,0x74,0x65,0x3e,0x20,0x69,0x43,
    0x6f,0x6c,0x6f,0x72,0x46,0x69,0x6c,0x6c,0x20,0x3a,0x20,0x76,0x65,0x63,0x34,0x66,
    0x3b,0x0a,0x0a,0x76,0x61,0x72,0x3c,0x70,0x72,0x69,0x76,0x61,0x74,0x65,0x3e,0x20,
    0x76,0x42,0x6f,0x72,0x64,0x65,0x72,0x20,0x3a,0x20,0x76,0x65,0x63,0x34,0x66,0x3b,
    0x0a,0x0a,0x76,0x61,0x72,0x3c,0x70,0x72,0x69,0x76,0x61,0x74,0x65,0x3e,0x20,0x69,
    0x43,0x6f,0x6c,0x6f,0x72,0x42,0x6f,0x72,0x64,0x65,0x72,0x20,0x3a,0x20,0x76,0x65,
    0x63,0x34,0x66,0x3b,0x0a,0x0a,0x76,0x61,0x72,0x3c,0x70,0x72,0x69,0x76,0x61,0x74,
    0x65,0x3e,0x20,0x76,0x45,0x78,0x74,0x72,0x61,0x20,0x3a,0x20,0x76,0x65,0x63,0x34,
    0x66,0x3b,0x0a,0x0a,0x76,0x61,0x72,0x3c,0x70,0x72,0x69,0x76,0x61,0x74,0x65,0x3e,
    0x20,0x69,0x43,0x6f,0x6c,0x6f,0x72,0x45,0x78,0x74,0x72,0x61,0x20,0x3a,0x20,0x76,
    0x65,0x63,0x34,0x66,0x3b,0x0a,0x0a,0x76,0x61,0x72,0x3c,0x70,0x72,0x69,0x76,0x61,
    0x74,0x65,0x3e,0x20,0x63,0x6c,0x69,0x70,0x44,0x69,0x73,0x74,0x61,0x6e,0x63,0x65,
    0x20,0x3a,0x20,0x76,0x65,0x63,0x34,0x66,0x3b,0x0a,0x0a,0x76,0x61,0x72,0x3c,0x70,
    0x72,0x69,0x76,0x61,0x74,0x65,0x3e,0x20,0x67,0x6c,0x5f,0x50,0x6f,0x73,0x69,0x74,
    0x69,0x6f,0x6e,0x20,0x3a,0x20,0x76,0x65,0x63,0x34,0x66,0x3b,0x0a,0x0a,0x66,0x6e,
    0x20,0x6d,0x61,0x69,0x6e,0x5f,0x31,0x28,0x29,0x20,0x7b,0x0a,0x20,0x20,0x76,0x61,
    0x72,0x20,0x78,0x5f,0x33,0x35,0x20,0x3a,0x20,0x66,0x33,0x32,0x3b,0x0a,0x20,0x20,
    0x76,0x61,0x72,0x20,0x78,0x5f,0x34,0x32,0x20,0x3a,0x20,0x66,0x33,0x32,0x3b,0x0a,
    0x20,0x20,0x76,0x61,0x72,0x20,0x78,0x5f,0x31,0x34,0x34,0x20,0x3a,0x20,0x76,0x65,
    0x63,0x32,0x66,0x3b,0x0a,0x20,0x20,0x76,0x61,0x72,0x20,0x78,0x5f,0x31,0x37,0x31,
    0x20,0x3a,0x20,0x76,0x65,0x63,0x32,0x66,0x3b,0x0a,0x20,0x20,0x76,0x61,0x72,0x20,
    0x78,0x5f,0x32,0x34,0x20,0x3a,0x20,0x66,0x33,0x32,0x3b,0x0a,0x20,0x20,0x76,0x61,
    0x72,0x20,0x78,0x5f,0x31,0x34,0x32,0x20,0x3a,0x20,0x62,0x6f,0x6f,0x6c,0x3b,0x0a,
    0x20,0x20,0x76,0x61,0x72,0x20,0x78,0x5f,0x31,0x34,0x33,0x20,0x3a,0x20,0x62,0x6f,
    0x6f,0x6c,0x3b,0x0a,0x20,0x20,0x78,0x5f,0x32,0x34,0x20,0x3d,0x20,0x73,0x71,0x72,
    0x74,0x28,0x28,0x6c,0x65,0x6e,0x67,0x74,0x68,0x28,0x69,0x41,0x66,0x66,0x69,0x6e,
    0x65,0x2e,0x78,0x79,0x29,0x20,0x2a,0x20,0x6c,0x65,0x6e,0x67,0x74,0x68,0x28,0x69,
    0x41,0x66,0x66,0x69,0x6e,0x65,0x2e,0x7a,0x77,0x29,0x29,0x29,0x3b,0x0a,0x20,0x20,
    0x6c,0x65,0x74,0x20,0x78,0x5f,0x33,0x31,0x20,0x3d,0x20,0x69,0x50,0x61,0x72,0x61,
    0x6d,0x73,0x30,0x2e,0x78,0x3b,0x0a,0x20,0x20,0x69,0x66,0x20,0x28,0x28,0x78,0x5f,
    0x33,0x31,0x20,0x3d,0x3d,0x20,0x32,0x2e,0x30,0x66,0x29,0x29,0x20,0x7b,0x0a,0x20,
    0x20,0x20,0x20,0x78,0x5f,0x33,0x35,0x20,0x3d,0x20,0x30,0x2e,0x30,0x66,0x3b,0x0a,
    0x20,0x20,0x7d,0x20,0x65,0x6c,0x73,0x65,0x20,0x7b,0x0a,0x20,0x20,0x20,0x20,0x69,
    0x66,0x20,0x28,0x28,0x78,0x5f,0x32,0x34,0x20,0x3e,0x20,0x30,0x2e,0x30,0x66,0x29,
    0x29,0x20,0x7b,0x0a,0x20,0x20,0x20,0x20,0x20,0x20,0x78,0x5f,0x34,0x32,0x20,0x3d,
    0x20,0x28,0x31,0x2e,0x30,0x66,0x20,0x2f,0x20,0x78,0x5f,0x32,0x34,0x29,0x3b,0x0a,
    0x20,0x20,0x20,0x20,0x7d,0x20,0x65,0x6c,0x73,0x65,0x20,0x7b,0x0a,0x20,0x20,0x20,
    0x20,0x20,0x20,0x78,0x5f,0x34,0x32,0x20,0x3d,0x20,0x30,0x2e,0x30,0x66,0x3b,0x0a,
    0x20,0x20,0x20,0x20,0x7d,0x0a,0x20,0x20,0x20,0x20,0x78,0x5f,0x33,0x35,0x20,0x3d,
    0x20,0x78,0x5f,0x34,0x32,0x3b,0x0a,0x20,0x20,0x7d,0x0a,0x20,0x20,0x6c,0x65,0x74,
    0x20,0x78,0x5f,0x35,0x30,0x20,0x3d,0x20,0x78,0x5f,0x33,0x35,0x3b,0x0a,0x20,0x20,
    0x6c,0x65,0x74,0x20,0x78,0x5f,0x35,0x34,0x20,0x3d,0x20,0x69,0x4f,0x72,0x69,0x67,
    0x69,0x6e,0x53,0x69,0x7a,0x65,0x3b,0x0a,0x20,0x20,0x6c,0x65,0x74,0x20,0x78,0x5f,
    0x35,0x35,0x20,0x3d,0x20,0x69,0x4f,0x72,0x69,0x67,0x69,0x6e,0x53,0x69,0x7a,0x65,
    0x2e,0x7a,0x77,0x3b,0x0a,0x20,0x20,0x6c,0x65,0x74,0x20,0x78,0x5f,0x36,0x38,0x20,
    0x3d,0x20,0x28,0x28,0x63,0x6f,0x72,0x6e,0x65,0x72,0x20,0x2a,0x20,0x28,0x78,0x5f,
    0x35,0x35,0x20,0x2b,0x20,0x76,0x65,0x63,0x32,0x66,0x28,0x28,0x32,0x2e,0x30,0x66,
    0x20,0x2a,0x20,0x78,0x5f,0x33,0x35,0x29,0x29,0x29,0x29,0x20,0x2d,0x20,0x76,0x65,
    0x63,0x32,0x66,0x28,0x78,0x5f,0x33,0x35,0x29,0x29,0x3b,0x0a,0x20,0x20,0x6c,0x65,
    0x74,0x20,0x78,0x5f,0x37,0x33,0x20,0x3d,0x20,0x78,0x5f,0x36,0x38,0x2e,0x78,0x3b,
    0x0a,0x20,0x20,0x6c,0x65,0x74,0x20,0x78,0x5f,0x38,0x30,0x20,0x3d,0x20,0x78,0x5f,
    0x36,0x38,0x2e,0x79,0x3b,0x0a,0x20,0x20,0x6c,0x65,0x74,0x20,0x78,0x5f,0x38,0x35,
    0x20,0x3d,0x20,0x28,0x28,0x28,0x69,0x41,0x66,0x66,0x69,0x6e,0x65,0x2e,0x78,0x20,
    0x2a,0x20,0x78,0x5f,0x37,0x33,0x29,0x20,0x2b,0x20,0x28,0x69,0x41,0x66,0x66,0x69,
    0x6e,0x65,0x2e,0x7a,0x20,0x2a,0x20,0x78,0x5f,0x38,0x30,0x29,0x29,0x20,0x2b,0x20,
    0x69,0x4f,0x72,0x69,0x67,0x69,0x6e,0x53,0x69,0x7a,0x65,0x2e,0x78,0x29,0x3b,0x0a,
    0x20,0x20,0x6c,0x65,0x74,0x20,0x78,0x5f,0x31,0x30,0x30,0x20,0x3d,0x20,0x28,0x28,
    0x28,0x69,0x41,0x66,0x66,0x69,0x6e,0x65,0x2e,0x79,0x20,0x2a,0x20,0x78,0x5f,0x37,
    0x33,0x29,0x20,0x2b,0x20,0x28,0x69,0x41,0x66,0x66,0x69,0x6e,0x65,0x2e,0x77,0x20,
    0x2a,0x20,0x78,0x5f,0x38,0x30,0x29,0x29,0x20,0x2b,0x20,0x69,0x4f,0x72,0x69,0x67,
    0x69,0x6e,0x53,0x69,0x7a,0x65,0x2e,0x79,0x29,0x3b,0x0a,0x20,0x20,0x6c,0x65,0x74,
    0x20,0x78,0x5f,0x31,0x30,0x31,0x20,0x3d,0x20,0x76,0x65,0x63,0x32,0x66,0x28,0x78,
    0x5f,0x38,0x35,0x2c,0x20,0x78,0x5f,0x31,0x30,0x30,0x29,0x3b,0x0a,0x20,0x20,0x67,
    0x6c,0x5f,0x50,0x6f,0x73,0x69,0x74,0x69,0x6f,0x6e,0x20,0x3d,0x20,0x76,0x65,0x63,
    0x34,0x66,0x28,0x28,0x28,0x28,0x78,0x5f,0x38,0x35,0x20,0x2f,0x20,0x78,0x5f,0x31,
    0x31,0x32,0x2e,0x76,0x69,0x65,0x77,0x70,0x6f,0x72,0x74,0x2e,0x78,0x29,0x20,0x2a,
    0x20,0x32,0x2e,0x30,0x66,0x29,0x20,0x2d,0x20,0x31,0x2e,0x30,0x66,0x29,0x2c,0x20,
    0x28,0x31,0x2e,0x30,0x66,0x20,0x2d,0x20,0x28,0x28,0x78,0x5f,0x31,0x30,0x30,0x20,
    0x2f,0x20,0x78,0x5f,0x31,0x31,0x32,0x2e,0x76,0x69,0x65,0x77,0x70,0x6f,0x72,0x74,
    0x2e,0x79,0x29,0x20,0x2a,0x20,0x32,0x2e,0x30,0x66,0x29,0x29,0x2c,0x20,0x30,0x2e,
    0x30,0x66,0x2c,0x20,0x31,0x2e,0x30,0x66,0x29,0x3b,0x0a,0x20,0x20,0x6c,0x65,0x74,
    0x20,0x78,0x5f,0x31,0x33,0x31,0x20,0x3d,0x20,0x69,0x55,0x76,0x52,0x61,0x64,0x69,
    0x69,0x3b,0x0a,0x20,0x20,0x6c,0x65,0x74,0x20,0x78,0x5f,0x31,0x33,0x32,0x20,0x3d,
    0x20,0x69,0x55,0x76,0x52,0x61,0x64,0x69,0x69,0x2e,0x78,0x79,0x3b,0x0a,0x20,0x20,
    0x6c,0x65,0x74,0x20,0x78,0x5f,0x31,0x33,0x34,0x20,0x3d,0x20,0x69,0x55,0x76,0x52,
    0x61,0x64,0x69,0x69,0x2e,0x7a,0x77,0x3b,0x0a,0x20,0x20,0x6c,0x65,0x74,0x20,0x78,
    0x5f,0x31,0x33,0x37,0x20,0x3d,0x20,0x28,0x78,0x5f,0x35,0x34,0x2e,0x7a,0x20,0x3e,
    0x20,0x30,0x2e,0x30,0x66,0x29,0x3b,0x0a,0x20,0x20,0x78,0x5f,0x31,0x34,0x33,0x20,
    0x3d,0x20,0x78,0x5f,0x31,0x33,0x37,0x3b,0x0a,0x20,0x20,0x69,0x66,0x20,0x28,0x78,
    0x5f,0x31,0x33,0x37,0x29,0x20,0x7b,0x0a,0x20,0x20,0x20,0x20,0x78,0x5f,0x31,0x34,
    0x32,0x20,0x3d,0x20,0x28,0x78,0x5f,0x35,0x34,0x2e,0x77,0x20,0x3e,0x20,0x30,0x2e,
    0x30,0x66,0x29,0x3b,0x0a,0x20,0x20,0x20,0x20,0x78,0x5f,0x31,0x34,0x33,0x20,0x3d,
    0x20,0x78,0x5f,0x31,0x34,0x32,0x3b,0x0a,0x20,0x20,0x7d,0x0a,0x20,0x20,0x69,0x66,
    0x20,0x28,0x78,0x5f,0x31,0x34,0x33,0x29,0x20,0x7b,0x0a,0x20,0x20,0x20,0x20,0x78,
    0x5f,0x31,0x34,0x34,0x20,0x3d,0x20,0x28,0x78,0x5f,0x36,0x38,0x20,0x2f,0x20,0x78,
    0x5f,0x35,0x35,0x29,0x3b,0x0a,0x20,0x20,0x7d,0x20,0x65,0x6c,0x73,0x65,0x20,0x7b,
    0x0a,0x20,0x20,0x20,0x20,0x78,0x5f,0x31,0x34,0x34,0x20,0x3d,0x20,0x76,0x65,0x63,
    0x32,0x66,0x28,0x29,0x3b,0x0a,0x20,0x20,0x7d,0x0a,0x20,0x20,0x6c,0x65,0x74,0x20,
    0x78,0x5f,0x31,0x35,0x33,0x20,0x3d,0x20,0x6d,0x69,0x78,0x28,0x78,0x5f,0x31,0x33,
    0x32,0x2c,0x20,0x78,0x5f,0x31,0x33,0x34,0x2c,0x20,0x78,0x5f,0x31,0x34,0x34,0x29,
    0x3b,0x0a,0x20,0x20,0x6c,0x65,0x74,0x20,0x78,0x5f,0x31,0x35,0x38,0x20,0x3d,0x20,
    0x28,0x78,0x5f,0x35,0x35,0x20,0x2a,0x20,0x30,0x2e,0x35,0x66,0x29,0x3b,0x0a,0x20,
    0x20,0x6c,0x65,0x74,0x20,0x78,0x5f,0x31,0x35,0x39,0x20,0x3d,0x20,0x28,0x78,0x5f,
    0x36,0x38,0x20,0x2d,0x20,0x78,0x5f,0x31,0x35,0x38,0x29,0x3b,0x0a,0x20,0x20,0x76,
    0x4c,0x6f,0x63,0x61,0x6c,0x48,0x61,0x6c,0x66,0x20,0x3d,0x20,0x76,0x65,0x63,0x34,
    0x66,0x28,0x78,0x5f,0x31,0x35,0x39,0x2e,0x78,0x2c,0x20,0x78,0x5f,0x31,0x35,0x39,
    0x2e,0x79,0x2c,0x20,0x78,0x5f,0x31,0x35,0x38,0x2e,0x78,0x2c,0x20,0x78,0x5f,0x31,
    0x35,0x38,0x2e,0x79,0x29,0x3b,0x0a,0x20,0x20,0x69,0x66,0x20,0x28,0x28,0x78,0x5f,
    0x31,0x31,0x32,0x2e,0x76,0x69,0x65,0x77,0x70,0x6f,0x72,0x74,0x2e,0x7a,0x20,0x3e,
    0x20,0x30,0x2e,0x35,0x66,0x29,0x29,0x20,0x7b,0x0a,0x20,0x20,0x20,0x20,0x78,0x5f,
    0x31,0x37,0x31,0x20,0x3d,0x20,0x76,0x65,0x63,0x32,0x66,0x28,0x78,0x5f,0x31,0x35,
    0x33,0x2e,0x78,0x2c,0x20,0x28,0x31,0x2e,0x30,0x66,0x20,0x2d,0x20,0x78,0x5f,0x31,
    0x35,0x33,0x2e,0x79,0x29,0x29,0x3b,0x0a,0x20,0x20,0x7d,0x20,0x65,0x6c,0x73,0x65,
    0x20,0x7b,0x0a,0x20,0x20,0x20,0x20,0x78,0x5f,0x31,0x37,0x31,0x20,0x3d,0x20,0x78,
    0x5f,0x31,0x35,0x33,0x3b,0x0a,0x20,0x20,0x7d,0x0a,0x20,0x20,0x76,0x55,0x76,0x41,
    0x61,0x20,0x3d,0x20,0x76,0x65,0x63,0x34,0x66,0x28,0x78,0x5f,0x31,0x37,0x31,0x2e,
    0x78,0x2c,0x20,0x78,0x5f,0x31,0x37,0x31,0x2e,0x79,0x2c,0x20,0x78,0x5f,0x35,0x30,
    0x2c,0x20,0x78,0x5f,0x33,0x31,0x29,0x3b,0x0a,0x20,0x20,0x76,0x52,0x61,0x64,0x69,
    0x69,0x20,0x3d,0x20,0x78,0x5f,0x31,0x33,0x31,0x3b,0x0a,0x20,0x20,0x76,0x42,0x6f,
    0x72,0x64,0x65,0x72,0x73,0x20,0x3d,0x20,0x69,0x42,0x6f,0x72,0x64,0x65,0x72,0x73,
    0x3b,0x0a,0x20,0x20,0x76,0x50,0x61,0x72,0x61,0x6d,0x73,0x31,0x20,0x3d,0x20,0x69,
    0x50,0x61,0x72,0x61,0x6d,0x73,0x31,0x3b,0x0a,0x20,0x20,0x76,0x46,0x69,0x6c,0x6c,
    0x20,0x3d,0x20,0x69,0x43,0x6f,0x6c,0x6f,0x72,0x46,0x69,0x6c,0x6c,0x3b,0x0a,0x20,
    0x20,0x76,0x42,0x6f,0x72,0x64,0x65,0x72,0x20,0x3d,0x20,0x69,0x43,0x6f,0x6c,0x6f,
    0x72,0x42,0x6f,0x72,0x64,0x65,0x72,0x3b,0x0a,0x20,0x20,0x76,0x45,0x78,0x74,0x72,
    0x61,0x20,0x3d,0x20,0x69,0x43,0x6f,0x6c,0x6f,0x72,0x45,0x78,0x74,0x72,0x61,0x3b,
    0x0a,0x20,0x20,0x6c,0x65,0x74,0x20,0x78,0x5f,0x32,0x30,0x38,0x20,0x3d,0x20,0x78,
    0x5f,0x31,0x31,0x32,0x2e,0x63,0x6c,0x69,0x70,0x55,0x2e,0x77,0x3b,0x0a,0x20,0x20,
    0x6c,0x65,0x74,0x20,0x78,0x5f,0x32,0x31,0x30,0x20,0x3d,0x20,0x78,0x5f,0x31,0x31,
    0x32,0x2e,0x63,0x6c,0x69,0x70,0x55,0x2e,0x7a,0x3b,0x0a,0x20,0x20,0x69,0x66,0x20,
    0x28,0x28,0x78,0x5f,0x32,0x30,0x38,0x20,0x3e,0x20,0x78,0x5f,0x32,0x31,0x30,0x29,
    0x29,0x20,0x7b,0x0a,0x20,0x20,0x20,0x20,0x6c,0x65,0x74,0x20,0x78,0x5f,0x32,0x32,
    0x30,0x20,0x3d,0x20,0x64,0x6f,0x74,0x28,0x78,0x5f,0x31,0x30,0x31,0x2c,0x20,0x78,
    0x5f,0x31,0x31,0x32,0x2e,0x63,0x6c,0x69,0x70,0x55,0x2e,0x78,0x79,0x29,0x3b,0x0a,
    0x20,0x20,0x20,0x20,0x6c,0x65,0x74,0x20,0x78,0x5f,0x32,0x32,0x37,0x20,0x3d,0x20,
    0x64,0x6f,0x74,0x28,0x78,0x5f,0x31,0x30,0x31,0x2c,0x20,0x78,0x5f,0x31,0x31,0x32,
    0x2e,0x63,0x6c,0x69,0x70,0x56,0x2e,0x78,0x79,0x29,0x3b,0x0a,0x20,0x20,0x20,0x20,
    0x63,0x6c,0x69,0x70,0x44,0x69,0x73,0x74,0x61,0x6e,0x63,0x65,0x20,0x3d,0x20,0x76,
    0x65,0x63,0x34,0x66,0x28,0x28,0x78,0x5f,0x32,0x32,0x30,0x20,0x2d,0x20,0x78,0x5f,
    0x32,0x31,0x30,0x29,0x2c,0x20,0x28,0x78,0x5f,0x32,0x30,0x38,0x20,0x2d,0x20,0x78,
    0x5f,0x32,0x32,0x30,0x29,0x2c,0x20,0x28,0x78,0x5f,0x32,0x32,0x37,0x20,0x2d,0x20,
    0x78,0x5f,0x31,0x31,0x32,0x2e,0x63,0x6c,0x69,0x70,0x56,0x2e,0x7a,0x29,0x2c,0x20,
    0x28,0x78,0x5f,0x31,0x31,0x32,0x2e,0x63,0x6c,0x69,0x70,0x56,0x2e,0x77,0x20,0x2d,
    0x20,0x78,0x5f,0x32,0x32,0x37,0x29,0x29,0x3b,0x0a,0x20,0x20,0x7d,0x20,0x65,0x6c,
    0x73,0x65,0x20,0x7b,0x0a,0x20,0x20,0x20,0x20,0x63,0x6c,0x69,0x70,0x44,0x69,0x73,
    0x74,0x61,0x6e,0x63,0x65,0x20,0x3d,0x20,0x76,0x65,0x63,0x34,0x66,0x28,0x31,0x2e,
    0x30,0x66,0x29,0x3b,0x0a,0x20,0x20,0x7d,0x0a,0x20,0x20,0x72,0x65,0x74,0x75,0x72,
    0x6e,0x3b,0x0a,0x7d,0x0a,0x0a,0x73,0x74,0x72,0x75,0x63,0x74,0x20,0x6d,0x61,0x69,
    0x6e,0x5f,0x6f,0x75,0x74,0x20,0x7b,0x0a,0x20,0x20,0x40,0x62,0x75,0x69,0x6c,0x74,
    0x69,0x6e,0x28,0x70,0x6f,0x73,0x69,0x74,0x69,0x6f,0x6e,0x29,0x0a,0x20,0x20,0x67,
    0x6c,0x5f,0x50,0x6f,0x73,0x69,0x74,0x69,0x6f,0x6e,0x20,0x3a,0x20,0x76,0x65,0x63,
    0x34,0x66,0x2c,0x0a,0x20,0x20,0x40,0x6c,0x6f,0x63,0x61,0x74,0x69,0x6f,0x6e,0x28,
    0x30,0x29,0x0a,0x20,0x20,0x76,0x4c,0x6f,0x63,0x61,0x6c,0x48,0x61,0x6c,0x66,0x5f,
    0x31,0x20,0x3a,0x20,0x76,0x65,0x63,0x34,0x66,0x2c,0x0a,0x20,0x20,0x40,0x6c,0x6f,
    0x63,0x61,0x74,0x69,0x6f,0x6e,0x28,0x31,0x29,0x0a,0x20,0x20,0x76,0x55,0x76,0x41,
    0x61,0x5f,0x31,0x20,0x3a,0x20,0x76,0x65,0x63,0x34,0x66,0x2c,0x0a,0x20,0x20,0x40,
    0x6c,0x6f,0x63,0x61,0x74,0x69,0x6f,0x6e,0x28,0x32,0x29,0x0a,0x20,0x20,0x76,0x52,
    0x61,0x64,0x69,0x69,0x5f,0x31,0x20,0x3a,0x20,0x76,0x65,0x63,0x34,0x66,0x2c,0x0a,
    0x20,0x20,0x40,0x6c,0x6f,0x63,0x61,0x74,0x69,0x6f,0x6e,0x28,0x33,0x29,0x0a,0x20,
    0x20,0x76,0x42,0x6f,0x72,0x64,0x65,0x72,0x73,0x5f,0x31,0x20,0x3a,0x20,0x76,0x65,
    0x63,0x34,0x66,0x2c,0x0a,0x20,0x20,0x40,0x6c,0x6f,0x63,0x61,0x74,0x69,0x6f,0x6e,
    0x28,0x34,0x29,0x0a,0x20,0x20,0x76,0x50,0x61,0x72,0x61,0x6d,0x73,0x31,0x5f,0x31,
    0x20,0x3a,0x20,0x76,0x65,0x63,0x34,0x66,0x2c,0x0a,0x20,0x20,0x40,0x6c,0x6f,0x63,
    0x61,0x74,0x69,0x6f,0x6e,0x28,0x35,0x29,0x0a,0x20,0x20,0x76,0x46,0x69,0x6c,0x6c,
    0x5f,0x31,0x20,0x3a,0x20,0x76,0x65,0x63,0x34,0x66,0x2c,0x0a,0x20,0x20,0x40,0x6c,
    0x6f,0x63,0x61,0x74,0x69,0x6f,0x6e,0x28,0x36,0x29,0x0a,0x20,0x20,0x76,0x42,0x6f,
    0x72,0x64,0x65,0x72,0x5f,0x31,0x20,0x3a,0x20,0x76,0x65,0x63,0x34,0x66,0x2c,0x0a,
    0x20,0x20,0x40,0x6c,0x6f,0x63,0x61,0x74,0x69,0x6f,0x6e,0x28,0x37,0x29,0x0a,0x20,
    0x20,0x76,0x45,0x78,0x74,0x72,0x61,0x5f,0x31,0x20,0x3a,0x20,0x76,0x65,0x63,0x34,
    0x66,0x2c,0x0a,0x20,0x20,0x40,0x6c,0x6f,0x63,0x61,0x74,0x69,0x6f,0x6e,0x28,0x38,
    0x29,0x0a,0x20,0x20,0x63,0x6c,0x69,0x70,0x44,0x69,0x73,0x74,0x61,0x6e,0x63,0x65,
    0x5f,0x31,0x20,0x3a,0x20,0x76,0x65,0x63,0x34,0x66,0x2c,0x0a,0x7d,0x0a,0x0a,0x40,
    0x76,0x65,0x72,0x74,0x65,0x78,0x0a,0x66,0x6e,0x20,0x6d,0x61,0x69,0x6e,0x28,0x40,
    0x6c,0x6f,0x63,0x61,0x74,0x69,0x6f,0x6e,0x28,0x31,0x29,0x20,0x69,0x41,0x66,0x66,
    0x69,0x6e,0x65,0x5f,0x70,0x61,0x72,0x61,0x6d,0x20,0x3a,0x20,0x76,0x65,0x63,0x34,
    0x66,0x2c,0x20,0x40,0x6c,0x6f,0x63,0x61,0x74,0x69,0x6f,0x6e,0x28,0x35,0x29,0x20,
    0x69,0x50,0x61,0x72,0x61,0x6d,0x73,0x30,0x5f,0x70,0x61,0x72,0x61,0x6d,0x20,0x3a,
    0x20,0x76,0x65,0x63,0x34,0x66,0x2c,0x20,0x40,0x6c,0x6f,0x63,0x61,0x74,0x69,0x6f,
    0x6e,0x28,0x32,0x29,0x20,0x69,0x4f,0x72,0x69,0x67,0x69,0x6e,0x53,0x69,0x7a,0x65,
    0x5f,0x70,0x61,0x72,0x61,0x6d,0x20,0x3a,0x20,0x76,0x65,0x63,0x34,0x66,0x2c,0x20,
    0x40,0x6c,0x6f,0x63,0x61,0x74,0x69,0x6f,0x6e,0x28,0x30,0x29,0x20,0x63,0x6f,0x72,
    0x6e,0x65,0x72,0x5f,0x70,0x61,0x72,0x61,0x6d,0x20,0x3a,0x20,0x76,0x65,0x63,0x32,
    0x66,0x2c,0x20,0x40,0x6c,0x6f,0x63,0x61,0x74,0x69,0x6f,0x6e,0x28,0x33,0x29,0x20,
    0x69,0x55,0x76,0x52,0x61,0x64,0x69,0x69,0x5f,0x70,0x61,0x72,0x61,0x6d,0x20,0x3a,
    0x20,0x76,0x65,0x63,0x34,0x66,0x2c,0x20,0x40,0x6c,0x6f,0x63,0x61,0x74,0x69,0x6f,
    0x6e,0x28,0x34,0x29,0x20,0x69,0x42,0x6f,0x72,0x64,0x65,0x72,0x73,0x5f,0x70,0x61,
    0x72,0x61,0x6d,0x20,0x3a,0x20,0x76,0x65,0x63,0x34,0x66,0x2c,0x20,0x40,0x6c,0x6f,
    0x63,0x61,0x74,0x69,0x6f,0x6e,0x28,0x36,0x29,0x20,0x69,0x50,0x61,0x72,0x61,0x6d,
    0x73,0x31,0x5f,0x70,0x61,0x72,0x61,0x6d,0x20,0x3a,0x20,0x76,0x65,0x63,0x34,0x66,
    0x2c,0x20,0x40,0x6c,0x6f,0x63,0x61,0x74,0x69,0x6f,0x6e,0x28,0x37,0x29,0x20,0x69,
    0x43,0x6f,0x6c,0x6f,0x72,0x46,0x69,0x6c,0x6c,0x5f,0x70,0x61,0x72,0x61,0x6d,0x20,
    0x3a,0x20,0x76,0x65,0x63,0x34,0x66,0x2c,0x20,0x40,0x6c,0x6f,0x63,0x61,0x74,0x69,
    0x6f,0x6e,0x28,0x38,0x29,0x20,0x69,0x43,0x6f,0x6c,0x6f,0x72,0x42,0x6f,0x72,0x64,
    0x65,0x72,0x5f,0x70,0x61,0x72,0x61,0x6d,0x20,0x3a,0x20,0x76,0x65,0x63,0x34,0x66,
    0x2c,0x20,0x40,0x6c,0x6f,0x63,0x61,0x74,0x69,0x6f,0x6e,0x28,0x39,0x29,0x20,0x69,
    0x43,0x6f,0x6c,0x6f,0x72,0x45,0x78,0x74,0x72,0x61,0x5f,0x70,0x61,0x72,0x61,0x6d,
    0x20,0x3a,0x20,0x76,0x65,0x63,0x34,0x66,0x29,0x20,0x2d,0x3e,0x20,0x6d,0x61,0x69,
    0x6e,0x5f,0x6f,0x75,0x74,0x20,0x7b,0x0a,0x20,0x20,0x69,0x41,0x66,0x66,0x69,0x6e,
    0x65,0x20,0x3d,0x20,0x69,0x41,0x66,0x66,0x69,0x6e,0x65,0x5f,0x70,0x61,0x72,0x61,
    0x6d,0x3b,0x0a,0x20,0x20,0x69,0x50,0x61,0x72,0x61,0x6d,0x73,0x30,0x20,0x3d,0x20,
    0x69,0x50,0x61,0x72,0x61,0x6d,0x73,0x30,0x5f,0x70,0x61,0x72,0x61,0x6d,0x3b,0x0a,
    0x20,0x20,0x69,0x4f,0x72,0x69,0x67,0x69,0x6e,0x53,0x69,0x7a,0x65,0x20,0x3d,0x20,
    0x69,0x4f,0x72,0x69,0x67,0x69,0x6e,0x53,0x69,0x7a,0x65,0x5f,0x70,0x61,0x72,0x61,
    0x6d,0x3b,0x0a,0x20,0x20,0x63,0x6f,0x72,0x6e,0x65,0x72,0x20,0x3d,0x20,0x63,0x6f,
    0x72,0x6e,0x65,0x72,0x5f,0x70,0x61,0x72,0x61,0x6d,0x3b,0x0a,0x20,0x20,0x69,0x55,
    0x76,0x52,0x61,0x64,0x69,0x69,0x20,0x3d,0x20,0x69,0x55,0x76,0x52,0x61,0x64,0x69,
    0x69,0x5f,0x70,0x61,0x72,0x61,0x6d,0x3b,0x0a,0x20,0x20,0x69,0x42,0x6f,0x72,0x64,
    0x65,0x72,0x73,0x20,0x3d,0x20,0x69,0x42,0x6f,0x72,0x64,0x65,0x72,0x73,0x5f,0x70,
    0x61,0x72,0x61,0x6d,0x3b,0x0a,0x20,0x20,0x69,0x50,0x61,0x72,0x61,0x6d,0x73,0x31,
    0x20,0x3d,0x20,0x69,0x50,0x61,0x72,0x61,0x6d,0x73,0x31,0x5f,0x70,0x61,0x72,0x61,
    0x6d,0x3b,0x0a,0x20,0x20,0x69,0x43,0x6f,0x6c,0x6f,0x72,0x46,0x69,0x6c,0x6c,0x20,
    0x3d,0x20,0x69,0x43,0x6f,0x6c,0x6f,0x72,0x46,0x69,0x6c,0x6c,0x5f,0x70,0x61,0x72,
    0x61,0x6d,0x3b,0x0a,0x20,0x20,0x69,0x43,0x6f,0x6c,0x6f,0x72,0x42,0x6f,0x72,0x64,
    0x65,0x72,0x20,0x3d,0x20,0x69,0x43,0x6f,0x6c,0x6f,0x72,0x42,0x6f,0x72,0x64,0x65,
    0x72,0x5f,0x70,0x61,0x72,0x61,0x6d,0x3b,0x0a,0x20,0x20,0x69,0x43,0x6f,0x6c,0x6f,
    0x72,0x45,0x78,0x74,0x72,0x61,0x20,0x3d,0x20,0x69,0x43,0x6f,0x6c,0x6f,0x72,0x45,
    0x78,0x74,0x72,0x61,0x5f,0x70,0x61,0x72,0x61,0x6d,0x3b,0x0a,0x20,0x20,0x6d,0x61,
    0x69,0x6e,0x5f,0x31,0x28,0x29,0x3b,0x0a,0x20,0x20,0x72,0x65,0x74,0x75,0x72,0x6e,
    0x20,0x6d,0x61,0x69,0x6e,0x5f,0x6f,0x75,0x74,0x28,0x67,0x6c,0x5f,0x50,0x6f,0x73,
    0x69,0x74,0x69,0x6f,0x6e,0x2c,0x20,0x76,0x4c,0x6f,0x63,0x61,0x6c,0x48,0x61,0x6c,
    0x66,0x2c,0x20,0x76,0x55,0x76,0x41,0x61,0x2c,0x20,0x76,0x52,0x61,0x64,0x69,0x69,
    0x2c,0x20,0x76,0x42,0x6f,0x72,0x64,0x65,0x72,0x73,0x2c,0x20,0x76,0x50,0x61,0x72,
    0x61,0x6d,0x73,0x31,0x2c,0x20,0x76,0x46,0x69,0x6c,0x6c,0x2c,0x20,0x76,0x42,0x6f,
    0x72,0x64,0x65,0x72,0x2c,0x20,0x76,0x45,0x78,0x74,0x72,0x61,0x2c,0x20,0x63,0x6c,
    0x69,0x70,0x44,0x69,0x73,0x74,0x61,0x6e,0x63,0x65,0x29,0x3b,0x0a,0x7d,0x0a,0x00,

};
/*
    diagnostic(off, derivative_uniformity);

    var<private> clipDistance : vec4f;

    var<private> vLocalHalf : vec4f;

    var<private> vUvAa : vec4f;

    var<private> vBorders : vec4f;

    @binding(0) @group(1) var uiTex : texture_2d<f32>;

    @binding(32) @group(1) var uiSmp : sampler;

    var<private> vParams1 : vec4f;

    var<private> vFill : vec4f;

    var<private> frag_color : vec4f;

    var<private> vRadii : vec4f;

    var<private> vExtra : vec4f;

    var<private> vBorder : vec4f;

    fn cornerRadius_vf2_vf4_(p_1 : ptr<function, vec2f>, radii : ptr<function, vec4f>) -> f32 {
      var x_91 : f32;
      var x_97 : f32;
      var x_111 : f32;
      if (((*(p_1)).x < 0.0f)) {
        if (((*(p_1)).y < 0.0f)) {
          x_97 = (*(radii)).x;
        } else {
          x_97 = (*(radii)).w;
        }
        x_91 = x_97;
      } else {
        if (((*(p_1)).y < 0.0f)) {
          x_111 = (*(radii)).y;
        } else {
          x_111 = (*(radii)).z;
        }
        x_91 = x_111;
      }
      let x_121 = x_91;
      return x_121;
    }

    fn roundedRectDistance_vf2_vf2_f1_(p : ptr<function, vec2f>, half_ : ptr<function, vec2f>, r : ptr<function, f32>) -> f32 {
      let x_63 = clamp(*(r), 0.0f, min((*(half_)).x, (*(half_)).y));
      let x_71 = (abs(*(p)) - (*(half_) - vec2f(x_63)));
      return ((length(max(x_71, vec2f())) + min(max(x_71.x, x_71.y), 0.0f)) - x_63);
    }

    fn coverageFromDistance_f1_f1_(d : ptr<function, f32>, aa : ptr<function, f32>) -> f32 {
      if ((*(aa) <= 0.0f)) {
        let x_128 = *(d);
        return select(0.0f, 1.0f, (x_128 <= 0.0f));
      }
      let x_134 = *(d);
      let x_135 = *(aa);
      return clamp((0.5f - (x_134 / x_135)), 0.0f, 1.0f);
    }

    fn scanlineHalf_f1_f1_f1_f1_(hx : ptr<function, f32>, hy : ptr<function, f32>, ay : ptr<function, f32>, r_1 : ptr<function, f32>) -> f32 {
      var x_214 : f32;
      let x_199 = (*(ay) - (*(hy) - *(r_1)));
      let x_207 = ((*(r_1) * *(r_1)) - (x_199 * x_199));
      if (((x_199 > 0.0f) & (x_207 > 0.0f))) {
        x_214 = sqrt(x_207);
      } else {
        x_214 = *(r_1);
      }
      let x_221 = x_214;
      let x_222 = *(hx);
      let x_223 = *(r_1);
      return ((x_222 - x_223) + x_221);
    }

    fn erfApprox_f1_(x : ptr<function, f32>) -> f32 {
      let x_143 = sign(*(x));
      let x_146 = abs(*(x));
      let x_163 = (1.0f + ((0.27839300036430358887f + ((0.23038899898529052734f + ((0.00097200000891461968f + (0.07810799777507781982f * x_146)) * x_146)) * x_146)) * x_146));
      let x_167 = (x_163 * x_163);
      return (x_143 - (x_143 / (x_167 * x_167)));
    }

    fn gaussianPdf_f1_f1_(x_1 : ptr<function, f32>, sigma : ptr<function, f32>) -> f32 {
      let x_177 = *(x_1);
      let x_178 = *(x_1);
      let x_182 = *(sigma);
      let x_184 = *(sigma);
      let x_189 = *(sigma);
      return (exp((-((x_177 * x_178)) / ((2.0f * x_182) * x_184))) / (2.50662827491760253906f * x_189));
    }

    fn shadowCoverage_vf2_vf2_vf4_vf2_f1_f1_(p_2 : ptr<function, vec2f>, half__1 : ptr<function, vec2f>, radii_1 : ptr<function, vec4f>, offset_1 : ptr<function, vec2f>, sigma_1 : ptr<function, f32>, aa_1 : ptr<function, f32>) -> f32 {
      var param : vec2f;
      var param_1 : vec4f;
      var param_2 : vec2f;
      var param_3 : vec2f;
      var param_4 : f32;
      var param_5 : f32;
      var param_6 : f32;
      var acc : f32;
      var y : f32;
      var i : i32;
      var x_328 : f32;
      var param_7 : f32;
      var param_8 : f32;
      var param_9 : f32;
      var param_10 : f32;
      var x_350 : f32;
      var param_11 : f32;
      var param_12 : f32;
      var param_13 : f32;
      var param_14 : f32;
      var param_15 : f32;
      var param_16 : f32;
      var param_17 : f32;
      var param_18 : f32;
      let x_238 = clamp(*(radii_1), vec4f(), vec4f(min((*(half__1)).x, (*(half__1)).y)));
      let x_242 = (*(p_2) - *(offset_1));
      if ((*(sigma_1) <= 0.0f)) {
        param = x_242;
        param_1 = x_238;
        let x_251 = cornerRadius_vf2_vf4_(&(param), &(param_1));
        param_2 = x_242;
        param_3 = *(half__1);
        param_4 = x_251;
        let x_257 = roundedRectDistance_vf2_vf2_f1_(&(param_2), &(param_3), &(param_4));
        param_5 = x_257;
        param_6 = *(aa_1);
        let x_261 = coverageFromDistance_f1_f1_(&(param_5), &(param_6));
        return x_261;
      }
      let x_265 = x_242.y;
      let x_268 = (x_265 - (*(half__1)).y);
      let x_274 = (x_265 + (*(half__1)).y);
      let x_281 = clamp((-3.0f * *(sigma_1)), x_268, x_274);
      let x_292 = (clamp((3.0f * *(sigma_1)), x_268, x_274) - x_281);
      let x_294 = (x_292 * 0.25f);
      let x_298 = (0.70710676908493041992f / *(sigma_1));
      acc = 0.0f;
      y = (x_281 + (x_292 * 0.125f));
      i = 0i;
      loop {
        if ((i < 4i)) {
        } else {
          break;
        }
        let x_321 = (x_265 - y);
        let x_324 = abs(x_321);
        let x_327 = (x_321 < 0.0f);
        if (x_327) {
          x_328 = x_238.x;
        } else {
          x_328 = x_238.w;
        }
        param_7 = (*(half__1)).x;
        param_8 = (*(half__1)).y;
        param_9 = x_324;
        param_10 = x_328;
        let x_346 = scanlineHalf_f1_f1_f1_f1_(&(param_7), &(param_8), &(param_9), &(param_10));
        if (x_327) {
          x_350 = x_238.y;
        } else {
          x_350 = x_238.z;
        }
        param_11 = (*(half__1)).x;
        param_12 = (*(half__1)).y;
        param_13 = x_324;
        param_14 = x_350;
        let x_368 = scanlineHalf_f1_f1_f1_f1_(&(param_11), &(param_12), &(param_13), &(param_14));
        let x_371 = x_242.x;
        param_15 = ((x_371 + x_346) * x_298);
        let x_377 = erfApprox_f1_(&(param_15));
        param_16 = ((x_371 - x_368) * x_298);
        let x_388 = erfApprox_f1_(&(param_16));
        param_17 = y;
        param_18 = *(sigma_1);
        let x_398 = gaussianPdf_f1_f1_(&(param_17), &(param_18));
        acc = (acc + ((((0.5f + (0.5f * x_377)) - (0.5f + (0.5f * x_388))) * x_398) * x_294));
        y = (y + x_294);

        continuing {
          i = (i + 1i);
        }
      }
      let x_410 = acc;
      return x_410;
    }

    fn main_1() {
      var param_19 : vec2f;
      var param_20 : vec4f;
      var param_21 : vec2f;
      var param_22 : vec2f;
      var param_23 : f32;
      var param_24 : f32;
      var param_25 : f32;
      var texel : vec4f;
      var param_26 : vec2f;
      var param_27 : vec2f;
      var param_28 : vec4f;
      var param_29 : vec2f;
      var param_30 : f32;
      var param_31 : f32;
      var alpha : f32;
      var param_32 : vec2f;
      var param_33 : vec4f;
      var param_34 : vec2f;
      var param_35 : vec2f;
      var param_36 : f32;
      var param_37 : f32;
      var param_38 : f32;
      var param_39 : vec2f;
      var param_40 : vec2f;
      var param_41 : vec4f;
      var param_42 : vec2f;
      var param_43 : f32;
      var param_44 : f32;
      var halfBox : vec2f;
      var param_45 : vec2f;
      var param_46 : vec4f;
      var param_47 : vec2f;
      var param_48 : vec2f;
      var param_49 : f32;
      var param_50 : vec2f;
      var param_51 : vec4f;
      var param_52 : vec2f;
      var param_53 : vec2f;
      var param_54 : f32;
      var param_55 : f32;
      var param_56 : f32;
      var param_57 : f32;
      var param_58 : f32;
      var fill : vec4f;
      var alpha_1 : f32;
      var rgb : vec3f;
      var param_59 : vec2f;
      var param_60 : vec2f;
      var param_61 : vec4f;
      var param_62 : vec2f;
      var param_63 : f32;
      var param_64 : f32;
      var sAlpha : f32;
      var param_65 : vec2f;
      var param_66 : vec2f;
      var param_67 : vec4f;
      var param_68 : vec2f;
      var param_69 : f32;
      var param_70 : f32;
      var x_630 : bool;
      var x_631 : bool;
      if ((min(min(clipDistance.x, clipDistance.y), min(clipDistance.z, clipDistance.w)) < 0.0f)) {
        discard;
      }
      var x_433 : vec4f;
      x_433 = vLocalHalf;
      let x_434 = x_433.xy;
      let x_437 = x_433.zw;
      let x_441 = vUvAa.z;
      let x_446 = i32((vUvAa.w + 0.5f));
      if ((x_446 == 3i)) {
        let x_454 = vBorders;
        let x_459 = min(x_433.z, x_433.w);
        param_19 = x_434;
        param_20 = clamp(x_454, vec4f(), vec4f(x_459));
        let x_467 = cornerRadius_vf2_vf4_(&(param_19), &(param_20));
        param_21 = x_434;
        param_22 = x_437;
        param_23 = x_467;
        let x_473 = roundedRectDistance_vf2_vf2_f1_(&(param_21), &(param_22), &(param_23));
        param_24 = x_473;
        param_25 = x_441;
        let x_477 = coverageFromDistance_f1_f1_(&(param_24), &(param_25));
        let x_489 = vUvAa;
        let x_491 = textureSample(uiTex, uiSmp, x_489.xy);
        texel = x_491;
        if ((vParams1.x > 0.5f)) {
          let x_500 = texel;
          let x_506 = dot(texel.xyz, vec3f(0.21259999275207519531f, 0.71520000696182250977f, 0.07220000028610229492f));
          var x_886_1 = x_500;
          x_886_1.x = x_506;
          let x_886 = x_886_1;
          var x_888_1 = x_886;
          x_888_1.y = x_506;
          let x_888 = x_888_1;
          var x_890_1 = x_888;
          x_890_1.z = x_506;
          texel = x_890_1;
        }
        let x_519 = (texel * vFill);
        let x_524 = (x_519.w * x_477);
        let x_530 = (x_519.xyz * x_524);
        frag_color = vec4f(x_530.x, x_530.y, x_530.z, x_524);
        return;
      }
      if ((x_446 == 1i)) {
        let x_543 = vBorders.xy;
        let x_546 = vBorders.z;
        if ((vBorders.w > 0.5f)) {
          param_26 = x_434;
          param_27 = x_543;
          let x_560 = vRadii;
          param_28 = vRadii;
          param_29 = vec2f();
          param_30 = x_546;
          param_31 = x_441;
          let x_566 = shadowCoverage_vf2_vf2_vf4_vf2_f1_f1_(&(param_26), &(param_27), &(param_28), &(param_29), &(param_30), &(param_31));
          param_32 = x_434;
          param_33 = x_560;
          let x_574 = cornerRadius_vf2_vf4_(&(param_32), &(param_33));
          param_34 = x_434;
          param_35 = x_543;
          param_36 = x_574;
          let x_580 = roundedRectDistance_vf2_vf2_f1_(&(param_34), &(param_35), &(param_36));
          param_37 = x_580;
          param_38 = x_441;
          let x_584 = coverageFromDistance_f1_f1_(&(param_37), &(param_38));
          alpha = ((1.0f - x_566) * x_584);
        } else {
          param_39 = x_434;
          param_40 = x_543;
          param_41 = vRadii;
          param_42 = vParams1.xy;
          param_43 = x_546;
          param_44 = x_441;
          let x_600 = shadowCoverage_vf2_vf2_vf4_vf2_f1_f1_(&(param_39), &(param_40), &(param_41), &(param_42), &(param_43), &(param_44));
          alpha = x_600;
        }
        let x_607 = (vExtra.w * alpha);
        let x_608 = (vExtra.xyz * x_607);
        frag_color = vec4f(x_608.x, x_608.y, x_608.z, x_607);
        return;
      }
      halfBox = x_437;
      let x_623 = vExtra.w;
      let x_624 = (x_623 > 0.0f);
      x_631 = x_624;
      if (x_624) {
        x_630 = (vParams1.w <= 0.5f);
        x_631 = x_630;
      }
      if (x_631) {
        halfBox = (x_437 - (vec2f((3.0f * vParams1.z)) + abs(vParams1.xy)));
      }
      param_45 = x_434;
      let x_648 = vRadii;
      param_46 = vRadii;
      let x_649 = cornerRadius_vf2_vf4_(&(param_45), &(param_46));
      param_47 = x_434;
      param_48 = halfBox;
      param_49 = x_649;
      let x_657 = roundedRectDistance_vf2_vf2_f1_(&(param_47), &(param_48), &(param_49));
      let x_660 = max(vBorders, vec4f());
      let x_663 = x_660.x;
      let x_665 = x_660.z;
      let x_668 = x_660.y;
      let x_670 = x_660.w;
      let x_715 = (x_434 - (vec2f((x_663 - x_665), (x_668 - x_670)) * 0.5f));
      let x_717 = halfBox;
      param_50 = x_715;
      param_51 = max((x_648 - vec4f(max(x_663, x_668), max(x_668, x_665), max(x_665, x_670), max(x_670, x_663))), vec4f());
      let x_725 = cornerRadius_vf2_vf4_(&(param_50), &(param_51));
      param_52 = x_715;
      param_53 = max((x_717 - (vec2f((x_663 + x_665), (x_668 + x_670)) * 0.5f)), vec2f());
      param_54 = x_725;
      let x_730 = roundedRectDistance_vf2_vf2_f1_(&(param_52), &(param_53), &(param_54));
      param_55 = x_657;
      param_56 = x_441;
      let x_736 = coverageFromDistance_f1_f1_(&(param_55), &(param_56));
      param_57 = x_730;
      param_58 = x_441;
      let x_742 = coverageFromDistance_f1_f1_(&(param_57), &(param_58));
      let x_747 = max((x_736 - x_742), 0.0f);
      fill = vFill;
      if ((x_446 == 2i)) {
        let x_908 = fill;
        let x_760 = vUvAa;
        let x_762 = textureSample(uiTex, uiSmp, x_760.xy);
        var x_910_1 = x_908;
        x_910_1.w = (x_908.w * x_762.w);
        fill = x_910_1;
      }
      let x_911 = fill;
      let x_770 = (fill.w * x_742);
      let x_775 = (vBorder.w * x_747);
      alpha_1 = (x_770 + x_775);
      rgb = ((x_911.xyz * x_770) + (vBorder.xyz * x_775));
      if (x_624) {
        let x_799 = (vParams1.w > 0.5f);
        if (x_799) {
          param_59 = x_434;
          param_60 = halfBox;
          param_61 = x_648;
          param_62 = vec2f();
          param_63 = vParams1.z;
          param_64 = x_441;
          let x_815 = shadowCoverage_vf2_vf2_vf4_vf2_f1_f1_(&(param_59), &(param_60), &(param_61), &(param_62), &(param_63), &(param_64));
          sAlpha = ((1.0f - x_815) * x_736);
        } else {
          param_65 = x_434;
          param_66 = halfBox;
          param_67 = x_648;
          param_68 = vParams1.xy;
          param_69 = vParams1.z;
          param_70 = x_441;
          let x_836 = shadowCoverage_vf2_vf2_vf4_vf2_f1_f1_(&(param_65), &(param_66), &(param_67), &(param_68), &(param_69), &(param_70));
          sAlpha = x_836;
        }
        sAlpha = (sAlpha * x_623);
        if (x_799) {
          let x_848 = sAlpha;
          let x_852 = (1.0f - sAlpha);
          rgb = ((vExtra.xyz * sAlpha) + (rgb * x_852));
          alpha_1 = (x_848 + (alpha_1 * x_852));
        } else {
          let x_865 = sAlpha;
          let x_867 = alpha_1;
          let x_868 = (1.0f - alpha_1);
          rgb = (rgb + ((vExtra.xyz * sAlpha) * x_868));
          alpha_1 = (x_867 + (x_865 * x_868));
        }
      }
      frag_color = vec4f(rgb.x, rgb.y, rgb.z, alpha_1);
      return;
    }

    struct main_out {
      @location(0)
      frag_color_1 : vec4f,
    }

    @fragment
    fn main(@location(8) clipDistance_param : vec4f, @location(0) vLocalHalf_param : vec4f, @location(1) vUvAa_param : vec4f, @location(3) vBorders_param : vec4f, @location(4) vParams1_param : vec4f, @location(5) vFill_param : vec4f, @location(2) vRadii_param : vec4f, @location(7) vExtra_param : vec4f, @location(6) vBorder_param : vec4f) -> main_out {
      clipDistance = clipDistance_param;
      vLocalHalf = vLocalHalf_param;
      vUvAa = vUvAa_param;
      vBorders = vBorders_param;
      vParams1 = vParams1_param;
      vFill = vFill_param;
      vRadii = vRadii_param;
      vExtra = vExtra_param;
      vBorder = vBorder_param;
      main_1();
      return main_out(frag_color);
    }
*/
static const uint8_t uiFs_source_wgsl[13452] = {
    0x64,0x69,0x61,0x67,0x6e,0x6f,0x73,0x74,0x69,0x63,0x28,0x6f,0x66,0x66,0x2c,0x20,
    0x64,0x65,0x72,0x69,0x76,0x61,0x74,0x69,0x76,0x65,0x5f,0x75,0x6e,0x69,0x66,0x6f,
    0x72,0x6d,0x69,0x74,0x79,0x29,0x3b,0x0a,0x0a,0x76,0x61,0x72,0x3c,0x70,0x72,0x69,
    0x76,0x61,0x74,0x65,0x3e,0x20,0x63,0x6c,0x69,0x70,0x44,0x69,0x73,0x74,0x61,0x6e,
    0x63,0x65,0x20,0x3a,0x20,0x76,0x65,0x63,0x34,0x66,0x3b,0x0a,0x0a,0x76,0x61,0x72,
    0x3c,0x70,0x72,0x69,0x76,0x61,0x74,0x65,0x3e,0x20,0x76,0x4c,0x6f,0x63,0x61,0x6c,
    0x48,0x61,0x6c,0x66,0x20,0x3a,0x20,0x76,0x65,0x63,0x34,0x66,0x3b,0x0a,0x0a,0x76,
    0x61,0x72,0x3c,0x70,0x72,0x69,0x76,0x61,0x74,0x65,0x3e,0x20,0x76,0x55,0x76,0x41,
    0x61,0x20,0x3a,0x20,0x76,0x65,0x63,0x34,0x66,0x3b,0x0a,0x0a,0x76,0x61,0x72,0x3c,
    0x70,0x72,0x69,0x76,0x61,0x74,0x65,0x3e,0x20,0x76,0x42,0x6f,0x72,0x64,0x65,0x72,
    0x73,0x20,0x3a,0x20,0x76,0x65,0x63,0x34,0x66,0x3b,0x0a,0x0a,0x40,0x62,0x69,0x6e,
    0x64,0x69,0x6e,0x67,0x28,0x30,0x29,0x20,0x40,0x67,0x72,0x6f,0x75,0x70,0x28,0x31,
    0x29,0x20,0x76,0x61,0x72,0x20,0x75,0x69,0x54,0x65,0x78,0x20,0x3a,0x20,0x74,0x65,
    0x78,0x74,0x75,0x72,0x65,0x5f,0x32,0x64,0x3c,0x66,0x33,0x32,0x3e,0x3b,0x0a,0x0a,
    0x40,0x62,0x69,0x6e,0x64,0x69,0x6e,0x67,0x28,0x33,0x32,0x29,0x20,0x40,0x67,0x72,
    0x6f,0x75,0x70,0x28,0x31,0x29,0x20,0x76,0x61,0x72,0x20,0x75,0x69,0x53,0x6d,0x70,
    0x20,0x3a,0x20,0x73,0x61,0x6d,0x70,0x6c,0x65,0x72,0x3b,0x0a,0x0a,0x76,0x61,0x72,
    0x3c,0x70,0x72,0x69,0x76,0x61,0x74,0x65,0x3e,0x20,0x76,0x50,0x61,0x72,0x61,0x6d,
    0x73,0x31,0x20,0x3a,0x20,0x76,0x65,0x63,0x34,0x66,0x3b,0x0a,0x0a,0x76,0x61,0x72,
    0x3c,0x70,0x72,0x69,0x76,0x61,0x74,0x65,0x3e,0x20,0x76,0x46,0x69,0x6c,0x6c,0x20,
    0x3a,0x20,0x76,0x65,0x63,0x34,0x66,0x3b,0x0a,0x0a,0x76,0x61,0x72,0x3c,0x70,0x72,
    0x69,0x76,0x61,0x74,0x65,0x3e,0x20,0x66,0x72,0x61,0x67,0x5f,0x63,0x6f,0x6c,0x6f,
    0x72,0x20,0x3a,0x20,0x76,0x65,0x63,0x34,0x66,0x3b,0x0a,0x0a,0x76,0x61,0x72,0x3c,
    0x70,0x72,0x69,0x76,0x61,0x74,0x65,0x3e,0x20,0x76,0x52,0x61,0x64,0x69,0x69,0x20,
    0x3a,0x20,0x76,0x65,0x63,0x34,0x66,0x3b,0x0a,0x0a,0x76,0x61,0x72,0x3c,0x70,0x72,
    0x69,0x76,0x61,0x74,0x65,0x3e,0x20,0x76,0x45,0x78,0x74,0x72,0x61,0x20,0x3a,0x20,
    0x76,0x65,0x63,0x34,0x66,0x3b,0x0a,0x0a,0x76,0x61,0x72,0x3c,0x70,0x72,0x69,0x76,
    0x61,0x74,0x65,0x3e,0x20,0x76,0x42,0x6f,0x72,0x64,0x65,0x72,0x20,0x3a,0x20,0x76,
    0x65,0x63,0x34,0x66,0x3b,0x0a,0x0a,0x66,0x6e,0x20,0x63,0x6f,0x72,0x6e,0x65,0x72,
    0x52,0x61,0x64,0x69,0x75,0x73,0x5f,0x76,0x66,0x32,0x5f,0x76,0x66,0x34,0x5f,0x28,
    0x70,0x5f,0x31,0x20,0x3a,0x20,0x70,0x74,0x72,0x3c,0x66,0x75,0x6e,0x63,0x74,0x69,
    0x6f,0x6e,0x2c,0x20,0x76,0x65,0x63,0x32,0x66,0x3e,0x2c,0x20,0x72,0x61,0x64,0x69,
    0x69,0x20,0x3a,0x20,0x70,0x74,0x72,0x3c,0x66,0x75,0x6e,0x63,0x74,0x69,0x6f,0x6e,
    0x2c,0x20,0x76,0x65,0x63,0x34,0x66,0x3e,0x29,0x20,0x2d,0x3e,0x20,0x66,0x33,0x32,
    0x20,0x7b,0x0a,0x20,0x20,0x76,0x61,0x72,0x20,0x78,0x5f,0x39,0x31,0x20,0x3a,0x20,
    0x66,0x33,0x32,0x3b,0x0a,0x20,0x20,0x76,0x61,0x72,0x20,0x78,0x5f,0x39,0x37,0x20,
    0x3a,0x20,0x66,0x33,0x32,0x3b,0x0a,0x20,0x20,0x76,0x61,0x72,0x20,0x78,0x5f,0x31,
    0x31,0x31,0x20,0x3a,0x20,0x66,0x33,0x32,0x3b,0x0a,0x20,0x20,0x69,0x66,0x20,0x28,
    0x28,0x28,0x2a,0x28,0x70,0x5f,0x31,0x29,0x29,0x2e,0x78,0x20,0x3c,0x20,0x30,0x2e,
    0x30,0x66,0x29,0x29,0x20,0x7b,0x0a,0x20,0x20,0x20,0x20,0x69,0x66,0x20,0x28,0x28,
    0x28,0x2a,0x28,0x70,0x5f,0x31,0x29,0x29,0x2e,0x79,0x20,0x3c,0x20,0x30,0x2e,0x30,
    0x66,0x29,0x29,0x20,0x7b,0x0a,0x20,0x20,0x20,0x20,0x20,0x20,0x78,0x5f,0x39,0x37,
    0x20,0x3d,0x20,0x28,0x2a,0x28,0x72,0x61,0x64,0x69,0x69,0x29,0x29,0x2e,0x78,0x3b,
    0x0a,0x20,0x20,0x20,0x20,0x7d,0x20,0x65,0x6c,0x73,0x65,0x20,0x7b,0x0a,0x20,0x20,
    0x20,0x20,0x20,0x20,0x78,0x5f,0x39,0x37,0x20,0x3d,0x20,0x28,0x2a,0x28,0x72,0x61,
    0x64,0x69,0x69,0x29,0x29,0x2e,0x77,0x3b,0x0a,0x20,0x20,0x20,0x20,0x7d,0x0a,0x20,
    0x20,0x20,0x20,0x78,0x5f,0x39,0x31,0x20,0x3d,0x20,0x78,0x5f,0x39,0x37,0x3b,0x0a,
    0x20,0x20,0x7d,0x20,0x65,0x6c,0x73,0x65,0x20,0x7b,0x0a,0x20,0x20,0x20,0x20,0x69,
    0x66,0x20,0x28,0x28,0x28,0x2a,0x28,0x70,0x5f,0x31,0x29,0x29,0x2e,0x79,0x20,0x3c,
    0x20,0x30,0x2e,0x30,0x66,0x29,0x29,0x20,0x7b,0x0a,0x20,0x20,0x20,0x20,0x20,0x20,
    0x78,0x5f,0x31,0x31,0x31,0x20,0x3d,0x20,0x28,0x2a,0x28,0x72,0x61,0x64,0x69,0x69,
    0x29,0x29,0x2e,0x79,0x3b,0x0a,0x20,0x20,0x20,0x20,0x7d,0x20,0x65,0x6c,0x73,0x65,
    0x20,0x7b,0x0a,0x20,0x20,0x20,0x20,0x20,0x20,0x78,0x5f,0x31,0x31,0x31,0x20,0x3d,
    0x20,0x28,0x2a,0x28,0x72,0x61,0x64,0x69,0x69,0x29,0x29,0x2e,0x7a,0x3b,0x0a,0x20,
    0x20,0x20,0x20,0x7d,0x0a,0x20,0x20,0x20,0x20,0x78,0x5f,0x39,0x31,0x20,0x3d,0x20,
    0x78,0x5f,0x31,0x31,0x31,0x3b,0x0a,0x20,0x20,0x7d,0x0a,0x20,0x20,0x6c,0x65,0x74,
    0x20,0x78,0x5f,0x31,0x32,0x31,0x20,0x3d,0x20,0x78,0x5f,0x39,0x31,0x3b,0x0a,0x20,
    0x20,0x72,0x65,0x74,0x75,0x72,0x6e,0x20,0x78,0x5f,0x31,0x32,0x31,0x3b,0x0a,0x7d,
    0x0a,0x0a,0x66,0x6e,0x20,0x72,0x6f,0x75,0x6e,0x64,0x65,0x64,0x52,0x65,0x63,0x74,
    0x44,0x69,0x73,0x74,0x61,0x6e,0x63,0x65,0x5f,0x76,0x66,0x32,0x5f,0x76,0x66,0x32,
    0x5f,0x66,0x31,0x5f,0x28,0x70,0x20,0x3a,0x20,0x70,0x74,0x72,0x3c,0x66,0x75,0x6e,
    0x63,0x74,0x69,0x6f,0x6e,0x2c,0x20,0x76,0x65,0x63,0x32,0x66,0x3e,0x2c,0x20,0x68,
    0x61,0x6c,0x66,0x5f,0x20,0x3a,0x20,0x70,0x74,0x72,0x3c,0x66,0x75,0x6e,0x63,0x74,
    0x69,0x6f,0x6e,0x2c,0x20,0x76,0x65,0x63,0x32,0x66,0x3e,0x2c,0x20,0x72,0x20,0x3a,
    0x20,0x70,0x74,0x72,0x3c,0x66,0x75,0x6e,0x63,0x74,0x69,0x6f,0x6e,0x2c,0x20,0x66,
    0x33,0x32,0x3e,0x29,0x20,0x2d,0x3e,0x20,0x66,0x33,0x32,0x20,0x7b,0x0a,0x20,0x20,
    0x6c,0x65,0x74,0x20,0x78,0x5f,0x36,0x33,0x20,0x3d,0x20,0x63,0x6c,0x61,0x6d,0x70,
    0x28,0x2a,0x28,0x72,0x29,0x2c,0x20,0x30,0x2e,0x30,0x66,0x2c,0x20,0x6d,0x69,0x6e,
    0x28,0x28,0x2a,0x28,0x68,0x61,0x6c,0x66,0x5f,0x29,0x29,0x2e,0x78,0x2c,0x20,0x28,
    0x2a,0x28,0x68,0x61,0x6c,0x66,0x5f,0x29,0x29,0x2e,0x79,0x29,0x29,0x3b,0x0a,0x20,
    0x20,0x6c,0x65,0x74,0x20,0x78,0x5f,0x37,0x31,0x20,0x3d,0x20,0x28,0x61,0x62,0x73,
    0x28,0x2a,0x28,0x70,0x29,0x29,0x20,0x2d,0x20,0x28,0x2a,0x28,0x68,0x61,0x6c,0x66,
    0x5f,0x29,0x20,0x2d,0x20,0x76,0x65,0x63,0x32,0x66,0x28,0x78,0x5f,0x36,0x33,0x29,
    0x29,0x29,0x3b,0x0a,0x20,0x20,0x72,0x65,0x74,0x75,0x72,0x6e,0x20,0x28,0x28,0x6c,
    0x65,0x6e,0x67,0x74,0x68,0x28,0x6d,0x61,0x78,0x28,0x78,0x5f,0x37,0x31,0x2c,0x20,
    0x76,0x65,0x63,0x32,0x66,0x28,0x29,0x29,0x29,0x20,0x2b,0x20,0x6d,0x69,0x6e,0x28,
    0x6d,0x61,0x78,0x28,0x78,0x5f,0x37,0x31,0x2e,0x78,0x2c,0x20,0x78,0x5f,0x37,0x31,
    0x2e,0x79,0x29,0x2c,0x20,0x30,0x2e,0x30,0x66,0x29,0x29,0x20,0x2d,0x20,0x78,0x5f,
    0x36,0x33,0x29,0x3b,0x0a,0x7d,0x0a,0x0a,0x66,0x6e,0x20,0x63,0x6f,0x76,0x65,0x72,
    0x61,0x67,0x65,0x46,0x72,0x6f,0x6d,0x44,0x69,0x73,0x74,0x61,0x6e,0x63,0x65,0x5f,
    0x66,0x31,0x5f,0x66,0x31,0x5f,0x28,0x64,0x20,0x3a,0x20,0x70,0x74,0x72,0x3c,0x66,
    0x75,0x6e,0x63,0x74,0x69,0x6f,0x6e,0x2c,0x20,0x66,0x33,0x32,0x3e,0x2c,0x20,0x61,
    0x61,0x20,0x3a,0x20,0x70,0x74,0x72,0x3c,0x66,0x75,0x6e,0x63,0x74,0x69,0x6f,0x6e,
    0x2c,0x20,0x66,0x33,0x32,0x3e,0x29,0x20,0x2d,0x3e,0x20,0x66,0x33,0x32,0x20,0x7b,
    0x0a,0x20,0x20,0x69,0x66,0x20,0x28,0x28,0x2a,0x28,0x61,0x61,0x29,0x20,0x3c,0x3d,
    0x20,0x30,0x2e,0x30,0x66,0x29,0x29,0x20,0x7b,0x0a,0x20,0x20,0x20,0x20,0x6c,0x65,
    0x74,0x20,0x78,0x5f,0x31,0x32,0x38,0x20,0x3d,0x20,0x2a,0x28,0x64,0x29,0x3b,0x0a,
    0x20,0x20,0x20,0x20,0x72,0x65,0x74,0x75,0x72,0x6e,0x20,0x73,0x65,0x6c,0x65,0x63,
    0x74,0x28,0x30,0x2e,0x30,0x66,0x2c,0x20,0x31,0x2e,0x30,0x66,0x2c,0x20,0x28,0x78,
    0x5f,0x31,0x32,0x38,0x20,0x3c,0x3d,0x20,0x30,0x2e,0x30,0x66,0x29,0x29,0x3b,0x0a,
    0x20,0x20,0x7d,0x0a,0x20,0x20,0x6c,0x65,0x74,0x20,0x78,0x5f,0x31,0x33,0x34,0x20,
    0x3d,0x20,0x2a,0x28,0x64,0x29,0x3b,0x0a,0x20,0x20,0x6c,0x65,0x74,0x20,0x78,0x5f,
    0x31,0x33,0x35,0x20,0x3d,0x20,0x2a,0x28,0x61,0x61,0x29,0x3b,0x0a,0x20,0x20,0x72,
    0x65,0x74,0x75,0x72,0x6e,0x20,0x63,0x6c,0x61,0x6d,0x70,0x28,0x28,0x30,0x2e,0x35,
    0x66,0x20,0x2d,0x20,0x28,0x78,0x5f,0x31,0x33,0x34,0x20,0x2f,0x20,0x78,0x5f,0x31,
    0x33,0x35,0x29,0x29,0x2c,0x20,0x30,0x2e,0x30,0x66,0x2c,0x20,0x31,0x2e,0x30,0x66,
    0x29,0x3b,0x0a,0x7d,0x0a,0x0a,0x66,0x6e,0x20,0x73,0x63,0x61,0x6e,0x6c,0x69,0x6e,
    0x65,0x48,0x61,0x6c,0x66,0x5f,0x66,0x31,0x5f,0x66,0x31,0x5f,0x66,0x31,0x5f,0x66,
    0x31,0x5f,0x28,0x68,0x78,0x20,0x3a,0x20,0x70,0x74,0x72,0x3c,0x66,0x75,0x6e,0x63,
    0x74,0x69,0x6f,0x6e,0x2c,0x20,0x66,0x33,0x32,0x3e,0x2c,0x20,0x68,0x79,0x20,0x3a,
    0x20,0x70,0x74,0x72,0x3c,0x66,0x75,0x6e,0x63,0x74,0x69,0x6f,0x6e,0x2c,0x20,0x66,
    0x33,0x32,0x3e,0x2c,0x20,0x61,0x79,0x20,0x3a,0x20,0x70,0x74,0x72,0x3c,0x66,0x75,
    0x6e,0x63,0x74,0x69,0x6f,0x6e,0x2c,0x20,0x66,0x33,0x32,0x3e,0x2c,0x20,0x72,0x5f,
    0x31,0x20,0x3a,0x20,0x70,0x74,0x72,0x3c,0x66,0x75,0x6e,0x63,0x74,0x69,0x6f,0x6e,
    0x2c,0x20,0x66,0x33,0x32,0x3e,0x29,0x20,0x2d,0x3e,0x20,0x66,0x33,0x32,0x20,0x7b,
    0x0a,0x20,0x20,0x76,0x61,0x72,0x20,0x78,0x5f,0x32,0x31,0x34,0x20,0x3a,0x20,0x66,
    0x33,0x32,0x3b,0x0a,0x20,0x20,0x6c,0x65,0x74,0x20,0x78,0x5f,0x31,0x39,0x39,0x20,
    0x3d,0x20,0x28,0x2a,0x28,0x61,0x79,0x29,0x20,0x2d,0x20,0x28,0x2a,0x28,0x68,0x79,
    0x29,0x20,0x2d,0x20,0x2a,0x28,0x72,0x5f,0x31,0x29,0x29,0x29,0x3b,0x0a,0x20,0x20,
    0x6c,0x65,0x74,0x20,0x78,0x5f,0x32,0x30,0x37,0x20,0x3d,0x20,0x28,0x28,0x2a,0x28,
    0x72,0x5f,0x31,0x29,0x20,0x2a,0x20,0x2a,0x28,0x72,0x5f,0x31,0x29,0x29,0x20,0x2d,
    0x20,0x28,0x78,0x5f,0x31,0x39,0x39,0x20,0x2a,0x20,0x78,0x5f,0x31,0x39,0x39,0x29,
    0x29,0x3b,0x0a,0x20,0x20,0x69,0x66,0x20,0x28,0x28,0x28,0x78,0x5f,0x31,0x39,0x39,
    0x20,0x3e,0x20,0x30,0x2e,0x30,0x66,0x29,0x20,0x26,0x20,0x28,0x78,0x5f,0x32,0x30,
    0x37,0x20,0x3e,0x20,0x30,0x2e,0x30,0x66,0x29,0x29,0x29,0x20,0x7b,0x0a,0x20,0x20,
    0x20,0x20,0x78,0x5f,0x32,0x31,0x34,0x20,0x3d,0x20,0x73,0x71,0x72,0x74,0x28,0x78,
    0x5f,0x32,0x30,0x37,0x29,0x3b,0x0a,0x20,0x20,0x7d,0x20,0x65,0x6c,0x73,0x65,0x20,
    0x7b,0x0a,0x20,0x20,0x20,0x20,0x78,0x5f,0x32,0x31,0x34,0x20,0x3d,0x20,0x2a,0x28,
    0x72,0x5f,0x31,0x29,0x3b,0x0a,0x20,0x20,0x7d,0x0a,0x20,0x20,0x6c,0x65,0x74,0x20,
    0x78,0x5f,0x32,0x32,0x31,0x20,0x3d,0x20,0x78,0x5f,0x32,0x31,0x34,0x3b,0x0a,0x20,
    0x20,0x6c,0x65,0x74,0x20,0x78,0x5f,0x32,0x32,0x32,0x20,0x3d,0x20,0x2a,0x28,0x68,
    0x78,0x29,0x3b,0x0a,0x20,0x20,0x6c,0x65,0x74,0x20,0x78,0x5f,0x32,0x32,0x33,0x20,
    0x3d,0x20,0x2a,0x28,0x72,0x5f,0x31,0x29,0x3b,0x0a,0x20,0x20,0x72,0x65,0x74,0x75,
    0x72,0x6e,0x20,0x28,0x28,0x78,0x5f,0x32,0x32,0x32,0x20,0x2d,0x20,0x78,0x5f,0x32,
    0x32,0x33,0x29,0x20,0x2b,0x20,0x78,0x5f,0x32,0x32,0x31,0x29,0x3b,0x0a,0x7d,0x0a,
    0x0a,0x66,0x6e,0x20,0x65,0x72,0x66,0x41,0x70,0x70,0x72,0x6f,0x78,0x5f,0x66,0x31,
    0x5f,0x28,0x78,0x20,0x3a,0x20,0x70,0x74,0x72,0x3c,0x66,0x75,0x6e,0x63,0x74,0x69,
    0x6f,0x6e,0x2c,0x20,0x66,0x33,0x32,0x3e,0x29,0x20,0x2d,0x3e,0x20,0x66,0x33,0x32,
    0x20,0x7b,0x0a,0x20,0x20,0x6c,0x65,0x74,0x20,0x78,0x5f,0x31,0x34,0x33,0x20,0x3d,
    0x20,0x73,0x69,0x67,0x6e,0x28,0x2a,0x28,0x78,0x29,0x29,0x3b,0x0a,0x20,0x20,0x6c,
    0x65,0x74,0x20,0x78,0x5f,0x31,0x34,0x36,0x20,0x3d,0x20,0x61,0x62,0x73,0x28,0x2a,
    0x28,0x78,0x29,0x29,0x3b,0x0a,0x20,0x20,0x6c,0x65,0x74,0x20,0x78,0x5f,0x31,0x36,
    0x33,0x20,0x3d,0x20,0x28,0x31,0x2e,0x30,0x66,0x20,0x2b,0x20,0x28,0x28,0x30,0x2e,
    0x32,0x37,0x38,0x33,0x39,0x33,0x30,0x30,0x30,0x33,0x36,0x34,0x33,0x30,0x33,0x35,
    0x38,0x38,0x38,0x37,0x66,0x20,0x2b,0x20,0x28,0x28,0x30,0x2e,0x32,0x33,0x30,0x33,
    0x38,0x38,0x39,0x39,0x38,0x39,0x38,0x35,0x32,0x39,0x30,0x35,0x32,0x37,0x33,0x34,
    0x66,0x20,0x2b,0x20,0x28,0x28,0x30,0x2e,0x30,0x30,0x30,0x39,0x37,0x32,0x30,0x30,
    0x30,0x30,0x30,0x38,0x39,0x31,0x34,0x36,0x31,0x39,0x36,0x38,0x66,0x20,0x2b,0x20,
    0x28,0x30,0x2e,0x30,0x37,0x38,0x31,0x30,0x37,0x39,0x39,0x37,0x37,0x37,0x35,0x30,
    0x37,0x37,0x38,0x31,0x39,0x38,0x32,0x66,0x20,0x2a,0x20,0x78,0x5f,0x31,0x34,0x36,
    0x29,0x29,0x20,0x2a,0x20,0x78,0x5f,0x31,0x34,0x36,0x29,0x29,0x20,0x2a,0x20,0x78,
    0x5f,0x31,0x34,0x36,0x29,0x29,0x20,0x2a,0x20,0x78,0x5f,0x31,0x34,0x36,0x29,0x29,
    0x3b,0x0a,0x20,0x20,0x6c,0x65,0x74,0x20,0x78,0x5f,0x31,0x36,0x37,0x20,0x3d,0x20,
    0x28,0x78,0x5f,0x31,0x36,0x33,0x20,0x2a,0x20,0x78,0x5f,0x31,0x36,0x33,0x29,0x3b,
    0x0a,0x20,0x20,0x72,0x65,0x74,0x75,0x72,0x6e,0x20,0x28,0x78,0x5f,0x31,0x34,0x33,
    0x20,0x2d,0x20,0x28,0x78,0x5f,0x31,0x34,0x33,0x20,0x2f,0x20,0x28,0x78,0x5f,0x31,
    0x36,0x37,0x20,0x2a,0x20,0x78,0x5f,0x31,0x36,0x37,0x29,0x29,0x29,0x3b,0x0a,0x7d,
    0x0a,0x0a,0x66,0x6e,0x20,0x67,0x61,0x75,0x73,0x73,0x69,0x61,0x6e,0x50,0x64,0x66,
    0x5f,0x66,0x31,0x5f,0x66,0x31,0x5f,0x28,0x78,0x5f,0x31,0x20,0x3a,0x20,0x70,0x74,
    0x72,0x3c,0x66,0x75,0x6e,0x63,0x74,0x69,0x6f,0x6e,0x2c,0x20,0x66,0x33,0x32,0x3e,
    0x2c,0x20,0x73,0x69,0x67,0x6d,0x61,0x20,0x3a,0x20,0x70,0x74,0x72,0x3c,0x66,0x75,
    0x6e,0x63,0x74,0x69,0x6f,0x6e,0x2c,0x20,0x66,0x33,0x32,0x3e,0x29,0x20,0x2d,0x3e,
    0x20,0x66,0x33,0x32,0x20,0x7b,0x0a,0x20,0x20,0x6c,0x65,0x74,0x20,0x78,0x5f,0x31,
    0x37,0x37,0x20,0x3d,0x20,0x2a,0x28,0x78,0x5f,0x31,0x29,0x3b,0x0a,0x20,0x20,0x6c,
    0x65,0x74,0x20,0x78,0x5f,0x31,0x37,0x38,0x20,0x3d,0x20,0x2a,0x28,0x78,0x5f,0x31,
    0x29,0x3b,0x0a,0x20,0x20,0x6c,0x65,0x74,0x20,0x78,0x5f,0x31,0x38,0x32,0x20,0x3d,
    0x20,0x2a,0x28,0x73,0x69,0x67,0x6d,0x61,0x29,0x3b,0x0a,0x20,0x20,0x6c,0x65,0x74,
    0x20,0x78,0x5f,0x31,0x38,0x34,0x20,0x3d,0x20,0x2a,0x28,0x73,0x69,0x67,0x6d,0x61,
    0x29,0x3b,0x0a,0x20,0x20,0x6c,0x65,0x74,0x20,0x78,0x5f,0x31,0x38,0x39,0x20,0x3d,
    0x20,0x2a,0x28,0x73,0x69,0x67,0x6d,0x61,0x29,0x3b,0x0a,0x20,0x20,0x72,0x65,0x74,
    0x75,0x72,0x6e,0x20,0x28,0x65,0x78,0x70,0x28,0x28,0x2d,0x28,0x28,0x78,0x5f,0x31,
    0x37,0x37,0x20,0x2a,0x20,0x78,0x5f,0x31,0x37,0x38,0x29,0x29,0x20,0x2f,0x20,0x28,
    0x28,0x32,0x2e,0x30,0x66,0x20,0x2a,0x20,0x78,0x5f,0x31,0x38,0x32,0x29,0x20,0x2a,
    0x20,0x78,0x5f,0x31,0x38,0x34,0x29,0x29,0x29,0x20,0x2f,0x20,0x28,0x32,0x2e,0x35,
    0x30,0x36,0x36,0x32,0x38,0x32,0x37,0x34,0x39,0x31,0x37,0x36,0x30,0x32,0x35,0x33,
    0x39,0x30,0x36,0x66,0x20,0x2a,0x20,0x78,0x5f,0x31,0x38,0x39,0x29,0x29,0x3b,0x0a,
    0x7d,0x0a,0x0a,0x66,0x6e,0x20,0x73,0x68,0x61,0x64,0x6f,0x77,0x43,0x6f,0x76,0x65,
    0x72,0x61,0x67,0x65,0x5f,0x76,0x66,0x32,0x5f,0x76,0x66,0x32,0x5f,0x76,0x66,0x34,
    0x5f,0x76,0x66,0x32,0x5f,0x66,0x31,0x5f,0x66,0x31,0x5f,0x28,0x70,0x5f,0x32,0x20,
    0x3a,0x20,0x70,0x74,0x72,0x3c,0x66,0x75,0x6e,0x63,0x74,0x69,0x6f,0x6e,0x2c,0x20,
    0x76,0x65,0x63,0x32,0x66,0x3e,0x2c,0x20,0x68,0x61,0x6c,0x66,0x5f,0x5f,0x31,0x20,
    0x3a,0x20,0x70,0x74,0x72,0x3c,0x66,0x75,0x6e,0x63,0x74,0x69,0x6f,0x6e,0x2c,0x20,
    0x76,0x65,0x63,0x32,0x66,0x3e,0x2c,0x20,0x72,0x61,0x64,0x69,0x69,0x5f,0x31,0x20,
    0x3a,0x20,0x70,0x74,0x72,0x3c,0x66,0x75,0x6e,0x63,0x74,0x69,0x6f,0x6e,0x2c,0x20,
    0x76,0x65,0x63,0x34,0x66,0x3e,0x2c,0x20,0x6f,0x66,0x66,0x73,0x65,0x74,0x5f,0x31,
    0x20,0x3a,0x20,0x70,0x74,0x72,0x3c,0x66,0x75,0x6e,0x63,0x74,0x69,0x6f,0x6e,0x2c,
    0x20,0x76,0x65,0x63,0x32,0x66,0x3e,0x2c,0x20,0x73,0x69,0x67,0x6d,0x61,0x5f,0x31,
    0x20,0x3a,0x20,0x70,0x74,0x72,0x3c,0x66,0x75,0x6e,0x63,0x74,0x69,0x6f,0x6e,0x2c,
    0x20,0x66,0x33,0x32,0x3e,0x2c,0x20,0x61,0x61,0x5f,0x31,0x20,0x3a,0x20,0x70,0x74,
    0x72,0x3c,0x66,0x75,0x6e,0x63,0x74,0x69,0x6f,0x6e,0x2c,0x20,0x66,0x33,0x32,0x3e,
    0x29,0x20,0x2d,0x3e,0x20,0x66,0x33,0x32,0x20,0x7b,0x0a,0x20,0x20,0x76,0x61,0x72,
    0x20,0x70,0x61,0x72,0x61,0x6d,0x20,0x3a,0x20,0x76,0x65,0x63,0x32,0x66,0x3b,0x0a,
    0x20,0x20,0x76,0x61,0x72,0x20,0x70,0x61,0x72,0x61,0x6d,0x5f,0x31,0x20,0x3a,0x20,
    0x76,0x65,0x63,0x34,0x66,0x3b,0x0a,0x20,0x20,0x76,0x61,0x72,0x20,0x70,0x61,0x72,
    0x61,0x6d,0x5f,0x32,0x20,0x3a,0x20,0x76,0x65,0x63,0x32,0x66,0x3b,0x0a,0x20,0x20,
    0x76,0x61,0x72,0x20,0x70,0x61,0x72,0x61,0x6d,0x5f,0x33,0x20,0x3a,0x20,0x76,0x65,
    0x63,0x32,0x66,0x3b,0x0a,0x20,0x20,0x76,0x61,0x72,0x20,0x70,0x61,0x72,0x61,0x6d,
    0x5f,0x34,0x20,0x3a,0x20,0x66,0x33,0x32,0x3b,0x0a,0x20,0x20,0x76,0x61,0x72,0x20,
    0x70,0x61,0x72,0x61,0x6d,0x5f,0x35,0x20,0x3a,0x20,0x66,0x33,0x32,0x3b,0x0a,0x20,
    0x20,0x76,0x61,0x72,0x20,0x70,0x61,0x72,0x61,0x6d,0x5f,0x36,0x20,0x3a,0x20,0x66,
    0x33,0x32,0x3b,0x0a,0x20,0x20,0x76,0x61,0x72,0x20,0x61,0x63,0x63,0x20,0x3a,0x20,
    0x66,0x33,0x32,0x3b,0x0a,0x20,0x20,0x76,0x61,0x72,0x20,0x79,0x20,0x3a,0x20,0x66,
    0x33,0x32,0x3b,0x0a,0x20,0x20,0x76,0x61,0x72,0x20,0x69,0x20,0x3a,0x20,0x69,0x33,
    0x32,0x3b,0x0a,0x20,0x20,0x76,0x61,0x72,0x20,0x78,0x5f,0x33,0x32,0x38,0x20,0x3a,
    0x20,0x66,0x33,0x32,0x3b,0x0a,0x20,0x20,0x76,0x61,0x72,0x20,0x70,0x61,0x72,0x61,
    0x6d,0x5f,0x37,0x20,0x3a,0x20,0x66,0x33,0x32,0x3b,0x0a,0x20,0x20,0x76,0x61,0x72,
    0x20,0x70,0x61,0x72,0x61,0x6d,0x5f,0x38,0x20,0x3a,0x20,0x66,0x33,0x32,0x3b,0x0a,
    0x20,0x20,0x76,0x61,0x72,0x20,0x70,0x61,0x72,0x61,0x6d,0x5f,0x39,0x20,0x3a,0x20,
    0x66,0x33,0x32,0x3b,0x0a,0x20,0x20,0x76,0x61,0x72,0x20,0x70,0x61,0x72,0x61,0x6d,
    0x5f,0x31,0x30,0x20,0x3a,0x20,0x66,0x33,0x32,0x3b,0x0a,0x20,0x20,0x76,0x61,0x72,
    0x20,0x78,0x5f,0x33,0x35,0x30,0x20,0x3a,0x20,0x66,0x33,0x32,0x3b,0x0a,0x20,0x20,
    0x76,0x61,0x72,0x20,0x70,0x61,0x72,0x61,0x6d,0x5f,0x31,0x31,0x20,0x3a,0x20,0x66,
    0x33,0x32,0x3b,0x0a,0x20,0x20,0x76,0x61,0x72,0x20,0x70,0x61,0x72,0x61,0x6d,0x5f,
    0x31,0x32,0x20,0x3a,0x20,0x66,0x33,0x32,0x3b,0x0a,0x20,0x20,0x76,0x61,0x72,0x20,
    0x70,0x61,0x72,0x61,0x6d,0x5f,0x31,0x33,0x20,0x3a,0x20,0x66,0x33,0x32,0x3b,0x0a,
    0x20,0x20,0x76,0x61,0x72,0x20,0x70,0x61,0x72,0x61,0x6d,0x5f,0x31,0x34,0x20,0x3a,
    0x20,0x66,0x33,0x32,0x3b,0x0a,0x20,0x20,0x76,0x61,0x72,0x20,0x70,0x61,0x72,0x61,
    0x6d,0x5f,0x31,0x35,0x20,0x3a,0x20,0x66,0x33,0x32,0x3b,0x0a,0x20,0x20,0x76,0x61,
    0x72,0x20,0x70,0x61,0x72,0x61,0x6d,0x5f,0x31,0x36,0x20,0x3a,0x20,0x66,0x33,0x32,
    0x3b,0x0a,0x20,0x20,0x76,0x61,0x72,0x20,0x70,0x61,0x72,0x61,0x6d,0x5f,0x31,0x37,
    0x20,0x3a,0x20,0x66,0x33,0x32,0x3b,0x0a,0x20,0x20,0x76,0x61,0x72,0x20,0x70,0x61,
    0x72,0x61,0x6d,0x5f,0x31,0x38,0x20,0x3a,0x20,0x66,0x33,0x32,0x3b,0x0a,0x20,0x20,
    0x6c,0x65,0x74,0x20,0x78,0x5f,0x32,0x33,0x38,0x20,0x3d,0x20,0x63,0x6c,0x61,0x6d,
    0x70,0x28,0x2a,0x28,0x72,0x61,0x64,0x69,0x69,0x5f,0x31,0x29,0x2c,0x20,0x76,0x65,
    0x63,0x34,0x66,0x28,0x29,0x2c,0x20,0x76,0x65,0x63,0x34,0x66,0x28,0x6d,0x69,0x6e,
    0x28,0x28,0x2a,0x28,0x68,0x61,0x6c,0x66,0x5f,0x5f,0x31,0x29,0x29,0x2e,0x78,0x2c,
    0x20,0x28,0x2a,0x28,0x68,0x61,0x6c,0x66,0x5f,0x5f,0x31,0x29,0x29,0x2e,0x79,0x29,
    0x29,0x29,0x3b,0x0a,0x20,0x20,0x6c,0x65,0x74,0x20,0x78,0x5f,0x32,0x34,0x32,0x20,
    0x3d,0x20,0x28,0x2a,0x28,0x70,0x5f,0x32,0x29,0x20,0x2d,0x20,0x2a,0x28,0x6f,0x66,
    0x66,0x73,0x65,0x74,0x5f,0x31,0x29,0x29,0x3b,0x0a,0x20,0x20,0x69,0x66,0x20,0x28,
    0x28,0x2a,0x28,0x73,0x69,0x67,0x6d,0x61,0x5f,0x31,0x29,0x20,0x3c,0x3d,0x20,0x30,
    0x2e,0x30,0x66,0x29,0x29,0x20,0x7b,0x0a,0x20,0x20,0x20,0x20,0x70,0x61,0x72,0x61,
    0x6d,0x20,0x3d,0x20,0x78,0x5f,0x32,0x34,0x32,0x3b,0x0a,0x20,0x20,0x20,0x20,0x70,
    0x61,0x72,0x61,0x6d,0x5f,0x31,0x20,0x3d,0x20,0x78,0x5f,0x32,0x33,0x38,0x3b,0x0a,
    0x20,0x20,0x20,0x20,0x6c,0x65,0x74,0x20,0x78,0x5f,0x32,0x35,0x31,0x20,0x3d,0x20,
    0x63,0x6f,0x72,0x6e,0x65,0x72,0x52,0x61,0x64,0x69,0x75,0x73,0x5f,0x76,0x66,0x32,
    0x5f,0x76,0x66,0x34,0x5f,0x28,0x26,0x28,0x70,0x61,0x72,0x61,0x6d,0x29,0x2c,0x20,
    0x26,0x28,0x70,0x61,0x72,0x61,0x6d,0x5f,0x31,0x29,0x29,0x3b,0x0a,0x20,0x20,0x20,
    0x20,0x70,0x61,0x72,0x61,0x6d,0x5f,0x32,0x20,0x3d,0x20,0x78,0x5f,0x32,0x34,0x32,
    0x3b,0x0a,0x20,0x20,0x20,0x20,0x70,0x61,0x72,0x61,0x6d,0x5f,0x33,0x20,0x3d,0x20,
    0x2a,0x28,0x68,0x61,0x6c,0x66,0x5f,0x5f,0x31,0x29,0x3b,0x0a,0x20,0x20,0x20,0x20,
    0x70,0x61,0x72,0x61,0x6d,0x5f,0x34,0x20,0x3d,0x20,0x78,0x5f,0x32,0x35,0x31,0x3b,
    0x0a,0x20,0x20,0x20,0x20,0x6c,0x65,0x74,0x20,0x78,0x5f,0x32,0x35,0x37,0x20,0x3d,
    0x20,0x72,0x6f,0x75,0x6e,0x64,0x65,0x64,0x52,0x65,0x63,0x74,0x44,0x69,0x73,0x74,
    0x61,0x6e,0x63,0x65,0x5f,0x76,0x66,0x32,0x5f,0x76,0x66,0x32,0x5f,0x66,0x31,0x5f,
    0x28,0x26,0x28,0x70,0x61,0x72,0x61,0x6d,0x5f,0x32,0x29,0x2c,0x20,0x26,0x28,0x70,
    0x61,0x72,0x61,0x6d,0x5f,0x33,0x29,0x2c,0x20,0x26,0x28,0x70,0x61,0x72,0x61,0x6d,
    0x5f,0x34,0x29,0x29,0x3b,0x0a,0x20,0x20,0x20,0x20,0x70,0x61,0x72,0x61,0x6d,0x5f,
    0x35,0x20,0x3d,0x20,0x78,0x5f,0x32,0x35,0x37,0x3b,0x0a,0x20,0x20,0x20,0x20,0x70,
    0x61,0x72,0x61,0x6d,0x5f,0x36,0x20,0x3d,0x20,0x2a,0x28,0x61,0x61,0x5f,0x31,0x29,
    0x3b,0x0a,0x20,0x20,0x20,0x20,0x6c,0x65,0x74,0x20,0x78,0x5f,0x32,0x36,0x31,0x20,
    0x3d,0x20,0x63,0x6f,0x76,0x65,0x72,0x61,0x67,0x65,0x46,0x72,0x6f,0x6d,0x44,0x69,
    0x73,0x74,0x61,0x6e,0x63,0x65,0x5f,0x66,0x31,0x5f,0x66,0x31,0x5f,0x28,0x26,0x28,
    0x70,0x61,0x72,0x61,0x6d,0x5f,0x35,0x29,0x2c,0x20,0x26,0x28,0x70,0x61,0x72,0x61,
    0x6d,0x5f,0x36,0x29,0x29,0x3b,0x0a,0x20,0x20,0x20,0x20,0x72,0x65,0x74,0x75,0x72,
    0x6e,0x20,0x78,0x5f,0x32,0x36,0x31,0x3b,0x0a,0x20,0x20,0x7d,0x0a,0x20,0x20,0x6c,
    0x65,0x74,0x20,0x78,0x5f,0x32,0x36,0x35,0x20,0x3d,0x20,0x78,0x5f,0x32,0x34,0x32,
    0x2e,0x79,0x3b,0x0a,0x20,0x20,0x6c,0x65,0x74,0x20,0x78,0x5f,0x32,0x36,0x38,0x20,
    0x3d,0x20,0x28,0x78,0x5f,0x32,0x36,0x35,0x20,0x2d,0x20,0x28,0x2a,0x28,0x68,0x61,
    0x6c,0x66,0x5f,0x5f,0x31,0x29,0x29,0x2e,0x79,0x29,0x3b,0x0a,0x20,0x20,0x6c,0x65,
    0x74,0x20,0x78,0x5f,0x32,0x37,0x34,0x20,0x3d,0x20,0x28,0x78,0x5f,0x32,0x36,0x35,
    0x20,0x2b,0x20,0x28,0x2a,0x28,0x68,0x61,0x6c,0x66,0x5f,0x5f,0x31,0x29,0x29,0x2e,
    0x79,0x29,0x3b,0x0a,0x20,0x20,0x6c,0x65,0x74,0x20,0x78,0x5f,0x32,0x38,0x31,0x20,
    0x3d,0x20,0x63,0x6c,0x61,0x6d,0x70,0x28,0x28,0x2d,0x33,0x2e,0x30,0x66,0x20,0x2a,
    0x20,0x2a,0x28,0x73,0x69,0x67,0x6d,0x61,0x5f,0x31,0x29,0x29,0x2c,0x20,0x78,0x5f,
    0x32,0x36,0x38,0x2c,0x20,0x78,0x5f,0x32,0x37,0x34,0x29,0x3b,0x0a,0x20,0x20,0x6c,
    0x65,0x74,0x20,0x78,0x5f,0x32,0x39,0x32,0x20,0x3d,0x20,0x28,0x63,0x6c,0x61,0x6d,
    0x70,0x28,0x28,0x33,0x2e,0x30,0x66,0x20,0x2a,0x20,0x2a,0x28,0x73,0x69,0x67,0x6d,
    0x61,0x5f,0x31,0x29,0x29,0x2c,0x20,0x78,0x5f,0x32,0x36,0x38,0x2c,0x20,0x78,0x5f,
    0x32,0x37,0x34,0x29,0x20,0x2d,0x20,0x78,0x5f,0x32,0x38,0x31,0x29,0x3b,0x0a,0x20,
    0x20,0x6c,0x65,0x74,0x20,0x78,0x5f,0x32,0x39,0x34,0x20,0x3d,0x20,0x28,0x78,0x5f,
    0x32,0x39,0x32,0x20,0x2a,0x20,0x30,0x2e,0x32,0x35,0x66,0x29,0x3b,0x0a,0x20,0x20,
    0x6c,0x65,0x74,0x20,0x78,0x5f,0x32,0x39,0x38,0x20,0x3d,0x20,0x28,0x30,0x2e,0x37,
    0x30,0x37,0x31,0x30,0x36,0x37,0x36,0x39,0x30,0x38,0x34,0x39,0x33,0x30,0x34,0x31,
    0x39,0x39,0x32,0x66,0x20,0x2f,0x20,0x2a,0x28,0x73,0x69,0x67,0x6d,0x61,0x5f,0x31,
    0x29,0x29,0x3b,0x0a,0x20,0x20,0x61,0x63,0x63,0x20,0x3d,0x20,0x30,0x2e,0x30,0x66,
    0x3b,0x0a,0x20,0x20,0x79,0x20,0x3d,0x20,0x28,0x78,0x5f,0x32,0x38,0x31,0x20,0x2b,
    0x20,0x28,0x78,0x5f,0x32,0x39,0x32,0x20,0x2a,0x20,0x30,0x2e,0x31,0x32,0x35,0x66,
    0x29,0x29,0x3b,0x0a,0x20,0x20,0x69,0x20,0x3d,0x20,0x30,0x69,0x3b,0x0a,0x20,0x20,
    0x6c,0x6f,0x6f,0x70,0x20,0x7b,0x0a,0x20,0x20,0x20,0x20,0x69,0x66,0x20,0x28,0x28,
    0x69,0x20,0x3c,0x20,0x34,0x69,0x29,0x29,0x20,0x7b,0x0a,0x20,0x20,0x20,0x20,0x7d,
    0x20,0x65,0x6c,0x73,0x65,0x20,0x7b,0x0a,0x20,0x20,0x20,0x20,0x20,0x20,0x62,0x72,
    0x65,0x61,0x6b,0x3b,0x0a,0x20,0x20,0x20,0x20,0x7d,0x0a,0x20,0x20,0x20,0x20,0x6c,
    0x65,0x74,0x20,0x78,0x5f,0x33,0x32,0x31,0x20,0x3d,0x20,0x28,0x78,0x5f,0x32,0x36,
    0x35,0x20,0x2d,0x20,0x79,0x29,0x3b,0x0a,0x20,0x20,0x20,0x20,0x6c,0x65,0x74,0x20,
    0x78,0x5f,0x33,0x32,0x34,0x20,0x3d,0x20,0x61,0x62,0x73,0x28,0x78,0x5f,0x33,0x32,
    0x31,0x29,0x3b,0x0a,0x20,0x20,0x20,0x20,0x6c,0x65,0x74,0x20,0x78,0x5f,0x33,0x32,
    0x37,0x20,0x3d,0x20,0x28,0x78,0x5f,0x33,0x32,0x31,0x20,0x3c,0x20,0x30,0x2e,0x30,
    0x66,0x29,0x3b,0x0a,0x20,0x20,0x20,0x20,0x69,0x66,0x20,0x28,0x78,0x5f,0x33,0x32,
    0x37,0x29,0x20,0x7b,0x0a,0x20,0x20,0x20,0x20,0x20,0x20,0x78,0x5f,0x33,0x32,0x38,
    0x20,0x3d,0x20,0x78,0x5f,0x32,0x33,0x38,0x2e,0x78,0x3b,0x0a,0x20,0x20,0x20,0x20,
    0x7d,0x20,0x65,0x6c,0x73,0x65,0x20,0x7b,0x0a,0x20,0x20,0x20,0x20,0x20,0x20,0x78,
    0x5f,0x33,0x32,0x38,0x20,0x3d,0x20,0x78,0x5f,0x32,0x33,0x38,0x2e,0x77,0x3b,0x0a,
    0x20,0x20,0x20,0x20,0x7d,0x0a,0x20,0x20,0x20,0x20,0x70,0x61,0x72,0x61,0x6d,0x5f,
    0x37,0x20,0x3d,0x20,0x28,0x2a,0x28,0x68,0x61,0x6c,0x66,0x5f,0x5f,0x31,0x29,0x29,
    0x2e,0x78,0x3b,0x0a,0x20,0x20,0x20,0x20,0x70,0x61,0x72,0x61,0x6d,0x5f,0x38,0x20,
    0x3d,0x20,0x28,0x2a,0x28,0x68,0x61,0x6c,0x66,0x5f,0x5f,0x31,0x29,0x29,0x2e,0x79,
    0x3b,0x0a,0x20,0x20,0x20,0x20,0x70,0x61,0x72,0x61,0x6d,0x5f,0x39,0x20,0x3d,0x20,
    0x78,0x5f,0x33,0x32,0x34,0x3b,0x0a,0x20,0x20,0x20,0x20,0x70,0x61,0x72,0x61,0x6d,
    0x5f,0x31,0x30,0x20,0x3d,0x20,0x78,0x5f,0x33,0x32,0x38,0x3b,0x0a,0x20,0x20,0x20,
    0x20,0x6c,0x65,0x74,0x20,0x78,0x5f,0x33,0x34,0x36,0x20,0x3d,0x20,0x73,0x63,0x61,
    0x6e,0x6c,0x69,0x6e,0x65,0x48,0x61,0x6c,0x66,0x5f,0x66,0x31,0x5f,0x66,0x31,0x5f,
    0x66,0x31,0x5f,0x66,0x31,0x5f,0x28,0x26,0x28,0x70,0x61,0x72,0x61,0x6d,0x5f,0x37,
    0x29,0x2c,0x20,0x26,0x28,0x70,0x61,0x72,0x61,0x6d,0x5f,0x38,0x29,0x2c,0x20,0x26,
    0x28,0x70,0x61,0x72,0x61,0x6d,0x5f,0x39,0x29,0x2c,0x20,0x26,0x28,0x70,0x61,0x72,
    0x61,0x6d,0x5f,0x31,0x30,0x29,0x29,0x3b,0x0a,0x20,0x20,0x20,0x20,0x69,0x66,0x20,
    0x28,0x78,0x5f,0x33,0x32,0x37,0x29,0x20,0x7b,0x0a,0x20,0x20,0x20,0x20,0x20,0x20,
    0x78,0x5f,0x33,0x35,0x30,0x20,0x3d,0x20,0x78,0x5f,0x32,0x33,0x38,0x2e,0x79,0x3b,
    0x0a,0x20,0x20,0x20,0x20,0x7d,0x20,0x65,0x6c,0x73,0x65,0x20,0x7b,0x0a,0x20,0x20,
    0x20,0x20,0x20,0x20,0x78,0x5f,0x33,0x35,0x30,0x20,0x3d,0x20,0x78,0x5f,0x32,0x33,
    0x38,0x2e,0x7a,0x3b,0x0a,0x20,0x20,0x20,0x20,0x7d,0x0a,0x20,0x20,0x20,0x20,0x70,
    0x61,0x72,0x61,0x6d,0x5f,0x31,0x31,0x20,0x3d,0x20,0x28,0x2a,0x28,0x68,0x61,0x6c,
    0x66,0x5f,0x5f,0x31,0x29,0x29,0x2e,0x78,0x3b,0x0a,0x20,0x20,0x20,0x20,0x70,0x61,
    0x72,0x61,0x6d,0x5f,0x31,0x32,0x20,0x3d,0x20,0x28,0x2a,0x28,0x68,0x61,0x6c,0x66,
    0x5f,0x5f,0x31,0x29,0x29,0x2e,0x79,0x3b,0x0a,0x20,0x20,0x20,0x20,0x70,0x61,0x72,
    0x61,0x6d,0x5f,0x31,0x33,0x20,0x3d,0x20,0x78,0x5f,0x33,0x32,0x34,0x3b,0x0a,0x20,
    0x20,0x20,0x20,0x70,0x61,0x72,0x61,0x6d,0x5f,0x31,0x34,0x20,0x3d,0x20,0x78,0x5f,
    0x33,0x35,0x30,0x3b,0x0a,0x20,0x20,0x20,0x20,0x6c,0x65,0x74,0x20,0x78,0x5f,0x33,
    0x36,0x38,0x20,0x3d,0x20,0x73,0x63,0x61,0x6e,0x6c,0x69,0x6e,0x65,0x48,0x61,0x6c,
    0x66,0x5f,0x66,0x31,0x5f,0x66,0x31,0x5f,0x66,0x31,0x5f,0x66,0x31,0x5f,0x28,0x26,
    0x28,0x70,0x61,0x72,0x61,0x6d,0x5f,0x31,0x31,0x29,0x2c,0x20,0x26,0x28,0x70,0x61,
    0x72,0x61,0x6d,0x5f,0x31,0x32,0x29,0x2c,0x20,0x26,0x28,0x70,0x61,0x72,0x61,0x6d,
    0x5f,0x31,0x33,0x29,0x2c,0x20,0x26,0x28,0x70,0x61,0x72,0x61,0x6d,0x5f,0x31,0x34,
    0x29,0x29,0x3b,0x0a,0x20,0x20,0x20,0x20,0x6c,0x65,0x74,0x20,0x78,0x5f,0x33,0x37,
    0x31,0x20,0x3d,0x20,0x78,0x5f,0x32,0x34,0x32,0x2e,0x78,0x3b,0x0a,0x20,0x20,0x20,
    0x20,0x70,0x61,0x72,0x61,0x6d,0x5f,0x31,0x35,0x20,0x3d,0x20,0x28,0x28,0x78,0x5f,
    0x33,0x37,0x31,0x20,0x2b,0x20,0x78,0x5f,0x33,0x34,0x36,0x29,0x20,0x2a,0x20,0x78,
    0x5f,0x32,0x39,0x38,0x29,0x3b,0x0a,0x20,0x20,0x20,0x20,0x6c,0x65,0x74,0x20,0x78,
    0x5f,0x33,0x37,0x37,0x20,0x3d,0x20,0x65,0x72,0x66,0x41,0x70,0x70,0x72,0x6f,0x78,
    0x5f,0x66,0x31,0x5f,0x28,0x26,0x28,0x70,0x61,0x72,0x61,0x6d,0x5f,0x31,0x35,0x29,
    0x29,0x3b,0x0a,0x20,0x20,0x20,0x20,0x70,0x61,0x72,0x61,0x6d,0x5f,0x31,0x36,0x20,
    0x3d,0x20,0x28,0x28,0x78,0x5f,0x33,0x37,0x31,0x20,0x2d,0x20,0x78,0x5f,0x33,0x36,
    0x38,0x29,0x20,0x2a,0x20,0x78,0x5f,0x32,0x39,0x38,0x29,0x3b,0x0a,0x20,0x20,0x20,
    0x20,0x6c,0x65,0x74,0x20,0x78,0x5f,0x33,0x38,0x38,0x20,0x3d,0x20,0x65,0x72,0x66,
    0x41,0x70,0x70,0x72,0x6f,0x78,0x5f,0x66,0x31,0x5f,0x28,0x26,0x28,0x70,0x61,0x72,
    0x61,0x6d,0x5f,0x31,0x36,0x29,0x29,0x3b,0x0a,0x20,0x20,0x20,0x20,0x70,0x61,0x72,
    0x61,0x6d,0x5f,0x31,0x37,0x20,0x3d,0x20,0x79,0x3b,0x0a,0x20,0x20,0x20,0x20,0x70,
    0x61,0x72,0x61,0x6d,0x5f,0x31,0x38,0x20,0x3d,0x20,0x2a,0x28,0x73,0x69,0x67,0x6d,
    0x61,0x5f,0x31,0x29,0x3b,0x0a,0x20,0x20,0x20,0x20,0x6c,0x65,0x74,0x20,0x78,0x5f,
    0x33,0x39,0x38,0x20,0x3d,0x20,0x67,0x61,0x75,0x73,0x73,0x69,0x61,0x6e,0x50,0x64,
    0x66,0x5f,0x66,0x31,0x5f,0x66,0x31,0x5f,0x28,0x26,0x28,0x70,0x61,0x72,0x61,0x6d,
    0x5f,0x31,0x37,0x29,0x2c,0x20,0x26,0x28,0x70,0x61,0x72,0x61,0x6d,0x5f,0x31,0x38,
    0x29,0x29,0x3b,0x0a,0x20,0x20,0x20,0x20,0x61,0x63,0x63,0x20,0x3d,0x20,0x28,0x61,
    0x63,0x63,0x20,0x2b,0x20,0x28,0x28,0x28,0x28,0x30,0x2e,0x35,0x66,0x20,0x2b,0x20,
    0x28,0x30,0x2e,0x35,0x66,0x20,0x2a,0x20,0x78,0x5f,0x33,0x37,0x37,0x29,0x29,0x20,
    0x2d,0x20,0x28,0x30,0x2e,0x35,0x66,0x20,0x2b,0x20,0x28,0x30,0x2e,0x35,0x66,0x20,
    0x2a,0x20,0x78,0x5f,0x33,0x38,0x38,0x29,0x29,0x29,0x20,0x2a,0x20,0x78,0x5f,0x33,
    0x39,0x38,0x29,0x20,0x2a,0x20,0x78,0x5f,0x32,0x39,0x34,0x29,0x29,0x3b,0x0a,0x20,
    0x20,0x20,0x20,0x79,0x20,0x3d,0x20,0x28,0x79,0x20,0x2b,0x20,0x78,0x5f,0x32,0x39,
    0x34,0x29,0x3b,0x0a,0x0a,0x20,0x20,0x20,0x20,0x63,0x6f,0x6e,0x74,0x69,0x6e,0x75,
    0x69,0x6e,0x67,0x20,0x7b,0x0a,0x20,0x20,0x20,0x20,0x20,0x20,0x69,0x20,0x3d,0x20,
    0x28,0x69,0x20,0x2b,0x20,0x31,0x69,0x29,0x3b,0x0a,0x20,0x20,0x20,0x20,0x7d,0x0a,
    0x20,0x20,0x7d,0x0a,0x20,0x20,0x6c,0x65,0x74,0x20,0x78,0x5f,0x34,0x31,0x30,0x20,
    0x3d,0x20,0x61,0x63,0x63,0x3b,0x0a,0x20,0x20,0x72,0x65,0x74,0x75,0x72,0x6e,0x20,
    0x78,0x5f,0x34,0x31,0x30,0x3b,0x0a,0x7d,0x0a,0x0a,0x66,0x6e,0x20,0x6d,0x61,0x69,
    0x6e,0x5f,0x31,0x28,0x29,0x20,0x7b,0x0a,0x20,0x20,0x76,0x61,0x72,0x20,0x70,0x61,
    0x72,0x61,0x6d,0x5f,0x31,0x39,0x20,0x3a,0x20,0x76,0x65,0x63,0x32,0x66,0x3b,0x0a,
    0x20,0x20,0x76,0x61,0x72,0x20,0x70,0x61,0x72,0x61,0x6d,0x5f,0x32,0x30,0x20,0x3a,
    0x20,0x76,0x65,0x63,0x34,0x66,0x3b,0x0a,0x20,0x20,0x76,0x61,0x72,0x20,0x70,0x61,
    0x72,0x61,0x6d,0x5f,0x32,0x31,0x20,0x3a,0x20,0x76,0x65,0x63,0x32,0x66,0x3b,0x0a,
    0x20,0x20,0x76,0x61,0x72,0x20,0x70,0x61,0x72,0x61,0x6d,0x5f,0x32,0x32,0x20,0x3a,
    0x20,0x76,0x65,0x63,0x32,0x66,0x3b,0x0a,0x20,0x20,0x76,0x61,0x72,0x20,0x70,0x61,
    0x72,0x61,0x6d,0x5f,0x32,0x33,0x20,0x3a,0x20,0x66,0x33,0x32,0x3b,0x0a,0x20,0x20,
    0x76,0x61,0x72,0x20,0x70,0x61,0x72,0x61,0x6d,0x5f,0x32,0x34,0x20,0x3a,0x20,0x66,
    0x33,0x32,0x3b,0x0a,0x20,0x20,0x76,0x61,0x72,0x20,0x70,0x61,0x72,0x61,0x6d,0x5f,
    0x32,0x35,0x20,0x3a,0x20,0x66,0x33,0x32,0x3b,0x0a,0x20,0x20,0x76,0x61,0x72,0x20,
    0x74,0x65,0x78,0x65,0x6c,0x20,0x3a,0x20,0x76,0x65,0x63,0x34,0x66,0x3b,0x0a,0x20,
    0x20,0x76,0x61,0x72,0x20,0x70,0x61,0x72,0x61,0x6d,0x5f,0x32,0x36,0x20,0x3a,0x20,
    0x76,0x65,0x63,0x32,0x66,0x3b,0x0a,0x20,0x20,0x76,0x61,0x72,0x20,0x70,0x61,0x72,
    0x61,0x6d,0x5f,0x32,0x37,0x20,0x3a,0x20,0x76,0x65,0x63,0x32,0x66,0x3b,0x0a,0x20,
    0x20,0x76,0x61,0x72,0x20,0x70,0x61,0x72,0x61,0x6d,0x5f,0x32,0x38,0x20,0x3a,0x20,
    0x76,0x65,0x63,0x34,0x66,0x3b,0x0a,0x20,0x20,0x76,0x61,0x72,0x20,0x70,0x61,0x72,
    0x61,0x6d,0x5f,0x32,0x39,0x20,0x3a,0x20,0x76,0x65,0x63,0x32,0x66,0x3b,0x0a,0x20,
    0x20,0x76,0x61,0x72,0x20,0x70,0x61,0x72,0x61,0x6d,0x5f,0x33,0x30,0x20,0x3a,0x20,
    0x66,0x33,0x32,0x3b,0x0a,0x20,0x20,0x76,0x61,0x72,0x20,0x70,0x61,0x72,0x61,0x6d,
    0x5f,0x33,0x31,0x20,0x3a,0x20,0x66,0x33,0x32,0x3b,0x0a,0x20,0x20,0x76,0x61,0x72,
    0x20,0x61,0x6c,0x70,0x68,0x61,0x20,0x3a,0x20,0x66,0x33,0x32,0x3b,0x0a,0x20,0x20,
    0x76,0x61,0x72,0x20,0x70,0x61,0x72,0x61,0x6d,0x5f,0x33,0x32,0x20,0x3a,0x20,0x76,
    0x65,0x63,0x32,0x66,0x3b,0x0a,0x20,0x20,0x76,0x61,0x72,0x20,0x70,0x61,0x72,0x61,
    0x6d,0x5f,0x33,0x33,0x20,0x3a,0x20,0x76,0x65,0x63,0x34,0x66,0x3b,0x0a,0x20,0x20,
    0x76,0x61,0x72,0x20,0x70,0x61,0x72,0x61,0x6d,0x5f,0x33,0x34,0x20,0x3a,0x20,0x76,
    0x65,0x63,0x32,0x66,0x3b,0x0a,0x20,0x20,0x76,0x61,0x72,0x20,0x70,0x61,0x72,0x61,
    0x6d,0x5f,0x33,0x35,0x20,0x3a,0x20,0x76,0x65,0x63,0x32,0x66,0x3b,0x0a,0x20,0x20,
    0x76,0x61,0x72,0x20,0x70,0x61,0x72,0x61,0x6d,0x5f,0x33,0x36,0x20,0x3a,0x20,0x66,
    0x33,0x32,0x3b,0x0a,0x20,0x20,0x76,0x61,0x72,0x20,0x70,0x61,0x72,0x61,0x6d,0x5f,
    0x33,0x37,0x20,0x3a,0x20,0x66,0x33,0x32,0x3b,0x0a,0x20,0x20,0x76,0x61,0x72,0x20,
    0x70,0x61,0x72,0x61,0x6d,0x5f,0x33,0x38,0x20,0x3a,0x20,0x66,0x33,0x32,0x3b,0x0a,
    0x20,0x20,0x76,0x61,0x72,0x20,0x70,0x61,0x72,0x61,0x6d,0x5f,0x33,0x39,0x20,0x3a,
    0x20,0x76,0x65,0x63,0x32,0x66,0x3b,0x0a,0x20,0x20,0x76,0x61,0x72,0x20,0x70,0x61,
    0x72,0x61,0x6d,0x5f,0x34,0x30,0x20,0x3a,0x20,0x76,0x65,0x63,0x32,0x66,0x3b,0x0a,
    0x20,0x20,0x76,0x61,0x72,0x20,0x70,0x61,0x72,0x61,0x6d,0x5f,0x34,0x31,0x20,0x3a,
    0x20,0x76,0x65,0x63,0x34,0x66,0x3b,0x0a,0x20,0x20,0x76,0x61,0x72,0x20,0x70,0x61,
    0x72,0x61,0x6d,0x5f,0x34,0x32,0x20,0x3a,0x20,0x76,0x65,0x63,0x32,0x66,0x3b,0x0a,
    0x20,0x20,0x76,0x61,0x72,0x20,0x70,0x61,0x72,0x61,0x6d,0x5f,0x34,0x33,0x20,0x3a,
    0x20,0x66,0x33,0x32,0x3b,0x0a,0x20,0x20,0x76,0x61,0x72,0x20,0x70,0x61,0x72,0x61,
    0x6d,0x5f,0x34,0x34,0x20,0x3a,0x20,0x66,0x33,0x32,0x3b,0x0a,0x20,0x20,0x76,0x61,
    0x72,0x20,0x68,0x61,0x6c,0x66,0x42,0x6f,0x78,0x20,0x3a,0x20,0x76,0x65,0x63,0x32,
    0x66,0x3b,0x0a,0x20,0x20,0x76,0x61,0x72,0x20,0x70,0x61,0x72,0x61,0x6d,0x5f,0x34,
    0x35,0x20,0x3a,0x20,0x76,0x65,0x63,0x32,0x66,0x3b,0x0a,0x20,0x20,0x76,0x61,0x72,
    0x20,0x70,0x61,0x72,0x61,0x6d,0x5f,0x34,0x36,0x20,0x3a,0x20,0x76,0x65,0x63,0x34,
    0x66,0x3b,0x0a,0x20,0x20,0x76,0x61,0x72,0x20,0x70,0x61,0x72,0x61,0x6d,0x5f,0x34,
    0x37,0x20,0x3a,0x20,0x76,0x65,0x63,0x32,0x66,0x3b,0x0a,0x20,0x20,0x76,0x61,0x72,
    0x20,0x70,0x61,0x72,0x61,0x6d,0x5f,0x34,0x38,0x20,0x3a,0x20,0x76,0x65,0x63,0x32,
    0x66,0x3b,0x0a,0x20,0x20,0x76,0x61,0x72,0x20,0x70,0x61,0x72,0x61,0x6d,0x5f,0x34,
    0x39,0x20,0x3a,0x20,0x66,0x33,0x32,0x3b,0x0a,0x20,0x20,0x76,0x61,0x72,0x20,0x70,
    0x61,0x72,0x61,0x6d,0x5f,0x35,0x30,0x20,0x3a,0x20,0x76,0x65,0x63,0x32,0x66,0x3b,
    0x0a,0x20,0x20,0x76,0x61,0x72,0x20,0x70,0x61,0x72,0x61,0x6d,0x5f,0x35,0x31,0x20,
    0x3a,0x20,0x76,0x65,0x63,0x34,0x66,0x3b,0x0a,0x20,0x20,0x76,0x61,0x72,0x20,0x70,
    0x61,0x72,0x61,0x6d,0x5f,0x35,0x32,0x20,0x3a,0x20,0x76,0x65,0x63,0x32,0x66,0x3b,
    0x0a,0x20,0x20,0x76,0x61,0x72,0x20,0x70,0x61,0x72,0x61,0x6d,0x5f,0x35,0x33,0x20,
    0x3a,0x20,0x76,0x65,0x63,0x32,0x66,0x3b,0x0a,0x20,0x20,0x76,0x61,0x72,0x20,0x70,
    0x61,0x72,0x61,0x6d,0x5f,0x35,0x34,0x20,0x3a,0x20,0x66,0x33,0x32,0x3b,0x0a,0x20,
    0x20,0x76,0x61,0x72,0x20,0x70,0x61,0x72,0x61,0x6d,0x5f,0x35,0x35,0x20,0x3a,0x20,
    0x66,0x33,0x32,0x3b,0x0a,0x20,0x20,0x76,0x61,0x72,0x20,0x70,0x61,0x72,0x61,0x6d,
    0x5f,0x35,0x36,0x20,0x3a,0x20,0x66,0x33,0x32,0x3b,0x0a,0x20,0x20,0x76,0x61,0x72,
    0x20,0x70,0x61,0x72,0x61,0x6d,0x5f,0x35,0x37,0x20,0x3a,0x20,0x66,0x33,0x32,0x3b,
    0x0a,0x20,0x20,0x76,0x61,0x72,0x20,0x70,0x61,0x72,0x61,0x6d,0x5f,0x35,0x38,0x20,
    0x3a,0x20,0x66,0x33,0x32,0x3b,0x0a,0x20,0x20,0x76,0x61,0x72,0x20,0x66,0x69,0x6c,
    0x6c,0x20,0x3a,0x20,0x76,0x65,0x63,0x34,0x66,0x3b,0x0a,0x20,0x20,0x76,0x61,0x72,
    0x20,0x61,0x6c,0x70,0x68,0x61,0x5f,0x31,0x20,0x3a,0x20,0x66,0x33,0x32,0x3b,0x0a,
    0x20,0x20,0x76,0x61,0x72,0x20,0x72,0x67,0x62,0x20,0x3a,0x20,0x76,0x65,0x63,0x33,
    0x66,0x3b,0x0a,0x20,0x20,0x76,0x61,0x72,0x20,0x70,0x61,0x72,0x61,0x6d,0x5f,0x35,
    0x39,0x20,0x3a,0x20,0x76,0x65,0x63,0x32,0x66,0x3b,0x0a,0x20,0x20,0x76,0x61,0x72,
    0x20,0x70,0x61,0x72,0x61,0x6d,0x5f,0x36,0x30,0x20,0x3a,0x20,0x76,0x65,0x63,0x32,
    0x66,0x3b,0x0a,0x20,0x20,0x76,0x61,0x72,0x20,0x70,0x61,0x72,0x61,0x6d,0x5f,0x36,
    0x31,0x20,0x3a,0x20,0x76,0x65,0x63,0x34,0x66,0x3b,0x0a,0x20,0x20,0x76,0x61,0x72,
    0x20,0x70,0x61,0x72,0x61,0x6d,0x5f,0x36,0x32,0x20,0x3a,0x20,0x76,0x65,0x63,0x32,
    0x66,0x3b,0x0a,0x20,0x20,0x76,0x61,0x72,0x20,0x70,0x61,0x72,0x61,0x6d,0x5f,0x36,
    0x33,0x20,0x3a,0x20,0x66,0x33,0x32,0x3b,0x0a,0x20,0x20,0x76,0x61,0x72,0x20,0x70,
    0x61,0x72,0x61,0x6d,0x5f,0x36,0x34,0x20,0x3a,0x20,0x66,0x33,0x32,0x3b,0x0a,0x20,
    0x20,0x76,0x61,0x72,0x20,0x73,0x41,0x6c,0x70,0x68,0x61,0x20,0x3a,0x20,0x66,0x33,
    0x32,0x3b,0x0a,0x20,0x20,0x76,0x61,0x72,0x20,0x70,0x61,0x72,0x61,0x6d,0x5f,0x36,
    0x35,0x20,0x3a,0x20,0x76,0x65,0x63,0x32,0x66,0x3b,0x0a,0x20,0x20,0x76,0x61,0x72,
    0x20,0x70,0x61,0x72,0x61,0x6d,0x5f,0x36,0x36,0x20,0x3a,0x20,0x76,0x65,0x63,0x32,
    0x66,0x3b,0x0a,0x20,0x20,0x76,0x61,0x72,0x20,0x70,0x61,0x72,0x61,0x6d,0x5f,0x36,
    0x37,0x20,0x3a,0x20,0x76,0x65,0x63,0x34,0x66,0x3b,0x0a,0x20,0x20,0x76,0x61,0x72,
    0x20,0x70,0x61,0x72,0x61,0x6d,0x5f,0x36,0x38,0x20,0x3a,0x20,0x76,0x65,0x63,0x32,
    0x66,0x3b,0x0a,0x20,0x20,0x76,0x61,0x72,0x20,0x70,0x61,0x72,0x61,0x6d,0x5f,0x36,
    0x39,0x20,0x3a,0x20,0x66,0x33,0x32,0x3b,0x0a,0x20,0x20,0x76,0x61,0x72,0x20,0x70,
    0x61,0x72,0x61,0x6d,0x5f,0x37,0x30,0x20,0x3a,0x20,0x66,0x33,0x32,0x3b,0x0a,0x20,
    0x20,0x76,0x61,0x72,0x20,0x78,0x5f,0x36,0x33,0x30,0x20,0x3a,0x20,0x62,0x6f,0x6f,
    0x6c,0x3b,0x0a,0x20,0x20,0x76,0x61,0x72,0x20,0x78,0x5f,0x36,0x33,0x31,0x20,0x3a,
    0x20,0x62,0x6f,0x6f,0x6c,0x3b,0x0a,0x20,0x20,0x69,0x66,0x20,0x28,0x28,0x6d,0x69,
    0x6e,0x28,0x6d,0x69,0x6e,0x28,0x63,0x6c,0x69,0x70,0x44,0x69,0x73,0x74,0x61,0x6e,
    0x63,0x65,0x2e,0x78,0x2c,0x20,0x63,0x6c,0x69,0x70,0x44,0x69,0x73,0x74,0x61,0x6e,
    0x63,0x65,0x2e,0x79,0x29,0x2c,0x20,0x6d,0x69,0x6e,0x28,0x63,0x6c,0x69,0x70,0x44,
    0x69,0x73,0x74,0x61,0x6e,0x63,0x65,0x2e,0x7a,0x2c,0x20,0x63,0x6c,0x69,0x70,0x44,
    0x69,0x73,0x74,0x61,0x6e,0x63,0x65,0x2e,0x77,0x29,0x29,0x20,0x3c,0x20,0x30,0x2e,
    0x30,0x66,0x29,0x29,0x20,0x7b,0x0a,0x20,0x20,0x20,0x20,0x64,0x69,0x73,0x63,0x61,
    0x72,0x64,0x3b,0x0a,0x20,0x20,0x7d,0x0a,0x20,0x20,0x76,0x61,0x72,0x20,0x78,0x5f,
    0x34,0x33,0x33,0x20,0x3a,0x20,0x76,0x65,0x63,0x34,0x66,0x3b,0x0a,0x20,0x20,0x78,
    0x5f,0x34,0x33,0x33,0x20,0x3d,0x20,0x76,0x4c,0x6f,0x63,0x61,0x6c,0x48,0x61,0x6c,
    0x66,0x3b,0x0a,0x20,0x20,0x6c,0x65,0x74,0x20,0x78,0x5f,0x34,0x33,0x34,0x20,0x3d,
    0x20,0x78,0x5f,0x34,0x33,0x33,0x2e,0x78,0x79,0x3b,0x0a,0x20,0x20,0x6c,0x65,0x74,
    0x20,0x78,0x5f,0x34,0x33,0x37,0x20,0x3d,0x20,0x78,0x5f,0x34,0x33,0x33,0x2e,0x7a,
    0x77,0x3b,0x0a,0x20,0x20,0x6c,0x65,0x74,0x20,0x78,0x5f,0x34,0x34,0x31,0x20,0x3d,
    0x20,0x76,0x55,0x76,0x41,0x61,0x2e,0x7a,0x3b,0x0a,0x20,0x20,0x6c,0x65,0x74,0x20,
    0x78,0x5f,0x34,0x34,0x36,0x20,0x3d,0x20,0x69,0x33,0x32,0x28,0x28,0x76,0x55,0x76,
    0x41,0x61,0x2e,0x77,0x20,0x2b,0x20,0x30,0x2e,0x35,0x66,0x29,0x29,0x3b,0x0a,0x20,
    0x20,0x69,0x66,0x20,0x28,0x28,0x78,0x5f,0x34,0x34,0x36,0x20,0x3d,0x3d,0x20,0x33,
    0x69,0x29,0x29,0x20,0x7b,0x0a,0x20,0x20,0x20,0x20,0x6c,0x65,0x74,0x20,0x78,0x5f,
    0x34,0x35,0x34,0x20,0x3d,0x20,0x76,0x42,0x6f,0x72,0x64,0x65,0x72,0x73,0x3b,0x0a,
    0x20,0x20,0x20,0x20,0x6c,0x65,0x74,0x20,0x78,0x5f,0x34,0x35,0x39,0x20,0x3d,0x20,
    0x6d,0x69,0x6e,0x28,0x78,0x5f,0x34,0x33,0x33,0x2e,0x7a,0x2c,0x20,0x78,0x5f,0x34,
    0x33,0x33,0x2e,0x77,0x29,0x3b,0x0a,0x20,0x20,0x20,0x20,0x70,0x61,0x72,0x61,0x6d,
    0x5f,0x31,0x39,0x20,0x3d,0x20,0x78,0x5f,0x34,0x33,0x34,0x3b,0x0a,0x20,0x20,0x20,
    0x20,0x70,0x61,0x72,0x61,0x6d,0x5f,0x32,0x30,0x20,0x3d,0x20,0x63,0x6c,0x61,0x6d,
    0x70,0x28,0x78,0x5f,0x34,0x35,0x34,0x2c,0x20,0x76,0x65,0x63,0x34,0x66,0x28,0x29,
    0x2c,0x20,0x76,0x65,0x63,0x34,0x66,0x28,0x78,0x5f,0x34,0x35,0x39,0x29,0x29,0x3b,
    0x0a,0x20,0x20,0x20,0x20,0x6c,0x65,0x74,0x20,0x78,0x5f,0x34,0x36,0x37,0x20,0x3d,
    0x20,0x63,0x6f,0x72,0x6e,0x65,0x72,0x52,0x61,0x64,0x69,0x75,0x73,0x5f,0x76,0x66,
    0x32,0x5f,0x76,0x66,0x34,0x5f,0x28,0x26,0x28,0x70,0x61,0x72,0x61,0x6d,0x5f,0x31,
    0x39,0x29,0x2c,0x20,0x26,0x28,0x70,0x61,0x72,0x61,0x6d,0x5f,0x32,0x30,0x29,0x29,
    0x3b,0x0a,0x20,0x20,0x20,0x20,0x70,0x61,0x72,0x61,0x6d,0x5f,0x32,0x31,0x20,0x3d,
    0x20,0x78,0x5f,0x34,0x33,0x34,0x3b,0x0a,0x20,0x20,0x20,0x20,0x70,0x61,0x72,0x61,
    0x6d,0x5f,0x32,0x32,0x20,0x3d,0x20,0x78,0x5f,0x34,0x33,0x37,0x3b,0x0a,0x20,0x20,
    0x20,0x20,0x70,0x61,0x72,0x61,0x6d,0x5f,0x32,0x33,0x20,0x3d,0x20,0x78,0x5f,0x34,
    0x36,0x37,0x3b,0x0a,0x20,0x20,0x20,0x20,0x6c,0x65,0x74,0x20,0x78,0x5f,0x34,0x37,
    0x33,0x20,0x3d,0x20,0x72,0x6f,0x75,0x6e,0x64,0x65,0x64,0x52,0x65,0x63,0x74,0x44,
    0x69,0x73,0x74,0x61,0x6e,0x63,0x65,0x5f,0x76,0x66,0x32,0x5f,0x76,0x66,0x32,0x5f,
    0x66,0x31,0x5f,0x28,0x26,0x28,0x70,0x61,0x72,0x61,0x6d,0x5f,0x32,0x31,0x29,0x2c,
    0x20,0x26,0x28,0x70,0x61,0x72,0x61,0x6d,0x5f,0x32,0x32,0x29,0x2c,0x20,0x26,0x28,
    0x70,0x61,0x72,0x61,0x6d,0x5f,0x32,0x33,0x29,0x29,0x3b,0x0a,0x20,0x20,0x20,0x20,
    0x70,0x61,0x72,0x61,0x6d,0x5f,0x32,0x34,0x20,0x3d,0x20,0x78,0x5f,0x34,0x37,0x33,
    0x3b,0x0a,0x20,0x20,0x20,0x20,0x70,0x61,0x72,0x61,0x6d,0x5f,0x32,0x35,0x20,0x3d,
    0x20,0x78,0x5f,0x34,0x34,0x31,0x3b,0x0a,0x20,0x20,0x20,0x20,0x6c,0x65,0x74,0x20,
    0x78,0x5f,0x34,0x37,0x37,0x20,0x3d,0x20,0x63,0x6f,0x76,0x65,0x72,0x61,0x67,0x65,
    0x46,0x72,0x6f,0x6d,0x44,0x69,0x73,0x74,0x61,0x6e,0x63,0x65,0x5f,0x66,0x31,0x5f,
    0x66,0x31,0x5f,0x28,0x26,0x28,0x70,0x61,0x72,0x61,0x6d,0x5f,0x32,0x34,0x29,0x2c,
    0x20,0x26,0x28,0x70,0x61,0x72,0x61,0x6d,0x5f,0x32,0x35,0x29,0x29,0x3b,0x0a,0x20,
    0x20,0x20,0x20,0x6c,0x65,0x74,0x20,0x78,0x5f,0x34,0x38,0x39,0x20,0x3d,0x20,0x76,
    0x55,0x76,0x41,0x61,0x3b,0x0a,0x20,0x20,0x20,0x20,0x6c,0x65,0x74,0x20,0x78,0x5f,
    0x34,0x39,0x31,0x20,0x3d,0x20,0x74,0x65,0x78,0x74,0x75,0x72,0x65,0x53,0x61,0x6d,
    0x70,0x6c,0x65,0x28,0x75,0x69,0x54,0x65,0x78,0x2c,0x20,0x75,0x69,0x53,0x6d,0x70,
    0x2c,0x20,0x78,0x5f,0x34,0x38,0x39,0x2e,0x78,0x79,0x29,0x3b,0x0a,0x20,0x20,0x20,
    0x20,0x74,0x65,0x78,0x65,0x6c,0x20,0x3d,0x20,0x78,0x5f,0x34,0x39,0x31,0x3b,0x0a,
    0x20,0x20,0x20,0x20,0x69,0x66,0x20,0x28,0x28,0x76,0x50,0x61,0x72,0x61,0x6d,0x73,
    0x31,0x2e,0x78,0x20,0x3e,0x20,0x30,0x2e,0x35,0x66,0x29,0x29,0x20,0x7b,0x0a,0x20,
    0x20,0x20,0x20,0x20,0x20,0x6c,0x65,0x74,0x20,0x78,0x5f,0x35,0x30,0x30,0x20,0x3d,
    0x20,0x74,0x65,0x78,0x65,0x6c,0x3b,0x0a,0x20,0x20,0x20,0x20,0x20,0x20,0x6c,0x65,
    0x74,0x20,0x78,0x5f,0x35,0x30,0x36,0x20,0x3d,0x20,0x64,0x6f,0x74,0x28,0x74,0x65,
    0x78,0x65,0x6c,0x2e,0x78,0x79,0x7a,0x2c,0x20,0x76,0x65,0x63,0x33,0x66,0x28,0x30,
    0x2e,0x32,0x31,0x32,0x35,0x39,0x39,0x39,0x39,0x32,0x37,0x35,0x32,0x30,0x37,0x35,
    0x31,0x39,0x35,0x33,0x31,0x66,0x2c,0x20,0x30,0x2e,0x37,0x31,0x35,0x32,0x30,0x30,
    0x30,0x30,0x36,0x39,0x36,0x31,0x38,0x32,0x32,0x35,0x30,0x39,0x37,0x37,0x66,0x2c,
    0x20,0x30,0x2e,0x30,0x37,0x32,0x32,0x30,0x30,0x30,0x30,0x30,0x32,0x38,0x36,0x31,
    0x30,0x32,0x32,0x39,0x34,0x39,0x32,0x66,0x29,0x29,0x3b,0x0a,0x20,0x20,0x20,0x20,
    0x20,0x20,0x76,0x61,0x72,0x20,0x78,0x5f,0x38,0x38,0x36,0x5f,0x31,0x20,0x3d,0x20,
    0x78,0x5f,0x35,0x30,0x30,0x3b,0x0a,0x20,0x20,0x20,0x20,0x20,0x20,0x78,0x5f,0x38,
    0x38,0x36,0x5f,0x31,0x2e,0x78,0x20,0x3d,0x20,0x78,0x5f,0x35,0x30,0x36,0x3b,0x0a,
    0x20,0x20,0x20,0x20,0x20,0x20,0x6c,0x65,0x74,0x20,0x78,0x5f,0x38,0x38,0x36,0x20,
    0x3d,0x20,0x78,0x5f,0x38,0x38,0x36,0x5f,0x31,0x3b,0x0a,0x20,0x20,0x20,0x20,0x20,
    0x20,0x76,0x61,0x72,0x20,0x78,0x5f,0x38,0x38,0x38,0x5f,0x31,0x20,0x3d,0x20,0x78,
    0x5f,0x38,0x38,0x36,0x3b,0x0a,0x20,0x20,0x20,0x20,0x20,0x20,0x78,0x5f,0x38,0x38,
    0x38,0x5f,0x31,0x2e,0x79,0x20,0x3d,0x20,0x78,0x5f,0x35,0x30,0x36,0x3b,0x0a,0x20,
    0x20,0x20,0x20,0x20,0x20,0x6c,0x65,0x74,0x20,0x78,0x5f,0x38,0x38,0x38,0x20,0x3d,
    0x20,0x78,0x5f,0x38,0x38,0x38,0x5f,0x31,0x3b,0x0a,0x20,0x20,0x20,0x20,0x20,0x20,
    0x76,0x61,0x72,0x20,0x78,0x5f,0x38,0x39,0x30,0x5f,0x31,0x20,0x3d,0x20,0x78,0x5f,
    0x38,0x38,0x38,0x3b,0x0a,0x20,0x20,0x20,0x20,0x20,0x20,0x78,0x5f,0x38,0x39,0x30,
    0x5f,0x31,0x2e,0x7a,0x20,0x3d,0x20,0x78,0x5f,0x35,0x30,0x36,0x3b,0x0a,0x20,0x20,
    0x20,0x20,0x20,0x20,0x74,0x65,0x78,0x65,0x6c,0x20,0x3d,0x20,0x78,0x5f,0x38,0x39,
    0x30,0x5f,0x31,0x3b,0x0a,0x20,0x20,0x20,0x20,0x7d,0x0a,0x20,0x20,0x20,0x20,0x6c,
    0x65,0x74,0x20,0x78,0x5f,0x35,0x31,0x39,0x20,0x3d,0x20,0x28,0x74,0x65,0x78,0x65,
    0x6c,0x20,0x2a,0x20,0x76,0x46,0x69,0x6c,0x6c,0x29,0x3b,0x0a,0x20,0x20,0x20,0x20,
    0x6c,0x65,0x74,0x20,0x78,0x5f,0x35,0x32,0x34,0x20,0x3d,0x20,0x28,0x78,0x5f,0x35,
    0x31,0x39,0x2e,0x77,0x20,0x2a,0x20,0x78,0x5f,0x34,0x37,0x37,0x29,0x3b,0x0a,0x20,
    0x20,0x20,0x20,0x6c,0x65,0x74,0x20,0x78,0x5f,0x35,0x33,0x30,0x20,0x3d,0x20,0x28,
    0x78,0x5f,0x35,0x31,0x39,0x2e,0x78,0x79,0x7a,0x20,0x2a,0x20,0x78,0x5f,0x35,0x32,
    0x34,0x29,0x3b,0x0a,0x20,0x20,0x20,0x20,0x66,0x72,0x61,0x67,0x5f,0x63,0x6f,0x6c,
    0x6f,0x72,0x20,0x3d,0x20,0x76,0x65,0x63,0x34,0x66,0x28,0x78,0x5f,0x35,0x33,0x30,
    0x2e,0x78,0x2c,0x20,0x78,0x5f,0x35,0x33,0x30,0x2e,0x79,0x2c,0x20,0x78,0x5f,0x35,
    0x33,0x30,0x2e,0x7a,0x2c,0x20,0x78,0x5f,0x35,0x32,0x34,0x29,0x3b,0x0a,0x20,0x20,
    0x20,0x20,0x72,0x65,0x74,0x75,0x72,0x6e,0x3b,0x0a,0x20,0x20,0x7d,0x0a,0x20,0x20,
    0x69,0x66,0x20,0x28,0x28,0x78,0x5f,0x34,0x34,0x36,0x20,0x3d,0x3d,0x20,0x31,0x69,
    0x29,0x29,0x20,0x7b,0x0a,0x20,0x20,0x20,0x20,0x6c,0x65,0x74,0x20,0x78,0x5f,0x35,
    0x34,0x33,0x20,0x3d,0x20,0x76,0x42,0x6f,0x72,0x64,0x65,0x72,0x73,0x2e,0x78,0x79,
    0x3b,0x0a,0x20,0x20,0x20,0x20,0x6c,0x65,0x74,0x20,0x78,0x5f,0x35,0x34,0x36,0x20,
    0x3d,0x20,0x76,0x42,0x6f,0x72,0x64,0x65,0x72,0x73,0x2e,0x7a,0x3b,0x0a,0x20,0x20,
    0x20,0x20,0x69,0x66,0x20,0x28,0x28,0x76,0x42,0x6f,0x72,0x64,0x65,0x72,0x73,0x2e,
    0x77,0x20,0x3e,0x20,0x30,0x2e,0x35,0x66,0x29,0x29,0x20,0x7b,0x0a,0x20,0x20,0x20,
    0x20,0x20,0x20,0x70,0x61,0x72,0x61,0x6d,0x5f,0x32,0x36,0x20,0x3d,0x20,0x78,0x5f,
    0x34,0x33,0x34,0x3b,0x0a,0x20,0x20,0x20,0x20,0x20,0x20,0x70,0x61,0x72,0x61,0x6d,
    0x5f,0x32,0x37,0x20,0x3d,0x20,0x78,0x5f,0x35,0x34,0x33,0x3b,0x0a,0x20,0x20,0x20,
    0x20,0x20,0x20,0x6c,0x65,0x74,0x20,0x78,0x5f,0x35,0x36,0x30,0x20,0x3d,0x20,0x76,
    0x52,0x61,0x64,0x69,0x69,0x3b,0x0a,0x20,0x20,0x20,0x20,0x20,0x20,0x70,0x61,0x72,
    0x61,0x6d,0x5f,0x32,0x38,0x20,0x3d,0x20,0x76,0x52,0x61,0x64,0x69,0x69,0x3b,0x0a,
    0x20,0x20,0x20,0x20,0x20,0x20,0x70,0x61,0x72,0x61,0x6d,0x5f,0x32,0x39,0x20,0x3d,
    0x20,0x76,0x65,0x63,0x32,0x66,0x28,0x29,0x3b,0x0a,0x20,0x20,0x20,0x20,0x20,0x20,
    0x70,0x61,0x72,0x61,0x6d,0x5f,0x33,0x30,0x20,0x3d,0x20,0x78,0x5f,0x35,0x34,0x36,
    0x3b,0x0a,0x20,0x20,0x20,0x20,0x20,0x20,0x70,0x61,0x72,0x61,0x6d,0x5f,0x33,0x31,
    0x20,0x3d,0x20,0x78,0x5f,0x34,0x34,0x31,0x3b,0x0a,0x20,0x20,0x20,0x20,0x20,0x20,
    0x6c,0x65,0x74,0x20,0x78,0x5f,0x35,0x36,0x36,0x20,0x3d,0x20,0x73,0x68,0x61,0x64,
    0x6f,0x77,0x43,0x6f,0x76,0x65,0x72,0x61,0x67,0x65,0x5f,0x76,0x66,0x32,0x5f,0x76,
    0x66,0x32,0x5f,0x76,0x66,0x34,0x5f,0x76,0x66,0x32,0x5f,0x66,0x31,0x5f,0x66,0x31,
    0x5f,0x28,0x26,0x28,0x70,0x61,0x72,0x61,0x6d,0x5f,0x32,0x36,0x29,0x2c,0x20,0x26,
    0x28,0x70,0x61,0x72,0x61,0x6d,0x5f,0x32,0x37,0x29,0x2c,0x20,0x26,0x28,0x70,0x61,
    0x72,0x61,0x6d,0x5f,0x32,0x38,0x29,0x2c,0x20,0x26,0x28,0x70,0x61,0x72,0x61,0x6d,
    0x5f,0x32,0x39,0x29,0x2c,0x20,0x26,0x28,0x70,0x61,0x72,0x61,0x6d,0x5f,0x33,0x30,
    0x29,0x2c,0x20,0x26,0x28,0x70,0x61,0x72,0x61,0x6d,0x5f,0x33,0x31,0x29,0x29,0x3b,
    0x0a,0x20,0x20,0x20,0x20,0x20,0x20,0x70,0x61,0x72,0x61,0x6d,0x5f,0x33,0x32,0x20,
    0x3d,0x20,0x78,0x5f,0x34,0x33,0x34,0x3b,0x0a,0x20,0x20,0x20,0x20,0x20,0x20,0x70,
    0x61,0x72,0x61,0x6d,0x5f,0x33,0x33,0x20,0x3d,0x20,0x78,0x5f,0x35,0x36,0x30,0x3b,
    0x0a,0x20,0x20,0x20,0x20,0x20,0x20,0x6c,0x65,0x74,0x20,0x78,0x5f,0x35,0x37,0x34,
    0x20,0x3d,0x20,0x63,0x6f,0x72,0x6e,0x65,0x72,0x52,0x61,0x64,0x69,0x75,0x73,0x5f,
    0x76,0x66,0x32,0x5f,0x76,0x66,0x34,0x5f,0x28,0x26,0x28,0x70,0x61,0x72,0x61,0x6d,
    0x5f,0x33,0x32,0x29,0x2c,0x20,0x26,0x28,0x70,0x61,0x72,0x61,0x6d,0x5f,0x33,0x33,
    0x29,0x29,0x3b,0x0a,0x20,0x20,0x20,0x20,0x20,0x20,0x70,0x61,0x72,0x61,0x6d,0x5f,
    0x33,0x34,0x20,0x3d,0x20,0x78,0x5f,0x34,0x33,0x34,0x3b,0x0a,0x20,0x20,0x20,0x20,
    0x20,0x20,0x70,0x61,0x72,0x61,0x6d,0x5f,0x33,0x35,0x20,0x3d,0x20,0x78,0x5f,0x35,
    0x34,0x33,0x3b,0x0a,0x20,0x20,0x20,0x20,0x20,0x20,0x70,0x61,0x72,0x61,0x6d,0x5f,
    0x33,0x36,0x20,0x3d,0x20,0x78,0x5f,0x35,0x37,0x34,0x3b,0x0a,0x20,0x20,0x20,0x20,
    0x20,0x20,0x6c,0x65,0x74,0x20,0x78,0x5f,0x35,0x38,0x30,0x20,0x3d,0x20,0x72,0x6f,
    0x75,0x6e,0x64,0x65,0x64,0x52,0x65,0x63,0x74,0x44,0x69,0x73,0x74,0x61,0x6e,0x63,
    0x65,0x5f,0x76,0x66,0x32,0x5f,0x76,0x66,0x32,0x5f,0x66,0x31,0x5f,0x28,0x26,0x28,
    0x70,0x61,0x72,0x61,0x6d,0x5f,0x33,0x34,0x29,0x2c,0x20,0x26,0x28,0x70,0x61,0x72,
    0x61,0x6d,0x5f,0x33,0x35,0x29,0x2c,0x20,0x26,0x28,0x70,0x61,0x72,0x61,0x6d,0x5f,
    0x33,0x36,0x29,0x29,0x3b,0x0a,0x20,0x20,0x20,0x20,0x20,0x20,0x70,0x61,0x72,0x61,
    0x6d,0x5f,0x33,0x37,0x20,0x3d,0x20,0x78,0x5f,0x35,0x38,0x30,0x3b,0x0a,0x20,0x20,
    0x20,0x20,0x20,0x20,0x70,0x61,0x72,0x61,0x6d,0x5f,0x33,0x38,0x20,0x3d,0x20,0x78,
    0x5f,0x34,0x34,0x31,0x3b,0x0a,0x20,0x20,0x20,0x20,0x20,0x20,0x6c,0x65,0x74,0x20,
    0x78,0x5f,0x35,0x38,0x34,0x20,0x3d,0x20,0x63,0x6f,0x76,0x65,0x72,0x61,0x67,0x65,
    0x46,0x72,0x6f,0x6d,0x44,0x69,0x73,0x74,0x61,0x6e,0x63,0x65,0x5f,0x66,0x31,0x5f,
    0x66,0x31,0x5f,0x28,0x26,0x28,0x70,0x61,0x72,0x61,0x6d,0x5f,0x33,0x37,0x29,0x2c,
    0x20,0x26,0x28,0x70,0x61,0x72,0x61,0x6d,0x5f,0x33,0x38,0x29,0x29,0x3b,0x0a,0x20,
    0x20,0x20,0x20,0x20,0x20,0x61,0x6c,0x70,0x68,0x61,0x20,0x3d,0x20,0x28,0x28,0x31,
    0x2e,0x30,0x66,0x20,0x2d,0x20,0x78,0x5f,0x35,0x36,0x36,0x29,0x20,0x2a,0x20,0x78,
    0x5f,0x35,0x38,0x34,0x29,0x3b,0x0a,0x20,0x20,0x20,0x20,0x7d,0x20,0x65,0x6c,0x73,
    0x65,0x20,0x7b,0x0a,0x20,0x20,0x20,0x20,0x20,0x20,0x70,0x61,0x72,0x61,0x6d,0x5f,
    0x33,0x39,0x20,0x3d,0x20,0x78,0x5f,0x34,0x33,0x34,0x3b,0x0a,0x20,0x20,0x20,0x20,
    0x20,0x20,0x70,0x61,0x72,0x61,0x6d,0x5f,0x34,0x30,0x20,0x3d,0x20,0x78,0x5f,0x35,
    0x34,0x33,0x3b,0x0a,0x20,0x20,0x20,0x20,0x20,0x20,0x70,0x61,0x72,0x61,0x6d,0x5f,
    0x34,0x31,0x20,0x3d,0x20,0x76,0x52,0x61,0x64,0x69,0x69,0x3b,0x0a,0x20,0x20,0x20,
    0x20,0x20,0x20,0x70,0x61,0x72,0x61,0x6d,0x5f,0x34,0x32,0x20,0x3d,0x20,0x76,0x50,
    0x61,0x72,0x61,0x6d,0x73,0x31,0x2e,0x78,0x79,0x3b,0x0a,0x20,0x20,0x20,0x20,0x20,
    0x20,0x70,0x61,0x72,0x61,0x6d,0x5f,0x34,0x33,0x20,0x3d,0x20,0x78,0x5f,0x35,0x34,
    0x36,0x3b,0x0a,0x20,0x20,0x20,0x20,0x20,0x20,0x70,0x61,0x72,0x61,0x6d,0x5f,0x34,
    0x34,0x20,0x3d,0x20,0x78,0x5f,0x34,0x34,0x31,0x3b,0x0a,0x20,0x20,0x20,0x20,0x20,
    0x20,0x6c,0x65,0x74,0x20,0x78,0x5f,0x36,0x30,0x30,0x20,0x3d,0x20,0x73,0x68,0x61,
    0x64,0x6f,0x77,0x43,0x6f,0x76,0x65,0x72,0x61,0x67,0x65,0x5f,0x76,0x66,0x32,0x5f,
    0x76,0x66,0x32,0x5f,0x76,0x66,0x34,0x5f,0x76,0x66,0x32,0x5f,0x66,0x31,0x5f,0x66,
    0x31,0x5f,0x28,0x26,0x28,0x70,0x61,0x72,0x61,0x6d,0x5f,0x33,0x39,0x29,0x2c,0x20,
    0x26,0x28,0x70,0x61,0x72,0x61,0x6d,0x5f,0x34,0x30,0x29,0x2c,0x20,0x26,0x28,0x70,
    0x61,0x72,0x61,0x6d,0x5f,0x34,0x31,0x29,0x2c,0x20,0x26,0x28,0x70,0x61,0x72,0x61,
    0x6d,0x5f,0x34,0x32,0x29,0x2c,0x20,0x26,0x28,0x70,0x61,0x72,0x61,0x6d,0x5f,0x34,
    0x33,0x29,0x2c,0x20,0x26,0x28,0x70,0x61,0x72,0x61,0x6d,0x5f,0x34,0x34,0x29,0x29,
    0x3b,0x0a,0x20,0x20,0x20,0x20,0x20,0x20,0x61,0x6c,0x70,0x68,0x61,0x20,0x3d,0x20,
    0x78,0x5f,0x36,0x30,0x30,0x3b,0x0a,0x20,0x20,0x20,0x20,0x7d,0x0a,0x20,0x20,0x20,
    0x20,0x6c,0x65,0x74,0x20,0x78,0x5f,0x36,0x30,0x37,0x20,0x3d,0x20,0x28,0x76,0x45,
    0x78,0x74,0x72,0x61,0x2e,0x77,0x20,0x2a,0x20,0x61,0x6c,0x70,0x68,0x61,0x29,0x3b,
    0x0a,0x20,0x20,0x20,0x20,0x6c,0x65,0x74,0x20,0x78,0x5f,0x36,0x30,0x38,0x20,0x3d,
    0x20,0x28,0x76,0x45,0x78,0x74,0x72,0x61,0x2e,0x78,0x79,0x7a,0x20,0x2a,0x20,0x78,
    0x5f,0x36,0x30,0x37,0x29,0x3b,0x0a,0x20,0x20,0x20,0x20,0x66,0x72,0x61,0x67,0x5f,
    0x63,0x6f,0x6c,0x6f,0x72,0x20,0x3d,0x20,0x76,0x65,0x63,0x34,0x66,0x28,0x78,0x5f,
    0x36,0x30,0x38,0x2e,0x78,0x2c,0x20,0x78,0x5f,0x36,0x30,0x38,0x2e,0x79,0x2c,0x20,
    0x78,0x5f,0x36,0x30,0x38,0x2e,0x7a,0x2c,0x20,0x78,0x5f,0x36,0x30,0x37,0x29,0x3b,
    0x0a,0x20,0x20,0x20,0x20,0x72,0x65,0x74,0x75,0x72,0x6e,0x3b,0x0a,0x20,0x20,0x7d,
    0x0a,0x20,0x20,0x68,0x61,0x6c,0x66,0x42,0x6f,0x78,0x20,0x3d,0x20,0x78,0x5f,0x34,
    0x33,0x37,0x3b,0x0a,0x20,0x20,0x6c,0x65,0x74,0x20,0x78,0x5f,0x36,0x32,0x33,0x20,
    0x3d,0x20,0x76,0x45,0x78,0x74,0x72,0x61,0x2e,0x77,0x3b,0x0a,0x20,0x20,0x6c,0x65,
    0x74,0x20,0x78,0x5f,0x36,0x32,0x34,0x20,0x3d,0x20,0x28,0x78,0x5f,0x36,0x32,0x33,
    0x20,0x3e,0x20,0x30,0x2e,0x30,0x66,0x29,0x3b,0x0a,0x20,0x20,0x78,0x5f,0x36,0x33,
    0x31,0x20,0x3d,0x20,0x78,0x5f,0x36,0x32,0x34,0x3b,0x0a,0x20,0x20,0x69,0x66,0x20,
    0x28,0x78,0x5f,0x36,0x32,0x34,0x29,0x20,0x7b,0x0a,0x20,0x20,0x20,0x20,0x78,0x5f,
    0x36,0x33,0x30,0x20,0x3d,0x20,0x28,0x76,0x50,0x61,0x72,0x61,0x6d,0x73,0x31,0x2e,
    0x77,0x20,0x3c,0x3d,0x20,0x30,0x2e,0x35,0x66,0x29,0x3b,0x0a,0x20,0x20,0x20,0x20,
    0x78,0x5f,0x36,0x33,0x31,0x20,0x3d,0x20,0x78,0x5f,0x36,0x33,0x30,0x3b,0x0a,0x20,
    0x20,0x7d,0x0a,0x20,0x20,0x69,0x66,0x20,0x28,0x78,0x5f,0x36,0x33,0x31,0x29,0x20,
    0x7b,0x0a,0x20,0x20,0x20,0x20,0x68,0x61,0x6c,0x66,0x42,0x6f,0x78,0x20,0x3d,0x20,
    0x28,0x78,0x5f,0x34,0x33,0x37,0x20,0x2d,0x20,0x28,0x76,0x65,0x63,0x32,0x66,0x28,
    0x28,0x33,0x2e,0x30,0x66,0x20,0x2a,0x20,0x76,0x50,0x61,0x72,0x61,0x6d,0x73,0x31,
    0x2e,0x7a,0x29,0x29,0x20,0x2b,0x20,0x61,0x62,0x73,0x28,0x76,0x50,0x61,0x72,0x61,
    0x6d,0x73,0x31,0x2e,0x78,0x79,0x29,0x29,0x29,0x3b,0x0a,0x20,0x20,0x7d,0x0a,0x20,
    0x20,0x70,0x61,0x72,0x61,0x6d,0x5f,0x34,0x35,0x20,0x3d,0x20,0x78,0x5f,0x34,0x33,
    0x34,0x3b,0x0a,0x20,0x20,0x6c,0x65,0x74,0x20,0x78,0x5f,0x36,0x34,0x38,0x20,0x3d,
    0x20,0x76,0x52,0x61,0x64,0x69,0x69,0x3b,0x0a,0x20,0x20,0x70,0x61,0x72,0x61,0x6d,
    0x5f,0x34,0x36,0x20,0x3d,0x20,0x76,0x52,0x61,0x64,0x69,0x69,0x3b,0x0a,0x20,0x20,
    0x6c,0x65,0x74,0x20,0x78,0x5f,0x36,0x34,0x39,0x20,0x3d,0x20,0x63,0x6f,0x72,0x6e,
    0x65,0x72,0x52,0x61,0x64,0x69,0x75,0x73,0x5f,0x76,0x66,0x32,0x5f,0x76,0x66,0x34,
    0x5f,0x28,0x26,0x28,0x70,0x61,0x72,0x61,0x6d,0x5f,0x34,0x35,0x29,0x2c,0x20,0x26,
    0x28,0x70,0x61,0x72,0x61,0x6d,0x5f,0x34,0x36,0x29,0x29,0x3b,0x0a,0x20,0x20,0x70,
    0x61,0x72,0x61,0x6d,0x5f,0x34,0x37,0x20,0x3d,0x20,0x78,0x5f,0x34,0x33,0x34,0x3b,
    0x0a,0x20,0x20,0x70,0x61,0x72,0x61,0x6d,0x5f,0x34,0x38,0x20,0x3d,0x20,0x68,0x61,
    0x6c,0x66,0x42,0x6f,0x78,0x3b,0x0a,0x20,0x20,0x70,0x61,0x72,0x61,0x6d,0x5f,0x34,
    0x39,0x20,0x3d,0x20,0x78,0x5f,0x36,0x34,0x39,0x3b,0x0a,0x20,0x20,0x6c,0x65,0x74,
    0x20,0x78,0x5f,0x36,0x35,0x37,0x20,0x3d,0x20,0x72,0x6f,0x75,0x6e,0x64,0x65,0x64,
    0x52,0x65,0x63,0x74,0x44,0x69,0x73,0x74,0x61,0x6e,0x63,0x65,0x5f,0x76,0x66,0x32,
    0x5f,0x76,0x66,0x32,0x5f,0x66,0x31,0x5f,0x28,0x26,0x28,0x70,0x61,0x72,0x61,0x6d,
    0x5f,0x34,0x37,0x29,0x2c,0x20,0x26,0x28,0x70,0x61,0x72,0x61,0x6d,0x5f,0x34,0x38,
    0x29,0x2c,0x20,0x26,0x28,0x70,0x61,0x72,0x61,0x6d,0x5f,0x34,0x39,0x29,0x29,0x3b,
    0x0a,0x20,0x20,0x6c,0x65,0x74,0x20,0x78,0x5f,0x36,0x36,0x30,0x20,0x3d,0x20,0x6d,
    0x61,0x78,0x28,0x76,0x42,0x6f,0x72,0x64,0x65,0x72,0x73,0x2c,0x20,0x76,0x65,0x63,
    0x34,0x66,0x28,0x29,0x29,0x3b,0x0a,0x20,0x20,0x6c,0x65,0x74,0x20,0x78,0x5f,0x36,
    0x36,0x33,0x20,0x3d,0x20,0x78,0x5f,0x36,0x36,0x30,0x2e,0x78,0x3b,0x0a,0x20,0x20,
    0x6c,0x65,0x74,0x20,0x78,0x5f,0x36,0x36,0x35,0x20,0x3d,0x20,0x78,0x5f,0x36,0x36,
    0x30,0x2e,0x7a,0x3b,0x0a,0x20,0x20,0x6c,0x65,0x74,0x20,0x78,0x5f,0x36,0x36,0x38,
    0x20,0x3d,0x20,0x78,0x5f,0x36,0x36,0x30,0x2e,0x79,0x3b,0x0a,0x20,0x20,0x6c,0x65,
    0x74,0x20,0x78,0x5f,0x36,0x37,0x30,0x20,0x3d,0x20,0x78,0x5f,0x36,0x36,0x30,0x2e,
    0x77,0x3b,0x0a,0x20,0x20,0x6c,0x65,0x74,0x20,0x78,0x5f,0x37,0x31,0x35,0x20,0x3d,
    0x20,0x28,0x78,0x5f,0x34,0x33,0x34,0x20,0x2d,0x20,0x28,0x76,0x65,0x63,0x32,0x66,
    0x28,0x28,0x78,0x5f,0x36,0x36,0x33,0x20,0x2d,0x20,0x78,0x5f,0x36,0x36,0x35,0x29,
    0x2c,0x20,0x28,0x78,0x5f,0x36,0x36,0x38,0x20,0x2d,0x20,0x78,0x5f,0x36,0x37,0x30,
    0x29,0x29,0x20,0x2a,0x20,0x30,0x2e,0x35,0x66,0x29,0x29,0x3b,0x0a,0x20,0x20,0x6c,
    0x65,0x74,0x20,0x78,0x5f,0x37,0x31,0x37,0x20,0x3d,0x20,0x68,0x61,0x6c,0x66,0x42,
    0x6f,0x78,0x3b,0x0a,0x20,0x20,0x70,0x61,0x72,0x61,0x6d,0x5f,0x35,0x30,0x20,0x3d,
    0x20,0x78,0x5f,0x37,0x31,0x35,0x3b,0x0a,0x20,0x20,0x70,0x61,0x72,0x61,0x6d,0x5f,
    0x35,0x31,0x20,0x3d,0x20,0x6d,0x61,0x78,0x28,0x28,0x78,0x5f,0x36,0x34,0x38,0x20,
    0x2d,0x20,0x76,0x65,0x63,0x34,0x66,0x28,0x6d,0x61,0x78,0x28,0x78,0x5f,0x36,0x36,
    0x33,0x2c,0x20,0x78,0x5f,0x36,0x36,0x38,0x29,0x2c,0x20,0x6d,0x61,0x78,0x28,0x78,
    0x5f,0x36,0x36,0x38,0x2c,0x20,0x78,0x5f,0x36,0x36,0x35,0x29,0x2c,0x20,0x6d,0x61,
    0x78,0x28,0x78,0x5f,0x36,0x36,0x35,0x2c,0x20,0x78,0x5f,0x36,0x37,0x30,0x29,0x2c,
    0x20,0x6d,0x61,0x78,0x28,0x78,0x5f,0x36,0x37,0x30,0x2c,0x20,0x78,0x5f,0x36,0x36,
    0x33,0x29,0x29,0x29,0x2c,0x20,0x76,0x65,0x63,0x34,0x66,0x28,0x29,0x29,0x3b,0x0a,
    0x20,0x20,0x6c,0x65,0x74,0x20,0x78,0x5f,0x37,0x32,0x35,0x20,0x3d,0x20,0x63,0x6f,
    0x72,0x6e,0x65,0x72,0x52,0x61,0x64,0x69,0x75,0x73,0x5f,0x76,0x66,0x32,0x5f,0x76,
    0x66,0x34,0x5f,0x28,0x26,0x28,0x70,0x61,0x72,0x61,0x6d,0x5f,0x35,0x30,0x29,0x2c,
    0x20,0x26,0x28,0x70,0x61,0x72,0x61,0x6d,0x5f,0x35,0x31,0x29,0x29,0x3b,0x0a,0x20,
    0x20,0x70,0x61,0x72,0x61,0x6d,0x5f,0x35,0x32,0x20,0x3d,0x20,0x78,0x5f,0x37,0x31,
    0x35,0x3b,0x0a,0x20,0x20,0x70,0x61,0x72,0x61,0x6d,0x5f,0x35,0x33,0x20,0x3d,0x20,
    0x6d,0x61,0x78,0x28,0x28,0x78,0x5f,0x37,0x31,0x37,0x20,0x2d,0x20,0x28,0x76,0x65,
    0x63,0x32,0x66,0x28,0x28,0x78,0x5f,0x36,0x36,0x33,0x20,0x2b,0x20,0x78,0x5f,0x36,
    0x36,0x35,0x29,0x2c,0x20,0x28,0x78,0x5f,0x36,0x36,0x38,0x20,0x2b,0x20,0x78,0x5f,
    0x36,0x37,0x30,0x29,0x29,0x20,0x2a,0x20,0x30,0x2e,0x35,0x66,0x29,0x29,0x2c,0x20,
    0x76,0x65,0x63,0x32,0x66,0x28,0x29,0x29,0x3b,0x0a,0x20,0x20,0x70,0x61,0x72,0x61,
    0x6d,0x5f,0x35,0x34,0x20,0x3d,0x20,0x78,0x5f,0x37,0x32,0x35,0x3b,0x0a,0x20,0x20,
    0x6c,0x65,0x74,0x20,0x78,0x5f,0x37,0x33,0x30,0x20,0x3d,0x20,0x72,0x6f,0x75,0x6e,
    0x64,0x65,0x64,0x52,0x65,0x63,0x74,0x44,0x69,0x73,0x74,0x61,0x6e,0x63,0x65,0x5f,
    0x76,0x66,0x32,0x5f,0x76,0x66,0x32,0x5f,0x66,0x31,0x5f,0x28,0x26,0x28,0x70,0x61,
    0x72,0x61,0x6d,0x5f,0x35,0x32,0x29,0x2c,0x20,0x26,0x28,0x70,0x61,0x72,0x61,0x6d,
    0x5f,0x35,0x33,0x29,0x2c,0x20,0x26,0x28,0x70,0x61,0x72,0x61,0x6d,0x5f,0x35,0x34,
    0x29,0x29,0x3b,0x0a,0x20,0x20,0x70,0x61,0x72,0x61,0x6d,0x5f,0x35,0x35,0x20,0x3d,
    0x20,0x78,0x5f,0x36,0x35,0x37,0x3b,0x0a,0x20,0x20,0x70,0x61,0x72,0x61,0x6d,0x5f,
    0x35,0x36,0x20,0x3d,0x20,0x78,0x5f,0x34,0x34,0x31,0x3b,0x0a,0x20,0x20,0x6c,0x65,
    0x74,0x20,0x78,0x5f,0x37,0x33,0x36,0x20,0x3d,0x20,0x63,0x6f,0x76,0x65,0x72,0x61,
    0x67,0x65,0x46,0x72,0x6f,0x6d,0x44,0x69,0x73,0x74,0x61,0x6e,0x63,0x65,0x5f,0x66,
    0x31,0x5f,0x66,0x31,0x5f,0x28,0x26,0x28,0x70,0x61,0x72,0x61,0x6d,0x5f,0x35,0x35,
    0x29,0x2c,0x20,0x26,0x28,0x70,0x61,0x72,0x61,0x6d,0x5f,0x35,0x36,0x29,0x29,0x3b,
    0x0a,0x20,0x20,0x70,0x61,0x72,0x61,0x6d,0x5f,0x35,0x37,0x20,0x3d,0x20,0x78,0x5f,
    0x37,0x33,0x30,0x3b,0x0a,0x20,0x20,0x70,0x61,0x72,0x61,0x6d,0x5f,0x35,0x38,0x20,
    0x3d,0x20,0x78,0x5f,0x34,0x34,0x31,0x3b,0x0a,0x20,0x20,0x6c,0x65,0x74,0x20,0x78,
    0x5f,0x37,0x34,0x32,0x20,0x3d,0x20,0x63,0x6f,0x76,0x65,0x72,0x61,0x67,0x65,0x46,
    0x72,0x6f,0x6d,0x44,0x69,0x73,0x74,0x61,0x6e,0x63,0x65,0x5f,0x66,0x31,0x5f,0x66,
    0x31,0x5f,0x28,0x26,0x28,0x70,0x61,0x72,0x61,0x6d,0x5f,0x35,0x37,0x29,0x2c,0x20,
    0x26,0x28,0x70,0x61,0x72,0x61,0x6d,0x5f,0x35,0x38,0x29,0x29,0x3b,0x0a,0x20,0x20,
    0x6c,0x65,0x74,0x20,0x78,0x5f,0x37,0x34,0x37,0x20,0x3d,0x20,0x6d,0x61,0x78,0x28,
    0x28,0x78,0x5f,0x37,0x33,0x36,0x20,0x2d,0x20,0x78,0x5f,0x37,0x34,0x32,0x29,0x2c,
    0x20,0x30,0x2e,0x30,0x66,0x29,0x3b,0x0a,0x20,0x20,0x66,0x69,0x6c,0x6c,0x20,0x3d,
    0x20,0x76,0x46,0x69,0x6c,0x6c,0x3b,0x0a,0x20,0x20,0x69,0x66,0x20,0x28,0x28,0x78,
    0x5f,0x34,0x34,0x36,0x20,0x3d,0x3d,0x20,0x32,0x69,0x29,0x29,0x20,0x7b,0x0a,0x20,
    0x20,0x20,0x20,0x6c,0x65,0x74,0x20,0x78,0x5f,0x39,0x30,0x38,0x20,0x3d,0x20,0x66,
    0x69,0x6c,0x6c,0x3b,0x0a,0x20,0x20,0x20,0x20,0x6c,0x65,0x74,0x20,0x78,0x5f,0x37,
    0x36,0x30,0x20,0x3d,0x20,0x76,0x55,0x76,0x41,0x61,0x3b,0x0a,0x20,0x20,0x20,0x20,
    0x6c,0x65,0x74,0x20,0x78,0x5f,0x37,0x36,0x32,0x20,0x3d,0x20,0x74,0x65,0x78,0x74,
    0x75,0x72,0x65,0x53,0x61,0x6d,0x70,0x6c,0x65,0x28,0x75,0x69,0x54,0x65,0x78,0x2c,
    0x20,0x75,0x69,0x53,0x6d,0x70,0x2c,0x20,0x78,0x5f,0x37,0x36,0x30,0x2e,0x78,0x79,
    0x29,0x3b,0x0a,0x20,0x20,0x20,0x20,0x76,0x61,0x72,0x20,0x78,0x5f,0x39,0x31,0x30,
    0x5f,0x31,0x20,0x3d,0x20,0x78,0x5f,0x39,0x30,0x38,0x3b,0x0a,0x20,0x20,0x20,0x20,
    0x78,0x5f,0x39,0x31,0x30,0x5f,0x31,0x2e,0x77,0x20,0x3d,0x20,0x28,0x78,0x5f,0x39,
    0x30,0x38,0x2e,0x77,0x20,0x2a,0x20,0x78,0x5f,0x37,0x36,0x32,0x2e,0x77,0x29,0x3b,
    0x0a,0x20,0x20,0x20,0x20,0x66,0x69,0x6c,0x6c,0x20,0x3d,0x20,0x78,0x5f,0x39,0x31,
    0x30,0x5f,0x31,0x3b,0x0a,0x20,0x20,0x7d,0x0a,0x20,0x20,0x6c,0x65,0x74,0x20,0x78,
    0x5f,0x39,0x31,0x31,0x20,0x3d,0x20,0x66,0x69,0x6c,0x6c,0x3b,0x0a,0x20,0x20,0x6c,
    0x65,0x74,0x20,0x78,0x5f,0x37,0x37,0x30,0x20,0x3d,0x20,0x28,0x66,0x69,0x6c,0x6c,
    0x2e,0x77,0x20,0x2a,0x20,0x78,0x5f,0x37,0x34,0x32,0x29,0x3b,0x0a,0x20,0x20,0x6c,
    0x65,0x74,0x20,0x78,0x5f,0x37,0x37,0x35,0x20,0x3d,0x20,0x28,0x76,0x42,0x6f,0x72,
    0x64,0x65,0x72,0x2e,0x77,0x20,0x2a,0x20,0x78,0x5f,0x37,0x34,0x37,0x29,0x3b,0x0a,
    0x20,0x20,0x61,0x6c,0x70,0x68,0x61,0x5f,0x31,0x20,0x3d,0x20,0x28,0x78,0x5f,0x37,
    0x37,0x30,0x20,0x2b,0x20,0x78,0x5f,0x37,0x37,0x35,0x29,0x3b,0x0a,0x20,0x20,0x72,
    0x67,0x62,0x20,0x3d,0x20,0x28,0x28,0x78,0x5f,0x39,0x31,0x31,0x2e,0x78,0x79,0x7a,
    0x20,0x2a,0x20,0x78,0x5f,0x37,0x37,0x30,0x29,0x20,0x2b,0x20,0x28,0x76,0x42,0x6f,
    0x72,0x64,0x65,0x72,0x2e,0x78,0x79,0x7a,0x20,0x2a,0x20,0x78,0x5f,0x37,0x37,0x35,
    0x29,0x29,0x3b,0x0a,0x20,0x20,0x69,0x66,0x20,0x28,0x78,0x5f,0x36,0x32,0x34,0x29,
    0x20,0x7b,0x0a,0x20,0x20,0x20,0x20,0x6c,0x65,0x74,0x20,0x78,0x5f,0x37,0x39,0x39,
    0x20,0x3d,0x20,0x28,0x76,0x50,0x61,0x72,0x61,0x6d,0x73,0x31,0x2e,0x77,0x20,0x3e,
    0x20,0x30,0x2e,0x35,0x66,0x29,0x3b,0x0a,0x20,0x20,0x20,0x20,0x69,0x66,0x20,0x28,
    0x78,0x5f,0x37,0x39,0x39,0x29,0x20,0x7b,0x0a,0x20,0x20,0x20,0x20,0x20,0x20,0x70,
    0x61,0x72,0x61,0x6d,0x5f,0x35,0x39,0x20,0x3d,0x20,0x78,0x5f,0x34,0x33,0x34,0x3b,
    0x0a,0x20,0x20,0x20,0x20,0x20,0x20,0x70,0x61,0x72,0x61,0x6d,0x5f,0x36,0x30,0x20,
    0x3d,0x20,0x68,0x61,0x6c,0x66,0x42,0x6f,0x78,0x3b,0x0a,0x20,0x20,0x20,0x20,0x20,
    0x20,0x70,0x61,0x72,0x61,0x6d,0x5f,0x36,0x31,0x20,0x3d,0x20,0x78,0x5f,0x36,0x34,
    0x38,0x3b,0x0a,0x20,0x20,0x20,0x20,0x20,0x20,0x70,0x61,0x72,0x61,0x6d,0x5f,0x36,
    0x32,0x20,0x3d,0x20,0x76,0x65,0x63,0x32,0x66,0x28,0x29,0x3b,0x0a,0x20,0x20,0x20,
    0x20,0x20,0x20,0x70,0x61,0x72,0x61,0x6d,0x5f,0x36,0x33,0x20,0x3d,0x20,0x76,0x50,
    0x61,0x72,0x61,0x6d,0x73,0x31,0x2e,0x7a,0x3b,0x0a,0x20,0x20,0x20,0x20,0x20,0x20,
    0x70,0x61,0x72,0x61,0x6d,0x5f,0x36,0x34,0x20,0x3d,0x20,0x78,0x5f,0x34,0x34,0x31,
    0x3b,0x0a,0x20,0x20,0x20,0x20,0x20,0x20,0x6c,0x65,0x74,0x20,0x78,0x5f,0x38,0x31,
    0x35,0x20,0x3d,0x20,0x73,0x68,0x61,0x64,0x6f,0x77,0x43,0x6f,0x76,0x65,0x72,0x61,
    0x67,0x65,0x5f,0x76,0x66,0x32,0x5f,0x76,0x66,0x32,0x5f,0x76,0x66,0x34,0x5f,0x76,
    0x66,0x32,0x5f,0x66,0x31,0x5f,0x66,0x31,0x5f,0x28,0x26,0x28,0x70,0x61,0x72,0x61,
    0x6d,0x5f,0x35,0x39,0x29,0x2c,0x20,0x26,0x28,0x70,0x61,0x72,0x61,0x6d,0x5f,0x36,
    0x30,0x29,0x2c,0x20,0x26,0x28,0x70,0x61,0x72,0x61,0x6d,0x5f,0x36,0x31,0x29,0x2c,
    0x20,0x26,0x28,0x70,0x61,0x72,0x61,0x6d,0x5f,0x36,0x32,0x29,0x2c,0x20,0x26,0x28,
    0x70,0x61,0x72,0x61,0x6d,0x5f,0x36,0x33,0x29,0x2c,0x20,0x26,0x28,0x70,0x61,0x72,
    0x61,0x6d,0x5f,0x36,0x34,0x29,0x29,0x3b,0x0a,0x20,0x20,0x20,0x20,0x20,0x20,0x73,
    0x41,0x6c,0x70,0x68,0x61,0x20,0x3d,0x20,0x28,0x28,0x31,0x2e,0x30,0x66,0x20,0x2d,
    0x20,0x78,0x5f,0x38,0x31,0x35,0x29,0x20,0x2a,0x20,0x78,0x5f,0x37,0x33,0x36,0x29,
    0x3b,0x0a,0x20,0x20,0x20,0x20,0x7d,0x20,0x65,0x6c,0x73,0x65,0x20,0x7b,0x0a,0x20,
    0x20,0x20,0x20,0x20,0x20,0x70,0x61,0x72,0x61,0x6d,0x5f,0x36,0x35,0x20,0x3d,0x20,
    0x78,0x5f,0x34,0x33,0x34,0x3b,0x0a,0x20,0x20,0x20,0x20,0x20,0x20,0x70,0x61,0x72,
    0x61,0x6d,0x5f,0x36,0x36,0x20,0x3d,0x20,0x68,0x61,0x6c,0x66,0x42,0x6f,0x78,0x3b,
    0x0a,0x20,0x20,0x20,0x20,0x20,0x20,0x70,0x61,0x72,0x61,0x6d,0x5f,0x36,0x37,0x20,
    0x3d,0x20,0x78,0x5f,0x36,0x34,0x38,0x3b,0x0a,0x20,0x20,0x20,0x20,0x20,0x20,0x70,
    0x61,0x72,0x61,0x6d,0x5f,0x36,0x38,0x20,0x3d,0x20,0x76,0x50,0x61,0x72,0x61,0x6d,
    0x73,0x31,0x2e,0x78,0x79,0x3b,0x0a,0x20,0x20,0x20,0x20,0x20,0x20,0x70,0x61,0x72,
    0x61,0x6d,0x5f,0x36,0x39,0x20,0x3d,0x20,0x76,0x50,0x61,0x72,0x61,0x6d,0x73,0x31,
    0x2e,0x7a,0x3b,0x0a,0x20,0x20,0x20,0x20,0x20,0x20,0x70,0x61,0x72,0x61,0x6d,0x5f,
    0x37,0x30,0x20,0x3d,0x20,0x78,0x5f,0x34,0x34,0x31,0x3b,0x0a,0x20,0x20,0x20,0x20,
    0x20,0x20,0x6c,0x65,0x74,0x20,0x78,0x5f,0x38,0x33,0x36,0x20,0x3d,0x20,0x73,0x68,
    0x61,0x64,0x6f,0x77,0x43,0x6f,0x76,0x65,0x72,0x61,0x67,0x65,0x5f,0x76,0x66,0x32,
    0x5f,0x76,0x66,0x32,0x5f,0x76,0x66,0x34,0x5f,0x76,0x66,0x32,0x5f,0x66,0x31,0x5f,
    0x66,0x31,0x5f,0x28,0x26,0x28,0x70,0x61,0x72,0x61,0x6d,0x5f,0x36,0x35,0x29,0x2c,
    0x20,0x26,0x28,0x70,0x61,0x72,0x61,0x6d,0x5f,0x36,0x36,0x29,0x2c,0x20,0x26,0x28,
    0x70,0x61,0x72,0x61,0x6d,0x5f,0x36,0x37,0x29,0x2c,0x20,0x26,0x28,0x70,0x61,0x72,
    0x61,0x6d,0x5f,0x36,0x38,0x29,0x2c,0x20,0x26,0x28,0x70,0x61,0x72,0x61,0x6d,0x5f,
    0x36,0x39,0x29,0x2c,0x20,0x26,0x28,0x70,0x61,0x72,0x61,0x6d,0x5f,0x37,0x30,0x29,
    0x29,0x3b,0x0a,0x20,0x20,0x20,0x20,0x20,0x20,0x73,0x41,0x6c,0x70,0x68,0x61,0x20,
    0x3d,0x20,0x78,0x5f,0x38,0x33,0x36,0x3b,0x0a,0x20,0x20,0x20,0x20,0x7d,0x0a,0x20,
    0x20,0x20,0x20,0x73,0x41,0x6c,0x70,0x68,0x61,0x20,0x3d,0x20,0x28,0x73,0x41,0x6c,
    0x70,0x68,0x61,0x20,0x2a,0x20,0x78,0x5f,0x36,0x32,0x33,0x29,0x3b,0x0a,0x20,0x20,
    0x20,0x20,0x69,0x66,0x20,0x28,0x78,0x5f,0x37,0x39,0x39,0x29,0x20,0x7b,0x0a,0x20,
    0x20,0x20,0x20,0x20,0x20,0x6c,0x65,0x74,0x20,0x78,0x5f,0x38,0x34,0x38,0x20,0x3d,
    0x20,0x73,0x41,0x6c,0x70,0x68,0x61,0x3b,0x0a,0x20,0x20,0x20,0x20,0x20,0x20,0x6c,
    0x65,0x74,0x20,0x78,0x5f,0x38,0x35,0x32,0x20,0x3d,0x20,0x28,0x31,0x2e,0x30,0x66,
    0x20,0x2d,0x20,0x73,0x41,0x6c,0x70,0x68,0x61,0x29,0x3b,0x0a,0x20,0x20,0x20,0x20,
    0x20,0x20,0x72,0x67,0x62,0x20,0x3d,0x20,0x28,0x28,0x76,0x45,0x78,0x74,0x72,0x61,
    0x2e,0x78,0x79,0x7a,0x20,0x2a,0x20,0x73,0x41,0x6c,0x70,0x68,0x61,0x29,0x20,0x2b,
    0x20,0x28,0x72,0x67,0x62,0x20,0x2a,0x20,0x78,0x5f,0x38,0x35,0x32,0x29,0x29,0x3b,
    0x0a,0x20,0x20,0x20,0x20,0x20,0x20,0x61,0x6c,0x70,0x68,0x61,0x5f,0x31,0x20,0x3d,
    0x20,0x28,0x78,0x5f,0x38,0x34,0x38,0x20,0x2b,0x20,0x28,0x61,0x6c,0x70,0x68,0x61,
    0x5f,0x31,0x20,0x2a,0x20,0x78,0x5f,0x38,0x35,0x32,0x29,0x29,0x3b,0x0a,0x20,0x20,
    0x20,0x20,0x7d,0x20,0x65,0x6c,0x73,0x65,0x20,0x7b,0x0a,0x20,0x20,0x20,0x20,0x20,
    0x20,0x6c,0x65,0x74,0x20,0x78,0x5f,0x38,0x36,0x35,0x20,0x3d,0x20,0x73,0x41,0x6c,
    0x70,0x68,0x61,0x3b,0x0a,0x20,0x20,0x20,0x20,0x20,0x20,0x6c,0x65,0x74,0x20,0x78,
    0x5f,0x38,0x36,0x37,0x20,0x3d,0x20,0x61,0x6c,0x70,0x68,0x61,0x5f,0x31,0x3b,0x0a,
    0x20,0x20,0x20,0x20,0x20,0x20,0x6c,0x65,0x74,0x20,0x78,0x5f,0x38,0x36,0x38,0x20,
    0x3d,0x20,0x28,0x31,0x2e,0x30,0x66,0x20,0x2d,0x20,0x61,0x6c,0x70,0x68,0x61,0x5f,
    0x31,0x29,0x3b,0x0a,0x20,0x20,0x20,0x20,0x20,0x20,0x72,0x67,0x62,0x20,0x3d,0x20,
    0x28,0x72,0x67,0x62,0x20,0x2b,0x20,0x28,0x28,0x76,0x45,0x78,0x74,0x72,0x61,0x2e,
    0x78,0x79,0x7a,0x20,0x2a,0x20,0x73,0x41,0x6c,0x70,0x68,0x61,0x29,0x20,0x2a,0x20,
    0x78,0x5f,0x38,0x36,0x38,0x29,0x29,0x3b,0x0a,0x20,0x20,0x20,0x20,0x20,0x20,0x61,
    0x6c,0x70,0x68,0x61,0x5f,0x31,0x20,0x3d,0x20,0x28,0x78,0x5f,0x38,0x36,0x37,0x20,
    0x2b,0x20,0x28,0x78,0x5f,0x38,0x36,0x35,0x20,0x2a,0x20,0x78,0x5f,0x38,0x36,0x38,
    0x29,0x29,0x3b,0x0a,0x20,0x20,0x20,0x20,0x7d,0x0a,0x20,0x20,0x7d,0x0a,0x20,0x20,
    0x66,0x72,0x61,0x67,0x5f,0x63,0x6f,0x6c,0x6f,0x72,0x20,0x3d,0x20,0x76,0x65,0x63,
    0x34,0x66,0x28,0x72,0x67,0x62,0x2e,0x78,0x2c,0x20,0x72,0x67,0x62,0x2e,0x79,0x2c,
    0x20,0x72,0x67,0x62,0x2e,0x7a,0x2c,0x20,0x61,0x6c,0x70,0x68,0x61,0x5f,0x31,0x29,
    0x3b,0x0a,0x20,0x20,0x72,0x65,0x74,0x75,0x72,0x6e,0x3b,0x0a,0x7d,0x0a,0x0a,0x73,
    0x74,0x72,0x75,0x63,0x74,0x20,0x6d,0x61,0x69,0x6e,0x5f,0x6f,0x75,0x74,0x20,0x7b,
    0x0a,0x20,0x20,0x40,0x6c,0x6f,0x63,0x61,0x74,0x69,0x6f,0x6e,0x28,0x30,0x29,0x0a,
    0x20,0x20,0x66,0x72,0x61,0x67,0x5f,0x63,0x6f,0x6c,0x6f,0x72,0x5f,0x31,0x20,0x3a,
    0x20,0x76,0x65,0x63,0x34,0x66,0x2c,0x0a,0x7d,0x0a,0x0a,0x40,0x66,0x72,0x61,0x67,
    0x6d,0x65,0x6e,0x74,0x0a,0x66,0x6e,0x20,0x6d,0x61,0x69,0x6e,0x28,0x40,0x6c,0x6f,
    0x63,0x61,0x74,0x69,0x6f,0x6e,0x28,0x38,0x29,0x20,0x63,0x6c,0x69,0x70,0x44,0x69,
    0x73,0x74,0x61,0x6e,0x63,0x65,0x5f,0x70,0x61,0x72,0x61,0x6d,0x20,0x3a,0x20,0x76,
    0x65,0x63,0x34,0x66,0x2c,0x20,0x40,0x6c,0x6f,0x63,0x61,0x74,0x69,0x6f,0x6e,0x28,
    0x30,0x29,0x20,0x76,0x4c,0x6f,0x63,0x61,0x6c,0x48,0x61,0x6c,0x66,0x5f,0x70,0x61,
    0x72,0x61,0x6d,0x20,0x3a,0x20,0x76,0x65,0x63,0x34,0x66,0x2c,0x20,0x40,0x6c,0x6f,
    0x63,0x61,0x74,0x69,0x6f,0x6e,0x28,0x31,0x29,0x20,0x76,0x55,0x76,0x41,0x61,0x5f,
    0x70,0x61,0x72,0x61,0x6d,0x20,0x3a,0x20,0x76,0x65,0x63,0x34,0x66,0x2c,0x20,0x40,
    0x6c,0x6f,0x63,0x61,0x74,0x69,0x6f,0x6e,0x28,0x33,0x29,0x20,0x76,0x42,0x6f,0x72,
    0x64,0x65,0x72,0x73,0x5f,0x70,0x61,0x72,0x61,0x6d,0x20,0x3a,0x20,0x76,0x65,0x63,
    0x34,0x66,0x2c,0x20,0x40,0x6c,0x6f,0x63,0x61,0x74,0x69,0x6f,0x6e,0x28,0x34,0x29,
    0x20,0x76,0x50,0x61,0x72,0x61,0x6d,0x73,0x31,0x5f,0x70,0x61,0x72,0x61,0x6d,0x20,
    0x3a,0x20,0x76,0x65,0x63,0x34,0x66,0x2c,0x20,0x40,0x6c,0x6f,0x63,0x61,0x74,0x69,
    0x6f,0x6e,0x28,0x35,0x29,0x20,0x76,0x46,0x69,0x6c,0x6c,0x5f,0x70,0x61,0x72,0x61,
    0x6d,0x20,0x3a,0x20,0x76,0x65,0x63,0x34,0x66,0x2c,0x20,0x40,0x6c,0x6f,0x63,0x61,
    0x74,0x69,0x6f,0x6e,0x28,0x32,0x29,0x20,0x76,0x52,0x61,0x64,0x69,0x69,0x5f,0x70,
    0x61,0x72,0x61,0x6d,0x20,0x3a,0x20,0x76,0x65,0x63,0x34,0x66,0x2c,0x20,0x40,0x6c,
    0x6f,0x63,0x61,0x74,0x69,0x6f,0x6e,0x28,0x37,0x29,0x20,0x76,0x45,0x78,0x74,0x72,
    0x61,0x5f,0x70,0x61,0x72,0x61,0x6d,0x20,0x3a,0x20,0x76,0x65,0x63,0x34,0x66,0x2c,
    0x20,0x40,0x6c,0x6f,0x63,0x61,0x74,0x69,0x6f,0x6e,0x28,0x36,0x29,0x20,0x76,0x42,
    0x6f,0x72,0x64,0x65,0x72,0x5f,0x70,0x61,0x72,0x61,0x6d,0x20,0x3a,0x20,0x76,0x65,
    0x63,0x34,0x66,0x29,0x20,0x2d,0x3e,0x20,0x6d,0x61,0x69,0x6e,0x5f,0x6f,0x75,0x74,
    0x20,0x7b,0x0a,0x20,0x20,0x63,0x6c,0x69,0x70,0x44,0x69,0x73,0x74,0x61,0x6e,0x63,
    0x65,0x20,0x3d,0x20,0x63,0x6c,0x69,0x70,0x44,0x69,0x73,0x74,0x61,0x6e,0x63,0x65,
    0x5f,0x70,0x61,0x72,0x61,0x6d,0x3b,0x0a,0x20,0x20,0x76,0x4c,0x6f,0x63,0x61,0x6c,
    0x48,0x61,0x6c,0x66,0x20,0x3d,0x20,0x76,0x4c,0x6f,0x63,0x61,0x6c,0x48,0x61,0x6c,
    0x66,0x5f,0x70,0x61,0x72,0x61,0x6d,0x3b,0x0a,0x20,0x20,0x76,0x55,0x76,0x41,0x61,
    0x20,0x3d,0x20,0x76,0x55,0x76,0x41,0x61,0x5f,0x70,0x61,0x72,0x61,0x6d,0x3b,0x0a,
    0x20,0x20,0x76,0x42,0x6f,0x72,0x64,0x65,0x72,0x73,0x20,0x3d,0x20,0x76,0x42,0x6f,
    0x72,0x64,0x65,0x72,0x73,0x5f,0x70,0x61,0x72,0x61,0x6d,0x3b,0x0a,0x20,0x20,0x76,
    0x50,0x61,0x72,0x61,0x6d,0x73,0x31,0x20,0x3d,0x20,0x76,0x50,0x61,0x72,0x61,0x6d,
    0x73,0x31,0x5f,0x70,0x61,0x72,0x61,0x6d,0x3b,0x0a,0x20,0x20,0x76,0x46,0x69,0x6c,
    0x6c,0x20,0x3d,0x20,0x76,0x46,0x69,0x6c,0x6c,0x5f,0x70,0x61,0x72,0x61,0x6d,0x3b,
    0x0a,0x20,0x20,0x76,0x52,0x61,0x64,0x69,0x69,0x20,0x3d,0x20,0x76,0x52,0x61,0x64,
    0x69,0x69,0x5f,0x70,0x61,0x72,0x61,0x6d,0x3b,0x0a,0x20,0x20,0x76,0x45,0x78,0x74,
    0x72,0x61,0x20,0x3d,0x20,0x76,0x45,0x78,0x74,0x72,0x61,0x5f,0x70,0x61,0x72,0x61,
    0x6d,0x3b,0x0a,0x20,0x20,0x76,0x42,0x6f,0x72,0x64,0x65,0x72,0x20,0x3d,0x20,0x76,
    0x42,0x6f,0x72,0x64,0x65,0x72,0x5f,0x70,0x61,0x72,0x61,0x6d,0x3b,0x0a,0x20,0x20,
    0x6d,0x61,0x69,0x6e,0x5f,0x31,0x28,0x29,0x3b,0x0a,0x20,0x20,0x72,0x65,0x74,0x75,
    0x72,0x6e,0x20,0x6d,0x61,0x69,0x6e,0x5f,0x6f,0x75,0x74,0x28,0x66,0x72,0x61,0x67,
    0x5f,0x63,0x6f,0x6c,0x6f,0x72,0x29,0x3b,0x0a,0x7d,0x0a,0x00,
};
/*
    diagnostic(off, derivative_uniformity);

    var<private> pos : vec2f;

    var<private> uv : vec2f;

    var<private> uv0 : vec2f;

    var<private> gl_Position : vec4f;

    fn main_1() {
      gl_Position = vec4f(pos.x, pos.y, 0.0f, 1.0f);
      uv = uv0;
      return;
    }

    struct main_out {
      @builtin(position)
      gl_Position : vec4f,
      @location(0)
      uv_1 : vec2f,
    }

    @vertex
    fn main(@location(0) pos_param : vec2f, @location(1) uv0_param : vec2f) -> main_out {
      pos = pos_param;
      uv0 = uv0_param;
      main_1();
      return main_out(gl_Position, uv);
    }
*/
static const uint8_t blurVs_source_wgsl[523] = {
    0x64,0x69,0x61,0x67,0x6e,0x6f,0x73,0x74,0x69,0x63,0x28,0x6f,0x66,0x66,0x2c,0x20,
    0x64,0x65,0x72,0x69,0x76,0x61,0x74,0x69,0x76,0x65,0x5f,0x75,0x6e,0x69,0x66,0x6f,
    0x72,0x6d,0x69,0x74,0x79,0x29,0x3b,0x0a,0x0a,0x76,0x61,0x72,0x3c,0x70,0x72,0x69,
    0x76,0x61,0x74,0x65,0x3e,0x20,0x70,0x6f,0x73,0x20,0x3a,0x20,0x76,0x65,0x63,0x32,
    0x66,0x3b,0x0a,0x0a,0x76,0x61,0x72,0x3c,0x70,0x72,0x69,0x76,0x61,0x74,0x65,0x3e,
    0x20,0x75,0x76,0x20,0x3a,0x20,0x76,0x65,0x63,0x32,0x66,0x3b,0x0a,0x0a,0x76,0x61,
    0x72,0x3c,0x70,0x72,0x69,0x76,0x61,0x74,0x65,0x3e,0x20,0x75,0x76,0x30,0x20,0x3a,
    0x20,0x76,0x65,0x63,0x32,0x66,0x3b,0x0a,0x0a,0x76,0x61,0x72,0x3c,0x70,0x72,0x69,
    0x76,0x61,0x74,0x65,0x3e,0x20,0x67,0x6c,0x5f,0x50,0x6f,0x73,0x69,0x74,0x69,0x6f,
    0x6e,0x20,0x3a,0x20,0x76,0x65,0x63,0x34,0x66,0x3b,0x0a,0x0a,0x66,0x6e,0x20,0x6d,
    0x61,0x69,0x6e,0x5f,0x31,0x28,0x29,0x20,0x7b,0x0a,0x20,0x20,0x67,0x6c,0x5f,0x50,
    0x6f,0x73,0x69,0x74,0x69,0x6f,0x6e,0x20,0x3d,0x20,0x76,0x65,0x63,0x34,0x66,0x28,
    0x70,0x6f,0x73,0x2e,0x78,0x2c,0x20,0x70,0x6f,0x73,0x2e,0x79,0x2c,0x20,0x30,0x2e,
    0x30,0x66,0x2c,0x20,0x31,0x2e,0x30,0x66,0x29,0x3b,0x0a,0x20,0x20,0x75,0x76,0x20,
    0x3d,0x20,0x75,0x76,0x30,0x3b,0x0a,0x20,0x20,0x72,0x65,0x74,0x75,0x72,0x6e,0x3b,
    0x0a,0x7d,0x0a,0x0a,0x73,0x74,0x72,0x75,0x63,0x74,0x20,0x6d,0x61,0x69,0x6e,0x5f,
    0x6f,0x75,0x74,0x20,0x7b,0x0a,0x20,0x20,0x40,0x62,0x75,0x69,0x6c,0x74,0x69,0x6e,
    0x28,0x70,0x6f,0x73,0x69,0x74,0x69,0x6f,0x6e,0x29,0x0a,0x20,0x20,0x67,0x6c,0x5f,
    0x50,0x6f,0x73,0x69,0x74,0x69,0x6f,0x6e,0x20,0x3a,0x20,0x76,0x65,0x63,0x34,0x66,
    0x2c,0x0a,0x20,0x20,0x40,0x6c,0x6f,0x63,0x61,0x74,0x69,0x6f,0x6e,0x28,0x30,0x29,
    0x0a,0x20,0x20,0x75,0x76,0x5f,0x31,0x20,0x3a,0x20,0x76,0x65,0x63,0x32,0x66,0x2c,
    0x0a,0x7d,0x0a,0x0a,0x40,0x76,0x65,0x72,0x74,0x65,0x78,0x0a,0x66,0x6e,0x20,0x6d,
    0x61,0x69,0x6e,0x28,0x40,0x6c,0x6f,0x63,0x61,0x74,0x69,0x6f,0x6e,0x28,0x30,0x29,
    0x20,0x70,0x6f,0x73,0x5f,0x70,0x61,0x72,0x61,0x6d,0x20,0x3a,0x20,0x76,0x65,0x63,
    0x32,0x66,0x2c,0x20,0x40,0x6c,0x6f,0x63,0x61,0x74,0x69,0x6f,0x6e,0x28,0x31,0x29,
    0x20,0x75,0x76,0x30,0x5f,0x70,0x61,0x72,0x61,0x6d,0x20,0x3a,0x20,0x76,0x65,0x63,
    0x32,0x66,0x29,0x20,0x2d,0x3e,0x20,0x6d,0x61,0x69,0x6e,0x5f,0x6f,0x75,0x74,0x20,
    0x7b,0x0a,0x20,0x20,0x70,0x6f,0x73,0x20,0x3d,0x20,0x70,0x6f,0x73,0x5f,0x70,0x61,
    0x72,0x61,0x6d,0x3b,0x0a,0x20,0x20,0x75,0x76,0x30,0x20,0x3d,0x20,0x75,0x76,0x30,
    0x5f,0x70,0x61,0x72,0x61,0x6d,0x3b,0x0a,0x20,0x20,0x6d,0x61,0x69,0x6e,0x5f,0x31,
    0x28,0x29,0x3b,0x0a,0x20,0x20,0x72,0x65,0x74,0x75,0x72,0x6e,0x20,0x6d,0x61,0x69,
    0x6e,0x5f,0x6f,0x75,0x74,0x28,0x67,0x6c,0x5f,0x50,0x6f,0x73,0x69,0x74,0x69,0x6f,
    0x6e,0x2c,0x20,0x75,0x76,0x29,0x3b,0x0a,0x7d,0x0a,0x00,
};
/*
    diagnostic(off, derivative_uniformity);

    struct blur_params {
      /_ @offset(0) _/
      dir : vec4f,
    }

    @binding(0) @group(0) var<uniform> x_13 : blur_params;

    @binding(0) @group(1) var srcTex : texture_2d<f32>;

    @binding(32) @group(1) var srcSmp : sampler;

    var<private> uv : vec2f;

    var<private> frag_color : vec4f;

    fn main_1() {
      let x_19 = x_13.dir.xy;
      let x_21 = (x_19 * 1.3846149444580078125f);
      let x_27 = (x_19 * 3.23076891899108886719f);
      let x_42 = uv;
      let x_43 = textureSample(srcTex, srcSmp, x_42);
      let x_52 = textureSample(srcTex, srcSmp, (x_42 + x_21));
      let x_63 = textureSample(srcTex, srcSmp, (x_42 - x_21));
      let x_73 = textureSample(srcTex, srcSmp, (x_42 + x_27));
      let x_84 = textureSample(srcTex, srcSmp, (x_42 - x_27));
      frag_color = (((((x_43 * 0.22702699899673461914f) + (x_52 * 0.31621599197387695312f)) + (x_63 * 0.31621599197387695312f)) + (x_73 * 0.07027000188827514648f)) + (x_84 * 0.07027000188827514648f));
      return;
    }

    struct main_out {
      @location(0)
      frag_color_1 : vec4f,
    }

    @fragment
    fn main(@location(0) uv_param : vec2f) -> main_out {
      uv = uv_param;
      main_1();
      return main_out(frag_color);
    }
*/
static const uint8_t blurFs_source_wgsl[1146] = {
    0x64,0x69,0x61,0x67,0x6e,0x6f,0x73,0x74,0x69,0x63,0x28,0x6f,0x66,0x66,0x2c,0x20,
    0x64,0x65,0x72,0x69,0x76,0x61,0x74,0x69,0x76,0x65,0x5f,0x75,0x6e,0x69,0x66,0x6f,
    0x72,0x6d,0x69,0x74,0x79,0x29,0x3b,0x0a,0x0a,0x73,0x74,0x72,0x75,0x63,0x74,0x20,
    0x62,0x6c,0x75,0x72,0x5f,0x70,0x61,0x72,0x61,0x6d,0x73,0x20,0x7b,0x0a,0x20,0x20,
    0x2f,0x2a,0x20,0x40,0x6f,0x66,0x66,0x73,0x65,0x74,0x28,0x30,0x29,0x20,0x2a,0x2f,
    0x0a,0x20,0x20,0x64,0x69,0x72,0x20,0x3a,0x20,0x76,0x65,0x63,0x34,0x66,0x2c,0x0a,
    0x7d,0x0a,0x0a,0x40,0x62,0x69,0x6e,0x64,0x69,0x6e,0x67,0x28,0x30,0x29,0x20,0x40,
    0x67,0x72,0x6f,0x75,0x70,0x28,0x30,0x29,0x20,0x76,0x61,0x72,0x3c,0x75,0x6e,0x69,
    0x66,0x6f,0x72,0x6d,0x3e,0x20,0x78,0x5f,0x31,0x33,0x20,0x3a,0x20,0x62,0x6c,0x75,
    0x72,0x5f,0x70,0x61,0x72,0x61,0x6d,0x73,0x3b,0x0a,0x0a,0x40,0x62,0x69,0x6e,0x64,
    0x69,0x6e,0x67,0x28,0x30,0x29,0x20,0x40,0x67,0x72,0x6f,0x75,0x70,0x28,0x31,0x29,
    0x20,0x76,0x61,0x72,0x20,0x73,0x72,0x63,0x54,0x65,0x78,0x20,0x3a,0x20,0x74,0x65,
    0x78,0x74,0x75,0x72,0x65,0x5f,0x32,0x64,0x3c,0x66,0x33,0x32,0x3e,0x3b,0x0a,0x0a,
    0x40,0x62,0x69,0x6e,0x64,0x69,0x6e,0x67,0x28,0x33,0x32,0x29,0x20,0x40,0x67,0x72,
    0x6f,0x75,0x70,0x28,0x31,0x29,0x20,0x76,0x61,0x72,0x20,0x73,0x72,0x63,0x53,0x6d,
    0x70,0x20,0x3a,0x20,0x73,0x61,0x6d,0x70,0x6c,0x65,0x72,0x3b,0x0a,0x0a,0x76,0x61,
    0x72,0x3c,0x70,0x72,0x69,0x76,0x61,0x74,0x65,0x3e,0x20,0x75,0x76,0x20,0x3a,0x20,
    0x76,0x65,0x63,0x32,0x66,0x3b,0x0a,0x0a,0x76,0x61,0x72,0x3c,0x70,0x72,0x69,0x76,
    0x61,0x74,0x65,0x3e,0x20,0x66,0x72,0x61,0x67,0x5f,0x63,0x6f,0x6c,0x6f,0x72,0x20,
    0x3a,0x20,0x76,0x65,0x63,0x34,0x66,0x3b,0x0a,0x0a,0x66,0x6e,0x20,0x6d,0x61,0x69,
    0x6e,0x5f,0x31,0x28,0x29,0x20,0x7b,0x0a,0x20,0x20,0x6c,0x65,0x74,0x20,0x78,0x5f,
    0x31,0x39,0x20,0x3d,0x20,0x78,0x5f,0x31,0x33,0x2e,0x64,0x69,0x72,0x2e,0x78,0x79,
    0x3b,0x0a,0x20,0x20,0x6c,0x65,0x74,0x20,0x78,0x5f,0x32,0x31,0x20,0x3d,0x20,0x28,
    0x78,0x5f,0x31,0x39,0x20,0x2a,0x20,0x31,0x2e,0x33,0x38,0x34,0x36,0x31,0x34,0x39,
    0x34,0x34,0x34,0x35,0x38,0x30,0x30,0x37,0x38,0x31,0x32,0x35,0x66,0x29,0x3b,0x0a,
    0x20,0x20,0x6c,0x65,0x74,0x20,0x78,0x5f,0x32,0x37,0x20,0x3d,0x20,0x28,0x78,0x5f,
    0x31,0x39,0x20,0x2a,0x20,0x33,0x2e,0x32,0x33,0x30,0x37,0x36,0x38,0x39,0x31,0x38,
    0x39,0x39,0x31,0x30,0x38,0x38,0x38,0x36,0x37,0x31,0x39,0x66,0x29,0x3b,0x0a,0x20,
    0x20,0x6c,0x65,0x74,0x20,0x78,0x5f,0x34,0x32,0x20,0x3d,0x20,0x75,0x76,0x3b,0x0a,
    0x20,0x20,0x6c,0x65,0x74,0x20,0x78,0x5f,0x34,0x33,0x20,0x3d,0x20,0x74,0x65,0x78,
    0x74,0x75,0x72,0x65,0x53,0x61,0x6d,0x70,0x6c,0x65,0x28,0x73,0x72,0x63,0x54,0x65,
    0x78,0x2c,0x20,0x73,0x72,0x63,0x53,0x6d,0x70,0x2c,0x20,0x78,0x5f,0x34,0x32,0x29,
    0x3b,0x0a,0x20,0x20,0x6c,0x65,0x74,0x20,0x78,0x5f,0x35,0x32,0x20,0x3d,0x20,0x74,
    0x65,0x78,0x74,0x75,0x72,0x65,0x53,0x61,0x6d,0x70,0x6c,0x65,0x28,0x73,0x72,0x63,
    0x54,0x65,0x78,0x2c,0x20,0x73,0x72,0x63,0x53,0x6d,0x70,0x2c,0x20,0x28,0x78,0x5f,
    0x34,0x32,0x20,0x2b,0x20,0x78,0x5f,0x32,0x31,0x29,0x29,0x3b,0x0a,0x20,0x20,0x6c,
    0x65,0x74,0x20,0x78,0x5f,0x36,0x33,0x20,0x3d,0x20,0x74,0x65,0x78,0x74,0x75,0x72,
    0x65,0x53,0x61,0x6d,0x70,0x6c,0x65,0x28,0x73,0x72,0x63,0x54,0x65,0x78,0x2c,0x20,
    0x73,0x72,0x63,0x53,0x6d,0x70,0x2c,0x20,0x28,0x78,0x5f,0x34,0x32,0x20,0x2d,0x20,
    0x78,0x5f,0x32,0x31,0x29,0x29,0x3b,0x0a,0x20,0x20,0x6c,0x65,0x74,0x20,0x78,0x5f,
    0x37,0x33,0x20,0x3d,0x20,0x74,0x65,0x78,0x74,0x75,0x72,0x65,0x53,0x61,0x6d,0x70,
    0x6c,0x65,0x28,0x73,0x72,0x63,0x54,0x65,0x78,0x2c,0x20,0x73,0x72,0x63,0x53,0x6d,
    0x70,0x2c,0x20,0x28,0x78,0x5f,0x34,0x32,0x20,0x2b,0x20,0x78,0x5f,0x32,0x37,0x29,
    0x29,0x3b,0x0a,0x20,0x20,0x6c,0x65,0x74,0x20,0x78,0x5f,0x38,0x34,0x20,0x3d,0x20,
    0x74,0x65,0x78,0x74,0x75,0x72,0x65,0x53,0x61,0x6d,0x70,0x6c,0x65,0x28,0x73,0x72,
    0x63,0x54,0x65,0x78,0x2c,0x20,0x73,0x72,0x63,0x53,0x6d,0x70,0x2c,0x20,0x28,0x78,
    0x5f,0x34,0x32,0x20,0x2d,0x20,0x78,0x5f,0x32,0x37,0x29,0x29,0x3b,0x0a,0x20,0x20,
    0x66,0x72,0x61,0x67,0x5f,0x63,0x6f,0x6c,0x6f,0x72,0x20,0x3d,0x20,0x28,0x28,0x28,
    0x28,0x28,0x78,0x5f,0x34,0x33,0x20,0x2a,0x20,0x30,0x2e,0x32,0x32,0x37,0x30,0x32,
    0x36,0x39,0x39,0x38,0x39,0x39,0x36,0x37,0x33,0x34,0x36,0x31,0x39,0x31,0x34,0x66,
    0x29,0x20,0x2b,0x20,0x28,0x78,0x5f,0x35,0x32,0x20,0x2a,0x20,0x30,0x2e,0x33,0x31,
    0x36,0x32,0x31,0x35,0x39,0x39,0x31,0x39,0x37,0x33,0x38,0x37,0x36,0x39,0x35,0x33,
    0x31,0x32,0x66,0x29,0x29,0x20,0x2b,0x20,0x28,0x78,0x5f,0x36,0x33,0x20,0x2a,0x20,
    0x30,0x2e,0x33,0x31,0x36,0x32,0x31,0x35,0x39,0x39,0x31,0x39,0x37,0x33,0x38,0x37,
    0x36,0x39,0x35,0x33,0x31,0x32,0x66,0x29,0x29,0x20,0x2b,0x20,0x28,0x78,0x5f,0x37,
    0x33,0x20,0x2a,0x20,0x30,0x2e,0x30,0x37,0x30,0x32,0x37,0x30,0x30,0x30,0x31,0x38,
    0x38,0x38,0x32,0x37,0x35,0x31,0x34,0x36,0x34,0x38,0x66,0x29,0x29,0x20,0x2b,0x20,
    0x28,0x78,0x5f,0x38,0x34,0x20,0x2a,0x20,0x30,0x2e,0x30,0x37,0x30,0x32,0x37,0x30,
    0x30,0x30,0x31,0x38,0x38,0x38,0x32,0x37,0x35,0x31,0x34,0x36,0x34,0x38,0x66,0x29,
    0x29,0x3b,0x0a,0x20,0x20,0x72,0x65,0x74,0x75,0x72,0x6e,0x3b,0x0a,0x7d,0x0a,0x0a,
    0x73,0x74,0x72,0x75,0x63,0x74,0x20,0x6d,0x61,0x69,0x6e,0x5f,0x6f,0x75,0x74,0x20,
    0x7b,0x0a,0x20,0x20,0x40,0x6c,0x6f,0x63,0x61,0x74,0x69,0x6f,0x6e,0x28,0x30,0x29,
    0x0a,0x20,0x20,0x66,0x72,0x61,0x67,0x5f,0x63,0x6f,0x6c,0x6f,0x72,0x5f,0x31,0x20,
    0x3a,0x20,0x76,0x65,0x63,0x34,0x66,0x2c,0x0a,0x7d,0x0a,0x0a,0x40,0x66,0x72,0x61,
    0x67,0x6d,0x65,0x6e,0x74,0x0a,0x66,0x6e,0x20,0x6d,0x61,0x69,0x6e,0x28,0x40,0x6c,
    0x6f,0x63,0x61,0x74,0x69,0x6f,0x6e,0x28,0x30,0x29,0x20,0x75,0x76,0x5f,0x70,0x61,
    0x72,0x61,0x6d,0x20,0x3a,0x20,0x76,0x65,0x63,0x32,0x66,0x29,0x20,0x2d,0x3e,0x20,
    0x6d,0x61,0x69,0x6e,0x5f,0x6f,0x75,0x74,0x20,0x7b,0x0a,0x20,0x20,0x75,0x76,0x20,
    0x3d,0x20,0x75,0x76,0x5f,0x70,0x61,0x72,0x61,0x6d,0x3b,0x0a,0x20,0x20,0x6d,0x61,
    0x69,0x6e,0x5f,0x31,0x28,0x29,0x3b,0x0a,0x20,0x20,0x72,0x65,0x74,0x75,0x72,0x6e,
    0x20,0x6d,0x61,0x69,0x6e,0x5f,0x6f,0x75,0x74,0x28,0x66,0x72,0x61,0x67,0x5f,0x63,
    0x6f,0x6c,0x6f,0x72,0x29,0x3b,0x0a,0x7d,0x0a,0x00,
};
static inline const sg_shader_desc* blur_shader_desc(sg_backend backend) {
    if (backend == SG_BACKEND_GLES3) {
        static sg_shader_desc desc;
        static bool valid;
        if (!valid) {
            valid = true;
            desc.vertex_func.source = (const char*)blurVs_source_glsl300es;
            desc.vertex_func.entry = "main";
            desc.fragment_func.source = (const char*)blurFs_source_glsl300es;
            desc.fragment_func.entry = "main";
            desc.attrs[0].base_type = SG_SHADERATTRBASETYPE_FLOAT;
            desc.attrs[0].glsl_name = "pos";
            desc.attrs[1].base_type = SG_SHADERATTRBASETYPE_FLOAT;
            desc.attrs[1].glsl_name = "uv0";
            desc.uniform_blocks[0].stage = SG_SHADERSTAGE_FRAGMENT;
            desc.uniform_blocks[0].layout = SG_UNIFORMLAYOUT_STD140;
            desc.uniform_blocks[0].size = 16;
            desc.uniform_blocks[0].glsl_uniforms[0].type = SG_UNIFORMTYPE_FLOAT4;
            desc.uniform_blocks[0].glsl_uniforms[0].array_count = 1;
            desc.uniform_blocks[0].glsl_uniforms[0].glsl_name = "blur_params";
            desc.views[0].texture.stage = SG_SHADERSTAGE_FRAGMENT;
            desc.views[0].texture.image_type = SG_IMAGETYPE_2D;
            desc.views[0].texture.sample_type = SG_IMAGESAMPLETYPE_FLOAT;
            desc.views[0].texture.multisampled = false;
            desc.samplers[0].stage = SG_SHADERSTAGE_FRAGMENT;
            desc.samplers[0].sampler_type = SG_SAMPLERTYPE_FILTERING;
            desc.texture_sampler_pairs[0].stage = SG_SHADERSTAGE_FRAGMENT;
            desc.texture_sampler_pairs[0].view_slot = 0;
            desc.texture_sampler_pairs[0].sampler_slot = 0;
            desc.texture_sampler_pairs[0].glsl_name = "srcTex_srcSmp";
            desc.label = "blur_shader";
        }
        return &desc;
    }
    if (backend == SG_BACKEND_D3D11) {
        static sg_shader_desc desc;
        static bool valid;
        if (!valid) {
            valid = true;
            desc.vertex_func.source = (const char*)blurVs_source_hlsl5;
            desc.vertex_func.d3d11_target = "vs_5_0";
            desc.vertex_func.entry = "main";
            desc.fragment_func.source = (const char*)blurFs_source_hlsl5;
            desc.fragment_func.d3d11_target = "ps_5_0";
            desc.fragment_func.entry = "main";
            desc.attrs[0].base_type = SG_SHADERATTRBASETYPE_FLOAT;
            desc.attrs[0].hlsl_sem_name = "TEXCOORD";
            desc.attrs[0].hlsl_sem_index = 0;
            desc.attrs[1].base_type = SG_SHADERATTRBASETYPE_FLOAT;
            desc.attrs[1].hlsl_sem_name = "TEXCOORD";
            desc.attrs[1].hlsl_sem_index = 1;
            desc.uniform_blocks[0].stage = SG_SHADERSTAGE_FRAGMENT;
            desc.uniform_blocks[0].layout = SG_UNIFORMLAYOUT_STD140;
            desc.uniform_blocks[0].size = 16;
            desc.uniform_blocks[0].hlsl_register_b_n = 0;
            desc.views[0].texture.stage = SG_SHADERSTAGE_FRAGMENT;
            desc.views[0].texture.image_type = SG_IMAGETYPE_2D;
            desc.views[0].texture.sample_type = SG_IMAGESAMPLETYPE_FLOAT;
            desc.views[0].texture.multisampled = false;
            desc.views[0].texture.hlsl_register_t_n = 0;
            desc.samplers[0].stage = SG_SHADERSTAGE_FRAGMENT;
            desc.samplers[0].sampler_type = SG_SAMPLERTYPE_FILTERING;
            desc.samplers[0].hlsl_register_s_n = 0;
            desc.texture_sampler_pairs[0].stage = SG_SHADERSTAGE_FRAGMENT;
            desc.texture_sampler_pairs[0].view_slot = 0;
            desc.texture_sampler_pairs[0].sampler_slot = 0;
            desc.label = "blur_shader";
        }
        return &desc;
    }
    if (backend == SG_BACKEND_METAL_MACOS) {
        static sg_shader_desc desc;
        static bool valid;
        if (!valid) {
            valid = true;
            desc.vertex_func.source = (const char*)blurVs_source_metal_macos;
            desc.vertex_func.entry = "main0";
            desc.fragment_func.source = (const char*)blurFs_source_metal_macos;
            desc.fragment_func.entry = "main0";
            desc.attrs[0].base_type = SG_SHADERATTRBASETYPE_FLOAT;
            desc.attrs[1].base_type = SG_SHADERATTRBASETYPE_FLOAT;
            desc.uniform_blocks[0].stage = SG_SHADERSTAGE_FRAGMENT;
            desc.uniform_blocks[0].layout = SG_UNIFORMLAYOUT_STD140;
            desc.uniform_blocks[0].size = 16;
            desc.uniform_blocks[0].msl_buffer_n = 0;
            desc.views[0].texture.stage = SG_SHADERSTAGE_FRAGMENT;
            desc.views[0].texture.image_type = SG_IMAGETYPE_2D;
            desc.views[0].texture.sample_type = SG_IMAGESAMPLETYPE_FLOAT;
            desc.views[0].texture.multisampled = false;
            desc.views[0].texture.msl_texture_n = 0;
            desc.samplers[0].stage = SG_SHADERSTAGE_FRAGMENT;
            desc.samplers[0].sampler_type = SG_SAMPLERTYPE_FILTERING;
            desc.samplers[0].msl_sampler_n = 0;
            desc.texture_sampler_pairs[0].stage = SG_SHADERSTAGE_FRAGMENT;
            desc.texture_sampler_pairs[0].view_slot = 0;
            desc.texture_sampler_pairs[0].sampler_slot = 0;
            desc.label = "blur_shader";
        }
        return &desc;
    }
    if (backend == SG_BACKEND_WGPU) {
        static sg_shader_desc desc;
        static bool valid;
        if (!valid) {
            valid = true;
            desc.vertex_func.source = (const char*)blurVs_source_wgsl;
            desc.vertex_func.entry = "main";
            desc.fragment_func.source = (const char*)blurFs_source_wgsl;
            desc.fragment_func.entry = "main";
            desc.attrs[0].base_type = SG_SHADERATTRBASETYPE_FLOAT;
            desc.attrs[1].base_type = SG_SHADERATTRBASETYPE_FLOAT;
            desc.uniform_blocks[0].stage = SG_SHADERSTAGE_FRAGMENT;
            desc.uniform_blocks[0].layout = SG_UNIFORMLAYOUT_STD140;
            desc.uniform_blocks[0].size = 16;
            desc.uniform_blocks[0].wgsl_group0_binding_n = 0;
            desc.views[0].texture.stage = SG_SHADERSTAGE_FRAGMENT;
            desc.views[0].texture.image_type = SG_IMAGETYPE_2D;
            desc.views[0].texture.sample_type = SG_IMAGESAMPLETYPE_FLOAT;
            desc.views[0].texture.multisampled = false;
            desc.views[0].texture.wgsl_group1_binding_n = 0;
            desc.samplers[0].stage = SG_SHADERSTAGE_FRAGMENT;
            desc.samplers[0].sampler_type = SG_SAMPLERTYPE_FILTERING;
            desc.samplers[0].wgsl_group1_binding_n = 32;
            desc.texture_sampler_pairs[0].stage = SG_SHADERSTAGE_FRAGMENT;
            desc.texture_sampler_pairs[0].view_slot = 0;
            desc.texture_sampler_pairs[0].sampler_slot = 0;
            desc.label = "blur_shader";
        }
        return &desc;
    }
    return 0;
}
static inline const sg_shader_desc* sprite_shader_desc(sg_backend backend) {
    if (backend == SG_BACKEND_GLES3) {
        static sg_shader_desc desc;
        static bool valid;
        if (!valid) {
            valid = true;
            desc.vertex_func.source = (const char*)spriteVs_source_glsl300es;
            desc.vertex_func.entry = "main";
            desc.fragment_func.source = (const char*)spriteFs_source_glsl300es;
            desc.fragment_func.entry = "main";
            desc.attrs[0].base_type = SG_SHADERATTRBASETYPE_FLOAT;
            desc.attrs[0].glsl_name = "corner";
            desc.attrs[1].base_type = SG_SHADERATTRBASETYPE_FLOAT;
            desc.attrs[1].glsl_name = "iAffine";
            desc.attrs[2].base_type = SG_SHADERATTRBASETYPE_FLOAT;
            desc.attrs[2].glsl_name = "iOriginSize";
            desc.attrs[3].base_type = SG_SHADERATTRBASETYPE_FLOAT;
            desc.attrs[3].glsl_name = "iUv";
            desc.attrs[4].base_type = SG_SHADERATTRBASETYPE_FLOAT;
            desc.attrs[4].glsl_name = "iColor";
            desc.uniform_blocks[0].stage = SG_SHADERSTAGE_VERTEX;
            desc.uniform_blocks[0].layout = SG_UNIFORMLAYOUT_STD140;
            desc.uniform_blocks[0].size = 48;
            desc.uniform_blocks[0].glsl_uniforms[0].type = SG_UNIFORMTYPE_FLOAT4;
            desc.uniform_blocks[0].glsl_uniforms[0].array_count = 3;
            desc.uniform_blocks[0].glsl_uniforms[0].glsl_name = "sprite_params";
            desc.views[0].texture.stage = SG_SHADERSTAGE_FRAGMENT;
            desc.views[0].texture.image_type = SG_IMAGETYPE_2D;
            desc.views[0].texture.sample_type = SG_IMAGESAMPLETYPE_FLOAT;
            desc.views[0].texture.multisampled = false;
            desc.samplers[0].stage = SG_SHADERSTAGE_FRAGMENT;
            desc.samplers[0].sampler_type = SG_SAMPLERTYPE_FILTERING;
            desc.texture_sampler_pairs[0].stage = SG_SHADERSTAGE_FRAGMENT;
            desc.texture_sampler_pairs[0].view_slot = 0;
            desc.texture_sampler_pairs[0].sampler_slot = 0;
            desc.texture_sampler_pairs[0].glsl_name = "spriteTex_spriteSmp";
            desc.label = "sprite_shader";
        }
        return &desc;
    }
    if (backend == SG_BACKEND_D3D11) {
        static sg_shader_desc desc;
        static bool valid;
        if (!valid) {
            valid = true;
            desc.vertex_func.source = (const char*)spriteVs_source_hlsl5;
            desc.vertex_func.d3d11_target = "vs_5_0";
            desc.vertex_func.entry = "main";
            desc.fragment_func.source = (const char*)spriteFs_source_hlsl5;
            desc.fragment_func.d3d11_target = "ps_5_0";
            desc.fragment_func.entry = "main";
            desc.attrs[0].base_type = SG_SHADERATTRBASETYPE_FLOAT;
            desc.attrs[0].hlsl_sem_name = "TEXCOORD";
            desc.attrs[0].hlsl_sem_index = 0;
            desc.attrs[1].base_type = SG_SHADERATTRBASETYPE_FLOAT;
            desc.attrs[1].hlsl_sem_name = "TEXCOORD";
            desc.attrs[1].hlsl_sem_index = 1;
            desc.attrs[2].base_type = SG_SHADERATTRBASETYPE_FLOAT;
            desc.attrs[2].hlsl_sem_name = "TEXCOORD";
            desc.attrs[2].hlsl_sem_index = 2;
            desc.attrs[3].base_type = SG_SHADERATTRBASETYPE_FLOAT;
            desc.attrs[3].hlsl_sem_name = "TEXCOORD";
            desc.attrs[3].hlsl_sem_index = 3;
            desc.attrs[4].base_type = SG_SHADERATTRBASETYPE_FLOAT;
            desc.attrs[4].hlsl_sem_name = "TEXCOORD";
            desc.attrs[4].hlsl_sem_index = 4;
            desc.uniform_blocks[0].stage = SG_SHADERSTAGE_VERTEX;
            desc.uniform_blocks[0].layout = SG_UNIFORMLAYOUT_STD140;
            desc.uniform_blocks[0].size = 48;
            desc.uniform_blocks[0].hlsl_register_b_n = 0;
            desc.views[0].texture.stage = SG_SHADERSTAGE_FRAGMENT;
            desc.views[0].texture.image_type = SG_IMAGETYPE_2D;
            desc.views[0].texture.sample_type = SG_IMAGESAMPLETYPE_FLOAT;
            desc.views[0].texture.multisampled = false;
            desc.views[0].texture.hlsl_register_t_n = 0;
            desc.samplers[0].stage = SG_SHADERSTAGE_FRAGMENT;
            desc.samplers[0].sampler_type = SG_SAMPLERTYPE_FILTERING;
            desc.samplers[0].hlsl_register_s_n = 0;
            desc.texture_sampler_pairs[0].stage = SG_SHADERSTAGE_FRAGMENT;
            desc.texture_sampler_pairs[0].view_slot = 0;
            desc.texture_sampler_pairs[0].sampler_slot = 0;
            desc.label = "sprite_shader";
        }
        return &desc;
    }
    if (backend == SG_BACKEND_METAL_MACOS) {
        static sg_shader_desc desc;
        static bool valid;
        if (!valid) {
            valid = true;
            desc.vertex_func.source = (const char*)spriteVs_source_metal_macos;
            desc.vertex_func.entry = "main0";
            desc.fragment_func.source = (const char*)spriteFs_source_metal_macos;
            desc.fragment_func.entry = "main0";
            desc.attrs[0].base_type = SG_SHADERATTRBASETYPE_FLOAT;
            desc.attrs[1].base_type = SG_SHADERATTRBASETYPE_FLOAT;
            desc.attrs[2].base_type = SG_SHADERATTRBASETYPE_FLOAT;
            desc.attrs[3].base_type = SG_SHADERATTRBASETYPE_FLOAT;
            desc.attrs[4].base_type = SG_SHADERATTRBASETYPE_FLOAT;
            desc.uniform_blocks[0].stage = SG_SHADERSTAGE_VERTEX;
            desc.uniform_blocks[0].layout = SG_UNIFORMLAYOUT_STD140;
            desc.uniform_blocks[0].size = 48;
            desc.uniform_blocks[0].msl_buffer_n = 0;
            desc.views[0].texture.stage = SG_SHADERSTAGE_FRAGMENT;
            desc.views[0].texture.image_type = SG_IMAGETYPE_2D;
            desc.views[0].texture.sample_type = SG_IMAGESAMPLETYPE_FLOAT;
            desc.views[0].texture.multisampled = false;
            desc.views[0].texture.msl_texture_n = 0;
            desc.samplers[0].stage = SG_SHADERSTAGE_FRAGMENT;
            desc.samplers[0].sampler_type = SG_SAMPLERTYPE_FILTERING;
            desc.samplers[0].msl_sampler_n = 0;
            desc.texture_sampler_pairs[0].stage = SG_SHADERSTAGE_FRAGMENT;
            desc.texture_sampler_pairs[0].view_slot = 0;
            desc.texture_sampler_pairs[0].sampler_slot = 0;
            desc.label = "sprite_shader";
        }
        return &desc;
    }
    if (backend == SG_BACKEND_WGPU) {
        static sg_shader_desc desc;
        static bool valid;
        if (!valid) {
            valid = true;
            desc.vertex_func.source = (const char*)spriteVs_source_wgsl;
            desc.vertex_func.entry = "main";
            desc.fragment_func.source = (const char*)spriteFs_source_wgsl;
            desc.fragment_func.entry = "main";
            desc.attrs[0].base_type = SG_SHADERATTRBASETYPE_FLOAT;
            desc.attrs[1].base_type = SG_SHADERATTRBASETYPE_FLOAT;
            desc.attrs[2].base_type = SG_SHADERATTRBASETYPE_FLOAT;
            desc.attrs[3].base_type = SG_SHADERATTRBASETYPE_FLOAT;
            desc.attrs[4].base_type = SG_SHADERATTRBASETYPE_FLOAT;
            desc.uniform_blocks[0].stage = SG_SHADERSTAGE_VERTEX;
            desc.uniform_blocks[0].layout = SG_UNIFORMLAYOUT_STD140;
            desc.uniform_blocks[0].size = 48;
            desc.uniform_blocks[0].wgsl_group0_binding_n = 0;
            desc.views[0].texture.stage = SG_SHADERSTAGE_FRAGMENT;
            desc.views[0].texture.image_type = SG_IMAGETYPE_2D;
            desc.views[0].texture.sample_type = SG_IMAGESAMPLETYPE_FLOAT;
            desc.views[0].texture.multisampled = false;
            desc.views[0].texture.wgsl_group1_binding_n = 0;
            desc.samplers[0].stage = SG_SHADERSTAGE_FRAGMENT;
            desc.samplers[0].sampler_type = SG_SAMPLERTYPE_FILTERING;
            desc.samplers[0].wgsl_group1_binding_n = 32;
            desc.texture_sampler_pairs[0].stage = SG_SHADERSTAGE_FRAGMENT;
            desc.texture_sampler_pairs[0].view_slot = 0;
            desc.texture_sampler_pairs[0].sampler_slot = 0;
            desc.label = "sprite_shader";
        }
        return &desc;
    }
    return 0;
}
static inline const sg_shader_desc* ui_shader_desc(sg_backend backend) {
    if (backend == SG_BACKEND_GLES3) {
        static sg_shader_desc desc;
        static bool valid;
        if (!valid) {
            valid = true;
            desc.vertex_func.source = (const char*)uiVs_source_glsl300es;
            desc.vertex_func.entry = "main";
            desc.fragment_func.source = (const char*)uiFs_source_glsl300es;
            desc.fragment_func.entry = "main";
            desc.attrs[0].base_type = SG_SHADERATTRBASETYPE_FLOAT;
            desc.attrs[0].glsl_name = "corner";
            desc.attrs[1].base_type = SG_SHADERATTRBASETYPE_FLOAT;
            desc.attrs[1].glsl_name = "iAffine";
            desc.attrs[2].base_type = SG_SHADERATTRBASETYPE_FLOAT;
            desc.attrs[2].glsl_name = "iOriginSize";
            desc.attrs[3].base_type = SG_SHADERATTRBASETYPE_FLOAT;
            desc.attrs[3].glsl_name = "iUvRadii";
            desc.attrs[4].base_type = SG_SHADERATTRBASETYPE_FLOAT;
            desc.attrs[4].glsl_name = "iBorders";
            desc.attrs[5].base_type = SG_SHADERATTRBASETYPE_FLOAT;
            desc.attrs[5].glsl_name = "iParams0";
            desc.attrs[6].base_type = SG_SHADERATTRBASETYPE_FLOAT;
            desc.attrs[6].glsl_name = "iParams1";
            desc.attrs[7].base_type = SG_SHADERATTRBASETYPE_FLOAT;
            desc.attrs[7].glsl_name = "iColorFill";
            desc.attrs[8].base_type = SG_SHADERATTRBASETYPE_FLOAT;
            desc.attrs[8].glsl_name = "iColorBorder";
            desc.attrs[9].base_type = SG_SHADERATTRBASETYPE_FLOAT;
            desc.attrs[9].glsl_name = "iColorExtra";
            desc.uniform_blocks[0].stage = SG_SHADERSTAGE_VERTEX;
            desc.uniform_blocks[0].layout = SG_UNIFORMLAYOUT_STD140;
            desc.uniform_blocks[0].size = 48;
            desc.uniform_blocks[0].glsl_uniforms[0].type = SG_UNIFORMTYPE_FLOAT4;
            desc.uniform_blocks[0].glsl_uniforms[0].array_count = 3;
            desc.uniform_blocks[0].glsl_uniforms[0].glsl_name = "ui_params";
            desc.views[0].texture.stage = SG_SHADERSTAGE_FRAGMENT;
            desc.views[0].texture.image_type = SG_IMAGETYPE_2D;
            desc.views[0].texture.sample_type = SG_IMAGESAMPLETYPE_FLOAT;
            desc.views[0].texture.multisampled = false;
            desc.samplers[0].stage = SG_SHADERSTAGE_FRAGMENT;
            desc.samplers[0].sampler_type = SG_SAMPLERTYPE_FILTERING;
            desc.texture_sampler_pairs[0].stage = SG_SHADERSTAGE_FRAGMENT;
            desc.texture_sampler_pairs[0].view_slot = 0;
            desc.texture_sampler_pairs[0].sampler_slot = 0;
            desc.texture_sampler_pairs[0].glsl_name = "uiTex_uiSmp";
            desc.label = "ui_shader";
        }
        return &desc;
    }
    if (backend == SG_BACKEND_D3D11) {
        static sg_shader_desc desc;
        static bool valid;
        if (!valid) {
            valid = true;
            desc.vertex_func.source = (const char*)uiVs_source_hlsl5;
            desc.vertex_func.d3d11_target = "vs_5_0";
            desc.vertex_func.entry = "main";
            desc.fragment_func.source = (const char*)uiFs_source_hlsl5;
            desc.fragment_func.d3d11_target = "ps_5_0";
            desc.fragment_func.entry = "main";
            desc.attrs[0].base_type = SG_SHADERATTRBASETYPE_FLOAT;
            desc.attrs[0].hlsl_sem_name = "TEXCOORD";
            desc.attrs[0].hlsl_sem_index = 0;
            desc.attrs[1].base_type = SG_SHADERATTRBASETYPE_FLOAT;
            desc.attrs[1].hlsl_sem_name = "TEXCOORD";
            desc.attrs[1].hlsl_sem_index = 1;
            desc.attrs[2].base_type = SG_SHADERATTRBASETYPE_FLOAT;
            desc.attrs[2].hlsl_sem_name = "TEXCOORD";
            desc.attrs[2].hlsl_sem_index = 2;
            desc.attrs[3].base_type = SG_SHADERATTRBASETYPE_FLOAT;
            desc.attrs[3].hlsl_sem_name = "TEXCOORD";
            desc.attrs[3].hlsl_sem_index = 3;
            desc.attrs[4].base_type = SG_SHADERATTRBASETYPE_FLOAT;
            desc.attrs[4].hlsl_sem_name = "TEXCOORD";
            desc.attrs[4].hlsl_sem_index = 4;
            desc.attrs[5].base_type = SG_SHADERATTRBASETYPE_FLOAT;
            desc.attrs[5].hlsl_sem_name = "TEXCOORD";
            desc.attrs[5].hlsl_sem_index = 5;
            desc.attrs[6].base_type = SG_SHADERATTRBASETYPE_FLOAT;
            desc.attrs[6].hlsl_sem_name = "TEXCOORD";
            desc.attrs[6].hlsl_sem_index = 6;
            desc.attrs[7].base_type = SG_SHADERATTRBASETYPE_FLOAT;
            desc.attrs[7].hlsl_sem_name = "TEXCOORD";
            desc.attrs[7].hlsl_sem_index = 7;
            desc.attrs[8].base_type = SG_SHADERATTRBASETYPE_FLOAT;
            desc.attrs[8].hlsl_sem_name = "TEXCOORD";
            desc.attrs[8].hlsl_sem_index = 8;
            desc.attrs[9].base_type = SG_SHADERATTRBASETYPE_FLOAT;
            desc.attrs[9].hlsl_sem_name = "TEXCOORD";
            desc.attrs[9].hlsl_sem_index = 9;
            desc.uniform_blocks[0].stage = SG_SHADERSTAGE_VERTEX;
            desc.uniform_blocks[0].layout = SG_UNIFORMLAYOUT_STD140;
            desc.uniform_blocks[0].size = 48;
            desc.uniform_blocks[0].hlsl_register_b_n = 0;
            desc.views[0].texture.stage = SG_SHADERSTAGE_FRAGMENT;
            desc.views[0].texture.image_type = SG_IMAGETYPE_2D;
            desc.views[0].texture.sample_type = SG_IMAGESAMPLETYPE_FLOAT;
            desc.views[0].texture.multisampled = false;
            desc.views[0].texture.hlsl_register_t_n = 0;
            desc.samplers[0].stage = SG_SHADERSTAGE_FRAGMENT;
            desc.samplers[0].sampler_type = SG_SAMPLERTYPE_FILTERING;
            desc.samplers[0].hlsl_register_s_n = 0;
            desc.texture_sampler_pairs[0].stage = SG_SHADERSTAGE_FRAGMENT;
            desc.texture_sampler_pairs[0].view_slot = 0;
            desc.texture_sampler_pairs[0].sampler_slot = 0;
            desc.label = "ui_shader";
        }
        return &desc;
    }
    if (backend == SG_BACKEND_METAL_MACOS) {
        static sg_shader_desc desc;
        static bool valid;
        if (!valid) {
            valid = true;
            desc.vertex_func.source = (const char*)uiVs_source_metal_macos;
            desc.vertex_func.entry = "main0";
            desc.fragment_func.source = (const char*)uiFs_source_metal_macos;
            desc.fragment_func.entry = "main0";
            desc.attrs[0].base_type = SG_SHADERATTRBASETYPE_FLOAT;
            desc.attrs[1].base_type = SG_SHADERATTRBASETYPE_FLOAT;
            desc.attrs[2].base_type = SG_SHADERATTRBASETYPE_FLOAT;
            desc.attrs[3].base_type = SG_SHADERATTRBASETYPE_FLOAT;
            desc.attrs[4].base_type = SG_SHADERATTRBASETYPE_FLOAT;
            desc.attrs[5].base_type = SG_SHADERATTRBASETYPE_FLOAT;
            desc.attrs[6].base_type = SG_SHADERATTRBASETYPE_FLOAT;
            desc.attrs[7].base_type = SG_SHADERATTRBASETYPE_FLOAT;
            desc.attrs[8].base_type = SG_SHADERATTRBASETYPE_FLOAT;
            desc.attrs[9].base_type = SG_SHADERATTRBASETYPE_FLOAT;
            desc.uniform_blocks[0].stage = SG_SHADERSTAGE_VERTEX;
            desc.uniform_blocks[0].layout = SG_UNIFORMLAYOUT_STD140;
            desc.uniform_blocks[0].size = 48;
            desc.uniform_blocks[0].msl_buffer_n = 0;
            desc.views[0].texture.stage = SG_SHADERSTAGE_FRAGMENT;
            desc.views[0].texture.image_type = SG_IMAGETYPE_2D;
            desc.views[0].texture.sample_type = SG_IMAGESAMPLETYPE_FLOAT;
            desc.views[0].texture.multisampled = false;
            desc.views[0].texture.msl_texture_n = 0;
            desc.samplers[0].stage = SG_SHADERSTAGE_FRAGMENT;
            desc.samplers[0].sampler_type = SG_SAMPLERTYPE_FILTERING;
            desc.samplers[0].msl_sampler_n = 0;
            desc.texture_sampler_pairs[0].stage = SG_SHADERSTAGE_FRAGMENT;
            desc.texture_sampler_pairs[0].view_slot = 0;
            desc.texture_sampler_pairs[0].sampler_slot = 0;
            desc.label = "ui_shader";
        }
        return &desc;
    }
    if (backend == SG_BACKEND_WGPU) {
        static sg_shader_desc desc;
        static bool valid;
        if (!valid) {
            valid = true;
            desc.vertex_func.source = (const char*)uiVs_source_wgsl;
            desc.vertex_func.entry = "main";
            desc.fragment_func.source = (const char*)uiFs_source_wgsl;
            desc.fragment_func.entry = "main";
            desc.attrs[0].base_type = SG_SHADERATTRBASETYPE_FLOAT;
            desc.attrs[1].base_type = SG_SHADERATTRBASETYPE_FLOAT;
            desc.attrs[2].base_type = SG_SHADERATTRBASETYPE_FLOAT;
            desc.attrs[3].base_type = SG_SHADERATTRBASETYPE_FLOAT;
            desc.attrs[4].base_type = SG_SHADERATTRBASETYPE_FLOAT;
            desc.attrs[5].base_type = SG_SHADERATTRBASETYPE_FLOAT;
            desc.attrs[6].base_type = SG_SHADERATTRBASETYPE_FLOAT;
            desc.attrs[7].base_type = SG_SHADERATTRBASETYPE_FLOAT;
            desc.attrs[8].base_type = SG_SHADERATTRBASETYPE_FLOAT;
            desc.attrs[9].base_type = SG_SHADERATTRBASETYPE_FLOAT;
            desc.uniform_blocks[0].stage = SG_SHADERSTAGE_VERTEX;
            desc.uniform_blocks[0].layout = SG_UNIFORMLAYOUT_STD140;
            desc.uniform_blocks[0].size = 48;
            desc.uniform_blocks[0].wgsl_group0_binding_n = 0;
            desc.views[0].texture.stage = SG_SHADERSTAGE_FRAGMENT;
            desc.views[0].texture.image_type = SG_IMAGETYPE_2D;
            desc.views[0].texture.sample_type = SG_IMAGESAMPLETYPE_FLOAT;
            desc.views[0].texture.multisampled = false;
            desc.views[0].texture.wgsl_group1_binding_n = 0;
            desc.samplers[0].stage = SG_SHADERSTAGE_FRAGMENT;
            desc.samplers[0].sampler_type = SG_SAMPLERTYPE_FILTERING;
            desc.samplers[0].wgsl_group1_binding_n = 32;
            desc.texture_sampler_pairs[0].stage = SG_SHADERSTAGE_FRAGMENT;
            desc.texture_sampler_pairs[0].view_slot = 0;
            desc.texture_sampler_pairs[0].sampler_slot = 0;
            desc.label = "ui_shader";
        }
        return &desc;
    }
    return 0;
}
static inline const sg_shader_desc* void2d_shader_desc(sg_backend backend) {
    if (backend == SG_BACKEND_GLES3) {
        static sg_shader_desc desc;
        static bool valid;
        if (!valid) {
            valid = true;
            desc.vertex_func.source = (const char*)vs_source_glsl300es;
            desc.vertex_func.entry = "main";
            desc.fragment_func.source = (const char*)fs_source_glsl300es;
            desc.fragment_func.entry = "main";
            desc.attrs[0].base_type = SG_SHADERATTRBASETYPE_FLOAT;
            desc.attrs[0].glsl_name = "pos";
            desc.attrs[1].base_type = SG_SHADERATTRBASETYPE_FLOAT;
            desc.attrs[1].glsl_name = "uv0";
            desc.attrs[2].base_type = SG_SHADERATTRBASETYPE_FLOAT;
            desc.attrs[2].glsl_name = "color0";
            desc.uniform_blocks[0].stage = SG_SHADERSTAGE_VERTEX;
            desc.uniform_blocks[0].layout = SG_UNIFORMLAYOUT_STD140;
            desc.uniform_blocks[0].size = 96;
            desc.uniform_blocks[0].glsl_uniforms[0].type = SG_UNIFORMTYPE_FLOAT4;
            desc.uniform_blocks[0].glsl_uniforms[0].array_count = 6;
            desc.uniform_blocks[0].glsl_uniforms[0].glsl_name = "void2d_params";
            desc.uniform_blocks[1].stage = SG_SHADERSTAGE_FRAGMENT;
            desc.uniform_blocks[1].layout = SG_UNIFORMLAYOUT_STD140;
            desc.uniform_blocks[1].size = 176;
            desc.uniform_blocks[1].glsl_uniforms[0].type = SG_UNIFORMTYPE_FLOAT4;
            desc.uniform_blocks[1].glsl_uniforms[0].array_count = 11;
            desc.uniform_blocks[1].glsl_uniforms[0].glsl_name = "void2d_fx";
            desc.views[0].texture.stage = SG_SHADERSTAGE_FRAGMENT;
            desc.views[0].texture.image_type = SG_IMAGETYPE_2D;
            desc.views[0].texture.sample_type = SG_IMAGESAMPLETYPE_FLOAT;
            desc.views[0].texture.multisampled = false;
            desc.samplers[0].stage = SG_SHADERSTAGE_FRAGMENT;
            desc.samplers[0].sampler_type = SG_SAMPLERTYPE_FILTERING;
            desc.texture_sampler_pairs[0].stage = SG_SHADERSTAGE_FRAGMENT;
            desc.texture_sampler_pairs[0].view_slot = 0;
            desc.texture_sampler_pairs[0].sampler_slot = 0;
            desc.texture_sampler_pairs[0].glsl_name = "tex_smp";
            desc.label = "void2d_shader";
        }
        return &desc;
    }
    if (backend == SG_BACKEND_D3D11) {
        static sg_shader_desc desc;
        static bool valid;
        if (!valid) {
            valid = true;
            desc.vertex_func.source = (const char*)vs_source_hlsl5;
            desc.vertex_func.d3d11_target = "vs_5_0";
            desc.vertex_func.entry = "main";
            desc.fragment_func.source = (const char*)fs_source_hlsl5;
            desc.fragment_func.d3d11_target = "ps_5_0";
            desc.fragment_func.entry = "main";
            desc.attrs[0].base_type = SG_SHADERATTRBASETYPE_FLOAT;
            desc.attrs[0].hlsl_sem_name = "TEXCOORD";
            desc.attrs[0].hlsl_sem_index = 0;
            desc.attrs[1].base_type = SG_SHADERATTRBASETYPE_FLOAT;
            desc.attrs[1].hlsl_sem_name = "TEXCOORD";
            desc.attrs[1].hlsl_sem_index = 1;
            desc.attrs[2].base_type = SG_SHADERATTRBASETYPE_FLOAT;
            desc.attrs[2].hlsl_sem_name = "TEXCOORD";
            desc.attrs[2].hlsl_sem_index = 2;
            desc.uniform_blocks[0].stage = SG_SHADERSTAGE_VERTEX;
            desc.uniform_blocks[0].layout = SG_UNIFORMLAYOUT_STD140;
            desc.uniform_blocks[0].size = 96;
            desc.uniform_blocks[0].hlsl_register_b_n = 0;
            desc.uniform_blocks[1].stage = SG_SHADERSTAGE_FRAGMENT;
            desc.uniform_blocks[1].layout = SG_UNIFORMLAYOUT_STD140;
            desc.uniform_blocks[1].size = 176;
            desc.uniform_blocks[1].hlsl_register_b_n = 1;
            desc.views[0].texture.stage = SG_SHADERSTAGE_FRAGMENT;
            desc.views[0].texture.image_type = SG_IMAGETYPE_2D;
            desc.views[0].texture.sample_type = SG_IMAGESAMPLETYPE_FLOAT;
            desc.views[0].texture.multisampled = false;
            desc.views[0].texture.hlsl_register_t_n = 0;
            desc.samplers[0].stage = SG_SHADERSTAGE_FRAGMENT;
            desc.samplers[0].sampler_type = SG_SAMPLERTYPE_FILTERING;
            desc.samplers[0].hlsl_register_s_n = 0;
            desc.texture_sampler_pairs[0].stage = SG_SHADERSTAGE_FRAGMENT;
            desc.texture_sampler_pairs[0].view_slot = 0;
            desc.texture_sampler_pairs[0].sampler_slot = 0;
            desc.label = "void2d_shader";
        }
        return &desc;
    }
    if (backend == SG_BACKEND_METAL_MACOS) {
        static sg_shader_desc desc;
        static bool valid;
        if (!valid) {
            valid = true;
            desc.vertex_func.source = (const char*)vs_source_metal_macos;
            desc.vertex_func.entry = "main0";
            desc.fragment_func.source = (const char*)fs_source_metal_macos;
            desc.fragment_func.entry = "main0";
            desc.attrs[0].base_type = SG_SHADERATTRBASETYPE_FLOAT;
            desc.attrs[1].base_type = SG_SHADERATTRBASETYPE_FLOAT;
            desc.attrs[2].base_type = SG_SHADERATTRBASETYPE_FLOAT;
            desc.uniform_blocks[0].stage = SG_SHADERSTAGE_VERTEX;
            desc.uniform_blocks[0].layout = SG_UNIFORMLAYOUT_STD140;
            desc.uniform_blocks[0].size = 96;
            desc.uniform_blocks[0].msl_buffer_n = 0;
            desc.uniform_blocks[1].stage = SG_SHADERSTAGE_FRAGMENT;
            desc.uniform_blocks[1].layout = SG_UNIFORMLAYOUT_STD140;
            desc.uniform_blocks[1].size = 176;
            desc.uniform_blocks[1].msl_buffer_n = 1;
            desc.views[0].texture.stage = SG_SHADERSTAGE_FRAGMENT;
            desc.views[0].texture.image_type = SG_IMAGETYPE_2D;
            desc.views[0].texture.sample_type = SG_IMAGESAMPLETYPE_FLOAT;
            desc.views[0].texture.multisampled = false;
            desc.views[0].texture.msl_texture_n = 0;
            desc.samplers[0].stage = SG_SHADERSTAGE_FRAGMENT;
            desc.samplers[0].sampler_type = SG_SAMPLERTYPE_FILTERING;
            desc.samplers[0].msl_sampler_n = 0;
            desc.texture_sampler_pairs[0].stage = SG_SHADERSTAGE_FRAGMENT;
            desc.texture_sampler_pairs[0].view_slot = 0;
            desc.texture_sampler_pairs[0].sampler_slot = 0;
            desc.label = "void2d_shader";
        }
        return &desc;
    }
    if (backend == SG_BACKEND_WGPU) {
        static sg_shader_desc desc;
        static bool valid;
        if (!valid) {
            valid = true;
            desc.vertex_func.source = (const char*)vs_source_wgsl;
            desc.vertex_func.entry = "main";
            desc.fragment_func.source = (const char*)fs_source_wgsl;
            desc.fragment_func.entry = "main";
            desc.attrs[0].base_type = SG_SHADERATTRBASETYPE_FLOAT;
            desc.attrs[1].base_type = SG_SHADERATTRBASETYPE_FLOAT;
            desc.attrs[2].base_type = SG_SHADERATTRBASETYPE_FLOAT;
            desc.uniform_blocks[0].stage = SG_SHADERSTAGE_VERTEX;
            desc.uniform_blocks[0].layout = SG_UNIFORMLAYOUT_STD140;
            desc.uniform_blocks[0].size = 96;
            desc.uniform_blocks[0].wgsl_group0_binding_n = 0;
            desc.uniform_blocks[1].stage = SG_SHADERSTAGE_FRAGMENT;
            desc.uniform_blocks[1].layout = SG_UNIFORMLAYOUT_STD140;
            desc.uniform_blocks[1].size = 176;
            desc.uniform_blocks[1].wgsl_group0_binding_n = 1;
            desc.views[0].texture.stage = SG_SHADERSTAGE_FRAGMENT;
            desc.views[0].texture.image_type = SG_IMAGETYPE_2D;
            desc.views[0].texture.sample_type = SG_IMAGESAMPLETYPE_FLOAT;
            desc.views[0].texture.multisampled = false;
            desc.views[0].texture.wgsl_group1_binding_n = 0;
            desc.samplers[0].stage = SG_SHADERSTAGE_FRAGMENT;
            desc.samplers[0].sampler_type = SG_SAMPLERTYPE_FILTERING;
            desc.samplers[0].wgsl_group1_binding_n = 32;
            desc.texture_sampler_pairs[0].stage = SG_SHADERSTAGE_FRAGMENT;
            desc.texture_sampler_pairs[0].view_slot = 0;
            desc.texture_sampler_pairs[0].sampler_slot = 0;
            desc.label = "void2d_shader";
        }
        return &desc;
    }
    return 0;
}
